ISO-10303-21;
HEADER;
FILE_DESCRIPTION(('FreeCAD Model'),'2;1');
FILE_NAME('Open CASCADE Shape Model','2026-08-05T13:31:06',(''),(''),
  'Open CASCADE STEP processor 7.8','FreeCAD','Unknown');
FILE_SCHEMA(('AUTOMOTIVE_DESIGN { 1 0 10303 214 1 1 1 1 }'));
ENDSEC;
DATA;
#1 = APPLICATION_PROTOCOL_DEFINITION('international standard',
  'automotive_design',2000,#2);
#2 = APPLICATION_CONTEXT(
  'core data for automotive mechanical design processes');
#3 = SHAPE_DEFINITION_REPRESENTATION(#4,#10);
#4 = PRODUCT_DEFINITION_SHAPE('','',#5);
#5 = PRODUCT_DEFINITION('design','',#6,#9);
#6 = PRODUCT_DEFINITION_FORMATION('','',#7);
#7 = PRODUCT('Body','Body','',(#8));
#8 = PRODUCT_CONTEXT('',#2,'mechanical');
#9 = PRODUCT_DEFINITION_CONTEXT('part definition',#2,'design');
#10 = ADVANCED_BREP_SHAPE_REPRESENTATION('',(#11,#15),#9796);
#11 = AXIS2_PLACEMENT_3D('',#12,#13,#14);
#12 = CARTESIAN_POINT('',(0.,0.,0.));
#13 = DIRECTION('',(0.,0.,1.));
#14 = DIRECTION('',(1.,0.,-0.));
#15 = MANIFOLD_SOLID_BREP('',#16);
#16 = CLOSED_SHELL('',(#17,#57,#147,#237,#2659,#5114,#5132,#5149,#5167,
    #5184,#5202,#5219,#5257,#5295,#5313,#5331,#5369,#5407,#5425,#5443,
    #5461,#5479,#5497,#5515,#5553,#5591,#5609,#5627,#5665,#5703,#5721,
    #5739,#5757,#5775,#5793,#5811,#5849,#5887,#5905,#5923,#5961,#5999,
    #6017,#6035,#6053,#6071,#6089,#6107,#6145,#6183,#6201,#6219,#6257,
    #6295,#6313,#6331,#6349,#6367,#6385,#6403,#6441,#6479,#6497,#6515,
    #6553,#6591,#6609,#6627,#6645,#6663,#6681,#6699,#6737,#6775,#6793,
    #6811,#6849,#6887,#6905,#6923,#6941,#6959,#6977,#6995,#7033,#7071,
    #7089,#7107,#7145,#7183,#7201,#7219,#7237,#7255,#7273,#7291,#7329,
    #7367,#7385,#7403,#7441,#7479,#7497,#7515,#7533,#7551,#7569,#7587,
    #7625,#7663,#7681,#7699,#7737,#7775,#7793,#7811,#7829,#7847,#7865,
    #7883,#7921,#7959,#7977,#7995,#8033,#8071,#8089,#8107,#8125,#8143,
    #8161,#8179,#8217,#8255,#8273,#8291,#8329,#8367,#8385,#8403,#8421,
    #8439,#8457,#8475,#8513,#8551,#8569,#8587,#8625,#8663,#8681,#8699,
    #8717,#8735,#8753,#8771,#8809,#8847,#8865,#8883,#8921,#8959,#8977,
    #8995,#9013,#9031,#9049,#9067,#9105,#9143,#9161,#9179,#9217,#9255,
    #9273,#9291,#9309,#9327,#9345,#9363,#9401,#9439,#9452,#9477,#9502,
    #9527,#9552,#9577,#9597,#9617,#9637,#9657,#9677,#9694,#9719,#9744,
    #9769,#9778,#9787));
#17 = ADVANCED_FACE('',(#18),#52,.F.);
#18 = FACE_BOUND('',#19,.F.);
#19 = EDGE_LOOP('',(#20,#30,#38,#46));
#20 = ORIENTED_EDGE('',*,*,#21,.T.);
#21 = EDGE_CURVE('',#22,#24,#26,.T.);
#22 = VERTEX_POINT('',#23);
#23 = CARTESIAN_POINT('',(12.796601658522,-0.29493387923,0.));
#24 = VERTEX_POINT('',#25);
#25 = CARTESIAN_POINT('',(12.796601658522,-0.29493387923,6.5));
#26 = LINE('',#27,#28);
#27 = CARTESIAN_POINT('',(12.796601658522,-0.29493387923,0.));
#28 = VECTOR('',#29,1.);
#29 = DIRECTION('',(0.,0.,1.));
#30 = ORIENTED_EDGE('',*,*,#31,.T.);
#31 = EDGE_CURVE('',#24,#32,#34,.T.);
#32 = VERTEX_POINT('',#33);
#33 = CARTESIAN_POINT('',(12.796601658522,0.29493387923,6.5));
#34 = LINE('',#35,#36);
#35 = CARTESIAN_POINT('',(12.796601658522,-0.29493387923,6.5));
#36 = VECTOR('',#37,1.);
#37 = DIRECTION('',(0.,1.,0.));
#38 = ORIENTED_EDGE('',*,*,#39,.F.);
#39 = EDGE_CURVE('',#40,#32,#42,.T.);
#40 = VERTEX_POINT('',#41);
#41 = CARTESIAN_POINT('',(12.796601658522,0.29493387923,0.));
#42 = LINE('',#43,#44);
#43 = CARTESIAN_POINT('',(12.796601658522,0.29493387923,0.));
#44 = VECTOR('',#45,1.);
#45 = DIRECTION('',(0.,0.,1.));
#46 = ORIENTED_EDGE('',*,*,#47,.F.);
#47 = EDGE_CURVE('',#22,#40,#48,.T.);
#48 = LINE('',#49,#50);
#49 = CARTESIAN_POINT('',(12.796601658522,-0.29493387923,0.));
#50 = VECTOR('',#51,1.);
#51 = DIRECTION('',(0.,1.,0.));
#52 = PLANE('',#53);
#53 = AXIS2_PLACEMENT_3D('',#54,#55,#56);
#54 = CARTESIAN_POINT('',(12.796601658522,-0.29493387923,0.));
#55 = DIRECTION('',(-1.,0.,0.));
#56 = DIRECTION('',(0.,1.,0.));
#57 = ADVANCED_FACE('',(#58),#121,.F.);
#58 = FACE_BOUND('',#59,.F.);
#59 = EDGE_LOOP('',(#60,#70,#95,#96));
#60 = ORIENTED_EDGE('',*,*,#61,.T.);
#61 = EDGE_CURVE('',#62,#64,#66,.T.);
#62 = VERTEX_POINT('',#63);
#63 = CARTESIAN_POINT('',(11.250811338478,-0.757920926316,0.));
#64 = VERTEX_POINT('',#65);
#65 = CARTESIAN_POINT('',(11.250811338478,-0.757920926316,6.5));
#66 = LINE('',#67,#68);
#67 = CARTESIAN_POINT('',(11.250811338478,-0.757920926316,0.));
#68 = VECTOR('',#69,1.);
#69 = DIRECTION('',(0.,0.,1.));
#70 = ORIENTED_EDGE('',*,*,#71,.T.);
#71 = EDGE_CURVE('',#64,#24,#72,.T.);
#72 = B_SPLINE_CURVE_WITH_KNOTS('',3,(#73,#74,#75,#76,#77,#78,#79,#80,
    #81,#82,#83,#84,#85,#86,#87,#88,#89,#90,#91,#92,#93,#94),
  .UNSPECIFIED.,.F.,.F.,(4,1,1,1,1,1,1,1,1,1,1,1,1,1,1,1,1,1,1,4),(0.,
    4.505803579075E-03,1.802308094653E-02,4.055185877624E-02,
    7.209214087878E-02,0.112643928524,0.16220722229,0.220782022487,
    0.288368329302,0.364966142856,0.450575463231,0.545196290485,
    0.648828624664,0.761472465799,0.883127813916,1.013794669037,
    1.153473031177,1.302162900351,1.459864276568,1.626577159839),
  .UNSPECIFIED.);
#73 = CARTESIAN_POINT('',(11.250811338478,-0.757920926316,6.5));
#74 = CARTESIAN_POINT('',(11.252311046182,-0.758004931775,6.5));
#75 = CARTESIAN_POINT('',(11.258311744987,-0.758295021442,6.5));
#76 = CARTESIAN_POINT('',(11.271829272293,-0.758552596744,6.5));
#77 = CARTESIAN_POINT('',(11.294359629367,-0.758427484709,6.5));
#78 = CARTESIAN_POINT('',(11.325886534116,-0.757360798243,6.5));
#79 = CARTESIAN_POINT('',(11.366366826519,-0.754870435523,6.5));
#80 = CARTESIAN_POINT('',(11.415738346022,-0.750439540245,6.5));
#81 = CARTESIAN_POINT('',(11.473916463963,-0.743568219488,6.5));
#82 = CARTESIAN_POINT('',(11.540795563238,-0.733754584293,6.5));
#83 = CARTESIAN_POINT('',(11.616248665037,-0.720502811325,6.5));
#84 = CARTESIAN_POINT('',(11.700127761775,-0.703321461385,6.5));
#85 = CARTESIAN_POINT('',(11.792263947172,-0.681725111013,6.5));
#86 = CARTESIAN_POINT('',(11.892467651086,-0.655234874498,6.5));
#87 = CARTESIAN_POINT('',(12.000528877865,-0.623379266151,6.5));
#88 = CARTESIAN_POINT('',(12.116217478561,-0.5856949633,6.5));
#89 = CARTESIAN_POINT('',(12.239283454174,-0.541727500541,6.5));
#90 = CARTESIAN_POINT('',(12.369457260596,-0.491032331216,6.5));
#91 = CARTESIAN_POINT('',(12.506450246786,-0.433174277013,6.5));
#92 = CARTESIAN_POINT('',(12.649954680692,-0.36773353801,6.5));
#93 = CARTESIAN_POINT('',(12.7470514857,-0.32009117058,6.5));
#94 = CARTESIAN_POINT('',(12.796601658522,-0.29493387923,6.5));
#95 = ORIENTED_EDGE('',*,*,#21,.F.);
#96 = ORIENTED_EDGE('',*,*,#97,.F.);
#97 = EDGE_CURVE('',#62,#22,#98,.T.);
#98 = B_SPLINE_CURVE_WITH_KNOTS('',3,(#99,#100,#101,#102,#103,#104,#105,
    #106,#107,#108,#109,#110,#111,#112,#113,#114,#115,#116,#117,#118,
    #119,#120),.UNSPECIFIED.,.F.,.F.,(4,1,1,1,1,1,1,1,1,1,1,1,1,1,1,1,1,
    1,1,4),(0.,4.505803579075E-03,1.802308094653E-02,4.055185877624E-02,
    7.209214087878E-02,0.112643928524,0.16220722229,0.220782022487,
    0.288368329302,0.364966142856,0.450575463231,0.545196290485,
    0.648828624664,0.761472465799,0.883127813916,1.013794669037,
    1.153473031177,1.302162900351,1.459864276568,1.626577159839),
  .UNSPECIFIED.);
#99 = CARTESIAN_POINT('',(11.250811338478,-0.757920926316,0.));
#100 = CARTESIAN_POINT('',(11.252311046182,-0.758004931775,0.));
#101 = CARTESIAN_POINT('',(11.258311744987,-0.758295021442,0.));
#102 = CARTESIAN_POINT('',(11.271829272293,-0.758552596744,0.));
#103 = CARTESIAN_POINT('',(11.294359629367,-0.758427484709,0.));
#104 = CARTESIAN_POINT('',(11.325886534116,-0.757360798243,0.));
#105 = CARTESIAN_POINT('',(11.366366826519,-0.754870435523,0.));
#106 = CARTESIAN_POINT('',(11.415738346022,-0.750439540245,0.));
#107 = CARTESIAN_POINT('',(11.473916463963,-0.743568219488,0.));
#108 = CARTESIAN_POINT('',(11.540795563238,-0.733754584293,0.));
#109 = CARTESIAN_POINT('',(11.616248665037,-0.720502811325,0.));
#110 = CARTESIAN_POINT('',(11.700127761775,-0.703321461385,0.));
#111 = CARTESIAN_POINT('',(11.792263947172,-0.681725111013,0.));
#112 = CARTESIAN_POINT('',(11.892467651086,-0.655234874498,0.));
#113 = CARTESIAN_POINT('',(12.000528877865,-0.623379266151,0.));
#114 = CARTESIAN_POINT('',(12.116217478561,-0.5856949633,0.));
#115 = CARTESIAN_POINT('',(12.239283454174,-0.541727500541,0.));
#116 = CARTESIAN_POINT('',(12.369457260596,-0.491032331216,0.));
#117 = CARTESIAN_POINT('',(12.506450246786,-0.433174277013,0.));
#118 = CARTESIAN_POINT('',(12.649954680692,-0.36773353801,0.));
#119 = CARTESIAN_POINT('',(12.7470514857,-0.32009117058,0.));
#120 = CARTESIAN_POINT('',(12.796601658522,-0.29493387923,0.));
#121 = SURFACE_OF_LINEAR_EXTRUSION('',#122,#145);
#122 = B_SPLINE_CURVE_WITH_KNOTS('',3,(#123,#124,#125,#126,#127,#128,
    #129,#130,#131,#132,#133,#134,#135,#136,#137,#138,#139,#140,#141,
    #142,#143,#144),.UNSPECIFIED.,.F.,.F.,(4,1,1,1,1,1,1,1,1,1,1,1,1,1,1
    ,1,1,1,1,4),(0.,4.505803579075E-03,1.802308094653E-02,
    4.055185877624E-02,7.209214087878E-02,0.112643928524,0.16220722229,
    0.220782022487,0.288368329302,0.364966142856,0.450575463231,
    0.545196290485,0.648828624664,0.761472465799,0.883127813916,
    1.013794669037,1.153473031177,1.302162900351,1.459864276568,
    1.626577159839),.UNSPECIFIED.);
#123 = CARTESIAN_POINT('',(11.250811338478,-0.757920926316,0.));
#124 = CARTESIAN_POINT('',(11.252311046182,-0.758004931775,0.));
#125 = CARTESIAN_POINT('',(11.258311744987,-0.758295021442,0.));
#126 = CARTESIAN_POINT('',(11.271829272293,-0.758552596744,0.));
#127 = CARTESIAN_POINT('',(11.294359629367,-0.758427484709,0.));
#128 = CARTESIAN_POINT('',(11.325886534116,-0.757360798243,0.));
#129 = CARTESIAN_POINT('',(11.366366826519,-0.754870435523,0.));
#130 = CARTESIAN_POINT('',(11.415738346022,-0.750439540245,0.));
#131 = CARTESIAN_POINT('',(11.473916463963,-0.743568219488,0.));
#132 = CARTESIAN_POINT('',(11.540795563238,-0.733754584293,0.));
#133 = CARTESIAN_POINT('',(11.616248665037,-0.720502811325,0.));
#134 = CARTESIAN_POINT('',(11.700127761775,-0.703321461385,0.));
#135 = CARTESIAN_POINT('',(11.792263947172,-0.681725111013,0.));
#136 = CARTESIAN_POINT('',(11.892467651086,-0.655234874498,0.));
#137 = CARTESIAN_POINT('',(12.000528877865,-0.623379266151,0.));
#138 = CARTESIAN_POINT('',(12.116217478561,-0.5856949633,0.));
#139 = CARTESIAN_POINT('',(12.239283454174,-0.541727500541,0.));
#140 = CARTESIAN_POINT('',(12.369457260596,-0.491032331216,0.));
#141 = CARTESIAN_POINT('',(12.506450246786,-0.433174277013,0.));
#142 = CARTESIAN_POINT('',(12.649954680692,-0.36773353801,0.));
#143 = CARTESIAN_POINT('',(12.7470514857,-0.32009117058,0.));
#144 = CARTESIAN_POINT('',(12.796601658522,-0.29493387923,0.));
#145 = VECTOR('',#146,1.);
#146 = DIRECTION('',(-0.,-0.,-1.));
#147 = ADVANCED_FACE('',(#148),#211,.F.);
#148 = FACE_BOUND('',#149,.F.);
#149 = EDGE_LOOP('',(#150,#151,#178,#186));
#150 = ORIENTED_EDGE('',*,*,#39,.T.);
#151 = ORIENTED_EDGE('',*,*,#152,.T.);
#152 = EDGE_CURVE('',#32,#153,#155,.T.);
#153 = VERTEX_POINT('',#154);
#154 = CARTESIAN_POINT('',(11.250811338478,0.757920926316,6.5));
#155 = B_SPLINE_CURVE_WITH_KNOTS('',3,(#156,#157,#158,#159,#160,#161,
    #162,#163,#164,#165,#166,#167,#168,#169,#170,#171,#172,#173,#174,
    #175,#176,#177),.UNSPECIFIED.,.F.,.F.,(4,1,1,1,1,1,1,1,1,1,1,1,1,1,1
    ,1,1,1,1,4),(0.,0.166712883271,0.324414259488,0.473104128661,
    0.612782490802,0.743449345922,0.86510469404,0.977748535175,
    1.081380869354,1.176001696608,1.261611016983,1.338208830536,
    1.405795137351,1.464369937549,1.513933231314,1.55448501896,
    1.586025301063,1.608554078892,1.62207135626,1.626577159839),
  .UNSPECIFIED.);
#156 = CARTESIAN_POINT('',(12.796601658522,0.29493387923,6.5));
#157 = CARTESIAN_POINT('',(12.7470514857,0.32009117058,6.5));
#158 = CARTESIAN_POINT('',(12.649954680692,0.36773353801,6.5));
#159 = CARTESIAN_POINT('',(12.506450246786,0.433174277013,6.5));
#160 = CARTESIAN_POINT('',(12.369457260596,0.491032331216,6.5));
#161 = CARTESIAN_POINT('',(12.239283454174,0.541727500541,6.5));
#162 = CARTESIAN_POINT('',(12.116217478561,0.5856949633,6.5));
#163 = CARTESIAN_POINT('',(12.000528877865,0.623379266151,6.5));
#164 = CARTESIAN_POINT('',(11.892467651086,0.655234874498,6.5));
#165 = CARTESIAN_POINT('',(11.792263947172,0.681725111013,6.5));
#166 = CARTESIAN_POINT('',(11.700127761775,0.703321461385,6.5));
#167 = CARTESIAN_POINT('',(11.616248665037,0.720502811325,6.5));
#168 = CARTESIAN_POINT('',(11.540795563238,0.733754584293,6.5));
#169 = CARTESIAN_POINT('',(11.473916463963,0.743568219488,6.5));
#170 = CARTESIAN_POINT('',(11.415738346022,0.750439540245,6.5));
#171 = CARTESIAN_POINT('',(11.366366826519,0.754870435523,6.5));
#172 = CARTESIAN_POINT('',(11.325886534116,0.757360798243,6.5));
#173 = CARTESIAN_POINT('',(11.294359629367,0.758427484709,6.5));
#174 = CARTESIAN_POINT('',(11.271829272293,0.758552596744,6.5));
#175 = CARTESIAN_POINT('',(11.258311744987,0.758295021442,6.5));
#176 = CARTESIAN_POINT('',(11.252311046182,0.758004931775,6.5));
#177 = CARTESIAN_POINT('',(11.250811338478,0.757920926316,6.5));
#178 = ORIENTED_EDGE('',*,*,#179,.F.);
#179 = EDGE_CURVE('',#180,#153,#182,.T.);
#180 = VERTEX_POINT('',#181);
#181 = CARTESIAN_POINT('',(11.250811338478,0.757920926316,0.));
#182 = LINE('',#183,#184);
#183 = CARTESIAN_POINT('',(11.250811338478,0.757920926316,0.));
#184 = VECTOR('',#185,1.);
#185 = DIRECTION('',(0.,0.,1.));
#186 = ORIENTED_EDGE('',*,*,#187,.F.);
#187 = EDGE_CURVE('',#40,#180,#188,.T.);
#188 = B_SPLINE_CURVE_WITH_KNOTS('',3,(#189,#190,#191,#192,#193,#194,
    #195,#196,#197,#198,#199,#200,#201,#202,#203,#204,#205,#206,#207,
    #208,#209,#210),.UNSPECIFIED.,.F.,.F.,(4,1,1,1,1,1,1,1,1,1,1,1,1,1,1
    ,1,1,1,1,4),(0.,0.166712883271,0.324414259488,0.473104128661,
    0.612782490802,0.743449345922,0.86510469404,0.977748535175,
    1.081380869354,1.176001696608,1.261611016983,1.338208830536,
    1.405795137351,1.464369937549,1.513933231314,1.55448501896,
    1.586025301063,1.608554078892,1.62207135626,1.626577159839),
  .UNSPECIFIED.);
#189 = CARTESIAN_POINT('',(12.796601658522,0.29493387923,0.));
#190 = CARTESIAN_POINT('',(12.7470514857,0.32009117058,0.));
#191 = CARTESIAN_POINT('',(12.649954680692,0.36773353801,0.));
#192 = CARTESIAN_POINT('',(12.506450246786,0.433174277013,0.));
#193 = CARTESIAN_POINT('',(12.369457260596,0.491032331216,0.));
#194 = CARTESIAN_POINT('',(12.239283454174,0.541727500541,0.));
#195 = CARTESIAN_POINT('',(12.116217478561,0.5856949633,0.));
#196 = CARTESIAN_POINT('',(12.000528877865,0.623379266151,0.));
#197 = CARTESIAN_POINT('',(11.892467651086,0.655234874498,0.));
#198 = CARTESIAN_POINT('',(11.792263947172,0.681725111013,0.));
#199 = CARTESIAN_POINT('',(11.700127761775,0.703321461385,0.));
#200 = CARTESIAN_POINT('',(11.616248665037,0.720502811325,0.));
#201 = CARTESIAN_POINT('',(11.540795563238,0.733754584293,0.));
#202 = CARTESIAN_POINT('',(11.473916463963,0.743568219488,0.));
#203 = CARTESIAN_POINT('',(11.415738346022,0.750439540245,0.));
#204 = CARTESIAN_POINT('',(11.366366826519,0.754870435523,0.));
#205 = CARTESIAN_POINT('',(11.325886534116,0.757360798243,0.));
#206 = CARTESIAN_POINT('',(11.294359629367,0.758427484709,0.));
#207 = CARTESIAN_POINT('',(11.271829272293,0.758552596744,0.));
#208 = CARTESIAN_POINT('',(11.258311744987,0.758295021442,0.));
#209 = CARTESIAN_POINT('',(11.252311046182,0.758004931775,0.));
#210 = CARTESIAN_POINT('',(11.250811338478,0.757920926316,0.));
#211 = SURFACE_OF_LINEAR_EXTRUSION('',#212,#235);
#212 = B_SPLINE_CURVE_WITH_KNOTS('',3,(#213,#214,#215,#216,#217,#218,
    #219,#220,#221,#222,#223,#224,#225,#226,#227,#228,#229,#230,#231,
    #232,#233,#234),.UNSPECIFIED.,.F.,.F.,(4,1,1,1,1,1,1,1,1,1,1,1,1,1,1
    ,1,1,1,1,4),(0.,0.166712883271,0.324414259488,0.473104128661,
    0.612782490802,0.743449345922,0.86510469404,0.977748535175,
    1.081380869354,1.176001696608,1.261611016983,1.338208830536,
    1.405795137351,1.464369937549,1.513933231314,1.55448501896,
    1.586025301063,1.608554078892,1.62207135626,1.626577159839),
  .UNSPECIFIED.);
#213 = CARTESIAN_POINT('',(12.796601658522,0.29493387923,0.));
#214 = CARTESIAN_POINT('',(12.7470514857,0.32009117058,0.));
#215 = CARTESIAN_POINT('',(12.649954680692,0.36773353801,0.));
#216 = CARTESIAN_POINT('',(12.506450246786,0.433174277013,0.));
#217 = CARTESIAN_POINT('',(12.369457260596,0.491032331216,0.));
#218 = CARTESIAN_POINT('',(12.239283454174,0.541727500541,0.));
#219 = CARTESIAN_POINT('',(12.116217478561,0.5856949633,0.));
#220 = CARTESIAN_POINT('',(12.000528877865,0.623379266151,0.));
#221 = CARTESIAN_POINT('',(11.892467651086,0.655234874498,0.));
#222 = CARTESIAN_POINT('',(11.792263947172,0.681725111013,0.));
#223 = CARTESIAN_POINT('',(11.700127761775,0.703321461385,0.));
#224 = CARTESIAN_POINT('',(11.616248665037,0.720502811325,0.));
#225 = CARTESIAN_POINT('',(11.540795563238,0.733754584293,0.));
#226 = CARTESIAN_POINT('',(11.473916463963,0.743568219488,0.));
#227 = CARTESIAN_POINT('',(11.415738346022,0.750439540245,0.));
#228 = CARTESIAN_POINT('',(11.366366826519,0.754870435523,0.));
#229 = CARTESIAN_POINT('',(11.325886534116,0.757360798243,0.));
#230 = CARTESIAN_POINT('',(11.294359629367,0.758427484709,0.));
#231 = CARTESIAN_POINT('',(11.271829272293,0.758552596744,0.));
#232 = CARTESIAN_POINT('',(11.258311744987,0.758295021442,0.));
#233 = CARTESIAN_POINT('',(11.252311046182,0.758004931775,0.));
#234 = CARTESIAN_POINT('',(11.250811338478,0.757920926316,0.));
#235 = VECTOR('',#236,1.);
#236 = DIRECTION('',(-0.,-0.,-1.));
#237 = ADVANCED_FACE('',(#238,#2643),#2654,.F.);
#238 = FACE_BOUND('',#239,.F.);
#239 = EDGE_LOOP('',(#240,#241,#242,#250,#258,#266,#293,#300,#327,#334,
    #341,#348,#375,#382,#409,#416,#423,#430,#457,#464,#491,#498,#505,
    #512,#539,#546,#573,#580,#587,#594,#621,#628,#655,#662,#669,#676,
    #703,#710,#737,#744,#751,#758,#785,#792,#819,#826,#833,#840,#867,
    #874,#901,#908,#915,#922,#949,#956,#983,#990,#997,#1004,#1031,#1038,
    #1065,#1072,#1079,#1086,#1113,#1120,#1147,#1154,#1161,#1168,#1195,
    #1202,#1229,#1236,#1243,#1250,#1277,#1284,#1311,#1318,#1325,#1332,
    #1359,#1366,#1393,#1400,#1407,#1414,#1441,#1448,#1475,#1482,#1489,
    #1496,#1523,#1530,#1557,#1564,#1571,#1578,#1605,#1612,#1639,#1646,
    #1653,#1660,#1687,#1694,#1721,#1728,#1735,#1742,#1769,#1776,#1803,
    #1810,#1817,#1824,#1851,#1858,#1885,#1892,#1899,#1906,#1933,#1940,
    #1967,#1974,#1981,#1988,#2015,#2022,#2049,#2056,#2063,#2070,#2097,
    #2104,#2131,#2138,#2145,#2152,#2179,#2186,#2213,#2220,#2227,#2234,
    #2261,#2268,#2295,#2302,#2309,#2316,#2343,#2350,#2377,#2384,#2391,
    #2398,#2425,#2432,#2459,#2466,#2473,#2480,#2507,#2514,#2541,#2548,
    #2555,#2562,#2589,#2596,#2623,#2630,#2637,#2642));
#240 = ORIENTED_EDGE('',*,*,#47,.T.);
#241 = ORIENTED_EDGE('',*,*,#187,.T.);
#242 = ORIENTED_EDGE('',*,*,#243,.T.);
#243 = EDGE_CURVE('',#180,#244,#246,.T.);
#244 = VERTEX_POINT('',#245);
#245 = CARTESIAN_POINT('',(10.975124736334,0.739349052823,0.));
#246 = LINE('',#247,#248);
#247 = CARTESIAN_POINT('',(11.250811338478,0.757920926316,0.));
#248 = VECTOR('',#249,1.);
#249 = DIRECTION('',(-0.997738612394,-6.721355025665E-02,0.));
#250 = ORIENTED_EDGE('',*,*,#251,.T.);
#251 = EDGE_CURVE('',#244,#252,#254,.T.);
#252 = VERTEX_POINT('',#253);
#253 = CARTESIAN_POINT('',(10.889011240276,1.558664238743,0.));
#254 = LINE('',#255,#256);
#255 = CARTESIAN_POINT('',(10.975124736334,0.739349052823,0.));
#256 = VECTOR('',#257,1.);
#257 = DIRECTION('',(-0.104528463268,0.994521895368,0.));
#258 = ORIENTED_EDGE('',*,*,#259,.T.);
#259 = EDGE_CURVE('',#252,#260,#262,.T.);
#260 = VERTEX_POINT('',#261);
#261 = CARTESIAN_POINT('',(11.162534738337,1.597816672833,0.));
#262 = LINE('',#263,#264);
#263 = CARTESIAN_POINT('',(10.889011240276,1.558664238743,0.));
#264 = VECTOR('',#265,1.);
#265 = DIRECTION('',(0.989910112752,0.141696748977,0.));
#266 = ORIENTED_EDGE('',*,*,#267,.T.);
#267 = EDGE_CURVE('',#260,#268,#270,.T.);
#268 = VERTEX_POINT('',#269);
#269 = CARTESIAN_POINT('',(12.578285411339,2.372074221201,0.));
#270 = B_SPLINE_CURVE_WITH_KNOTS('',3,(#271,#272,#273,#274,#275,#276,
    #277,#278,#279,#280,#281,#282,#283,#284,#285,#286,#287,#288,#289,
    #290,#291,#292),.UNSPECIFIED.,.F.,.F.,(4,1,1,1,1,1,1,1,1,1,1,1,1,1,1
    ,1,1,1,1,4),(0.,4.505803579075E-03,1.802308094653E-02,
    4.055185877624E-02,7.209214087878E-02,0.112643928524,0.16220722229,
    0.220782022487,0.288368329302,0.364966142856,0.450575463231,
    0.545196290485,0.648828624664,0.761472465799,0.883127813916,
    1.013794669037,1.153473031177,1.302162900351,1.459864276568,
    1.626577159839),.UNSPECIFIED.);
#271 = CARTESIAN_POINT('',(11.162534738337,1.597816672833,0.));
#272 = CARTESIAN_POINT('',(11.164019139547,1.598046309859,0.));
#273 = CARTESIAN_POINT('',(11.169949021719,1.599010174782,0.));
#274 = CARTESIAN_POINT('',(11.183224711538,1.601568680076,0.));
#275 = CARTESIAN_POINT('',(11.205236713999,1.606375382747,0.));
#276 = CARTESIAN_POINT('',(11.235852903651,1.613973571627,0.));
#277 = CARTESIAN_POINT('',(11.274930829018,1.624825839985,0.));
#278 = CARTESIAN_POINT('',(11.322302227435,1.639424825668,0.));
#279 = CARTESIAN_POINT('',(11.377780385998,1.658241902451,0.));
#280 = CARTESIAN_POINT('',(11.441157647007,1.681746032781,0.));
#281 = CARTESIAN_POINT('',(11.512206718975,1.710395804688,0.));
#282 = CARTESIAN_POINT('',(11.590680652684,1.744641145736,0.));
#283 = CARTESIAN_POINT('',(11.67631330765,1.784921754128,0.));
#284 = CARTESIAN_POINT('',(11.768819690354,1.831666636925,0.));
#285 = CARTESIAN_POINT('',(11.867896366667,1.885293316172,0.));
#286 = CARTESIAN_POINT('',(11.973221886747,1.946207139169,0.));
#287 = CARTESIAN_POINT('',(12.084457226001,2.01480066245,0.));
#288 = CARTESIAN_POINT('',(12.20124630406,2.091452676887,0.));
#289 = CARTESIAN_POINT('',(12.323216298943,2.176528837178,0.));
#290 = CARTESIAN_POINT('',(12.449978921968,2.270375788517,0.));
#291 = CARTESIAN_POINT('',(12.535048523659,2.337164616814,0.));
#292 = CARTESIAN_POINT('',(12.578285411339,2.372074221201,0.));
#293 = ORIENTED_EDGE('',*,*,#294,.T.);
#294 = EDGE_CURVE('',#268,#295,#297,.T.);
#295 = VERTEX_POINT('',#296);
#296 = CARTESIAN_POINT('',(12.455645008319,2.949051953889,0.));
#297 = B_SPLINE_CURVE_WITH_KNOTS('',1,(#298,#299),.UNSPECIFIED.,.F.,.F.,
  (2,2),(0.,0.58986775846),.PIECEWISE_BEZIER_KNOTS.);
#298 = CARTESIAN_POINT('',(12.578285411339,2.372074221201,0.));
#299 = CARTESIAN_POINT('',(12.455645008319,2.949051953889,0.));
#300 = ORIENTED_EDGE('',*,*,#301,.T.);
#301 = EDGE_CURVE('',#295,#302,#304,.T.);
#302 = VERTEX_POINT('',#303);
#303 = CARTESIAN_POINT('',(10.847373495744,3.080533744076,0.));
#304 = B_SPLINE_CURVE_WITH_KNOTS('',3,(#305,#306,#307,#308,#309,#310,
    #311,#312,#313,#314,#315,#316,#317,#318,#319,#320,#321,#322,#323,
    #324,#325,#326),.UNSPECIFIED.,.F.,.F.,(4,1,1,1,1,1,1,1,1,1,1,1,1,1,1
    ,1,1,1,1,4),(0.,0.166712883271,0.324414259488,0.473104128661,
    0.612782490802,0.743449345922,0.86510469404,0.977748535175,
    1.081380869354,1.176001696608,1.261611016983,1.338208830536,
    1.405795137351,1.464369937549,1.513933231314,1.55448501896,
    1.586025301063,1.608554078892,1.62207135626,1.626577159839),
  .UNSPECIFIED.);
#305 = CARTESIAN_POINT('',(12.455645008319,2.949051953889,0.));
#306 = CARTESIAN_POINT('',(12.401947130677,2.963357437852,0.));
#307 = CARTESIAN_POINT('',(12.297066718652,2.989771144344,0.));
#308 = CARTESIAN_POINT('',(12.143092306238,3.023945596697,0.));
#309 = CARTESIAN_POINT('',(11.997063579602,3.05205687021,0.));
#310 = CARTESIAN_POINT('',(11.859194264801,3.074579572261,0.));
#311 = CARTESIAN_POINT('',(11.7296762265,3.091999385397,0.));
#312 = CARTESIAN_POINT('',(11.608680692174,3.104807183237,0.));
#313 = CARTESIAN_POINT('',(11.496357709074,3.11349947774,0.));
#314 = CARTESIAN_POINT('',(11.392836066642,3.118577317523,0.));
#315 = CARTESIAN_POINT('',(11.298223144234,3.120545545733,0.));
#316 = CARTESIAN_POINT('',(11.212604803492,3.119911997127,0.));
#317 = CARTESIAN_POINT('',(11.136045334475,3.117186605089,0.));
#318 = CARTESIAN_POINT('',(11.068587334494,3.112880842198,0.));
#319 = CARTESIAN_POINT('',(11.010251920097,3.107506097241,0.));
#320 = CARTESIAN_POINT('',(10.961038051822,3.101575250728,0.));
#321 = CARTESIAN_POINT('',(10.920924575407,3.095594867009,0.));
#322 = CARTESIAN_POINT('',(10.889864832582,3.090083431744,0.));
#323 = CARTESIAN_POINT('',(10.867800805611,3.085521485147,0.));
#324 = CARTESIAN_POINT('',(10.854632221626,3.082459086526,0.));
#325 = CARTESIAN_POINT('',(10.84882296552,3.080927720579,0.));
#326 = CARTESIAN_POINT('',(10.847373495744,3.080533744076,0.));
#327 = ORIENTED_EDGE('',*,*,#328,.T.);
#328 = EDGE_CURVE('',#302,#329,#331,.T.);
#329 = VERTEX_POINT('',#330);
#330 = CARTESIAN_POINT('',(10.581572616922,3.005049242991,0.));
#331 = B_SPLINE_CURVE_WITH_KNOTS('',1,(#332,#333),.UNSPECIFIED.,.F.,.F.,
  (2,2),(0.,0.276311449431),.PIECEWISE_BEZIER_KNOTS.);
#332 = CARTESIAN_POINT('',(10.847373495744,3.080533744076,0.));
#333 = CARTESIAN_POINT('',(10.581572616922,3.005049242991,0.));
#334 = ORIENTED_EDGE('',*,*,#335,.T.);
#335 = EDGE_CURVE('',#329,#336,#338,.T.);
#336 = VERTEX_POINT('',#337);
#337 = CARTESIAN_POINT('',(10.326995701745,3.788556423776,0.));
#338 = B_SPLINE_CURVE_WITH_KNOTS('',1,(#339,#340),.UNSPECIFIED.,.F.,.F.,
  (2,2),(0.,0.823828203015),.PIECEWISE_BEZIER_KNOTS.);
#339 = CARTESIAN_POINT('',(10.581572616922,3.005049242991,0.));
#340 = CARTESIAN_POINT('',(10.326995701745,3.788556423776,0.));
#341 = ORIENTED_EDGE('',*,*,#342,.T.);
#342 = EDGE_CURVE('',#336,#343,#345,.T.);
#343 = VERTEX_POINT('',#344);
#344 = CARTESIAN_POINT('',(10.586401806347,3.883722016203,0.));
#345 = B_SPLINE_CURVE_WITH_KNOTS('',1,(#346,#347),.UNSPECIFIED.,.F.,.F.,
  (2,2),(0.,0.276311449431),.PIECEWISE_BEZIER_KNOTS.);
#346 = CARTESIAN_POINT('',(10.326995701745,3.788556423776,0.));
#347 = CARTESIAN_POINT('',(10.586401806347,3.883722016203,0.));
#348 = ORIENTED_EDGE('',*,*,#349,.T.);
#349 = EDGE_CURVE('',#343,#350,#352,.T.);
#350 = VERTEX_POINT('',#351);
#351 = CARTESIAN_POINT('',(11.810237734372,4.93541129569,0.));
#352 = B_SPLINE_CURVE_WITH_KNOTS('',3,(#353,#354,#355,#356,#357,#358,
    #359,#360,#361,#362,#363,#364,#365,#366,#367,#368,#369,#370,#371,
    #372,#373,#374),.UNSPECIFIED.,.F.,.F.,(4,1,1,1,1,1,1,1,1,1,1,1,1,1,1
    ,1,1,1,1,4),(0.,4.505803579075E-03,1.802308094653E-02,
    4.055185877624E-02,7.209214087878E-02,0.112643928524,0.16220722229,
    0.220782022487,0.288368329302,0.364966142856,0.450575463231,
    0.545196290485,0.648828624664,0.761472465799,0.883127813916,
    1.013794669037,1.153473031177,1.302162900351,1.459864276568,
    1.626577159839),.UNSPECIFIED.);
#353 = CARTESIAN_POINT('',(10.586401806347,3.883722016203,0.));
#354 = CARTESIAN_POINT('',(10.587806025606,3.884255259476,0.));
#355 = CARTESIAN_POINT('',(10.59340592684,3.886430953465,0.));
#356 = CARTESIAN_POINT('',(10.605859567823,3.891693720397,0.));
#357 = CARTESIAN_POINT('',(10.626391185537,3.900971937732,0.));
#358 = CARTESIAN_POINT('',(10.654758585692,3.914769551712,0.));
#359 = CARTESIAN_POINT('',(10.690726251168,3.933509429506,0.));
#360 = CARTESIAN_POINT('',(10.734027171075,3.957638459866,0.));
#361 = CARTESIAN_POINT('',(10.784380708517,3.987578896124,0.));
#362 = CARTESIAN_POINT('',(10.841486240835,4.02374627831,0.));
#363 = CARTESIAN_POINT('',(10.905026097597,4.066541916646,0.));
#364 = CARTESIAN_POINT('',(10.974665180815,4.116354563072,0.));
#365 = CARTESIAN_POINT('',(11.050051747416,4.173558973609,0.));
#366 = CARTESIAN_POINT('',(11.13081783609,4.238515527003,0.));
#367 = CARTESIAN_POINT('',(11.21657983576,4.311569533936,0.));
#368 = CARTESIAN_POINT('',(11.306939044589,4.393050650719,0.));
#369 = CARTESIAN_POINT('',(11.401482229393,4.483272368405,0.));
#370 = CARTESIAN_POINT('',(11.499782335962,4.582531167106,0.));
#371 = CARTESIAN_POINT('',(11.601398665484,4.69110719704,0.));
#372 = CARTESIAN_POINT('',(11.705879342728,4.809258798614,0.));
#373 = CARTESIAN_POINT('',(11.775203791298,4.892275095493,0.));
#374 = CARTESIAN_POINT('',(11.810237734372,4.93541129569,0.));
#375 = ORIENTED_EDGE('',*,*,#376,.T.);
#376 = EDGE_CURVE('',#350,#377,#379,.T.);
#377 = VERTEX_POINT('',#378);
#378 = CARTESIAN_POINT('',(11.570316902437,5.474282307041,0.));
#379 = B_SPLINE_CURVE_WITH_KNOTS('',1,(#380,#381),.UNSPECIFIED.,.F.,.F.,
  (2,2),(0.,0.58986775846),.PIECEWISE_BEZIER_KNOTS.);
#380 = CARTESIAN_POINT('',(11.810237734372,4.93541129569,0.));
#381 = CARTESIAN_POINT('',(11.570316902437,5.474282307041,0.));
#382 = ORIENTED_EDGE('',*,*,#383,.T.);
#383 = EDGE_CURVE('',#377,#384,#386,.T.);
#384 = VERTEX_POINT('',#385);
#385 = CARTESIAN_POINT('',(9.969853379774,5.26851245518,0.));
#386 = B_SPLINE_CURVE_WITH_KNOTS('',3,(#387,#388,#389,#390,#391,#392,
    #393,#394,#395,#396,#397,#398,#399,#400,#401,#402,#403,#404,#405,
    #406,#407,#408),.UNSPECIFIED.,.F.,.F.,(4,1,1,1,1,1,1,1,1,1,1,1,1,1,1
    ,1,1,1,1,4),(0.,0.166712883271,0.324414259488,0.473104128661,
    0.612782490802,0.743449345922,0.86510469404,0.977748535175,
    1.081380869354,1.176001696608,1.261611016983,1.338208830536,
    1.405795137351,1.464369937549,1.513933231314,1.55448501896,
    1.586025301063,1.608554078892,1.62207135626,1.626577159839),
  .UNSPECIFIED.);
#387 = CARTESIAN_POINT('',(11.570316902437,5.474282307041,0.));
#388 = CARTESIAN_POINT('',(11.514818174898,5.477110765323,0.));
#389 = CARTESIAN_POINT('',(11.406737933135,5.481141405158,0.));
#390 = CARTESIAN_POINT('',(11.249022962886,5.482555983305,0.));
#391 = CARTESIAN_POINT('',(11.100340651881,5.479691878582,0.));
#392 = CARTESIAN_POINT('',(10.960801379329,5.473057763203,0.));
#393 = CARTESIAN_POINT('',(10.83049183811,5.463168597294,0.));
#394 = CARTESIAN_POINT('',(10.709477455605,5.450540127898,0.));
#395 = CARTESIAN_POINT('',(10.597801769531,5.435689213577,0.));
#396 = CARTESIAN_POINT('',(10.495486581108,5.419132730664,0.));
#397 = CARTESIAN_POINT('',(10.402531960401,5.401386815693,0.));
#398 = CARTESIAN_POINT('',(10.318916307987,5.382966057656,0.));
#399 = CARTESIAN_POINT('',(10.244596487921,5.364382613321,0.));
#400 = CARTESIAN_POINT('',(10.179507825532,5.346145634845,0.));
#401 = CARTESIAN_POINT('',(10.123564652214,5.328759726319,0.));
#402 = CARTESIAN_POINT('',(10.076659317365,5.312726344467,0.));
#403 = CARTESIAN_POINT('',(10.038665808343,5.298536585775,0.));
#404 = CARTESIAN_POINT('',(10.009430687243,5.286687904947,0.));
#405 = CARTESIAN_POINT('',(9.98879729423,5.277638278675,0.));
#406 = CARTESIAN_POINT('',(9.976553183875,5.271904898249,0.));
#407 = CARTESIAN_POINT('',(9.971189262836,5.269199184062,0.));
#408 = CARTESIAN_POINT('',(9.969853379774,5.26851245518,0.));
#409 = ORIENTED_EDGE('',*,*,#410,.T.);
#410 = EDGE_CURVE('',#384,#411,#413,.T.);
#411 = VERTEX_POINT('',#412);
#412 = CARTESIAN_POINT('',(9.725554998132,5.139414361414,0.));
#413 = B_SPLINE_CURVE_WITH_KNOTS('',1,(#414,#415),.UNSPECIFIED.,.F.,.F.,
  (2,2),(0.,0.276311449431),.PIECEWISE_BEZIER_KNOTS.);
#414 = CARTESIAN_POINT('',(9.969853379774,5.26851245518,0.));
#415 = CARTESIAN_POINT('',(9.725554998132,5.139414361414,0.));
#416 = ORIENTED_EDGE('',*,*,#417,.T.);
#417 = EDGE_CURVE('',#411,#418,#420,.T.);
#418 = VERTEX_POINT('',#419);
#419 = CARTESIAN_POINT('',(9.313640896625,5.852870513578,0.));
#420 = B_SPLINE_CURVE_WITH_KNOTS('',1,(#421,#422),.UNSPECIFIED.,.F.,.F.,
  (2,2),(0.,0.823828203015),.PIECEWISE_BEZIER_KNOTS.);
#421 = CARTESIAN_POINT('',(9.725554998132,5.139414361414,0.));
#422 = CARTESIAN_POINT('',(9.313640896625,5.852870513578,0.));
#423 = ORIENTED_EDGE('',*,*,#424,.T.);
#424 = EDGE_CURVE('',#418,#425,#427,.T.);
#425 = VERTEX_POINT('',#426);
#426 = CARTESIAN_POINT('',(9.547592316227,5.9998900713,0.));
#427 = B_SPLINE_CURVE_WITH_KNOTS('',1,(#428,#429),.UNSPECIFIED.,.F.,.F.,
  (2,2),(0.,0.276311449431),.PIECEWISE_BEZIER_KNOTS.);
#428 = CARTESIAN_POINT('',(9.313640896625,5.852870513578,0.));
#429 = CARTESIAN_POINT('',(9.547592316227,5.9998900713,0.));
#430 = ORIENTED_EDGE('',*,*,#431,.T.);
#431 = EDGE_CURVE('',#425,#432,#434,.T.);
#432 = VERTEX_POINT('',#433);
#433 = CARTESIAN_POINT('',(10.526025996604,7.283047213826,0.));
#434 = B_SPLINE_CURVE_WITH_KNOTS('',3,(#435,#436,#437,#438,#439,#440,
    #441,#442,#443,#444,#445,#446,#447,#448,#449,#450,#451,#452,#453,
    #454,#455,#456),.UNSPECIFIED.,.F.,.F.,(4,1,1,1,1,1,1,1,1,1,1,1,1,1,1
    ,1,1,1,1,4),(0.,4.505803579075E-03,1.802308094653E-02,
    4.055185877624E-02,7.209214087878E-02,0.112643928524,0.16220722229,
    0.220782022487,0.288368329302,0.364966142856,0.450575463231,
    0.545196290485,0.648828624664,0.761472465799,0.883127813916,
    1.013794669037,1.153473031177,1.302162900351,1.459864276568,
    1.626577159839),.UNSPECIFIED.);
#435 = CARTESIAN_POINT('',(9.547592316227,5.9998900713,0.));
#436 = CARTESIAN_POINT('',(9.548854982416,6.000703615528,0.));
#437 = CARTESIAN_POINT('',(9.553880160156,6.003996050318,0.));
#438 = CARTESIAN_POINT('',(9.564967468433,6.011733070719,0.));
#439 = CARTESIAN_POINT('',(9.583121371186,6.025077300099,0.));
#440 = CARTESIAN_POINT('',(9.608000190334,6.044471317239,0.));
#441 = CARTESIAN_POINT('',(9.639285636346,6.070279781885,0.));
#442 = CARTESIAN_POINT('',(9.676623619763,6.102884302512,0.));
#443 = CARTESIAN_POINT('',(9.719651844873,6.142639557511,0.));
#444 = CARTESIAN_POINT('',(9.767989862716,6.1898895034,0.));
#445 = CARTESIAN_POINT('',(9.821243507632,6.244960633414,0.));
#446 = CARTESIAN_POINT('',(9.879004178257,6.30816353354,0.));
#447 = CARTESIAN_POINT('',(9.940849901788,6.379791638986,0.));
#448 = CARTESIAN_POINT('',(10.0063458308,6.460120949897,0.));
#449 = CARTESIAN_POINT('',(10.075044942909,6.549409473862,0.));
#450 = CARTESIAN_POINT('',(10.146488709469,6.647896768637,0.));
#451 = CARTESIAN_POINT('',(10.220207748978,6.755803558733,0.));
#452 = CARTESIAN_POINT('',(10.295722697704,6.873331055899,0.));
#453 = CARTESIAN_POINT('',(10.372544240655,7.000661661961,0.));
#454 = CARTESIAN_POINT('',(10.450176665168,7.137954121827,0.));
#455 = CARTESIAN_POINT('',(10.50072614956,7.233569676759,0.));
#456 = CARTESIAN_POINT('',(10.526025996604,7.283047213826,0.));
#457 = ORIENTED_EDGE('',*,*,#458,.T.);
#458 = EDGE_CURVE('',#432,#459,#461,.T.);
#459 = VERTEX_POINT('',#460);
#460 = CARTESIAN_POINT('',(10.179310427378,7.760260254855,0.));
#461 = B_SPLINE_CURVE_WITH_KNOTS('',1,(#462,#463),.UNSPECIFIED.,.F.,.F.,
  (2,2),(0.,0.58986775846),.PIECEWISE_BEZIER_KNOTS.);
#462 = CARTESIAN_POINT('',(10.526025996604,7.283047213826,0.));
#463 = CARTESIAN_POINT('',(10.179310427378,7.760260254855,0.));
#464 = ORIENTED_EDGE('',*,*,#465,.T.);
#465 = EDGE_CURVE('',#459,#466,#468,.T.);
#466 = VERTEX_POINT('',#467);
#467 = CARTESIAN_POINT('',(8.656602830442,7.226231890864,0.));
#468 = B_SPLINE_CURVE_WITH_KNOTS('',3,(#469,#470,#471,#472,#473,#474,
    #475,#476,#477,#478,#479,#480,#481,#482,#483,#484,#485,#486,#487,
    #488,#489,#490),.UNSPECIFIED.,.F.,.F.,(4,1,1,1,1,1,1,1,1,1,1,1,1,1,1
    ,1,1,1,1,4),(0.,0.166712883271,0.324414259488,0.473104128661,
    0.612782490802,0.743449345922,0.86510469404,0.977748535175,
    1.081380869354,1.176001696608,1.261611016983,1.338208830536,
    1.405795137351,1.464369937549,1.513933231314,1.55448501896,
    1.586025301063,1.608554078892,1.62207135626,1.626577159839),
  .UNSPECIFIED.);
#469 = CARTESIAN_POINT('',(10.179310427378,7.760260254855,0.));
#470 = CARTESIAN_POINT('',(10.124436410648,7.751488070256,0.));
#471 = CARTESIAN_POINT('',(10.017879964337,7.732959485131,0.));
#472 = CARTESIAN_POINT('',(9.863317337254,7.70155236522,0.));
#473 = CARTESIAN_POINT('',(9.718479572329,7.667838057382,0.));
#474 = CARTESIAN_POINT('',(9.58336887782,7.632337067249,0.));
#475 = CARTESIAN_POINT('',(9.457962985929,7.595571126296,0.));
#476 = CARTESIAN_POINT('',(9.342218664452,7.558058314376,0.));
#477 = CARTESIAN_POINT('',(9.236071038765,7.52031324745,0.));
#478 = CARTESIAN_POINT('',(9.139433969046,7.48284603959,0.));
#479 = CARTESIAN_POINT('',(9.052200213012,7.446161563078,0.));
#480 = CARTESIAN_POINT('',(8.974241654168,7.410758671128,0.));
#481 = CARTESIAN_POINT('',(8.905409615817,7.377129360188,0.));
#482 = CARTESIAN_POINT('',(8.845534977897,7.345758209596,0.));
#483 = CARTESIAN_POINT('',(8.794429030776,7.317120985131,0.));
#484 = CARTESIAN_POINT('',(8.751882217562,7.291685803664,0.));
#485 = CARTESIAN_POINT('',(8.717669174591,7.269906830543,0.));
#486 = CARTESIAN_POINT('',(8.691536390295,7.25223874836,0.));
#487 = CARTESIAN_POINT('',(8.673235409524,7.239096954506,0.));
#488 = CARTESIAN_POINT('',(8.662450899175,7.230943168511,0.));
#489 = CARTESIAN_POINT('',(8.657766742292,7.227181358779,0.));
#490 = CARTESIAN_POINT('',(8.656602830442,7.226231890864,0.));
#491 = ORIENTED_EDGE('',*,*,#492,.T.);
#492 = EDGE_CURVE('',#466,#493,#495,.T.);
#493 = VERTEX_POINT('',#494);
#494 = CARTESIAN_POINT('',(8.444483957533,7.049162410596,0.));
#495 = B_SPLINE_CURVE_WITH_KNOTS('',1,(#496,#497),.UNSPECIFIED.,.F.,.F.,
  (2,2),(0.,0.276311449431),.PIECEWISE_BEZIER_KNOTS.);
#496 = CARTESIAN_POINT('',(8.656602830442,7.226231890864,0.));
#497 = CARTESIAN_POINT('',(8.444483957533,7.049162410596,0.));
#498 = ORIENTED_EDGE('',*,*,#499,.T.);
#499 = EDGE_CURVE('',#493,#500,#502,.T.);
#500 = VERTEX_POINT('',#501);
#501 = CARTESIAN_POINT('',(7.893235292514,7.661386076749,0.));
#502 = B_SPLINE_CURVE_WITH_KNOTS('',1,(#503,#504),.UNSPECIFIED.,.F.,.F.,
  (2,2),(0.,0.823828203015),.PIECEWISE_BEZIER_KNOTS.);
#503 = CARTESIAN_POINT('',(8.444483957533,7.049162410596,0.));
#504 = CARTESIAN_POINT('',(7.893235292514,7.661386076749,0.));
#505 = ORIENTED_EDGE('',*,*,#506,.T.);
#506 = EDGE_CURVE('',#500,#507,#509,.T.);
#507 = VERTEX_POINT('',#508);
#508 = CARTESIAN_POINT('',(8.091507227457,7.853834139614,0.));
#509 = B_SPLINE_CURVE_WITH_KNOTS('',1,(#510,#511),.UNSPECIFIED.,.F.,.F.,
  (2,2),(0.,0.276311449431),.PIECEWISE_BEZIER_KNOTS.);
#510 = CARTESIAN_POINT('',(7.893235292514,7.661386076749,0.));
#511 = CARTESIAN_POINT('',(8.091507227457,7.853834139614,0.));
#512 = ORIENTED_EDGE('',*,*,#513,.T.);
#513 = EDGE_CURVE('',#507,#514,#516,.T.);
#514 = VERTEX_POINT('',#515);
#515 = CARTESIAN_POINT('',(8.781776413307,9.312379020781,0.));
#516 = B_SPLINE_CURVE_WITH_KNOTS('',3,(#517,#518,#519,#520,#521,#522,
    #523,#524,#525,#526,#527,#528,#529,#530,#531,#532,#533,#534,#535,
    #536,#537,#538),.UNSPECIFIED.,.F.,.F.,(4,1,1,1,1,1,1,1,1,1,1,1,1,1,1
    ,1,1,1,1,4),(0.,4.505803579075E-03,1.802308094653E-02,
    4.055185877624E-02,7.209214087878E-02,0.112643928524,0.16220722229,
    0.220782022487,0.288368329302,0.364966142856,0.450575463231,
    0.545196290485,0.648828624664,0.761472465799,0.883127813916,
    1.013794669037,1.153473031177,1.302162900351,1.459864276568,
    1.626577159839),.UNSPECIFIED.);
#517 = CARTESIAN_POINT('',(8.091507227457,7.853834139614,0.));
#518 = CARTESIAN_POINT('',(8.092573156005,7.854892429011,0.));
#519 = CARTESIAN_POINT('',(8.09680398587,7.859157709402,0.));
#520 = CARTESIAN_POINT('',(8.106040392866,7.869030838355,0.));
#521 = CARTESIAN_POINT('',(8.121023167995,7.885857872922,0.));
#522 = CARTESIAN_POINT('',(8.141326082358,7.910000681612,0.));
#523 = CARTESIAN_POINT('',(8.166561984791,7.941749779362,0.));
#524 = CARTESIAN_POINT('',(8.196305182675,7.98140481625,0.));
#525 = CARTESIAN_POINT('',(8.230127555544,8.029237394579,0.));
#526 = CARTESIAN_POINT('',(8.267585455581,8.085504854806,0.));
#527 = CARTESIAN_POINT('',(8.30822544883,8.150444603856,0.));
#528 = CARTESIAN_POINT('',(8.351583288388,8.224275487666,0.));
#529 = CARTESIAN_POINT('',(8.397185213962,8.307196796102,0.));
#530 = CARTESIAN_POINT('',(8.44454849693,8.399388088181,0.));
#531 = CARTESIAN_POINT('',(8.493182240623,8.501008792227,0.));
#532 = CARTESIAN_POINT('',(8.54258812949,8.612197897617,0.));
#533 = CARTESIAN_POINT('',(8.592261147935,8.733073715602,0.));
#534 = CARTESIAN_POINT('',(8.641690573198,8.863733395647,0.));
#535 = CARTESIAN_POINT('',(8.690359859521,9.004253619353,0.));
#536 = CARTESIAN_POINT('',(8.73775112183,9.154686598213,0.));
#537 = CARTESIAN_POINT('',(8.767316387012,9.258722552632,0.));
#538 = CARTESIAN_POINT('',(8.781776413307,9.312379020781,0.));
#539 = ORIENTED_EDGE('',*,*,#540,.T.);
#540 = EDGE_CURVE('',#514,#541,#543,.T.);
#541 = VERTEX_POINT('',#542);
#542 = CARTESIAN_POINT('',(8.343419240892,9.707077591671,0.));
#543 = B_SPLINE_CURVE_WITH_KNOTS('',1,(#544,#545),.UNSPECIFIED.,.F.,.F.,
  (2,2),(0.,0.58986775846),.PIECEWISE_BEZIER_KNOTS.);
#544 = CARTESIAN_POINT('',(8.781776413307,9.312379020781,0.));
#545 = CARTESIAN_POINT('',(8.343419240892,9.707077591671,0.));
#546 = ORIENTED_EDGE('',*,*,#547,.T.);
#547 = EDGE_CURVE('',#541,#548,#550,.T.);
#548 = VERTEX_POINT('',#549);
#549 = CARTESIAN_POINT('',(6.965017198432,8.86813031761,0.));
#550 = B_SPLINE_CURVE_WITH_KNOTS('',3,(#551,#552,#553,#554,#555,#556,
    #557,#558,#559,#560,#561,#562,#563,#564,#565,#566,#567,#568,#569,
    #570,#571,#572),.UNSPECIFIED.,.F.,.F.,(4,1,1,1,1,1,1,1,1,1,1,1,1,1,1
    ,1,1,1,1,4),(0.,0.166712883271,0.324414259488,0.473104128661,
    0.612782490802,0.743449345922,0.86510469404,0.977748535175,
    1.081380869354,1.176001696608,1.261611016983,1.338208830536,
    1.405795137351,1.464369937549,1.513933231314,1.55448501896,
    1.586025301063,1.608554078892,1.62207135626,1.626577159839),
  .UNSPECIFIED.);
#551 = CARTESIAN_POINT('',(8.343419240892,9.707077591671,0.));
#552 = CARTESIAN_POINT('',(8.291568192816,9.687088150752,0.));
#553 = CARTESIAN_POINT('',(8.191192569977,9.646810128747,0.));
#554 = CARTESIAN_POINT('',(8.046537414537,9.583953952626,0.));
#555 = CARTESIAN_POINT('',(7.911874301027,9.520862918704,0.));
#556 = CARTESIAN_POINT('',(7.787097170244,9.458046617439,0.));
#557 = CARTESIAN_POINT('',(7.672075766921,9.396010749486,0.));
#558 = CARTESIAN_POINT('',(7.566660088723,9.335253084928,0.));
#559 = CARTESIAN_POINT('',(7.470679684019,9.276263505942,0.));
#560 = CARTESIAN_POINT('',(7.383944236667,9.219523069907,0.));
#561 = CARTESIAN_POINT('',(7.306243879037,9.165503319509,0.));
#562 = CARTESIAN_POINT('',(7.237349576874,9.114665569906,0.));
#563 = CARTESIAN_POINT('',(7.177013610605,9.06746015462,0.));
#564 = CARTESIAN_POINT('',(7.124969806141,9.024325901729,0.));
#565 = CARTESIAN_POINT('',(7.080934660341,8.98568894545,0.));
#566 = CARTESIAN_POINT('',(7.044605868662,8.951963603849,0.));
#567 = CARTESIAN_POINT('',(7.015668565891,8.923547261933,0.));
#568 = CARTESIAN_POINT('',(6.993780246472,8.900831958368,0.));
#569 = CARTESIAN_POINT('',(6.97861151862,8.884172356384,0.));
#570 = CARTESIAN_POINT('',(6.96975794313,8.873954524395,0.));
#571 = CARTESIAN_POINT('',(6.965958270536,8.869301028254,0.));
#572 = CARTESIAN_POINT('',(6.965017198432,8.86813031761,0.));
#573 = ORIENTED_EDGE('',*,*,#574,.T.);
#574 = EDGE_CURVE('',#548,#575,#577,.T.);
#575 = VERTEX_POINT('',#576);
#576 = CARTESIAN_POINT('',(6.79434844686,8.650828236802,0.));
#577 = B_SPLINE_CURVE_WITH_KNOTS('',1,(#578,#579),.UNSPECIFIED.,.F.,.F.,
  (2,2),(0.,0.276311449431),.PIECEWISE_BEZIER_KNOTS.);
#578 = CARTESIAN_POINT('',(6.965017198432,8.86813031761,0.));
#579 = CARTESIAN_POINT('',(6.79434844686,8.650828236802,0.));
#580 = ORIENTED_EDGE('',*,*,#581,.T.);
#581 = EDGE_CURVE('',#575,#582,#584,.T.);
#582 = VERTEX_POINT('',#583);
#583 = CARTESIAN_POINT('',(6.127857430176,9.135062304957,0.));
#584 = B_SPLINE_CURVE_WITH_KNOTS('',1,(#585,#586),.UNSPECIFIED.,.F.,.F.,
  (2,2),(0.,0.823828203015),.PIECEWISE_BEZIER_KNOTS.);
#585 = CARTESIAN_POINT('',(6.79434844686,8.650828236802,0.));
#586 = CARTESIAN_POINT('',(6.127857430176,9.135062304957,0.));
#587 = ORIENTED_EDGE('',*,*,#588,.T.);
#588 = EDGE_CURVE('',#582,#589,#591,.T.);
#589 = VERTEX_POINT('',#590);
#590 = CARTESIAN_POINT('',(6.281784445488,9.36452796915,0.));
#591 = B_SPLINE_CURVE_WITH_KNOTS('',1,(#592,#593),.UNSPECIFIED.,.F.,.F.,
  (2,2),(0.,0.276311449431),.PIECEWISE_BEZIER_KNOTS.);
#592 = CARTESIAN_POINT('',(6.127857430176,9.135062304957,0.));
#593 = CARTESIAN_POINT('',(6.281784445488,9.36452796915,0.));
#594 = ORIENTED_EDGE('',*,*,#595,.T.);
#595 = EDGE_CURVE('',#589,#596,#598,.T.);
#596 = VERTEX_POINT('',#597);
#597 = CARTESIAN_POINT('',(6.653721061111,10.934715178775,0.));
#598 = B_SPLINE_CURVE_WITH_KNOTS('',3,(#599,#600,#601,#602,#603,#604,
    #605,#606,#607,#608,#609,#610,#611,#612,#613,#614,#615,#616,#617,
    #618,#619,#620),.UNSPECIFIED.,.F.,.F.,(4,1,1,1,1,1,1,1,1,1,1,1,1,1,1
    ,1,1,1,1,4),(0.,4.505803579075E-03,1.802308094653E-02,
    4.055185877624E-02,7.209214087878E-02,0.112643928524,0.16220722229,
    0.220782022487,0.288368329302,0.364966142856,0.450575463231,
    0.545196290485,0.648828624664,0.761472465799,0.883127813916,
    1.013794669037,1.153473031177,1.302162900351,1.459864276568,
    1.626577159839),.UNSPECIFIED.);
#599 = CARTESIAN_POINT('',(6.281784445488,9.36452796915,0.));
#600 = CARTESIAN_POINT('',(6.282607050202,9.365784751391,0.));
#601 = CARTESIAN_POINT('',(6.285858624626,9.370836464162,0.));
#602 = CARTESIAN_POINT('',(6.292840455034,9.382414198555,0.));
#603 = CARTESIAN_POINT('',(6.30399728337,9.401988616155,0.));
#604 = CARTESIAN_POINT('',(6.318836958167,9.429825059803,0.));
#605 = CARTESIAN_POINT('',(6.336920386988,9.466127202737,0.));
#606 = CARTESIAN_POINT('',(6.357768878868,9.511099640488,0.));
#607 = CARTESIAN_POINT('',(6.380907199505,9.564919028949,0.));
#608 = CARTESIAN_POINT('',(6.40584789176,9.6277448455,0.));
#609 = CARTESIAN_POINT('',(6.432098070624,9.699715034937,0.));
#610 = CARTESIAN_POINT('',(6.459158133474,9.780947138529,0.));
#611 = CARTESIAN_POINT('',(6.486523238121,9.871537590876,0.));
#612 = CARTESIAN_POINT('',(6.513683872304,9.971561662276,0.));
#613 = CARTESIAN_POINT('',(6.540126719612,10.081073234005,0.));
#614 = CARTESIAN_POINT('',(6.565335456367,10.200104652561,0.));
#615 = CARTESIAN_POINT('',(6.588791504484,10.328666645163,0.));
#616 = CARTESIAN_POINT('',(6.609975103211,10.466748053094,0.));
#617 = CARTESIAN_POINT('',(6.628365051552,10.614316486377,0.));
#618 = CARTESIAN_POINT('',(6.643443926086,10.771315341196,0.));
#619 = CARTESIAN_POINT('',(6.6507328281,10.879224824674,0.));
#620 = CARTESIAN_POINT('',(6.653721061111,10.934715178775,0.));
#621 = ORIENTED_EDGE('',*,*,#622,.T.);
#622 = EDGE_CURVE('',#596,#623,#625,.T.);
#623 = VERTEX_POINT('',#624);
#624 = CARTESIAN_POINT('',(6.142880597411,11.229649058005,0.));
#625 = B_SPLINE_CURVE_WITH_KNOTS('',1,(#626,#627),.UNSPECIFIED.,.F.,.F.,
  (2,2),(0.,0.58986775846),.PIECEWISE_BEZIER_KNOTS.);
#626 = CARTESIAN_POINT('',(6.653721061111,10.934715178775,0.));
#627 = CARTESIAN_POINT('',(6.142880597411,11.229649058005,0.));
#628 = ORIENTED_EDGE('',*,*,#629,.T.);
#629 = EDGE_CURVE('',#623,#630,#632,.T.);
#630 = VERTEX_POINT('',#631);
#631 = CARTESIAN_POINT('',(4.969026892989,10.122448895466,0.));
#632 = B_SPLINE_CURVE_WITH_KNOTS('',3,(#633,#634,#635,#636,#637,#638,
    #639,#640,#641,#642,#643,#644,#645,#646,#647,#648,#649,#650,#651,
    #652,#653,#654),.UNSPECIFIED.,.F.,.F.,(4,1,1,1,1,1,1,1,1,1,1,1,1,1,1
    ,1,1,1,1,4),(0.,0.166712883271,0.324414259488,0.473104128661,
    0.612782490802,0.743449345922,0.86510469404,0.977748535175,
    1.081380869354,1.176001696608,1.261611016983,1.338208830536,
    1.405795137351,1.464369937549,1.513933231314,1.55448501896,
    1.586025301063,1.608554078892,1.62207135626,1.626577159839),
  .UNSPECIFIED.);
#633 = CARTESIAN_POINT('',(6.142880597411,11.229649058005,0.));
#634 = CARTESIAN_POINT('',(6.096318657601,11.199315995255,0.));
#635 = CARTESIAN_POINT('',(6.006510754606,11.139048879206,0.));
#636 = CARTESIAN_POINT('',(5.878085195234,11.047490763389,0.));
#637 = CARTESIAN_POINT('',(5.759482157385,10.95778038431,0.));
#638 = CARTESIAN_POINT('',(5.65049194969,10.870394145704,0.));
#639 = CARTESIAN_POINT('',(5.550882022194,10.785799615861,0.));
#640 = CARTESIAN_POINT('',(5.460402158254,10.704452500155,0.));
#641 = CARTESIAN_POINT('',(5.378783778782,10.626796536774,0.));
#642 = CARTESIAN_POINT('',(5.305740709051,10.553262701889,0.));
#643 = CARTESIAN_POINT('',(5.240969628302,10.484268599913,0.));
#644 = CARTESIAN_POINT('',(5.184150594413,10.420217846262,0.));
#645 = CARTESIAN_POINT('',(5.134947671478,10.361499429794,0.));
#646 = CARTESIAN_POINT('',(5.093009264459,10.308487248437,0.));
#647 = CARTESIAN_POINT('',(5.057969467154,10.261539180734,0.));
#648 = CARTESIAN_POINT('',(5.029446439531,10.22099763826,0.));
#649 = CARTESIAN_POINT('',(5.007049575949,10.187185858046,0.));
#650 = CARTESIAN_POINT('',(4.990362345997,10.160416100864,0.));
#651 = CARTESIAN_POINT('',(4.978988817259,10.140966795299,0.));
#652 = CARTESIAN_POINT('',(4.972453120361,10.129131485605,0.));
#653 = CARTESIAN_POINT('',(4.96970399598,10.123789683165,0.));
#654 = CARTESIAN_POINT('',(4.969026892989,10.122448895466,0.));
#655 = ORIENTED_EDGE('',*,*,#656,.T.);
#656 = EDGE_CURVE('',#630,#657,#659,.T.);
#657 = VERTEX_POINT('',#658);
#658 = CARTESIAN_POINT('',(4.847267306158,9.87441135778,0.));
#659 = B_SPLINE_CURVE_WITH_KNOTS('',1,(#660,#661),.UNSPECIFIED.,.F.,.F.,
  (2,2),(0.,0.276311449431),.PIECEWISE_BEZIER_KNOTS.);
#660 = CARTESIAN_POINT('',(4.969026892989,10.122448895466,0.));
#661 = CARTESIAN_POINT('',(4.847267306158,9.87441135778,0.));
#662 = ORIENTED_EDGE('',*,*,#663,.T.);
#663 = EDGE_CURVE('',#657,#664,#666,.T.);
#664 = VERTEX_POINT('',#665);
#665 = CARTESIAN_POINT('',(4.094662793416,10.209492475545,0.));
#666 = B_SPLINE_CURVE_WITH_KNOTS('',1,(#667,#668),.UNSPECIFIED.,.F.,.F.,
  (2,2),(0.,0.823828203015),.PIECEWISE_BEZIER_KNOTS.);
#667 = CARTESIAN_POINT('',(4.847267306158,9.87441135778,0.));
#668 = CARTESIAN_POINT('',(4.094662793416,10.209492475545,0.));
#669 = ORIENTED_EDGE('',*,*,#670,.T.);
#670 = EDGE_CURVE('',#664,#671,#673,.T.);
#671 = VERTEX_POINT('',#672);
#672 = CARTESIAN_POINT('',(4.197517539905,10.465946990443,0.));
#673 = B_SPLINE_CURVE_WITH_KNOTS('',1,(#674,#675),.UNSPECIFIED.,.F.,.F.,
  (2,2),(0.,0.276311449431),.PIECEWISE_BEZIER_KNOTS.);
#674 = CARTESIAN_POINT('',(4.094662793416,10.209492475545,0.));
#675 = CARTESIAN_POINT('',(4.197517539905,10.465946990443,0.));
#676 = ORIENTED_EDGE('',*,*,#677,.T.);
#677 = EDGE_CURVE('',#671,#678,#680,.T.);
#678 = VERTEX_POINT('',#679);
#679 = CARTESIAN_POINT('',(4.234866170448,12.079151812871,0.));
#680 = B_SPLINE_CURVE_WITH_KNOTS('',3,(#681,#682,#683,#684,#685,#686,
    #687,#688,#689,#690,#691,#692,#693,#694,#695,#696,#697,#698,#699,
    #700,#701,#702),.UNSPECIFIED.,.F.,.F.,(4,1,1,1,1,1,1,1,1,1,1,1,1,1,1
    ,1,1,1,1,4),(0.,4.505803579075E-03,1.802308094653E-02,
    4.055185877624E-02,7.209214087878E-02,0.112643928524,0.16220722229,
    0.220782022487,0.288368329302,0.364966142856,0.450575463231,
    0.545196290485,0.648828624664,0.761472465799,0.883127813916,
    1.013794669037,1.153473031177,1.302162900351,1.459864276568,
    1.626577159839),.UNSPECIFIED.);
#681 = CARTESIAN_POINT('',(4.197517539905,10.465946990443,0.));
#682 = CARTESIAN_POINT('',(4.198060869011,10.467347338113,0.));
#683 = CARTESIAN_POINT('',(4.200191078589,10.472964699177,0.));
#684 = CARTESIAN_POINT('',(4.204613192918,10.48574103646,0.));
#685 = CARTESIAN_POINT('',(4.211456467527,10.507207341114,0.));
#686 = CARTESIAN_POINT('',(4.22018433776,10.53752083356,0.));
#687 = CARTESIAN_POINT('',(4.230324960357,10.576789443835,0.));
#688 = CARTESIAN_POINT('',(4.241367567094,10.625113771118,0.));
#689 = CARTESIAN_POINT('',(4.252810579857,10.68256780418,0.));
#690 = CARTESIAN_POINT('',(4.264144036401,10.749206187401,0.));
#691 = CARTESIAN_POINT('',(4.274857142101,10.825061374594,0.));
#692 = CARTESIAN_POINT('',(4.284436773647,10.910144465246,0.));
#693 = CARTESIAN_POINT('',(4.292369070982,11.004444824035,0.));
#694 = CARTESIAN_POINT('',(4.298140006335,11.107930142867,0.));
#695 = CARTESIAN_POINT('',(4.301236277944,11.2205464011,0.));
#696 = CARTESIAN_POINT('',(4.301146119826,11.342217888655,0.));
#697 = CARTESIAN_POINT('',(4.297360055758,11.472847279888,0.));
#698 = CARTESIAN_POINT('',(4.289372003033,11.612315595591,0.));
#699 = CARTESIAN_POINT('',(4.276678884406,11.760482789804,0.));
#700 = CARTESIAN_POINT('',(4.258786351991,11.917185917264,0.));
#701 = CARTESIAN_POINT('',(4.243480330843,12.024252767566,0.));
#702 = CARTESIAN_POINT('',(4.234866170448,12.079151812871,0.));
#703 = ORIENTED_EDGE('',*,*,#704,.T.);
#704 = EDGE_CURVE('',#678,#705,#707,.T.);
#705 = VERTEX_POINT('',#706);
#706 = CARTESIAN_POINT('',(3.673868595012,12.26143097467,0.));
#707 = B_SPLINE_CURVE_WITH_KNOTS('',1,(#708,#709),.UNSPECIFIED.,.F.,.F.,
  (2,2),(0.,0.58986775846),.PIECEWISE_BEZIER_KNOTS.);
#708 = CARTESIAN_POINT('',(4.234866170448,12.079151812871,0.));
#709 = CARTESIAN_POINT('',(3.673868595012,12.26143097467,0.));
#710 = ORIENTED_EDGE('',*,*,#711,.T.);
#711 = EDGE_CURVE('',#705,#712,#714,.T.);
#712 = VERTEX_POINT('',#713);
#713 = CARTESIAN_POINT('',(2.755866268287,10.934367883691,0.));
#714 = B_SPLINE_CURVE_WITH_KNOTS('',3,(#715,#716,#717,#718,#719,#720,
    #721,#722,#723,#724,#725,#726,#727,#728,#729,#730,#731,#732,#733,
    #734,#735,#736),.UNSPECIFIED.,.F.,.F.,(4,1,1,1,1,1,1,1,1,1,1,1,1,1,1
    ,1,1,1,1,4),(0.,0.166712883271,0.324414259488,0.473104128661,
    0.612782490802,0.743449345922,0.86510469404,0.977748535175,
    1.081380869354,1.176001696608,1.261611016983,1.338208830536,
    1.405795137351,1.464369937549,1.513933231314,1.55448501896,
    1.586025301063,1.608554078892,1.62207135626,1.626577159839),
  .UNSPECIFIED.);
#715 = CARTESIAN_POINT('',(3.673868595012,12.26143097467,0.));
#716 = CARTESIAN_POINT('',(3.634630743665,12.222079990484,0.));
#717 = CARTESIAN_POINT('',(3.559315596822,12.144457742557,0.));
#718 = CARTESIAN_POINT('',(3.452732446717,12.02819921605,0.));
#719 = CARTESIAN_POINT('',(3.355373006404,11.915790265857,0.));
#720 = CARTESIAN_POINT('',(3.266933116866,11.807653287863,0.));
#721 = CARTESIAN_POINT('',(3.18708809701,11.704197283015,0.));
#722 = CARTESIAN_POINT('',(3.115498451552,11.605815975463,0.));
#723 = CARTESIAN_POINT('',(3.051809212145,11.512887565921,0.));
#724 = CARTESIAN_POINT('',(2.99565085268,11.425774113626,0.));
#725 = CARTESIAN_POINT('',(2.946639855846,11.344821033399,0.));
#726 = CARTESIAN_POINT('',(2.904379354662,11.270356600983,0.));
#727 = CARTESIAN_POINT('',(2.868459878894,11.202691459895,0.));
#728 = CARTESIAN_POINT('',(2.83845977895,11.142118236777,0.));
#729 = CARTESIAN_POINT('',(2.813946737423,11.088910913491,0.));
#730 = CARTESIAN_POINT('',(2.794476067032,11.04332503009,0.));
#731 = CARTESIAN_POINT('',(2.779598493049,11.005595548621,0.));
#732 = CARTESIAN_POINT('',(2.768841664587,10.975941304667,0.));
#733 = CARTESIAN_POINT('',(2.761760412745,10.954552323502,0.));
#734 = CARTESIAN_POINT('',(2.757828235755,10.941616795928,0.));
#735 = CARTESIAN_POINT('',(2.756249809515,10.93582014959,0.));
#736 = CARTESIAN_POINT('',(2.755866268287,10.934367883691,0.));
#737 = ORIENTED_EDGE('',*,*,#738,.T.);
#738 = EDGE_CURVE('',#712,#739,#741,.T.);
#739 = VERTEX_POINT('',#740);
#740 = CARTESIAN_POINT('',(2.688337324408,10.66643531974,0.));
#741 = B_SPLINE_CURVE_WITH_KNOTS('',1,(#742,#743),.UNSPECIFIED.,.F.,.F.,
  (2,2),(0.,0.276311449431),.PIECEWISE_BEZIER_KNOTS.);
#742 = CARTESIAN_POINT('',(2.755866268287,10.934367883691,0.));
#743 = CARTESIAN_POINT('',(2.688337324408,10.66643531974,0.));
#744 = ORIENTED_EDGE('',*,*,#745,.T.);
#745 = EDGE_CURVE('',#739,#746,#748,.T.);
#746 = VERTEX_POINT('',#747);
#747 = CARTESIAN_POINT('',(1.882511744212,10.837718834372,0.));
#748 = B_SPLINE_CURVE_WITH_KNOTS('',1,(#749,#750),.UNSPECIFIED.,.F.,.F.,
  (2,2),(0.,0.823828203015),.PIECEWISE_BEZIER_KNOTS.);
#749 = CARTESIAN_POINT('',(2.688337324408,10.66643531974,0.));
#750 = CARTESIAN_POINT('',(1.882511744212,10.837718834372,0.));
#751 = ORIENTED_EDGE('',*,*,#752,.T.);
#752 = EDGE_CURVE('',#746,#753,#755,.T.);
#753 = VERTEX_POINT('',#754);
#754 = CARTESIAN_POINT('',(1.929798975904,11.109953907068,0.));
#755 = B_SPLINE_CURVE_WITH_KNOTS('',1,(#756,#757),.UNSPECIFIED.,.F.,.F.,
  (2,2),(0.,0.276311449431),.PIECEWISE_BEZIER_KNOTS.);
#756 = CARTESIAN_POINT('',(1.882511744212,10.837718834372,0.));
#757 = CARTESIAN_POINT('',(1.929798975904,11.109953907068,0.));
#758 = ORIENTED_EDGE('',*,*,#759,.T.);
#759 = EDGE_CURVE('',#753,#760,#762,.T.);
#760 = VERTEX_POINT('',#761);
#761 = CARTESIAN_POINT('',(1.630927306994,12.695671550544,0.));
#762 = B_SPLINE_CURVE_WITH_KNOTS('',3,(#763,#764,#765,#766,#767,#768,
    #769,#770,#771,#772,#773,#774,#775,#776,#777,#778,#779,#780,#781,
    #782,#783,#784),.UNSPECIFIED.,.F.,.F.,(4,1,1,1,1,1,1,1,1,1,1,1,1,1,1
    ,1,1,1,1,4),(0.,4.505803579075E-03,1.802308094653E-02,
    4.055185877624E-02,7.209214087878E-02,0.112643928524,0.16220722229,
    0.220782022487,0.288368329302,0.364966142856,0.450575463231,
    0.545196290485,0.648828624664,0.761472465799,0.883127813916,
    1.013794669037,1.153473031177,1.302162900351,1.459864276568,
    1.626577159839),.UNSPECIFIED.);
#763 = CARTESIAN_POINT('',(1.929798975904,11.109953907068,0.));
#764 = CARTESIAN_POINT('',(1.930039283314,11.111436618255,0.));
#765 = CARTESIAN_POINT('',(1.930955027665,11.117374121977,0.));
#766 = CARTESIAN_POINT('',(1.932624158299,11.130790674903,0.));
#767 = CARTESIAN_POINT('',(1.934854795242,11.153210686093,0.));
#768 = CARTESIAN_POINT('',(1.937089411101,11.184676382256,0.));
#769 = CARTESIAN_POINT('',(1.938844033606,11.22519523317,0.));
#770 = CARTESIAN_POINT('',(1.939598140299,11.274759444997,0.));
#771 = CARTESIAN_POINT('',(1.93884573062,11.33333710572,0.));
#772 = CARTESIAN_POINT('',(1.936076625018,11.400875638498,0.));
#773 = CARTESIAN_POINT('',(1.930784443428,11.477300587774,0.));
#774 = CARTESIAN_POINT('',(1.922464967803,11.56251612615,0.));
#775 = CARTESIAN_POINT('',(1.910617778369,11.656405013199,0.));
#776 = CARTESIAN_POINT('',(1.894746797325,11.758828774453,0.));
#777 = CARTESIAN_POINT('',(1.874361171308,11.869627848312,0.));
#778 = CARTESIAN_POINT('',(1.84897605866,11.988621777016,0.));
#779 = CARTESIAN_POINT('',(1.818113351573,12.115609435653,0.));
#780 = CARTESIAN_POINT('',(1.781302763633,12.250369224488,0.));
#781 = CARTESIAN_POINT('',(1.73808132823,12.39265956226,0.));
#782 = CARTESIAN_POINT('',(1.68799937839,12.542218283745,0.));
#783 = CARTESIAN_POINT('',(1.65076738065,12.643763165749,0.));
#784 = CARTESIAN_POINT('',(1.630927306994,12.695671550544,0.));
#785 = ORIENTED_EDGE('',*,*,#786,.T.);
#786 = EDGE_CURVE('',#760,#787,#789,.T.);
#787 = VERTEX_POINT('',#788);
#788 = CARTESIAN_POINT('',(1.044290905833,12.757329520867,0.));
#789 = B_SPLINE_CURVE_WITH_KNOTS('',1,(#790,#791),.UNSPECIFIED.,.F.,.F.,
  (2,2),(0.,0.58986775846),.PIECEWISE_BEZIER_KNOTS.);
#790 = CARTESIAN_POINT('',(1.630927306994,12.695671550544,0.));
#791 = CARTESIAN_POINT('',(1.044290905833,12.757329520867,0.));
#792 = ORIENTED_EDGE('',*,*,#793,.T.);
#793 = EDGE_CURVE('',#787,#794,#796,.T.);
#794 = VERTEX_POINT('',#795);
#795 = CARTESIAN_POINT('',(0.422261063546,11.26840252648,0.));
#796 = B_SPLINE_CURVE_WITH_KNOTS('',3,(#797,#798,#799,#800,#801,#802,
    #803,#804,#805,#806,#807,#808,#809,#810,#811,#812,#813,#814,#815,
    #816,#817,#818),.UNSPECIFIED.,.F.,.F.,(4,1,1,1,1,1,1,1,1,1,1,1,1,1,1
    ,1,1,1,1,4),(0.,0.166712883271,0.324414259488,0.473104128661,
    0.612782490802,0.743449345922,0.86510469404,0.977748535175,
    1.081380869354,1.176001696608,1.261611016983,1.338208830536,
    1.405795137351,1.464369937549,1.513933231314,1.55448501896,
    1.586025301063,1.608554078892,1.62207135626,1.626577159839),
  .UNSPECIFIED.);
#797 = CARTESIAN_POINT('',(1.044290905833,12.757329520867,0.));
#798 = CARTESIAN_POINT('',(1.014092025338,12.710680442082,0.));
#799 = CARTESIAN_POINT('',(0.956561267966,12.619095526985,0.));
#800 = CARTESIAN_POINT('',(0.87647872223,12.483217645266,0.));
#801 = CARTESIAN_POINT('',(0.804617954177,12.353022934481,0.));
#802 = CARTESIAN_POINT('',(0.740593630351,12.228861321936,0.));
#803 = CARTESIAN_POINT('',(0.684003128642,12.11106536593,0.));
#804 = CARTESIAN_POINT('',(0.634432512697,11.99994960176,0.));
#805 = CARTESIAN_POINT('',(0.591455938731,11.895810163474,0.));
#806 = CARTESIAN_POINT('',(0.554636679319,11.79892436965,0.));
#807 = CARTESIAN_POINT('',(0.523527782144,11.709550349233,0.));
#808 = CARTESIAN_POINT('',(0.497672800354,11.62792669107,0.));
#809 = CARTESIAN_POINT('',(0.476606625205,11.554272116721,0.));
#810 = CARTESIAN_POINT('',(0.459855980659,11.488785192356,0.));
#811 = CARTESIAN_POINT('',(0.446941032451,11.431644028831,0.));
#812 = CARTESIAN_POINT('',(0.437373681019,11.383006126353,0.));
#813 = CARTESIAN_POINT('',(0.430665618009,11.343007903015,0.));
#814 = CARTESIAN_POINT('',(0.426309316058,11.311765205046,0.));
#815 = CARTESIAN_POINT('',(0.423829825797,11.289371349394,0.));
#816 = CARTESIAN_POINT('',(0.422673023719,11.275900948566,0.));
#817 = CARTESIAN_POINT('',(0.42233428042,11.26990279959,0.));
#818 = CARTESIAN_POINT('',(0.422261063546,11.26840252648,0.));
#819 = ORIENTED_EDGE('',*,*,#820,.T.);
#820 = EDGE_CURVE('',#794,#821,#823,.T.);
#821 = VERTEX_POINT('',#822);
#822 = CARTESIAN_POINT('',(0.411914101507,10.992284874992,0.));
#823 = B_SPLINE_CURVE_WITH_KNOTS('',1,(#824,#825),.UNSPECIFIED.,.F.,.F.,
  (2,2),(0.,0.276311449431),.PIECEWISE_BEZIER_KNOTS.);
#824 = CARTESIAN_POINT('',(0.422261063546,11.26840252648,0.));
#825 = CARTESIAN_POINT('',(0.411914101507,10.992284874992,0.));
#826 = ORIENTED_EDGE('',*,*,#827,.T.);
#827 = EDGE_CURVE('',#821,#828,#830,.T.);
#828 = VERTEX_POINT('',#829);
#829 = CARTESIAN_POINT('',(-0.411914101507,10.992284874992,0.));
#830 = B_SPLINE_CURVE_WITH_KNOTS('',1,(#831,#832),.UNSPECIFIED.,.F.,.F.,
  (2,2),(0.,0.823828203015),.PIECEWISE_BEZIER_KNOTS.);
#831 = CARTESIAN_POINT('',(0.411914101507,10.992284874992,0.));
#832 = CARTESIAN_POINT('',(-0.411914101507,10.992284874992,0.));
#833 = ORIENTED_EDGE('',*,*,#834,.T.);
#834 = EDGE_CURVE('',#828,#835,#837,.T.);
#835 = VERTEX_POINT('',#836);
#836 = CARTESIAN_POINT('',(-0.422261063546,11.26840252648,0.));
#837 = B_SPLINE_CURVE_WITH_KNOTS('',1,(#838,#839),.UNSPECIFIED.,.F.,.F.,
  (2,2),(0.,0.276311449431),.PIECEWISE_BEZIER_KNOTS.);
#838 = CARTESIAN_POINT('',(-0.411914101507,10.992284874992,0.));
#839 = CARTESIAN_POINT('',(-0.422261063546,11.26840252648,0.));
#840 = ORIENTED_EDGE('',*,*,#841,.T.);
#841 = EDGE_CURVE('',#835,#842,#844,.T.);
#842 = VERTEX_POINT('',#843);
#843 = CARTESIAN_POINT('',(-1.044290905833,12.757329520867,0.));
#844 = B_SPLINE_CURVE_WITH_KNOTS('',3,(#845,#846,#847,#848,#849,#850,
    #851,#852,#853,#854,#855,#856,#857,#858,#859,#860,#861,#862,#863,
    #864,#865,#866),.UNSPECIFIED.,.F.,.F.,(4,1,1,1,1,1,1,1,1,1,1,1,1,1,1
    ,1,1,1,1,4),(0.,4.505803579075E-03,1.802308094653E-02,
    4.055185877624E-02,7.209214087878E-02,0.112643928524,0.16220722229,
    0.220782022487,0.288368329302,0.364966142856,0.450575463231,
    0.545196290485,0.648828624664,0.761472465799,0.883127813916,
    1.013794669037,1.153473031177,1.302162900351,1.459864276568,
    1.626577159839),.UNSPECIFIED.);
#845 = CARTESIAN_POINT('',(-0.422261063546,11.26840252648,0.));
#846 = CARTESIAN_POINT('',(-0.42233428042,11.26990279959,0.));
#847 = CARTESIAN_POINT('',(-0.422673023719,11.275900948566,0.));
#848 = CARTESIAN_POINT('',(-0.423829825797,11.289371349394,0.));
#849 = CARTESIAN_POINT('',(-0.426309316058,11.311765205046,0.));
#850 = CARTESIAN_POINT('',(-0.430665618009,11.343007903015,0.));
#851 = CARTESIAN_POINT('',(-0.437373681019,11.383006126353,0.));
#852 = CARTESIAN_POINT('',(-0.446941032451,11.431644028831,0.));
#853 = CARTESIAN_POINT('',(-0.459855980659,11.488785192356,0.));
#854 = CARTESIAN_POINT('',(-0.476606625205,11.554272116721,0.));
#855 = CARTESIAN_POINT('',(-0.497672800354,11.62792669107,0.));
#856 = CARTESIAN_POINT('',(-0.523527782144,11.709550349233,0.));
#857 = CARTESIAN_POINT('',(-0.554636679319,11.79892436965,0.));
#858 = CARTESIAN_POINT('',(-0.591455938731,11.895810163474,0.));
#859 = CARTESIAN_POINT('',(-0.634432512697,11.99994960176,0.));
#860 = CARTESIAN_POINT('',(-0.684003128642,12.11106536593,0.));
#861 = CARTESIAN_POINT('',(-0.740593630351,12.228861321936,0.));
#862 = CARTESIAN_POINT('',(-0.804617954177,12.353022934481,0.));
#863 = CARTESIAN_POINT('',(-0.87647872223,12.483217645266,0.));
#864 = CARTESIAN_POINT('',(-0.956561267966,12.619095526985,0.));
#865 = CARTESIAN_POINT('',(-1.014092025338,12.710680442082,0.));
#866 = CARTESIAN_POINT('',(-1.044290905833,12.757329520867,0.));
#867 = ORIENTED_EDGE('',*,*,#868,.T.);
#868 = EDGE_CURVE('',#842,#869,#871,.T.);
#869 = VERTEX_POINT('',#870);
#870 = CARTESIAN_POINT('',(-1.630927306994,12.695671550544,0.));
#871 = B_SPLINE_CURVE_WITH_KNOTS('',1,(#872,#873),.UNSPECIFIED.,.F.,.F.,
  (2,2),(0.,0.58986775846),.PIECEWISE_BEZIER_KNOTS.);
#872 = CARTESIAN_POINT('',(-1.044290905833,12.757329520867,0.));
#873 = CARTESIAN_POINT('',(-1.630927306994,12.695671550544,0.));
#874 = ORIENTED_EDGE('',*,*,#875,.T.);
#875 = EDGE_CURVE('',#869,#876,#878,.T.);
#876 = VERTEX_POINT('',#877);
#877 = CARTESIAN_POINT('',(-1.929798975904,11.109953907068,0.));
#878 = B_SPLINE_CURVE_WITH_KNOTS('',3,(#879,#880,#881,#882,#883,#884,
    #885,#886,#887,#888,#889,#890,#891,#892,#893,#894,#895,#896,#897,
    #898,#899,#900),.UNSPECIFIED.,.F.,.F.,(4,1,1,1,1,1,1,1,1,1,1,1,1,1,1
    ,1,1,1,1,4),(0.,0.166712883271,0.324414259488,0.473104128661,
    0.612782490802,0.743449345922,0.86510469404,0.977748535175,
    1.081380869354,1.176001696608,1.261611016983,1.338208830536,
    1.405795137351,1.464369937549,1.513933231314,1.55448501896,
    1.586025301063,1.608554078892,1.62207135626,1.626577159839),
  .UNSPECIFIED.);
#879 = CARTESIAN_POINT('',(-1.630927306994,12.695671550544,0.));
#880 = CARTESIAN_POINT('',(-1.65076738065,12.643763165749,0.));
#881 = CARTESIAN_POINT('',(-1.68799937839,12.542218283745,0.));
#882 = CARTESIAN_POINT('',(-1.73808132823,12.39265956226,0.));
#883 = CARTESIAN_POINT('',(-1.781302763633,12.250369224488,0.));
#884 = CARTESIAN_POINT('',(-1.818113351573,12.115609435653,0.));
#885 = CARTESIAN_POINT('',(-1.84897605866,11.988621777016,0.));
#886 = CARTESIAN_POINT('',(-1.874361171308,11.869627848312,0.));
#887 = CARTESIAN_POINT('',(-1.894746797325,11.758828774453,0.));
#888 = CARTESIAN_POINT('',(-1.910617778369,11.656405013199,0.));
#889 = CARTESIAN_POINT('',(-1.922464967803,11.56251612615,0.));
#890 = CARTESIAN_POINT('',(-1.930784443428,11.477300587774,0.));
#891 = CARTESIAN_POINT('',(-1.936076625018,11.400875638498,0.));
#892 = CARTESIAN_POINT('',(-1.93884573062,11.33333710572,0.));
#893 = CARTESIAN_POINT('',(-1.939598140299,11.274759444997,0.));
#894 = CARTESIAN_POINT('',(-1.938844033606,11.22519523317,0.));
#895 = CARTESIAN_POINT('',(-1.937089411101,11.184676382256,0.));
#896 = CARTESIAN_POINT('',(-1.934854795242,11.153210686093,0.));
#897 = CARTESIAN_POINT('',(-1.932624158299,11.130790674903,0.));
#898 = CARTESIAN_POINT('',(-1.930955027665,11.117374121977,0.));
#899 = CARTESIAN_POINT('',(-1.930039283314,11.111436618255,0.));
#900 = CARTESIAN_POINT('',(-1.929798975904,11.109953907068,0.));
#901 = ORIENTED_EDGE('',*,*,#902,.T.);
#902 = EDGE_CURVE('',#876,#903,#905,.T.);
#903 = VERTEX_POINT('',#904);
#904 = CARTESIAN_POINT('',(-1.882511744212,10.837718834372,0.));
#905 = B_SPLINE_CURVE_WITH_KNOTS('',1,(#906,#907),.UNSPECIFIED.,.F.,.F.,
  (2,2),(0.,0.276311449431),.PIECEWISE_BEZIER_KNOTS.);
#906 = CARTESIAN_POINT('',(-1.929798975904,11.109953907068,0.));
#907 = CARTESIAN_POINT('',(-1.882511744212,10.837718834372,0.));
#908 = ORIENTED_EDGE('',*,*,#909,.T.);
#909 = EDGE_CURVE('',#903,#910,#912,.T.);
#910 = VERTEX_POINT('',#911);
#911 = CARTESIAN_POINT('',(-2.688337324408,10.66643531974,0.));
#912 = B_SPLINE_CURVE_WITH_KNOTS('',1,(#913,#914),.UNSPECIFIED.,.F.,.F.,
  (2,2),(0.,0.823828203015),.PIECEWISE_BEZIER_KNOTS.);
#913 = CARTESIAN_POINT('',(-1.882511744212,10.837718834372,0.));
#914 = CARTESIAN_POINT('',(-2.688337324408,10.66643531974,0.));
#915 = ORIENTED_EDGE('',*,*,#916,.T.);
#916 = EDGE_CURVE('',#910,#917,#919,.T.);
#917 = VERTEX_POINT('',#918);
#918 = CARTESIAN_POINT('',(-2.755866268287,10.934367883691,0.));
#919 = B_SPLINE_CURVE_WITH_KNOTS('',1,(#920,#921),.UNSPECIFIED.,.F.,.F.,
  (2,2),(0.,0.276311449431),.PIECEWISE_BEZIER_KNOTS.);
#920 = CARTESIAN_POINT('',(-2.688337324408,10.66643531974,0.));
#921 = CARTESIAN_POINT('',(-2.755866268287,10.934367883691,0.));
#922 = ORIENTED_EDGE('',*,*,#923,.T.);
#923 = EDGE_CURVE('',#917,#924,#926,.T.);
#924 = VERTEX_POINT('',#925);
#925 = CARTESIAN_POINT('',(-3.673868595012,12.26143097467,0.));
#926 = B_SPLINE_CURVE_WITH_KNOTS('',3,(#927,#928,#929,#930,#931,#932,
    #933,#934,#935,#936,#937,#938,#939,#940,#941,#942,#943,#944,#945,
    #946,#947,#948),.UNSPECIFIED.,.F.,.F.,(4,1,1,1,1,1,1,1,1,1,1,1,1,1,1
    ,1,1,1,1,4),(0.,4.505803579075E-03,1.802308094653E-02,
    4.055185877624E-02,7.209214087878E-02,0.112643928524,0.16220722229,
    0.220782022487,0.288368329302,0.364966142856,0.450575463231,
    0.545196290485,0.648828624664,0.761472465799,0.883127813916,
    1.013794669037,1.153473031177,1.302162900351,1.459864276568,
    1.626577159839),.UNSPECIFIED.);
#927 = CARTESIAN_POINT('',(-2.755866268287,10.934367883691,0.));
#928 = CARTESIAN_POINT('',(-2.756249809515,10.93582014959,0.));
#929 = CARTESIAN_POINT('',(-2.757828235755,10.941616795928,0.));
#930 = CARTESIAN_POINT('',(-2.761760412745,10.954552323502,0.));
#931 = CARTESIAN_POINT('',(-2.768841664587,10.975941304667,0.));
#932 = CARTESIAN_POINT('',(-2.779598493049,11.005595548621,0.));
#933 = CARTESIAN_POINT('',(-2.794476067032,11.04332503009,0.));
#934 = CARTESIAN_POINT('',(-2.813946737423,11.088910913491,0.));
#935 = CARTESIAN_POINT('',(-2.83845977895,11.142118236777,0.));
#936 = CARTESIAN_POINT('',(-2.868459878894,11.202691459895,0.));
#937 = CARTESIAN_POINT('',(-2.904379354662,11.270356600983,0.));
#938 = CARTESIAN_POINT('',(-2.946639855846,11.344821033399,0.));
#939 = CARTESIAN_POINT('',(-2.99565085268,11.425774113626,0.));
#940 = CARTESIAN_POINT('',(-3.051809212145,11.512887565921,0.));
#941 = CARTESIAN_POINT('',(-3.115498451552,11.605815975463,0.));
#942 = CARTESIAN_POINT('',(-3.18708809701,11.704197283015,0.));
#943 = CARTESIAN_POINT('',(-3.266933116866,11.807653287863,0.));
#944 = CARTESIAN_POINT('',(-3.355373006404,11.915790265857,0.));
#945 = CARTESIAN_POINT('',(-3.452732446717,12.02819921605,0.));
#946 = CARTESIAN_POINT('',(-3.559315596822,12.144457742557,0.));
#947 = CARTESIAN_POINT('',(-3.634630743665,12.222079990484,0.));
#948 = CARTESIAN_POINT('',(-3.673868595012,12.26143097467,0.));
#949 = ORIENTED_EDGE('',*,*,#950,.T.);
#950 = EDGE_CURVE('',#924,#951,#953,.T.);
#951 = VERTEX_POINT('',#952);
#952 = CARTESIAN_POINT('',(-4.234866170448,12.079151812871,0.));
#953 = B_SPLINE_CURVE_WITH_KNOTS('',1,(#954,#955),.UNSPECIFIED.,.F.,.F.,
  (2,2),(0.,0.58986775846),.PIECEWISE_BEZIER_KNOTS.);
#954 = CARTESIAN_POINT('',(-3.673868595012,12.26143097467,0.));
#955 = CARTESIAN_POINT('',(-4.234866170448,12.079151812871,0.));
#956 = ORIENTED_EDGE('',*,*,#957,.T.);
#957 = EDGE_CURVE('',#951,#958,#960,.T.);
#958 = VERTEX_POINT('',#959);
#959 = CARTESIAN_POINT('',(-4.197517539905,10.465946990443,0.));
#960 = B_SPLINE_CURVE_WITH_KNOTS('',3,(#961,#962,#963,#964,#965,#966,
    #967,#968,#969,#970,#971,#972,#973,#974,#975,#976,#977,#978,#979,
    #980,#981,#982),.UNSPECIFIED.,.F.,.F.,(4,1,1,1,1,1,1,1,1,1,1,1,1,1,1
    ,1,1,1,1,4),(0.,0.166712883271,0.324414259488,0.473104128661,
    0.612782490802,0.743449345922,0.86510469404,0.977748535175,
    1.081380869354,1.176001696608,1.261611016983,1.338208830536,
    1.405795137351,1.464369937549,1.513933231314,1.55448501896,
    1.586025301063,1.608554078892,1.62207135626,1.626577159839),
  .UNSPECIFIED.);
#961 = CARTESIAN_POINT('',(-4.234866170448,12.079151812871,0.));
#962 = CARTESIAN_POINT('',(-4.243480330843,12.024252767566,0.));
#963 = CARTESIAN_POINT('',(-4.258786351991,11.917185917264,0.));
#964 = CARTESIAN_POINT('',(-4.276678884406,11.760482789804,0.));
#965 = CARTESIAN_POINT('',(-4.289372003033,11.612315595591,0.));
#966 = CARTESIAN_POINT('',(-4.297360055758,11.472847279888,0.));
#967 = CARTESIAN_POINT('',(-4.301146119826,11.342217888655,0.));
#968 = CARTESIAN_POINT('',(-4.301236277944,11.2205464011,0.));
#969 = CARTESIAN_POINT('',(-4.298140006335,11.107930142867,0.));
#970 = CARTESIAN_POINT('',(-4.292369070982,11.004444824035,0.));
#971 = CARTESIAN_POINT('',(-4.284436773647,10.910144465246,0.));
#972 = CARTESIAN_POINT('',(-4.274857142101,10.825061374594,0.));
#973 = CARTESIAN_POINT('',(-4.264144036401,10.749206187401,0.));
#974 = CARTESIAN_POINT('',(-4.252810579857,10.68256780418,0.));
#975 = CARTESIAN_POINT('',(-4.241367567094,10.625113771118,0.));
#976 = CARTESIAN_POINT('',(-4.230324960357,10.576789443835,0.));
#977 = CARTESIAN_POINT('',(-4.22018433776,10.53752083356,0.));
#978 = CARTESIAN_POINT('',(-4.211456467527,10.507207341114,0.));
#979 = CARTESIAN_POINT('',(-4.204613192918,10.48574103646,0.));
#980 = CARTESIAN_POINT('',(-4.200191078589,10.472964699177,0.));
#981 = CARTESIAN_POINT('',(-4.198060869011,10.467347338113,0.));
#982 = CARTESIAN_POINT('',(-4.197517539905,10.465946990443,0.));
#983 = ORIENTED_EDGE('',*,*,#984,.T.);
#984 = EDGE_CURVE('',#958,#985,#987,.T.);
#985 = VERTEX_POINT('',#986);
#986 = CARTESIAN_POINT('',(-4.094662793416,10.209492475545,0.));
#987 = B_SPLINE_CURVE_WITH_KNOTS('',1,(#988,#989),.UNSPECIFIED.,.F.,.F.,
  (2,2),(0.,0.276311449431),.PIECEWISE_BEZIER_KNOTS.);
#988 = CARTESIAN_POINT('',(-4.197517539905,10.465946990443,0.));
#989 = CARTESIAN_POINT('',(-4.094662793416,10.209492475545,0.));
#990 = ORIENTED_EDGE('',*,*,#991,.T.);
#991 = EDGE_CURVE('',#985,#992,#994,.T.);
#992 = VERTEX_POINT('',#993);
#993 = CARTESIAN_POINT('',(-4.847267306158,9.87441135778,0.));
#994 = B_SPLINE_CURVE_WITH_KNOTS('',1,(#995,#996),.UNSPECIFIED.,.F.,.F.,
  (2,2),(0.,0.823828203015),.PIECEWISE_BEZIER_KNOTS.);
#995 = CARTESIAN_POINT('',(-4.094662793416,10.209492475545,0.));
#996 = CARTESIAN_POINT('',(-4.847267306158,9.87441135778,0.));
#997 = ORIENTED_EDGE('',*,*,#998,.T.);
#998 = EDGE_CURVE('',#992,#999,#1001,.T.);
#999 = VERTEX_POINT('',#1000);
#1000 = CARTESIAN_POINT('',(-4.969026892989,10.122448895466,0.));
#1001 = B_SPLINE_CURVE_WITH_KNOTS('',1,(#1002,#1003),.UNSPECIFIED.,.F.,
  .F.,(2,2),(0.,0.276311449431),.PIECEWISE_BEZIER_KNOTS.);
#1002 = CARTESIAN_POINT('',(-4.847267306158,9.87441135778,0.));
#1003 = CARTESIAN_POINT('',(-4.969026892989,10.122448895466,0.));
#1004 = ORIENTED_EDGE('',*,*,#1005,.T.);
#1005 = EDGE_CURVE('',#999,#1006,#1008,.T.);
#1006 = VERTEX_POINT('',#1007);
#1007 = CARTESIAN_POINT('',(-6.142880597411,11.229649058005,0.));
#1008 = B_SPLINE_CURVE_WITH_KNOTS('',3,(#1009,#1010,#1011,#1012,#1013,
    #1014,#1015,#1016,#1017,#1018,#1019,#1020,#1021,#1022,#1023,#1024,
    #1025,#1026,#1027,#1028,#1029,#1030),.UNSPECIFIED.,.F.,.F.,(4,1,1,1,
    1,1,1,1,1,1,1,1,1,1,1,1,1,1,1,4),(0.,4.505803579075E-03,
    1.802308094653E-02,4.055185877624E-02,7.209214087878E-02,
    0.112643928524,0.16220722229,0.220782022487,0.288368329302,
    0.364966142856,0.450575463231,0.545196290485,0.648828624664,
    0.761472465799,0.883127813916,1.013794669037,1.153473031177,
    1.302162900351,1.459864276568,1.626577159839),.UNSPECIFIED.);
#1009 = CARTESIAN_POINT('',(-4.969026892989,10.122448895466,0.));
#1010 = CARTESIAN_POINT('',(-4.96970399598,10.123789683165,0.));
#1011 = CARTESIAN_POINT('',(-4.972453120361,10.129131485605,0.));
#1012 = CARTESIAN_POINT('',(-4.978988817259,10.140966795299,0.));
#1013 = CARTESIAN_POINT('',(-4.990362345997,10.160416100864,0.));
#1014 = CARTESIAN_POINT('',(-5.007049575949,10.187185858046,0.));
#1015 = CARTESIAN_POINT('',(-5.029446439531,10.22099763826,0.));
#1016 = CARTESIAN_POINT('',(-5.057969467154,10.261539180734,0.));
#1017 = CARTESIAN_POINT('',(-5.093009264459,10.308487248437,0.));
#1018 = CARTESIAN_POINT('',(-5.134947671478,10.361499429794,0.));
#1019 = CARTESIAN_POINT('',(-5.184150594413,10.420217846262,0.));
#1020 = CARTESIAN_POINT('',(-5.240969628302,10.484268599913,0.));
#1021 = CARTESIAN_POINT('',(-5.305740709051,10.553262701889,0.));
#1022 = CARTESIAN_POINT('',(-5.378783778782,10.626796536774,0.));
#1023 = CARTESIAN_POINT('',(-5.460402158254,10.704452500155,0.));
#1024 = CARTESIAN_POINT('',(-5.550882022194,10.785799615861,0.));
#1025 = CARTESIAN_POINT('',(-5.65049194969,10.870394145704,0.));
#1026 = CARTESIAN_POINT('',(-5.759482157385,10.95778038431,0.));
#1027 = CARTESIAN_POINT('',(-5.878085195234,11.047490763389,0.));
#1028 = CARTESIAN_POINT('',(-6.006510754606,11.139048879206,0.));
#1029 = CARTESIAN_POINT('',(-6.0963186576,11.199315995255,0.));
#1030 = CARTESIAN_POINT('',(-6.142880597411,11.229649058005,0.));
#1031 = ORIENTED_EDGE('',*,*,#1032,.T.);
#1032 = EDGE_CURVE('',#1006,#1033,#1035,.T.);
#1033 = VERTEX_POINT('',#1034);
#1034 = CARTESIAN_POINT('',(-6.653721061111,10.934715178775,0.));
#1035 = B_SPLINE_CURVE_WITH_KNOTS('',1,(#1036,#1037),.UNSPECIFIED.,.F.,
  .F.,(2,2),(0.,0.58986775846),.PIECEWISE_BEZIER_KNOTS.);
#1036 = CARTESIAN_POINT('',(-6.142880597411,11.229649058005,0.));
#1037 = CARTESIAN_POINT('',(-6.653721061111,10.934715178775,0.));
#1038 = ORIENTED_EDGE('',*,*,#1039,.T.);
#1039 = EDGE_CURVE('',#1033,#1040,#1042,.T.);
#1040 = VERTEX_POINT('',#1041);
#1041 = CARTESIAN_POINT('',(-6.281784445488,9.36452796915,0.));
#1042 = B_SPLINE_CURVE_WITH_KNOTS('',3,(#1043,#1044,#1045,#1046,#1047,
    #1048,#1049,#1050,#1051,#1052,#1053,#1054,#1055,#1056,#1057,#1058,
    #1059,#1060,#1061,#1062,#1063,#1064),.UNSPECIFIED.,.F.,.F.,(4,1,1,1,
    1,1,1,1,1,1,1,1,1,1,1,1,1,1,1,4),(0.,0.166712883271,0.324414259488,
    0.473104128661,0.612782490802,0.743449345922,0.86510469404,
    0.977748535175,1.081380869354,1.176001696608,1.261611016983,
    1.338208830536,1.405795137351,1.464369937549,1.513933231314,
    1.55448501896,1.586025301063,1.608554078892,1.62207135626,
    1.626577159839),.UNSPECIFIED.);
#1043 = CARTESIAN_POINT('',(-6.653721061111,10.934715178775,0.));
#1044 = CARTESIAN_POINT('',(-6.6507328281,10.879224824674,0.));
#1045 = CARTESIAN_POINT('',(-6.643443926086,10.771315341196,0.));
#1046 = CARTESIAN_POINT('',(-6.628365051552,10.614316486377,0.));
#1047 = CARTESIAN_POINT('',(-6.609975103211,10.466748053094,0.));
#1048 = CARTESIAN_POINT('',(-6.588791504484,10.328666645163,0.));
#1049 = CARTESIAN_POINT('',(-6.565335456367,10.200104652561,0.));
#1050 = CARTESIAN_POINT('',(-6.540126719612,10.081073234005,0.));
#1051 = CARTESIAN_POINT('',(-6.513683872304,9.971561662276,0.));
#1052 = CARTESIAN_POINT('',(-6.486523238121,9.871537590876,0.));
#1053 = CARTESIAN_POINT('',(-6.459158133474,9.780947138529,0.));
#1054 = CARTESIAN_POINT('',(-6.432098070624,9.699715034937,0.));
#1055 = CARTESIAN_POINT('',(-6.40584789176,9.6277448455,0.));
#1056 = CARTESIAN_POINT('',(-6.380907199505,9.564919028949,0.));
#1057 = CARTESIAN_POINT('',(-6.357768878868,9.511099640488,0.));
#1058 = CARTESIAN_POINT('',(-6.336920386988,9.466127202737,0.));
#1059 = CARTESIAN_POINT('',(-6.318836958167,9.429825059803,0.));
#1060 = CARTESIAN_POINT('',(-6.30399728337,9.401988616155,0.));
#1061 = CARTESIAN_POINT('',(-6.292840455034,9.382414198555,0.));
#1062 = CARTESIAN_POINT('',(-6.285858624626,9.370836464162,0.));
#1063 = CARTESIAN_POINT('',(-6.282607050202,9.365784751391,0.));
#1064 = CARTESIAN_POINT('',(-6.281784445488,9.36452796915,0.));
#1065 = ORIENTED_EDGE('',*,*,#1066,.T.);
#1066 = EDGE_CURVE('',#1040,#1067,#1069,.T.);
#1067 = VERTEX_POINT('',#1068);
#1068 = CARTESIAN_POINT('',(-6.127857430176,9.135062304957,0.));
#1069 = B_SPLINE_CURVE_WITH_KNOTS('',1,(#1070,#1071),.UNSPECIFIED.,.F.,
  .F.,(2,2),(0.,0.276311449431),.PIECEWISE_BEZIER_KNOTS.);
#1070 = CARTESIAN_POINT('',(-6.281784445488,9.36452796915,0.));
#1071 = CARTESIAN_POINT('',(-6.127857430176,9.135062304957,0.));
#1072 = ORIENTED_EDGE('',*,*,#1073,.T.);
#1073 = EDGE_CURVE('',#1067,#1074,#1076,.T.);
#1074 = VERTEX_POINT('',#1075);
#1075 = CARTESIAN_POINT('',(-6.79434844686,8.650828236802,0.));
#1076 = B_SPLINE_CURVE_WITH_KNOTS('',1,(#1077,#1078),.UNSPECIFIED.,.F.,
  .F.,(2,2),(0.,0.823828203015),.PIECEWISE_BEZIER_KNOTS.);
#1077 = CARTESIAN_POINT('',(-6.127857430176,9.135062304957,0.));
#1078 = CARTESIAN_POINT('',(-6.79434844686,8.650828236802,0.));
#1079 = ORIENTED_EDGE('',*,*,#1080,.T.);
#1080 = EDGE_CURVE('',#1074,#1081,#1083,.T.);
#1081 = VERTEX_POINT('',#1082);
#1082 = CARTESIAN_POINT('',(-6.965017198432,8.86813031761,0.));
#1083 = B_SPLINE_CURVE_WITH_KNOTS('',1,(#1084,#1085),.UNSPECIFIED.,.F.,
  .F.,(2,2),(0.,0.276311449431),.PIECEWISE_BEZIER_KNOTS.);
#1084 = CARTESIAN_POINT('',(-6.79434844686,8.650828236802,0.));
#1085 = CARTESIAN_POINT('',(-6.965017198432,8.86813031761,0.));
#1086 = ORIENTED_EDGE('',*,*,#1087,.T.);
#1087 = EDGE_CURVE('',#1081,#1088,#1090,.T.);
#1088 = VERTEX_POINT('',#1089);
#1089 = CARTESIAN_POINT('',(-8.343419240892,9.707077591671,0.));
#1090 = B_SPLINE_CURVE_WITH_KNOTS('',3,(#1091,#1092,#1093,#1094,#1095,
    #1096,#1097,#1098,#1099,#1100,#1101,#1102,#1103,#1104,#1105,#1106,
    #1107,#1108,#1109,#1110,#1111,#1112),.UNSPECIFIED.,.F.,.F.,(4,1,1,1,
    1,1,1,1,1,1,1,1,1,1,1,1,1,1,1,4),(0.,4.505803579075E-03,
    1.802308094653E-02,4.055185877624E-02,7.209214087878E-02,
    0.112643928524,0.16220722229,0.220782022487,0.288368329302,
    0.364966142856,0.450575463231,0.545196290485,0.648828624664,
    0.761472465799,0.883127813916,1.013794669037,1.153473031177,
    1.302162900351,1.459864276568,1.626577159839),.UNSPECIFIED.);
#1091 = CARTESIAN_POINT('',(-6.965017198432,8.86813031761,0.));
#1092 = CARTESIAN_POINT('',(-6.965958270536,8.869301028254,0.));
#1093 = CARTESIAN_POINT('',(-6.96975794313,8.873954524395,0.));
#1094 = CARTESIAN_POINT('',(-6.97861151862,8.884172356384,0.));
#1095 = CARTESIAN_POINT('',(-6.993780246472,8.900831958368,0.));
#1096 = CARTESIAN_POINT('',(-7.015668565891,8.923547261933,0.));
#1097 = CARTESIAN_POINT('',(-7.044605868662,8.951963603849,0.));
#1098 = CARTESIAN_POINT('',(-7.080934660341,8.98568894545,0.));
#1099 = CARTESIAN_POINT('',(-7.124969806141,9.024325901729,0.));
#1100 = CARTESIAN_POINT('',(-7.177013610605,9.06746015462,0.));
#1101 = CARTESIAN_POINT('',(-7.237349576874,9.114665569906,0.));
#1102 = CARTESIAN_POINT('',(-7.306243879037,9.165503319509,0.));
#1103 = CARTESIAN_POINT('',(-7.383944236667,9.219523069907,0.));
#1104 = CARTESIAN_POINT('',(-7.470679684019,9.276263505942,0.));
#1105 = CARTESIAN_POINT('',(-7.566660088723,9.335253084929,0.));
#1106 = CARTESIAN_POINT('',(-7.672075766921,9.396010749486,0.));
#1107 = CARTESIAN_POINT('',(-7.787097170244,9.458046617439,0.));
#1108 = CARTESIAN_POINT('',(-7.911874301027,9.520862918704,0.));
#1109 = CARTESIAN_POINT('',(-8.046537414537,9.583953952626,0.));
#1110 = CARTESIAN_POINT('',(-8.191192569977,9.646810128747,0.));
#1111 = CARTESIAN_POINT('',(-8.291568192816,9.687088150752,0.));
#1112 = CARTESIAN_POINT('',(-8.343419240892,9.707077591671,0.));
#1113 = ORIENTED_EDGE('',*,*,#1114,.T.);
#1114 = EDGE_CURVE('',#1088,#1115,#1117,.T.);
#1115 = VERTEX_POINT('',#1116);
#1116 = CARTESIAN_POINT('',(-8.781776413307,9.312379020781,0.));
#1117 = B_SPLINE_CURVE_WITH_KNOTS('',1,(#1118,#1119),.UNSPECIFIED.,.F.,
  .F.,(2,2),(0.,0.58986775846),.PIECEWISE_BEZIER_KNOTS.);
#1118 = CARTESIAN_POINT('',(-8.343419240892,9.707077591671,0.));
#1119 = CARTESIAN_POINT('',(-8.781776413307,9.312379020781,0.));
#1120 = ORIENTED_EDGE('',*,*,#1121,.T.);
#1121 = EDGE_CURVE('',#1115,#1122,#1124,.T.);
#1122 = VERTEX_POINT('',#1123);
#1123 = CARTESIAN_POINT('',(-8.091507227457,7.853834139614,0.));
#1124 = B_SPLINE_CURVE_WITH_KNOTS('',3,(#1125,#1126,#1127,#1128,#1129,
    #1130,#1131,#1132,#1133,#1134,#1135,#1136,#1137,#1138,#1139,#1140,
    #1141,#1142,#1143,#1144,#1145,#1146),.UNSPECIFIED.,.F.,.F.,(4,1,1,1,
    1,1,1,1,1,1,1,1,1,1,1,1,1,1,1,4),(0.,0.166712883271,0.324414259488,
    0.473104128661,0.612782490802,0.743449345922,0.86510469404,
    0.977748535175,1.081380869354,1.176001696608,1.261611016983,
    1.338208830536,1.405795137351,1.464369937549,1.513933231314,
    1.55448501896,1.586025301063,1.608554078892,1.62207135626,
    1.626577159839),.UNSPECIFIED.);
#1125 = CARTESIAN_POINT('',(-8.781776413307,9.312379020781,0.));
#1126 = CARTESIAN_POINT('',(-8.767316387012,9.258722552632,0.));
#1127 = CARTESIAN_POINT('',(-8.73775112183,9.154686598213,0.));
#1128 = CARTESIAN_POINT('',(-8.690359859521,9.004253619353,0.));
#1129 = CARTESIAN_POINT('',(-8.641690573198,8.863733395647,0.));
#1130 = CARTESIAN_POINT('',(-8.592261147935,8.733073715602,0.));
#1131 = CARTESIAN_POINT('',(-8.54258812949,8.612197897617,0.));
#1132 = CARTESIAN_POINT('',(-8.493182240623,8.501008792227,0.));
#1133 = CARTESIAN_POINT('',(-8.44454849693,8.399388088181,0.));
#1134 = CARTESIAN_POINT('',(-8.397185213962,8.307196796102,0.));
#1135 = CARTESIAN_POINT('',(-8.351583288388,8.224275487666,0.));
#1136 = CARTESIAN_POINT('',(-8.30822544883,8.150444603856,0.));
#1137 = CARTESIAN_POINT('',(-8.267585455581,8.085504854806,0.));
#1138 = CARTESIAN_POINT('',(-8.230127555544,8.029237394579,0.));
#1139 = CARTESIAN_POINT('',(-8.196305182675,7.98140481625,0.));
#1140 = CARTESIAN_POINT('',(-8.166561984791,7.941749779362,0.));
#1141 = CARTESIAN_POINT('',(-8.141326082358,7.910000681612,0.));
#1142 = CARTESIAN_POINT('',(-8.121023167995,7.885857872922,0.));
#1143 = CARTESIAN_POINT('',(-8.106040392866,7.869030838355,0.));
#1144 = CARTESIAN_POINT('',(-8.09680398587,7.859157709402,0.));
#1145 = CARTESIAN_POINT('',(-8.092573156005,7.854892429011,0.));
#1146 = CARTESIAN_POINT('',(-8.091507227457,7.853834139614,0.));
#1147 = ORIENTED_EDGE('',*,*,#1148,.T.);
#1148 = EDGE_CURVE('',#1122,#1149,#1151,.T.);
#1149 = VERTEX_POINT('',#1150);
#1150 = CARTESIAN_POINT('',(-7.893235292514,7.661386076749,0.));
#1151 = B_SPLINE_CURVE_WITH_KNOTS('',1,(#1152,#1153),.UNSPECIFIED.,.F.,
  .F.,(2,2),(0.,0.276311449431),.PIECEWISE_BEZIER_KNOTS.);
#1152 = CARTESIAN_POINT('',(-8.091507227457,7.853834139614,0.));
#1153 = CARTESIAN_POINT('',(-7.893235292514,7.661386076749,0.));
#1154 = ORIENTED_EDGE('',*,*,#1155,.T.);
#1155 = EDGE_CURVE('',#1149,#1156,#1158,.T.);
#1156 = VERTEX_POINT('',#1157);
#1157 = CARTESIAN_POINT('',(-8.444483957533,7.049162410596,0.));
#1158 = B_SPLINE_CURVE_WITH_KNOTS('',1,(#1159,#1160),.UNSPECIFIED.,.F.,
  .F.,(2,2),(0.,0.823828203015),.PIECEWISE_BEZIER_KNOTS.);
#1159 = CARTESIAN_POINT('',(-7.893235292514,7.661386076749,0.));
#1160 = CARTESIAN_POINT('',(-8.444483957533,7.049162410596,0.));
#1161 = ORIENTED_EDGE('',*,*,#1162,.T.);
#1162 = EDGE_CURVE('',#1156,#1163,#1165,.T.);
#1163 = VERTEX_POINT('',#1164);
#1164 = CARTESIAN_POINT('',(-8.656602830442,7.226231890864,0.));
#1165 = B_SPLINE_CURVE_WITH_KNOTS('',1,(#1166,#1167),.UNSPECIFIED.,.F.,
  .F.,(2,2),(0.,0.276311449431),.PIECEWISE_BEZIER_KNOTS.);
#1166 = CARTESIAN_POINT('',(-8.444483957533,7.049162410596,0.));
#1167 = CARTESIAN_POINT('',(-8.656602830442,7.226231890864,0.));
#1168 = ORIENTED_EDGE('',*,*,#1169,.T.);
#1169 = EDGE_CURVE('',#1163,#1170,#1172,.T.);
#1170 = VERTEX_POINT('',#1171);
#1171 = CARTESIAN_POINT('',(-10.17931042737,7.760260254855,0.));
#1172 = B_SPLINE_CURVE_WITH_KNOTS('',3,(#1173,#1174,#1175,#1176,#1177,
    #1178,#1179,#1180,#1181,#1182,#1183,#1184,#1185,#1186,#1187,#1188,
    #1189,#1190,#1191,#1192,#1193,#1194),.UNSPECIFIED.,.F.,.F.,(4,1,1,1,
    1,1,1,1,1,1,1,1,1,1,1,1,1,1,1,4),(0.,4.505803579075E-03,
    1.802308094653E-02,4.055185877624E-02,7.209214087878E-02,
    0.112643928524,0.16220722229,0.220782022487,0.288368329302,
    0.364966142856,0.450575463231,0.545196290485,0.648828624664,
    0.761472465799,0.883127813916,1.013794669037,1.153473031177,
    1.302162900351,1.459864276568,1.626577159839),.UNSPECIFIED.);
#1173 = CARTESIAN_POINT('',(-8.656602830442,7.226231890864,0.));
#1174 = CARTESIAN_POINT('',(-8.657766742292,7.227181358779,0.));
#1175 = CARTESIAN_POINT('',(-8.662450899175,7.230943168511,0.));
#1176 = CARTESIAN_POINT('',(-8.673235409524,7.239096954506,0.));
#1177 = CARTESIAN_POINT('',(-8.691536390295,7.25223874836,0.));
#1178 = CARTESIAN_POINT('',(-8.717669174591,7.269906830543,0.));
#1179 = CARTESIAN_POINT('',(-8.751882217562,7.291685803664,0.));
#1180 = CARTESIAN_POINT('',(-8.794429030776,7.317120985131,0.));
#1181 = CARTESIAN_POINT('',(-8.845534977897,7.345758209596,0.));
#1182 = CARTESIAN_POINT('',(-8.905409615817,7.377129360188,0.));
#1183 = CARTESIAN_POINT('',(-8.974241654168,7.410758671128,0.));
#1184 = CARTESIAN_POINT('',(-9.052200213012,7.446161563078,0.));
#1185 = CARTESIAN_POINT('',(-9.139433969046,7.48284603959,0.));
#1186 = CARTESIAN_POINT('',(-9.236071038765,7.52031324745,0.));
#1187 = CARTESIAN_POINT('',(-9.342218664452,7.558058314376,0.));
#1188 = CARTESIAN_POINT('',(-9.457962985929,7.595571126296,0.));
#1189 = CARTESIAN_POINT('',(-9.58336887782,7.632337067249,0.));
#1190 = CARTESIAN_POINT('',(-9.718479572329,7.667838057382,0.));
#1191 = CARTESIAN_POINT('',(-9.863317337254,7.70155236522,0.));
#1192 = CARTESIAN_POINT('',(-10.01787996433,7.732959485131,0.));
#1193 = CARTESIAN_POINT('',(-10.12443641064,7.751488070256,0.));
#1194 = CARTESIAN_POINT('',(-10.17931042737,7.760260254855,0.));
#1195 = ORIENTED_EDGE('',*,*,#1196,.T.);
#1196 = EDGE_CURVE('',#1170,#1197,#1199,.T.);
#1197 = VERTEX_POINT('',#1198);
#1198 = CARTESIAN_POINT('',(-10.5260259966,7.283047213826,0.));
#1199 = B_SPLINE_CURVE_WITH_KNOTS('',1,(#1200,#1201),.UNSPECIFIED.,.F.,
  .F.,(2,2),(0.,0.58986775846),.PIECEWISE_BEZIER_KNOTS.);
#1200 = CARTESIAN_POINT('',(-10.17931042737,7.760260254855,0.));
#1201 = CARTESIAN_POINT('',(-10.5260259966,7.283047213826,0.));
#1202 = ORIENTED_EDGE('',*,*,#1203,.T.);
#1203 = EDGE_CURVE('',#1197,#1204,#1206,.T.);
#1204 = VERTEX_POINT('',#1205);
#1205 = CARTESIAN_POINT('',(-9.547592316227,5.9998900713,0.));
#1206 = B_SPLINE_CURVE_WITH_KNOTS('',3,(#1207,#1208,#1209,#1210,#1211,
    #1212,#1213,#1214,#1215,#1216,#1217,#1218,#1219,#1220,#1221,#1222,
    #1223,#1224,#1225,#1226,#1227,#1228),.UNSPECIFIED.,.F.,.F.,(4,1,1,1,
    1,1,1,1,1,1,1,1,1,1,1,1,1,1,1,4),(0.,0.166712883271,0.324414259488,
    0.473104128661,0.612782490802,0.743449345922,0.86510469404,
    0.977748535175,1.081380869354,1.176001696608,1.261611016983,
    1.338208830536,1.405795137351,1.464369937549,1.513933231314,
    1.55448501896,1.586025301063,1.608554078892,1.62207135626,
    1.626577159839),.UNSPECIFIED.);
#1207 = CARTESIAN_POINT('',(-10.5260259966,7.283047213826,0.));
#1208 = CARTESIAN_POINT('',(-10.50072614956,7.233569676759,0.));
#1209 = CARTESIAN_POINT('',(-10.45017666516,7.137954121827,0.));
#1210 = CARTESIAN_POINT('',(-10.37254424065,7.000661661961,0.));
#1211 = CARTESIAN_POINT('',(-10.2957226977,6.873331055899,0.));
#1212 = CARTESIAN_POINT('',(-10.22020774897,6.755803558733,0.));
#1213 = CARTESIAN_POINT('',(-10.14648870946,6.647896768637,0.));
#1214 = CARTESIAN_POINT('',(-10.0750449429,6.549409473862,0.));
#1215 = CARTESIAN_POINT('',(-10.0063458308,6.460120949897,0.));
#1216 = CARTESIAN_POINT('',(-9.940849901788,6.379791638986,0.));
#1217 = CARTESIAN_POINT('',(-9.879004178257,6.30816353354,0.));
#1218 = CARTESIAN_POINT('',(-9.821243507632,6.244960633414,0.));
#1219 = CARTESIAN_POINT('',(-9.767989862716,6.1898895034,0.));
#1220 = CARTESIAN_POINT('',(-9.719651844873,6.142639557511,0.));
#1221 = CARTESIAN_POINT('',(-9.676623619763,6.102884302512,0.));
#1222 = CARTESIAN_POINT('',(-9.639285636346,6.070279781885,0.));
#1223 = CARTESIAN_POINT('',(-9.608000190334,6.044471317239,0.));
#1224 = CARTESIAN_POINT('',(-9.583121371186,6.025077300099,0.));
#1225 = CARTESIAN_POINT('',(-9.564967468433,6.011733070719,0.));
#1226 = CARTESIAN_POINT('',(-9.553880160156,6.003996050318,0.));
#1227 = CARTESIAN_POINT('',(-9.548854982416,6.000703615528,0.));
#1228 = CARTESIAN_POINT('',(-9.547592316227,5.9998900713,0.));
#1229 = ORIENTED_EDGE('',*,*,#1230,.T.);
#1230 = EDGE_CURVE('',#1204,#1231,#1233,.T.);
#1231 = VERTEX_POINT('',#1232);
#1232 = CARTESIAN_POINT('',(-9.313640896625,5.852870513578,0.));
#1233 = B_SPLINE_CURVE_WITH_KNOTS('',1,(#1234,#1235),.UNSPECIFIED.,.F.,
  .F.,(2,2),(0.,0.276311449431),.PIECEWISE_BEZIER_KNOTS.);
#1234 = CARTESIAN_POINT('',(-9.547592316227,5.9998900713,0.));
#1235 = CARTESIAN_POINT('',(-9.313640896625,5.852870513578,0.));
#1236 = ORIENTED_EDGE('',*,*,#1237,.T.);
#1237 = EDGE_CURVE('',#1231,#1238,#1240,.T.);
#1238 = VERTEX_POINT('',#1239);
#1239 = CARTESIAN_POINT('',(-9.725554998132,5.139414361414,0.));
#1240 = B_SPLINE_CURVE_WITH_KNOTS('',1,(#1241,#1242),.UNSPECIFIED.,.F.,
  .F.,(2,2),(0.,0.823828203015),.PIECEWISE_BEZIER_KNOTS.);
#1241 = CARTESIAN_POINT('',(-9.313640896625,5.852870513578,0.));
#1242 = CARTESIAN_POINT('',(-9.725554998132,5.139414361414,0.));
#1243 = ORIENTED_EDGE('',*,*,#1244,.T.);
#1244 = EDGE_CURVE('',#1238,#1245,#1247,.T.);
#1245 = VERTEX_POINT('',#1246);
#1246 = CARTESIAN_POINT('',(-9.969853379774,5.26851245518,0.));
#1247 = B_SPLINE_CURVE_WITH_KNOTS('',1,(#1248,#1249),.UNSPECIFIED.,.F.,
  .F.,(2,2),(0.,0.276311449431),.PIECEWISE_BEZIER_KNOTS.);
#1248 = CARTESIAN_POINT('',(-9.725554998132,5.139414361414,0.));
#1249 = CARTESIAN_POINT('',(-9.969853379774,5.26851245518,0.));
#1250 = ORIENTED_EDGE('',*,*,#1251,.T.);
#1251 = EDGE_CURVE('',#1245,#1252,#1254,.T.);
#1252 = VERTEX_POINT('',#1253);
#1253 = CARTESIAN_POINT('',(-11.57031690243,5.474282307041,0.));
#1254 = B_SPLINE_CURVE_WITH_KNOTS('',3,(#1255,#1256,#1257,#1258,#1259,
    #1260,#1261,#1262,#1263,#1264,#1265,#1266,#1267,#1268,#1269,#1270,
    #1271,#1272,#1273,#1274,#1275,#1276),.UNSPECIFIED.,.F.,.F.,(4,1,1,1,
    1,1,1,1,1,1,1,1,1,1,1,1,1,1,1,4),(0.,4.505803579075E-03,
    1.802308094653E-02,4.055185877624E-02,7.209214087878E-02,
    0.112643928524,0.16220722229,0.220782022487,0.288368329302,
    0.364966142856,0.450575463231,0.545196290485,0.648828624664,
    0.761472465799,0.883127813916,1.013794669037,1.153473031177,
    1.302162900351,1.459864276568,1.626577159839),.UNSPECIFIED.);
#1255 = CARTESIAN_POINT('',(-9.969853379774,5.26851245518,0.));
#1256 = CARTESIAN_POINT('',(-9.971189262836,5.269199184062,0.));
#1257 = CARTESIAN_POINT('',(-9.976553183875,5.271904898249,0.));
#1258 = CARTESIAN_POINT('',(-9.98879729423,5.277638278675,0.));
#1259 = CARTESIAN_POINT('',(-10.00943068724,5.286687904947,0.));
#1260 = CARTESIAN_POINT('',(-10.03866580834,5.298536585775,0.));
#1261 = CARTESIAN_POINT('',(-10.07665931736,5.312726344467,0.));
#1262 = CARTESIAN_POINT('',(-10.12356465221,5.328759726319,0.));
#1263 = CARTESIAN_POINT('',(-10.17950782553,5.346145634845,0.));
#1264 = CARTESIAN_POINT('',(-10.24459648792,5.364382613321,0.));
#1265 = CARTESIAN_POINT('',(-10.31891630798,5.382966057656,0.));
#1266 = CARTESIAN_POINT('',(-10.4025319604,5.401386815693,0.));
#1267 = CARTESIAN_POINT('',(-10.4954865811,5.419132730664,0.));
#1268 = CARTESIAN_POINT('',(-10.59780176953,5.435689213577,0.));
#1269 = CARTESIAN_POINT('',(-10.7094774556,5.450540127898,0.));
#1270 = CARTESIAN_POINT('',(-10.83049183811,5.463168597294,0.));
#1271 = CARTESIAN_POINT('',(-10.96080137932,5.473057763203,0.));
#1272 = CARTESIAN_POINT('',(-11.10034065188,5.479691878583,0.));
#1273 = CARTESIAN_POINT('',(-11.24902296288,5.482555983305,0.));
#1274 = CARTESIAN_POINT('',(-11.40673793313,5.481141405158,0.));
#1275 = CARTESIAN_POINT('',(-11.51481817489,5.477110765323,0.));
#1276 = CARTESIAN_POINT('',(-11.57031690243,5.474282307041,0.));
#1277 = ORIENTED_EDGE('',*,*,#1278,.T.);
#1278 = EDGE_CURVE('',#1252,#1279,#1281,.T.);
#1279 = VERTEX_POINT('',#1280);
#1280 = CARTESIAN_POINT('',(-11.81023773437,4.93541129569,0.));
#1281 = B_SPLINE_CURVE_WITH_KNOTS('',1,(#1282,#1283),.UNSPECIFIED.,.F.,
  .F.,(2,2),(0.,0.58986775846),.PIECEWISE_BEZIER_KNOTS.);
#1282 = CARTESIAN_POINT('',(-11.57031690243,5.474282307041,0.));
#1283 = CARTESIAN_POINT('',(-11.81023773437,4.93541129569,0.));
#1284 = ORIENTED_EDGE('',*,*,#1285,.T.);
#1285 = EDGE_CURVE('',#1279,#1286,#1288,.T.);
#1286 = VERTEX_POINT('',#1287);
#1287 = CARTESIAN_POINT('',(-10.58640180634,3.883722016203,0.));
#1288 = B_SPLINE_CURVE_WITH_KNOTS('',3,(#1289,#1290,#1291,#1292,#1293,
    #1294,#1295,#1296,#1297,#1298,#1299,#1300,#1301,#1302,#1303,#1304,
    #1305,#1306,#1307,#1308,#1309,#1310),.UNSPECIFIED.,.F.,.F.,(4,1,1,1,
    1,1,1,1,1,1,1,1,1,1,1,1,1,1,1,4),(0.,0.166712883271,0.324414259488,
    0.473104128661,0.612782490802,0.743449345922,0.86510469404,
    0.977748535175,1.081380869354,1.176001696608,1.261611016983,
    1.338208830536,1.405795137351,1.464369937549,1.513933231314,
    1.55448501896,1.586025301063,1.608554078892,1.62207135626,
    1.626577159839),.UNSPECIFIED.);
#1289 = CARTESIAN_POINT('',(-11.81023773437,4.93541129569,0.));
#1290 = CARTESIAN_POINT('',(-11.77520379129,4.892275095493,0.));
#1291 = CARTESIAN_POINT('',(-11.70587934272,4.809258798614,0.));
#1292 = CARTESIAN_POINT('',(-11.60139866548,4.69110719704,0.));
#1293 = CARTESIAN_POINT('',(-11.49978233596,4.582531167106,0.));
#1294 = CARTESIAN_POINT('',(-11.40148222939,4.483272368405,0.));
#1295 = CARTESIAN_POINT('',(-11.30693904458,4.393050650719,0.));
#1296 = CARTESIAN_POINT('',(-11.21657983576,4.311569533936,0.));
#1297 = CARTESIAN_POINT('',(-11.13081783609,4.238515527003,0.));
#1298 = CARTESIAN_POINT('',(-11.05005174741,4.17355897361,0.));
#1299 = CARTESIAN_POINT('',(-10.97466518081,4.116354563072,0.));
#1300 = CARTESIAN_POINT('',(-10.90502609759,4.066541916646,0.));
#1301 = CARTESIAN_POINT('',(-10.84148624083,4.02374627831,0.));
#1302 = CARTESIAN_POINT('',(-10.78438070851,3.987578896124,0.));
#1303 = CARTESIAN_POINT('',(-10.73402717107,3.957638459866,0.));
#1304 = CARTESIAN_POINT('',(-10.69072625116,3.933509429506,0.));
#1305 = CARTESIAN_POINT('',(-10.65475858569,3.914769551712,0.));
#1306 = CARTESIAN_POINT('',(-10.62639118553,3.900971937732,0.));
#1307 = CARTESIAN_POINT('',(-10.60585956782,3.891693720397,0.));
#1308 = CARTESIAN_POINT('',(-10.59340592684,3.886430953465,0.));
#1309 = CARTESIAN_POINT('',(-10.5878060256,3.884255259476,0.));
#1310 = CARTESIAN_POINT('',(-10.58640180634,3.883722016203,0.));
#1311 = ORIENTED_EDGE('',*,*,#1312,.T.);
#1312 = EDGE_CURVE('',#1286,#1313,#1315,.T.);
#1313 = VERTEX_POINT('',#1314);
#1314 = CARTESIAN_POINT('',(-10.32699570174,3.788556423776,0.));
#1315 = B_SPLINE_CURVE_WITH_KNOTS('',1,(#1316,#1317),.UNSPECIFIED.,.F.,
  .F.,(2,2),(0.,0.276311449431),.PIECEWISE_BEZIER_KNOTS.);
#1316 = CARTESIAN_POINT('',(-10.58640180634,3.883722016203,0.));
#1317 = CARTESIAN_POINT('',(-10.32699570174,3.788556423776,0.));
#1318 = ORIENTED_EDGE('',*,*,#1319,.T.);
#1319 = EDGE_CURVE('',#1313,#1320,#1322,.T.);
#1320 = VERTEX_POINT('',#1321);
#1321 = CARTESIAN_POINT('',(-10.58157261692,3.005049242991,0.));
#1322 = B_SPLINE_CURVE_WITH_KNOTS('',1,(#1323,#1324),.UNSPECIFIED.,.F.,
  .F.,(2,2),(0.,0.823828203015),.PIECEWISE_BEZIER_KNOTS.);
#1323 = CARTESIAN_POINT('',(-10.32699570174,3.788556423776,0.));
#1324 = CARTESIAN_POINT('',(-10.58157261692,3.005049242991,0.));
#1325 = ORIENTED_EDGE('',*,*,#1326,.T.);
#1326 = EDGE_CURVE('',#1320,#1327,#1329,.T.);
#1327 = VERTEX_POINT('',#1328);
#1328 = CARTESIAN_POINT('',(-10.84737349574,3.080533744076,0.));
#1329 = B_SPLINE_CURVE_WITH_KNOTS('',1,(#1330,#1331),.UNSPECIFIED.,.F.,
  .F.,(2,2),(0.,0.276311449431),.PIECEWISE_BEZIER_KNOTS.);
#1330 = CARTESIAN_POINT('',(-10.58157261692,3.005049242991,0.));
#1331 = CARTESIAN_POINT('',(-10.84737349574,3.080533744076,0.));
#1332 = ORIENTED_EDGE('',*,*,#1333,.T.);
#1333 = EDGE_CURVE('',#1327,#1334,#1336,.T.);
#1334 = VERTEX_POINT('',#1335);
#1335 = CARTESIAN_POINT('',(-12.45564500831,2.949051953889,0.));
#1336 = B_SPLINE_CURVE_WITH_KNOTS('',3,(#1337,#1338,#1339,#1340,#1341,
    #1342,#1343,#1344,#1345,#1346,#1347,#1348,#1349,#1350,#1351,#1352,
    #1353,#1354,#1355,#1356,#1357,#1358),.UNSPECIFIED.,.F.,.F.,(4,1,1,1,
    1,1,1,1,1,1,1,1,1,1,1,1,1,1,1,4),(0.,4.505803579075E-03,
    1.802308094653E-02,4.055185877624E-02,7.209214087878E-02,
    0.112643928524,0.16220722229,0.220782022487,0.288368329302,
    0.364966142856,0.450575463231,0.545196290485,0.648828624664,
    0.761472465799,0.883127813916,1.013794669037,1.153473031177,
    1.302162900351,1.459864276568,1.626577159839),.UNSPECIFIED.);
#1337 = CARTESIAN_POINT('',(-10.84737349574,3.080533744076,0.));
#1338 = CARTESIAN_POINT('',(-10.84882296552,3.080927720579,0.));
#1339 = CARTESIAN_POINT('',(-10.85463222162,3.082459086526,0.));
#1340 = CARTESIAN_POINT('',(-10.86780080561,3.085521485147,0.));
#1341 = CARTESIAN_POINT('',(-10.88986483258,3.090083431744,0.));
#1342 = CARTESIAN_POINT('',(-10.9209245754,3.095594867009,0.));
#1343 = CARTESIAN_POINT('',(-10.96103805182,3.101575250728,0.));
#1344 = CARTESIAN_POINT('',(-11.01025192009,3.107506097241,0.));
#1345 = CARTESIAN_POINT('',(-11.06858733449,3.112880842198,0.));
#1346 = CARTESIAN_POINT('',(-11.13604533447,3.117186605089,0.));
#1347 = CARTESIAN_POINT('',(-11.21260480349,3.119911997127,0.));
#1348 = CARTESIAN_POINT('',(-11.29822314423,3.120545545733,0.));
#1349 = CARTESIAN_POINT('',(-11.39283606664,3.118577317523,0.));
#1350 = CARTESIAN_POINT('',(-11.49635770907,3.11349947774,0.));
#1351 = CARTESIAN_POINT('',(-11.60868069217,3.104807183237,0.));
#1352 = CARTESIAN_POINT('',(-11.7296762265,3.091999385397,0.));
#1353 = CARTESIAN_POINT('',(-11.8591942648,3.074579572261,0.));
#1354 = CARTESIAN_POINT('',(-11.9970635796,3.05205687021,0.));
#1355 = CARTESIAN_POINT('',(-12.14309230623,3.023945596697,0.));
#1356 = CARTESIAN_POINT('',(-12.29706671865,2.989771144345,0.));
#1357 = CARTESIAN_POINT('',(-12.40194713067,2.963357437852,0.));
#1358 = CARTESIAN_POINT('',(-12.45564500831,2.949051953889,0.));
#1359 = ORIENTED_EDGE('',*,*,#1360,.T.);
#1360 = EDGE_CURVE('',#1334,#1361,#1363,.T.);
#1361 = VERTEX_POINT('',#1362);
#1362 = CARTESIAN_POINT('',(-12.57828541133,2.372074221201,0.));
#1363 = B_SPLINE_CURVE_WITH_KNOTS('',1,(#1364,#1365),.UNSPECIFIED.,.F.,
  .F.,(2,2),(0.,0.58986775846),.PIECEWISE_BEZIER_KNOTS.);
#1364 = CARTESIAN_POINT('',(-12.45564500831,2.949051953889,0.));
#1365 = CARTESIAN_POINT('',(-12.57828541133,2.372074221201,0.));
#1366 = ORIENTED_EDGE('',*,*,#1367,.T.);
#1367 = EDGE_CURVE('',#1361,#1368,#1370,.T.);
#1368 = VERTEX_POINT('',#1369);
#1369 = CARTESIAN_POINT('',(-11.16253473833,1.597816672833,0.));
#1370 = B_SPLINE_CURVE_WITH_KNOTS('',3,(#1371,#1372,#1373,#1374,#1375,
    #1376,#1377,#1378,#1379,#1380,#1381,#1382,#1383,#1384,#1385,#1386,
    #1387,#1388,#1389,#1390,#1391,#1392),.UNSPECIFIED.,.F.,.F.,(4,1,1,1,
    1,1,1,1,1,1,1,1,1,1,1,1,1,1,1,4),(0.,0.166712883271,0.324414259488,
    0.473104128661,0.612782490802,0.743449345922,0.86510469404,
    0.977748535175,1.081380869354,1.176001696608,1.261611016983,
    1.338208830536,1.405795137351,1.464369937549,1.513933231314,
    1.55448501896,1.586025301063,1.608554078892,1.62207135626,
    1.626577159839),.UNSPECIFIED.);
#1371 = CARTESIAN_POINT('',(-12.57828541133,2.372074221201,0.));
#1372 = CARTESIAN_POINT('',(-12.53504852365,2.337164616814,0.));
#1373 = CARTESIAN_POINT('',(-12.44997892196,2.270375788517,0.));
#1374 = CARTESIAN_POINT('',(-12.32321629894,2.176528837178,0.));
#1375 = CARTESIAN_POINT('',(-12.20124630406,2.091452676887,0.));
#1376 = CARTESIAN_POINT('',(-12.084457226,2.01480066245,0.));
#1377 = CARTESIAN_POINT('',(-11.97322188674,1.946207139169,0.));
#1378 = CARTESIAN_POINT('',(-11.86789636666,1.885293316172,0.));
#1379 = CARTESIAN_POINT('',(-11.76881969035,1.831666636925,0.));
#1380 = CARTESIAN_POINT('',(-11.67631330765,1.784921754128,0.));
#1381 = CARTESIAN_POINT('',(-11.59068065268,1.744641145736,0.));
#1382 = CARTESIAN_POINT('',(-11.51220671897,1.710395804688,0.));
#1383 = CARTESIAN_POINT('',(-11.441157647,1.681746032781,0.));
#1384 = CARTESIAN_POINT('',(-11.37778038599,1.658241902451,0.));
#1385 = CARTESIAN_POINT('',(-11.32230222743,1.639424825668,0.));
#1386 = CARTESIAN_POINT('',(-11.27493082901,1.624825839985,0.));
#1387 = CARTESIAN_POINT('',(-11.23585290365,1.613973571627,0.));
#1388 = CARTESIAN_POINT('',(-11.20523671399,1.606375382747,0.));
#1389 = CARTESIAN_POINT('',(-11.18322471153,1.601568680076,0.));
#1390 = CARTESIAN_POINT('',(-11.16994902171,1.599010174782,0.));
#1391 = CARTESIAN_POINT('',(-11.16401913954,1.598046309859,0.));
#1392 = CARTESIAN_POINT('',(-11.16253473833,1.597816672833,0.));
#1393 = ORIENTED_EDGE('',*,*,#1394,.T.);
#1394 = EDGE_CURVE('',#1368,#1395,#1397,.T.);
#1395 = VERTEX_POINT('',#1396);
#1396 = CARTESIAN_POINT('',(-10.88901124027,1.558664238743,0.));
#1397 = B_SPLINE_CURVE_WITH_KNOTS('',1,(#1398,#1399),.UNSPECIFIED.,.F.,
  .F.,(2,2),(0.,0.276311449431),.PIECEWISE_BEZIER_KNOTS.);
#1398 = CARTESIAN_POINT('',(-11.16253473833,1.597816672833,0.));
#1399 = CARTESIAN_POINT('',(-10.88901124027,1.558664238743,0.));
#1400 = ORIENTED_EDGE('',*,*,#1401,.T.);
#1401 = EDGE_CURVE('',#1395,#1402,#1404,.T.);
#1402 = VERTEX_POINT('',#1403);
#1403 = CARTESIAN_POINT('',(-10.97512473633,0.739349052823,0.));
#1404 = B_SPLINE_CURVE_WITH_KNOTS('',1,(#1405,#1406),.UNSPECIFIED.,.F.,
  .F.,(2,2),(0.,0.823828203015),.PIECEWISE_BEZIER_KNOTS.);
#1405 = CARTESIAN_POINT('',(-10.88901124027,1.558664238743,0.));
#1406 = CARTESIAN_POINT('',(-10.97512473633,0.739349052823,0.));
#1407 = ORIENTED_EDGE('',*,*,#1408,.T.);
#1408 = EDGE_CURVE('',#1402,#1409,#1411,.T.);
#1409 = VERTEX_POINT('',#1410);
#1410 = CARTESIAN_POINT('',(-11.25081133847,0.757920926316,0.));
#1411 = B_SPLINE_CURVE_WITH_KNOTS('',1,(#1412,#1413),.UNSPECIFIED.,.F.,
  .F.,(2,2),(0.,0.276311449431),.PIECEWISE_BEZIER_KNOTS.);
#1412 = CARTESIAN_POINT('',(-10.97512473633,0.739349052823,0.));
#1413 = CARTESIAN_POINT('',(-11.25081133847,0.757920926316,0.));
#1414 = ORIENTED_EDGE('',*,*,#1415,.T.);
#1415 = EDGE_CURVE('',#1409,#1416,#1418,.T.);
#1416 = VERTEX_POINT('',#1417);
#1417 = CARTESIAN_POINT('',(-12.79660165852,0.29493387923,0.));
#1418 = B_SPLINE_CURVE_WITH_KNOTS('',3,(#1419,#1420,#1421,#1422,#1423,
    #1424,#1425,#1426,#1427,#1428,#1429,#1430,#1431,#1432,#1433,#1434,
    #1435,#1436,#1437,#1438,#1439,#1440),.UNSPECIFIED.,.F.,.F.,(4,1,1,1,
    1,1,1,1,1,1,1,1,1,1,1,1,1,1,1,4),(0.,4.505803579075E-03,
    1.802308094653E-02,4.055185877624E-02,7.209214087878E-02,
    0.112643928524,0.16220722229,0.220782022487,0.288368329302,
    0.364966142856,0.450575463231,0.545196290485,0.648828624664,
    0.761472465799,0.883127813916,1.013794669037,1.153473031177,
    1.302162900351,1.459864276568,1.626577159839),.UNSPECIFIED.);
#1419 = CARTESIAN_POINT('',(-11.25081133847,0.757920926316,0.));
#1420 = CARTESIAN_POINT('',(-11.25231104618,0.758004931775,0.));
#1421 = CARTESIAN_POINT('',(-11.25831174498,0.758295021442,0.));
#1422 = CARTESIAN_POINT('',(-11.27182927229,0.758552596744,0.));
#1423 = CARTESIAN_POINT('',(-11.29435962936,0.758427484709,0.));
#1424 = CARTESIAN_POINT('',(-11.32588653411,0.757360798243,0.));
#1425 = CARTESIAN_POINT('',(-11.36636682651,0.754870435523,0.));
#1426 = CARTESIAN_POINT('',(-11.41573834602,0.750439540245,0.));
#1427 = CARTESIAN_POINT('',(-11.47391646396,0.743568219488,0.));
#1428 = CARTESIAN_POINT('',(-11.54079556323,0.733754584293,0.));
#1429 = CARTESIAN_POINT('',(-11.61624866503,0.720502811325,0.));
#1430 = CARTESIAN_POINT('',(-11.70012776177,0.703321461385,0.));
#1431 = CARTESIAN_POINT('',(-11.79226394717,0.681725111013,0.));
#1432 = CARTESIAN_POINT('',(-11.89246765108,0.655234874498,0.));
#1433 = CARTESIAN_POINT('',(-12.00052887786,0.623379266151,0.));
#1434 = CARTESIAN_POINT('',(-12.11621747856,0.5856949633,0.));
#1435 = CARTESIAN_POINT('',(-12.23928345417,0.541727500541,0.));
#1436 = CARTESIAN_POINT('',(-12.36945726059,0.491032331216,0.));
#1437 = CARTESIAN_POINT('',(-12.50645024678,0.433174277013,0.));
#1438 = CARTESIAN_POINT('',(-12.64995468069,0.36773353801,0.));
#1439 = CARTESIAN_POINT('',(-12.7470514857,0.32009117058,0.));
#1440 = CARTESIAN_POINT('',(-12.79660165852,0.29493387923,0.));
#1441 = ORIENTED_EDGE('',*,*,#1442,.T.);
#1442 = EDGE_CURVE('',#1416,#1443,#1445,.T.);
#1443 = VERTEX_POINT('',#1444);
#1444 = CARTESIAN_POINT('',(-12.79660165852,-0.29493387923,0.));
#1445 = B_SPLINE_CURVE_WITH_KNOTS('',1,(#1446,#1447),.UNSPECIFIED.,.F.,
  .F.,(2,2),(0.,0.58986775846),.PIECEWISE_BEZIER_KNOTS.);
#1446 = CARTESIAN_POINT('',(-12.79660165852,0.29493387923,0.));
#1447 = CARTESIAN_POINT('',(-12.79660165852,-0.29493387923,0.));
#1448 = ORIENTED_EDGE('',*,*,#1449,.T.);
#1449 = EDGE_CURVE('',#1443,#1450,#1452,.T.);
#1450 = VERTEX_POINT('',#1451);
#1451 = CARTESIAN_POINT('',(-11.25081133847,-0.757920926316,0.));
#1452 = B_SPLINE_CURVE_WITH_KNOTS('',3,(#1453,#1454,#1455,#1456,#1457,
    #1458,#1459,#1460,#1461,#1462,#1463,#1464,#1465,#1466,#1467,#1468,
    #1469,#1470,#1471,#1472,#1473,#1474),.UNSPECIFIED.,.F.,.F.,(4,1,1,1,
    1,1,1,1,1,1,1,1,1,1,1,1,1,1,1,4),(0.,0.166712883271,0.324414259488,
    0.473104128661,0.612782490802,0.743449345922,0.86510469404,
    0.977748535175,1.081380869354,1.176001696608,1.261611016983,
    1.338208830536,1.405795137351,1.464369937549,1.513933231314,
    1.55448501896,1.586025301063,1.608554078892,1.62207135626,
    1.626577159839),.UNSPECIFIED.);
#1453 = CARTESIAN_POINT('',(-12.79660165852,-0.29493387923,0.));
#1454 = CARTESIAN_POINT('',(-12.7470514857,-0.32009117058,0.));
#1455 = CARTESIAN_POINT('',(-12.64995468069,-0.36773353801,0.));
#1456 = CARTESIAN_POINT('',(-12.50645024678,-0.433174277013,0.));
#1457 = CARTESIAN_POINT('',(-12.36945726059,-0.491032331216,0.));
#1458 = CARTESIAN_POINT('',(-12.23928345417,-0.541727500541,0.));
#1459 = CARTESIAN_POINT('',(-12.11621747856,-0.5856949633,0.));
#1460 = CARTESIAN_POINT('',(-12.00052887786,-0.623379266151,0.));
#1461 = CARTESIAN_POINT('',(-11.89246765108,-0.655234874498,0.));
#1462 = CARTESIAN_POINT('',(-11.79226394717,-0.681725111013,0.));
#1463 = CARTESIAN_POINT('',(-11.70012776177,-0.703321461385,0.));
#1464 = CARTESIAN_POINT('',(-11.61624866503,-0.720502811325,0.));
#1465 = CARTESIAN_POINT('',(-11.54079556323,-0.733754584293,0.));
#1466 = CARTESIAN_POINT('',(-11.47391646396,-0.743568219488,0.));
#1467 = CARTESIAN_POINT('',(-11.41573834602,-0.750439540245,0.));
#1468 = CARTESIAN_POINT('',(-11.36636682651,-0.754870435523,0.));
#1469 = CARTESIAN_POINT('',(-11.32588653411,-0.757360798243,0.));
#1470 = CARTESIAN_POINT('',(-11.29435962936,-0.758427484709,0.));
#1471 = CARTESIAN_POINT('',(-11.27182927229,-0.758552596744,0.));
#1472 = CARTESIAN_POINT('',(-11.25831174498,-0.758295021442,0.));
#1473 = CARTESIAN_POINT('',(-11.25231104618,-0.758004931775,0.));
#1474 = CARTESIAN_POINT('',(-11.25081133847,-0.757920926316,0.));
#1475 = ORIENTED_EDGE('',*,*,#1476,.T.);
#1476 = EDGE_CURVE('',#1450,#1477,#1479,.T.);
#1477 = VERTEX_POINT('',#1478);
#1478 = CARTESIAN_POINT('',(-10.97512473633,-0.739349052823,0.));
#1479 = B_SPLINE_CURVE_WITH_KNOTS('',1,(#1480,#1481),.UNSPECIFIED.,.F.,
  .F.,(2,2),(0.,0.276311449431),.PIECEWISE_BEZIER_KNOTS.);
#1480 = CARTESIAN_POINT('',(-11.25081133847,-0.757920926316,0.));
#1481 = CARTESIAN_POINT('',(-10.97512473633,-0.739349052823,0.));
#1482 = ORIENTED_EDGE('',*,*,#1483,.T.);
#1483 = EDGE_CURVE('',#1477,#1484,#1486,.T.);
#1484 = VERTEX_POINT('',#1485);
#1485 = CARTESIAN_POINT('',(-10.88901124027,-1.558664238743,0.));
#1486 = B_SPLINE_CURVE_WITH_KNOTS('',1,(#1487,#1488),.UNSPECIFIED.,.F.,
  .F.,(2,2),(0.,0.823828203015),.PIECEWISE_BEZIER_KNOTS.);
#1487 = CARTESIAN_POINT('',(-10.97512473633,-0.739349052823,0.));
#1488 = CARTESIAN_POINT('',(-10.88901124027,-1.558664238743,0.));
#1489 = ORIENTED_EDGE('',*,*,#1490,.T.);
#1490 = EDGE_CURVE('',#1484,#1491,#1493,.T.);
#1491 = VERTEX_POINT('',#1492);
#1492 = CARTESIAN_POINT('',(-11.16253473833,-1.597816672833,0.));
#1493 = B_SPLINE_CURVE_WITH_KNOTS('',1,(#1494,#1495),.UNSPECIFIED.,.F.,
  .F.,(2,2),(0.,0.276311449431),.PIECEWISE_BEZIER_KNOTS.);
#1494 = CARTESIAN_POINT('',(-10.88901124027,-1.558664238743,0.));
#1495 = CARTESIAN_POINT('',(-11.16253473833,-1.597816672833,0.));
#1496 = ORIENTED_EDGE('',*,*,#1497,.T.);
#1497 = EDGE_CURVE('',#1491,#1498,#1500,.T.);
#1498 = VERTEX_POINT('',#1499);
#1499 = CARTESIAN_POINT('',(-12.57828541133,-2.372074221201,0.));
#1500 = B_SPLINE_CURVE_WITH_KNOTS('',3,(#1501,#1502,#1503,#1504,#1505,
    #1506,#1507,#1508,#1509,#1510,#1511,#1512,#1513,#1514,#1515,#1516,
    #1517,#1518,#1519,#1520,#1521,#1522),.UNSPECIFIED.,.F.,.F.,(4,1,1,1,
    1,1,1,1,1,1,1,1,1,1,1,1,1,1,1,4),(0.,4.505803579075E-03,
    1.802308094653E-02,4.055185877624E-02,7.209214087878E-02,
    0.112643928524,0.16220722229,0.220782022487,0.288368329302,
    0.364966142856,0.450575463231,0.545196290485,0.648828624664,
    0.761472465799,0.883127813916,1.013794669037,1.153473031177,
    1.302162900351,1.459864276568,1.626577159839),.UNSPECIFIED.);
#1501 = CARTESIAN_POINT('',(-11.16253473833,-1.597816672833,0.));
#1502 = CARTESIAN_POINT('',(-11.16401913954,-1.598046309859,0.));
#1503 = CARTESIAN_POINT('',(-11.16994902171,-1.599010174782,0.));
#1504 = CARTESIAN_POINT('',(-11.18322471153,-1.601568680076,0.));
#1505 = CARTESIAN_POINT('',(-11.20523671399,-1.606375382747,0.));
#1506 = CARTESIAN_POINT('',(-11.23585290365,-1.613973571627,0.));
#1507 = CARTESIAN_POINT('',(-11.27493082901,-1.624825839985,0.));
#1508 = CARTESIAN_POINT('',(-11.32230222743,-1.639424825668,0.));
#1509 = CARTESIAN_POINT('',(-11.37778038599,-1.658241902451,0.));
#1510 = CARTESIAN_POINT('',(-11.441157647,-1.681746032781,0.));
#1511 = CARTESIAN_POINT('',(-11.51220671897,-1.710395804688,0.));
#1512 = CARTESIAN_POINT('',(-11.59068065268,-1.744641145736,0.));
#1513 = CARTESIAN_POINT('',(-11.67631330765,-1.784921754128,0.));
#1514 = CARTESIAN_POINT('',(-11.76881969035,-1.831666636925,0.));
#1515 = CARTESIAN_POINT('',(-11.86789636666,-1.885293316172,0.));
#1516 = CARTESIAN_POINT('',(-11.97322188674,-1.946207139169,0.));
#1517 = CARTESIAN_POINT('',(-12.084457226,-2.01480066245,0.));
#1518 = CARTESIAN_POINT('',(-12.20124630406,-2.091452676887,0.));
#1519 = CARTESIAN_POINT('',(-12.32321629894,-2.176528837178,0.));
#1520 = CARTESIAN_POINT('',(-12.44997892196,-2.270375788517,0.));
#1521 = CARTESIAN_POINT('',(-12.53504852365,-2.337164616814,0.));
#1522 = CARTESIAN_POINT('',(-12.57828541133,-2.372074221201,0.));
#1523 = ORIENTED_EDGE('',*,*,#1524,.T.);
#1524 = EDGE_CURVE('',#1498,#1525,#1527,.T.);
#1525 = VERTEX_POINT('',#1526);
#1526 = CARTESIAN_POINT('',(-12.45564500831,-2.949051953889,0.));
#1527 = B_SPLINE_CURVE_WITH_KNOTS('',1,(#1528,#1529),.UNSPECIFIED.,.F.,
  .F.,(2,2),(0.,0.58986775846),.PIECEWISE_BEZIER_KNOTS.);
#1528 = CARTESIAN_POINT('',(-12.57828541133,-2.372074221201,0.));
#1529 = CARTESIAN_POINT('',(-12.45564500831,-2.949051953889,0.));
#1530 = ORIENTED_EDGE('',*,*,#1531,.T.);
#1531 = EDGE_CURVE('',#1525,#1532,#1534,.T.);
#1532 = VERTEX_POINT('',#1533);
#1533 = CARTESIAN_POINT('',(-10.84737349574,-3.080533744076,0.));
#1534 = B_SPLINE_CURVE_WITH_KNOTS('',3,(#1535,#1536,#1537,#1538,#1539,
    #1540,#1541,#1542,#1543,#1544,#1545,#1546,#1547,#1548,#1549,#1550,
    #1551,#1552,#1553,#1554,#1555,#1556),.UNSPECIFIED.,.F.,.F.,(4,1,1,1,
    1,1,1,1,1,1,1,1,1,1,1,1,1,1,1,4),(0.,0.166712883271,0.324414259488,
    0.473104128661,0.612782490802,0.743449345922,0.86510469404,
    0.977748535175,1.081380869354,1.176001696608,1.261611016983,
    1.338208830536,1.405795137351,1.464369937549,1.513933231314,
    1.55448501896,1.586025301063,1.608554078892,1.62207135626,
    1.626577159839),.UNSPECIFIED.);
#1535 = CARTESIAN_POINT('',(-12.45564500831,-2.949051953889,0.));
#1536 = CARTESIAN_POINT('',(-12.40194713067,-2.963357437852,0.));
#1537 = CARTESIAN_POINT('',(-12.29706671865,-2.989771144344,0.));
#1538 = CARTESIAN_POINT('',(-12.14309230623,-3.023945596697,0.));
#1539 = CARTESIAN_POINT('',(-11.9970635796,-3.05205687021,0.));
#1540 = CARTESIAN_POINT('',(-11.8591942648,-3.074579572261,0.));
#1541 = CARTESIAN_POINT('',(-11.7296762265,-3.091999385397,0.));
#1542 = CARTESIAN_POINT('',(-11.60868069217,-3.104807183237,0.));
#1543 = CARTESIAN_POINT('',(-11.49635770907,-3.11349947774,0.));
#1544 = CARTESIAN_POINT('',(-11.39283606664,-3.118577317523,0.));
#1545 = CARTESIAN_POINT('',(-11.29822314423,-3.120545545733,0.));
#1546 = CARTESIAN_POINT('',(-11.21260480349,-3.119911997127,0.));
#1547 = CARTESIAN_POINT('',(-11.13604533447,-3.117186605089,0.));
#1548 = CARTESIAN_POINT('',(-11.06858733449,-3.112880842198,0.));
#1549 = CARTESIAN_POINT('',(-11.01025192009,-3.107506097241,0.));
#1550 = CARTESIAN_POINT('',(-10.96103805182,-3.101575250728,0.));
#1551 = CARTESIAN_POINT('',(-10.9209245754,-3.095594867009,0.));
#1552 = CARTESIAN_POINT('',(-10.88986483258,-3.090083431744,0.));
#1553 = CARTESIAN_POINT('',(-10.86780080561,-3.085521485147,0.));
#1554 = CARTESIAN_POINT('',(-10.85463222162,-3.082459086526,0.));
#1555 = CARTESIAN_POINT('',(-10.84882296552,-3.080927720579,0.));
#1556 = CARTESIAN_POINT('',(-10.84737349574,-3.080533744076,0.));
#1557 = ORIENTED_EDGE('',*,*,#1558,.T.);
#1558 = EDGE_CURVE('',#1532,#1559,#1561,.T.);
#1559 = VERTEX_POINT('',#1560);
#1560 = CARTESIAN_POINT('',(-10.58157261692,-3.005049242991,0.));
#1561 = B_SPLINE_CURVE_WITH_KNOTS('',1,(#1562,#1563),.UNSPECIFIED.,.F.,
  .F.,(2,2),(0.,0.276311449431),.PIECEWISE_BEZIER_KNOTS.);
#1562 = CARTESIAN_POINT('',(-10.84737349574,-3.080533744076,0.));
#1563 = CARTESIAN_POINT('',(-10.58157261692,-3.005049242991,0.));
#1564 = ORIENTED_EDGE('',*,*,#1565,.T.);
#1565 = EDGE_CURVE('',#1559,#1566,#1568,.T.);
#1566 = VERTEX_POINT('',#1567);
#1567 = CARTESIAN_POINT('',(-10.32699570174,-3.788556423776,0.));
#1568 = B_SPLINE_CURVE_WITH_KNOTS('',1,(#1569,#1570),.UNSPECIFIED.,.F.,
  .F.,(2,2),(0.,0.823828203015),.PIECEWISE_BEZIER_KNOTS.);
#1569 = CARTESIAN_POINT('',(-10.58157261692,-3.005049242991,0.));
#1570 = CARTESIAN_POINT('',(-10.32699570174,-3.788556423776,0.));
#1571 = ORIENTED_EDGE('',*,*,#1572,.T.);
#1572 = EDGE_CURVE('',#1566,#1573,#1575,.T.);
#1573 = VERTEX_POINT('',#1574);
#1574 = CARTESIAN_POINT('',(-10.58640180634,-3.883722016203,0.));
#1575 = B_SPLINE_CURVE_WITH_KNOTS('',1,(#1576,#1577),.UNSPECIFIED.,.F.,
  .F.,(2,2),(0.,0.276311449431),.PIECEWISE_BEZIER_KNOTS.);
#1576 = CARTESIAN_POINT('',(-10.32699570174,-3.788556423776,0.));
#1577 = CARTESIAN_POINT('',(-10.58640180634,-3.883722016203,0.));
#1578 = ORIENTED_EDGE('',*,*,#1579,.T.);
#1579 = EDGE_CURVE('',#1573,#1580,#1582,.T.);
#1580 = VERTEX_POINT('',#1581);
#1581 = CARTESIAN_POINT('',(-11.81023773437,-4.93541129569,0.));
#1582 = B_SPLINE_CURVE_WITH_KNOTS('',3,(#1583,#1584,#1585,#1586,#1587,
    #1588,#1589,#1590,#1591,#1592,#1593,#1594,#1595,#1596,#1597,#1598,
    #1599,#1600,#1601,#1602,#1603,#1604),.UNSPECIFIED.,.F.,.F.,(4,1,1,1,
    1,1,1,1,1,1,1,1,1,1,1,1,1,1,1,4),(0.,4.505803579075E-03,
    1.802308094653E-02,4.055185877624E-02,7.209214087878E-02,
    0.112643928524,0.16220722229,0.220782022487,0.288368329302,
    0.364966142856,0.450575463231,0.545196290485,0.648828624664,
    0.761472465799,0.883127813916,1.013794669037,1.153473031177,
    1.302162900351,1.459864276568,1.626577159839),.UNSPECIFIED.);
#1583 = CARTESIAN_POINT('',(-10.58640180634,-3.883722016203,0.));
#1584 = CARTESIAN_POINT('',(-10.5878060256,-3.884255259476,0.));
#1585 = CARTESIAN_POINT('',(-10.59340592684,-3.886430953465,0.));
#1586 = CARTESIAN_POINT('',(-10.60585956782,-3.891693720397,0.));
#1587 = CARTESIAN_POINT('',(-10.62639118553,-3.900971937732,0.));
#1588 = CARTESIAN_POINT('',(-10.65475858569,-3.914769551712,0.));
#1589 = CARTESIAN_POINT('',(-10.69072625116,-3.933509429506,0.));
#1590 = CARTESIAN_POINT('',(-10.73402717107,-3.957638459866,0.));
#1591 = CARTESIAN_POINT('',(-10.78438070851,-3.987578896124,0.));
#1592 = CARTESIAN_POINT('',(-10.84148624083,-4.02374627831,0.));
#1593 = CARTESIAN_POINT('',(-10.90502609759,-4.066541916646,0.));
#1594 = CARTESIAN_POINT('',(-10.97466518081,-4.116354563072,0.));
#1595 = CARTESIAN_POINT('',(-11.05005174741,-4.173558973609,0.));
#1596 = CARTESIAN_POINT('',(-11.13081783609,-4.238515527003,0.));
#1597 = CARTESIAN_POINT('',(-11.21657983576,-4.311569533936,0.));
#1598 = CARTESIAN_POINT('',(-11.30693904458,-4.393050650719,0.));
#1599 = CARTESIAN_POINT('',(-11.40148222939,-4.483272368405,0.));
#1600 = CARTESIAN_POINT('',(-11.49978233596,-4.582531167106,0.));
#1601 = CARTESIAN_POINT('',(-11.60139866548,-4.69110719704,0.));
#1602 = CARTESIAN_POINT('',(-11.70587934272,-4.809258798614,0.));
#1603 = CARTESIAN_POINT('',(-11.77520379129,-4.892275095493,0.));
#1604 = CARTESIAN_POINT('',(-11.81023773437,-4.93541129569,0.));
#1605 = ORIENTED_EDGE('',*,*,#1606,.T.);
#1606 = EDGE_CURVE('',#1580,#1607,#1609,.T.);
#1607 = VERTEX_POINT('',#1608);
#1608 = CARTESIAN_POINT('',(-11.57031690243,-5.474282307041,0.));
#1609 = B_SPLINE_CURVE_WITH_KNOTS('',1,(#1610,#1611),.UNSPECIFIED.,.F.,
  .F.,(2,2),(0.,0.58986775846),.PIECEWISE_BEZIER_KNOTS.);
#1610 = CARTESIAN_POINT('',(-11.81023773437,-4.93541129569,0.));
#1611 = CARTESIAN_POINT('',(-11.57031690243,-5.474282307041,0.));
#1612 = ORIENTED_EDGE('',*,*,#1613,.T.);
#1613 = EDGE_CURVE('',#1607,#1614,#1616,.T.);
#1614 = VERTEX_POINT('',#1615);
#1615 = CARTESIAN_POINT('',(-9.969853379774,-5.26851245518,0.));
#1616 = B_SPLINE_CURVE_WITH_KNOTS('',3,(#1617,#1618,#1619,#1620,#1621,
    #1622,#1623,#1624,#1625,#1626,#1627,#1628,#1629,#1630,#1631,#1632,
    #1633,#1634,#1635,#1636,#1637,#1638),.UNSPECIFIED.,.F.,.F.,(4,1,1,1,
    1,1,1,1,1,1,1,1,1,1,1,1,1,1,1,4),(0.,0.166712883271,0.324414259488,
    0.473104128661,0.612782490802,0.743449345922,0.86510469404,
    0.977748535175,1.081380869354,1.176001696608,1.261611016983,
    1.338208830536,1.405795137351,1.464369937549,1.513933231314,
    1.55448501896,1.586025301063,1.608554078892,1.62207135626,
    1.626577159839),.UNSPECIFIED.);
#1617 = CARTESIAN_POINT('',(-11.57031690243,-5.474282307041,0.));
#1618 = CARTESIAN_POINT('',(-11.51481817489,-5.477110765323,0.));
#1619 = CARTESIAN_POINT('',(-11.40673793313,-5.481141405158,0.));
#1620 = CARTESIAN_POINT('',(-11.24902296288,-5.482555983305,0.));
#1621 = CARTESIAN_POINT('',(-11.10034065188,-5.479691878582,0.));
#1622 = CARTESIAN_POINT('',(-10.96080137932,-5.473057763203,0.));
#1623 = CARTESIAN_POINT('',(-10.83049183811,-5.463168597294,0.));
#1624 = CARTESIAN_POINT('',(-10.7094774556,-5.450540127898,0.));
#1625 = CARTESIAN_POINT('',(-10.59780176953,-5.435689213577,0.));
#1626 = CARTESIAN_POINT('',(-10.4954865811,-5.419132730664,0.));
#1627 = CARTESIAN_POINT('',(-10.4025319604,-5.401386815693,0.));
#1628 = CARTESIAN_POINT('',(-10.31891630798,-5.382966057656,0.));
#1629 = CARTESIAN_POINT('',(-10.24459648792,-5.364382613321,0.));
#1630 = CARTESIAN_POINT('',(-10.17950782553,-5.346145634845,0.));
#1631 = CARTESIAN_POINT('',(-10.12356465221,-5.328759726319,0.));
#1632 = CARTESIAN_POINT('',(-10.07665931736,-5.312726344467,0.));
#1633 = CARTESIAN_POINT('',(-10.03866580834,-5.298536585775,0.));
#1634 = CARTESIAN_POINT('',(-10.00943068724,-5.286687904947,0.));
#1635 = CARTESIAN_POINT('',(-9.98879729423,-5.277638278675,0.));
#1636 = CARTESIAN_POINT('',(-9.976553183875,-5.271904898249,0.));
#1637 = CARTESIAN_POINT('',(-9.971189262836,-5.269199184062,0.));
#1638 = CARTESIAN_POINT('',(-9.969853379774,-5.26851245518,0.));
#1639 = ORIENTED_EDGE('',*,*,#1640,.T.);
#1640 = EDGE_CURVE('',#1614,#1641,#1643,.T.);
#1641 = VERTEX_POINT('',#1642);
#1642 = CARTESIAN_POINT('',(-9.725554998132,-5.139414361414,0.));
#1643 = B_SPLINE_CURVE_WITH_KNOTS('',1,(#1644,#1645),.UNSPECIFIED.,.F.,
  .F.,(2,2),(0.,0.276311449431),.PIECEWISE_BEZIER_KNOTS.);
#1644 = CARTESIAN_POINT('',(-9.969853379774,-5.26851245518,0.));
#1645 = CARTESIAN_POINT('',(-9.725554998132,-5.139414361414,0.));
#1646 = ORIENTED_EDGE('',*,*,#1647,.T.);
#1647 = EDGE_CURVE('',#1641,#1648,#1650,.T.);
#1648 = VERTEX_POINT('',#1649);
#1649 = CARTESIAN_POINT('',(-9.313640896625,-5.852870513578,0.));
#1650 = B_SPLINE_CURVE_WITH_KNOTS('',1,(#1651,#1652),.UNSPECIFIED.,.F.,
  .F.,(2,2),(0.,0.823828203015),.PIECEWISE_BEZIER_KNOTS.);
#1651 = CARTESIAN_POINT('',(-9.725554998132,-5.139414361414,0.));
#1652 = CARTESIAN_POINT('',(-9.313640896625,-5.852870513578,0.));
#1653 = ORIENTED_EDGE('',*,*,#1654,.T.);
#1654 = EDGE_CURVE('',#1648,#1655,#1657,.T.);
#1655 = VERTEX_POINT('',#1656);
#1656 = CARTESIAN_POINT('',(-9.547592316227,-5.9998900713,0.));
#1657 = B_SPLINE_CURVE_WITH_KNOTS('',1,(#1658,#1659),.UNSPECIFIED.,.F.,
  .F.,(2,2),(0.,0.276311449431),.PIECEWISE_BEZIER_KNOTS.);
#1658 = CARTESIAN_POINT('',(-9.313640896625,-5.852870513578,0.));
#1659 = CARTESIAN_POINT('',(-9.547592316227,-5.9998900713,0.));
#1660 = ORIENTED_EDGE('',*,*,#1661,.T.);
#1661 = EDGE_CURVE('',#1655,#1662,#1664,.T.);
#1662 = VERTEX_POINT('',#1663);
#1663 = CARTESIAN_POINT('',(-10.5260259966,-7.283047213826,0.));
#1664 = B_SPLINE_CURVE_WITH_KNOTS('',3,(#1665,#1666,#1667,#1668,#1669,
    #1670,#1671,#1672,#1673,#1674,#1675,#1676,#1677,#1678,#1679,#1680,
    #1681,#1682,#1683,#1684,#1685,#1686),.UNSPECIFIED.,.F.,.F.,(4,1,1,1,
    1,1,1,1,1,1,1,1,1,1,1,1,1,1,1,4),(0.,4.505803579075E-03,
    1.802308094653E-02,4.055185877624E-02,7.209214087878E-02,
    0.112643928524,0.16220722229,0.220782022487,0.288368329302,
    0.364966142856,0.450575463231,0.545196290485,0.648828624664,
    0.761472465799,0.883127813916,1.013794669037,1.153473031177,
    1.302162900351,1.459864276568,1.626577159839),.UNSPECIFIED.);
#1665 = CARTESIAN_POINT('',(-9.547592316227,-5.9998900713,0.));
#1666 = CARTESIAN_POINT('',(-9.548854982416,-6.000703615528,0.));
#1667 = CARTESIAN_POINT('',(-9.553880160156,-6.003996050318,0.));
#1668 = CARTESIAN_POINT('',(-9.564967468433,-6.011733070719,0.));
#1669 = CARTESIAN_POINT('',(-9.583121371186,-6.025077300099,0.));
#1670 = CARTESIAN_POINT('',(-9.608000190334,-6.044471317239,0.));
#1671 = CARTESIAN_POINT('',(-9.639285636346,-6.070279781885,0.));
#1672 = CARTESIAN_POINT('',(-9.676623619763,-6.102884302512,0.));
#1673 = CARTESIAN_POINT('',(-9.719651844873,-6.142639557511,0.));
#1674 = CARTESIAN_POINT('',(-9.767989862716,-6.1898895034,0.));
#1675 = CARTESIAN_POINT('',(-9.821243507632,-6.244960633414,0.));
#1676 = CARTESIAN_POINT('',(-9.879004178257,-6.30816353354,0.));
#1677 = CARTESIAN_POINT('',(-9.940849901788,-6.379791638986,0.));
#1678 = CARTESIAN_POINT('',(-10.0063458308,-6.460120949897,0.));
#1679 = CARTESIAN_POINT('',(-10.0750449429,-6.549409473862,0.));
#1680 = CARTESIAN_POINT('',(-10.14648870946,-6.647896768637,0.));
#1681 = CARTESIAN_POINT('',(-10.22020774897,-6.755803558733,0.));
#1682 = CARTESIAN_POINT('',(-10.2957226977,-6.873331055899,0.));
#1683 = CARTESIAN_POINT('',(-10.37254424065,-7.000661661961,0.));
#1684 = CARTESIAN_POINT('',(-10.45017666516,-7.137954121827,0.));
#1685 = CARTESIAN_POINT('',(-10.50072614956,-7.233569676759,0.));
#1686 = CARTESIAN_POINT('',(-10.5260259966,-7.283047213826,0.));
#1687 = ORIENTED_EDGE('',*,*,#1688,.T.);
#1688 = EDGE_CURVE('',#1662,#1689,#1691,.T.);
#1689 = VERTEX_POINT('',#1690);
#1690 = CARTESIAN_POINT('',(-10.17931042737,-7.760260254855,0.));
#1691 = B_SPLINE_CURVE_WITH_KNOTS('',1,(#1692,#1693),.UNSPECIFIED.,.F.,
  .F.,(2,2),(0.,0.58986775846),.PIECEWISE_BEZIER_KNOTS.);
#1692 = CARTESIAN_POINT('',(-10.5260259966,-7.283047213826,0.));
#1693 = CARTESIAN_POINT('',(-10.17931042737,-7.760260254855,0.));
#1694 = ORIENTED_EDGE('',*,*,#1695,.T.);
#1695 = EDGE_CURVE('',#1689,#1696,#1698,.T.);
#1696 = VERTEX_POINT('',#1697);
#1697 = CARTESIAN_POINT('',(-8.656602830442,-7.226231890864,0.));
#1698 = B_SPLINE_CURVE_WITH_KNOTS('',3,(#1699,#1700,#1701,#1702,#1703,
    #1704,#1705,#1706,#1707,#1708,#1709,#1710,#1711,#1712,#1713,#1714,
    #1715,#1716,#1717,#1718,#1719,#1720),.UNSPECIFIED.,.F.,.F.,(4,1,1,1,
    1,1,1,1,1,1,1,1,1,1,1,1,1,1,1,4),(0.,0.166712883271,0.324414259488,
    0.473104128661,0.612782490802,0.743449345922,0.86510469404,
    0.977748535175,1.081380869354,1.176001696608,1.261611016983,
    1.338208830536,1.405795137351,1.464369937549,1.513933231314,
    1.55448501896,1.586025301063,1.608554078892,1.62207135626,
    1.626577159839),.UNSPECIFIED.);
#1699 = CARTESIAN_POINT('',(-10.17931042737,-7.760260254855,0.));
#1700 = CARTESIAN_POINT('',(-10.12443641064,-7.751488070256,0.));
#1701 = CARTESIAN_POINT('',(-10.01787996433,-7.732959485131,0.));
#1702 = CARTESIAN_POINT('',(-9.863317337254,-7.70155236522,0.));
#1703 = CARTESIAN_POINT('',(-9.718479572329,-7.667838057382,0.));
#1704 = CARTESIAN_POINT('',(-9.58336887782,-7.632337067249,0.));
#1705 = CARTESIAN_POINT('',(-9.457962985929,-7.595571126296,0.));
#1706 = CARTESIAN_POINT('',(-9.342218664452,-7.558058314376,0.));
#1707 = CARTESIAN_POINT('',(-9.236071038765,-7.52031324745,0.));
#1708 = CARTESIAN_POINT('',(-9.139433969046,-7.48284603959,0.));
#1709 = CARTESIAN_POINT('',(-9.052200213012,-7.446161563078,0.));
#1710 = CARTESIAN_POINT('',(-8.974241654168,-7.410758671128,0.));
#1711 = CARTESIAN_POINT('',(-8.905409615817,-7.377129360188,0.));
#1712 = CARTESIAN_POINT('',(-8.845534977897,-7.345758209596,0.));
#1713 = CARTESIAN_POINT('',(-8.794429030776,-7.317120985131,0.));
#1714 = CARTESIAN_POINT('',(-8.751882217562,-7.291685803664,0.));
#1715 = CARTESIAN_POINT('',(-8.717669174591,-7.269906830543,0.));
#1716 = CARTESIAN_POINT('',(-8.691536390295,-7.25223874836,0.));
#1717 = CARTESIAN_POINT('',(-8.673235409524,-7.239096954506,0.));
#1718 = CARTESIAN_POINT('',(-8.662450899175,-7.230943168511,0.));
#1719 = CARTESIAN_POINT('',(-8.657766742292,-7.227181358779,0.));
#1720 = CARTESIAN_POINT('',(-8.656602830442,-7.226231890864,0.));
#1721 = ORIENTED_EDGE('',*,*,#1722,.T.);
#1722 = EDGE_CURVE('',#1696,#1723,#1725,.T.);
#1723 = VERTEX_POINT('',#1724);
#1724 = CARTESIAN_POINT('',(-8.444483957533,-7.049162410596,0.));
#1725 = B_SPLINE_CURVE_WITH_KNOTS('',1,(#1726,#1727),.UNSPECIFIED.,.F.,
  .F.,(2,2),(0.,0.276311449431),.PIECEWISE_BEZIER_KNOTS.);
#1726 = CARTESIAN_POINT('',(-8.656602830442,-7.226231890864,0.));
#1727 = CARTESIAN_POINT('',(-8.444483957533,-7.049162410596,0.));
#1728 = ORIENTED_EDGE('',*,*,#1729,.T.);
#1729 = EDGE_CURVE('',#1723,#1730,#1732,.T.);
#1730 = VERTEX_POINT('',#1731);
#1731 = CARTESIAN_POINT('',(-7.893235292514,-7.661386076749,0.));
#1732 = B_SPLINE_CURVE_WITH_KNOTS('',1,(#1733,#1734),.UNSPECIFIED.,.F.,
  .F.,(2,2),(0.,0.823828203015),.PIECEWISE_BEZIER_KNOTS.);
#1733 = CARTESIAN_POINT('',(-8.444483957533,-7.049162410596,0.));
#1734 = CARTESIAN_POINT('',(-7.893235292514,-7.661386076749,0.));
#1735 = ORIENTED_EDGE('',*,*,#1736,.T.);
#1736 = EDGE_CURVE('',#1730,#1737,#1739,.T.);
#1737 = VERTEX_POINT('',#1738);
#1738 = CARTESIAN_POINT('',(-8.091507227457,-7.853834139614,0.));
#1739 = B_SPLINE_CURVE_WITH_KNOTS('',1,(#1740,#1741),.UNSPECIFIED.,.F.,
  .F.,(2,2),(0.,0.276311449431),.PIECEWISE_BEZIER_KNOTS.);
#1740 = CARTESIAN_POINT('',(-7.893235292514,-7.661386076749,0.));
#1741 = CARTESIAN_POINT('',(-8.091507227457,-7.853834139614,0.));
#1742 = ORIENTED_EDGE('',*,*,#1743,.T.);
#1743 = EDGE_CURVE('',#1737,#1744,#1746,.T.);
#1744 = VERTEX_POINT('',#1745);
#1745 = CARTESIAN_POINT('',(-8.781776413307,-9.312379020781,0.));
#1746 = B_SPLINE_CURVE_WITH_KNOTS('',3,(#1747,#1748,#1749,#1750,#1751,
    #1752,#1753,#1754,#1755,#1756,#1757,#1758,#1759,#1760,#1761,#1762,
    #1763,#1764,#1765,#1766,#1767,#1768),.UNSPECIFIED.,.F.,.F.,(4,1,1,1,
    1,1,1,1,1,1,1,1,1,1,1,1,1,1,1,4),(0.,4.505803579075E-03,
    1.802308094653E-02,4.055185877624E-02,7.209214087878E-02,
    0.112643928524,0.16220722229,0.220782022487,0.288368329302,
    0.364966142856,0.450575463231,0.545196290485,0.648828624664,
    0.761472465799,0.883127813916,1.013794669037,1.153473031177,
    1.302162900351,1.459864276568,1.626577159839),.UNSPECIFIED.);
#1747 = CARTESIAN_POINT('',(-8.091507227457,-7.853834139614,0.));
#1748 = CARTESIAN_POINT('',(-8.092573156005,-7.854892429011,0.));
#1749 = CARTESIAN_POINT('',(-8.09680398587,-7.859157709402,0.));
#1750 = CARTESIAN_POINT('',(-8.106040392866,-7.869030838355,0.));
#1751 = CARTESIAN_POINT('',(-8.121023167995,-7.885857872922,0.));
#1752 = CARTESIAN_POINT('',(-8.141326082358,-7.910000681612,0.));
#1753 = CARTESIAN_POINT('',(-8.166561984791,-7.941749779362,0.));
#1754 = CARTESIAN_POINT('',(-8.196305182675,-7.98140481625,0.));
#1755 = CARTESIAN_POINT('',(-8.230127555544,-8.029237394579,0.));
#1756 = CARTESIAN_POINT('',(-8.267585455581,-8.085504854806,0.));
#1757 = CARTESIAN_POINT('',(-8.30822544883,-8.150444603856,0.));
#1758 = CARTESIAN_POINT('',(-8.351583288388,-8.224275487666,0.));
#1759 = CARTESIAN_POINT('',(-8.397185213962,-8.307196796102,0.));
#1760 = CARTESIAN_POINT('',(-8.44454849693,-8.399388088181,0.));
#1761 = CARTESIAN_POINT('',(-8.493182240623,-8.501008792227,0.));
#1762 = CARTESIAN_POINT('',(-8.54258812949,-8.612197897617,0.));
#1763 = CARTESIAN_POINT('',(-8.592261147935,-8.733073715602,0.));
#1764 = CARTESIAN_POINT('',(-8.641690573198,-8.863733395647,0.));
#1765 = CARTESIAN_POINT('',(-8.690359859521,-9.004253619353,0.));
#1766 = CARTESIAN_POINT('',(-8.73775112183,-9.154686598213,0.));
#1767 = CARTESIAN_POINT('',(-8.767316387012,-9.258722552632,0.));
#1768 = CARTESIAN_POINT('',(-8.781776413307,-9.312379020781,0.));
#1769 = ORIENTED_EDGE('',*,*,#1770,.T.);
#1770 = EDGE_CURVE('',#1744,#1771,#1773,.T.);
#1771 = VERTEX_POINT('',#1772);
#1772 = CARTESIAN_POINT('',(-8.343419240892,-9.707077591671,0.));
#1773 = B_SPLINE_CURVE_WITH_KNOTS('',1,(#1774,#1775),.UNSPECIFIED.,.F.,
  .F.,(2,2),(0.,0.58986775846),.PIECEWISE_BEZIER_KNOTS.);
#1774 = CARTESIAN_POINT('',(-8.781776413307,-9.312379020781,0.));
#1775 = CARTESIAN_POINT('',(-8.343419240892,-9.707077591671,0.));
#1776 = ORIENTED_EDGE('',*,*,#1777,.T.);
#1777 = EDGE_CURVE('',#1771,#1778,#1780,.T.);
#1778 = VERTEX_POINT('',#1779);
#1779 = CARTESIAN_POINT('',(-6.965017198432,-8.86813031761,0.));
#1780 = B_SPLINE_CURVE_WITH_KNOTS('',3,(#1781,#1782,#1783,#1784,#1785,
    #1786,#1787,#1788,#1789,#1790,#1791,#1792,#1793,#1794,#1795,#1796,
    #1797,#1798,#1799,#1800,#1801,#1802),.UNSPECIFIED.,.F.,.F.,(4,1,1,1,
    1,1,1,1,1,1,1,1,1,1,1,1,1,1,1,4),(0.,0.166712883271,0.324414259488,
    0.473104128661,0.612782490802,0.743449345922,0.86510469404,
    0.977748535175,1.081380869354,1.176001696608,1.261611016983,
    1.338208830536,1.405795137351,1.464369937549,1.513933231314,
    1.55448501896,1.586025301063,1.608554078892,1.62207135626,
    1.626577159839),.UNSPECIFIED.);
#1781 = CARTESIAN_POINT('',(-8.343419240892,-9.707077591671,0.));
#1782 = CARTESIAN_POINT('',(-8.291568192816,-9.687088150752,0.));
#1783 = CARTESIAN_POINT('',(-8.191192569977,-9.646810128747,0.));
#1784 = CARTESIAN_POINT('',(-8.046537414537,-9.583953952626,0.));
#1785 = CARTESIAN_POINT('',(-7.911874301027,-9.520862918704,0.));
#1786 = CARTESIAN_POINT('',(-7.787097170244,-9.458046617439,0.));
#1787 = CARTESIAN_POINT('',(-7.672075766921,-9.396010749486,0.));
#1788 = CARTESIAN_POINT('',(-7.566660088723,-9.335253084928,0.));
#1789 = CARTESIAN_POINT('',(-7.470679684019,-9.276263505942,0.));
#1790 = CARTESIAN_POINT('',(-7.383944236667,-9.219523069907,0.));
#1791 = CARTESIAN_POINT('',(-7.306243879037,-9.165503319509,0.));
#1792 = CARTESIAN_POINT('',(-7.237349576874,-9.114665569906,0.));
#1793 = CARTESIAN_POINT('',(-7.177013610605,-9.06746015462,0.));
#1794 = CARTESIAN_POINT('',(-7.124969806141,-9.024325901729,0.));
#1795 = CARTESIAN_POINT('',(-7.080934660341,-8.98568894545,0.));
#1796 = CARTESIAN_POINT('',(-7.044605868662,-8.951963603849,0.));
#1797 = CARTESIAN_POINT('',(-7.015668565891,-8.923547261933,0.));
#1798 = CARTESIAN_POINT('',(-6.993780246472,-8.900831958368,0.));
#1799 = CARTESIAN_POINT('',(-6.97861151862,-8.884172356384,0.));
#1800 = CARTESIAN_POINT('',(-6.96975794313,-8.873954524395,0.));
#1801 = CARTESIAN_POINT('',(-6.965958270536,-8.869301028254,0.));
#1802 = CARTESIAN_POINT('',(-6.965017198432,-8.86813031761,0.));
#1803 = ORIENTED_EDGE('',*,*,#1804,.T.);
#1804 = EDGE_CURVE('',#1778,#1805,#1807,.T.);
#1805 = VERTEX_POINT('',#1806);
#1806 = CARTESIAN_POINT('',(-6.79434844686,-8.650828236802,0.));
#1807 = B_SPLINE_CURVE_WITH_KNOTS('',1,(#1808,#1809),.UNSPECIFIED.,.F.,
  .F.,(2,2),(0.,0.276311449431),.PIECEWISE_BEZIER_KNOTS.);
#1808 = CARTESIAN_POINT('',(-6.965017198432,-8.86813031761,0.));
#1809 = CARTESIAN_POINT('',(-6.79434844686,-8.650828236802,0.));
#1810 = ORIENTED_EDGE('',*,*,#1811,.T.);
#1811 = EDGE_CURVE('',#1805,#1812,#1814,.T.);
#1812 = VERTEX_POINT('',#1813);
#1813 = CARTESIAN_POINT('',(-6.127857430176,-9.135062304957,0.));
#1814 = B_SPLINE_CURVE_WITH_KNOTS('',1,(#1815,#1816),.UNSPECIFIED.,.F.,
  .F.,(2,2),(0.,0.823828203015),.PIECEWISE_BEZIER_KNOTS.);
#1815 = CARTESIAN_POINT('',(-6.79434844686,-8.650828236802,0.));
#1816 = CARTESIAN_POINT('',(-6.127857430176,-9.135062304957,0.));
#1817 = ORIENTED_EDGE('',*,*,#1818,.T.);
#1818 = EDGE_CURVE('',#1812,#1819,#1821,.T.);
#1819 = VERTEX_POINT('',#1820);
#1820 = CARTESIAN_POINT('',(-6.281784445488,-9.36452796915,0.));
#1821 = B_SPLINE_CURVE_WITH_KNOTS('',1,(#1822,#1823),.UNSPECIFIED.,.F.,
  .F.,(2,2),(0.,0.276311449431),.PIECEWISE_BEZIER_KNOTS.);
#1822 = CARTESIAN_POINT('',(-6.127857430176,-9.135062304957,0.));
#1823 = CARTESIAN_POINT('',(-6.281784445488,-9.36452796915,0.));
#1824 = ORIENTED_EDGE('',*,*,#1825,.T.);
#1825 = EDGE_CURVE('',#1819,#1826,#1828,.T.);
#1826 = VERTEX_POINT('',#1827);
#1827 = CARTESIAN_POINT('',(-6.653721061111,-10.93471517877,0.));
#1828 = B_SPLINE_CURVE_WITH_KNOTS('',3,(#1829,#1830,#1831,#1832,#1833,
    #1834,#1835,#1836,#1837,#1838,#1839,#1840,#1841,#1842,#1843,#1844,
    #1845,#1846,#1847,#1848,#1849,#1850),.UNSPECIFIED.,.F.,.F.,(4,1,1,1,
    1,1,1,1,1,1,1,1,1,1,1,1,1,1,1,4),(0.,4.505803579075E-03,
    1.802308094653E-02,4.055185877624E-02,7.209214087878E-02,
    0.112643928524,0.16220722229,0.220782022487,0.288368329302,
    0.364966142856,0.450575463231,0.545196290485,0.648828624664,
    0.761472465799,0.883127813916,1.013794669037,1.153473031177,
    1.302162900351,1.459864276568,1.626577159839),.UNSPECIFIED.);
#1829 = CARTESIAN_POINT('',(-6.281784445488,-9.36452796915,0.));
#1830 = CARTESIAN_POINT('',(-6.282607050202,-9.365784751391,0.));
#1831 = CARTESIAN_POINT('',(-6.285858624626,-9.370836464162,0.));
#1832 = CARTESIAN_POINT('',(-6.292840455034,-9.382414198555,0.));
#1833 = CARTESIAN_POINT('',(-6.30399728337,-9.401988616155,0.));
#1834 = CARTESIAN_POINT('',(-6.318836958167,-9.429825059803,0.));
#1835 = CARTESIAN_POINT('',(-6.336920386988,-9.466127202737,0.));
#1836 = CARTESIAN_POINT('',(-6.357768878868,-9.511099640488,0.));
#1837 = CARTESIAN_POINT('',(-6.380907199505,-9.564919028949,0.));
#1838 = CARTESIAN_POINT('',(-6.40584789176,-9.627744845501,0.));
#1839 = CARTESIAN_POINT('',(-6.432098070624,-9.699715034937,0.));
#1840 = CARTESIAN_POINT('',(-6.459158133474,-9.780947138529,0.));
#1841 = CARTESIAN_POINT('',(-6.486523238121,-9.871537590876,0.));
#1842 = CARTESIAN_POINT('',(-6.513683872304,-9.971561662276,0.));
#1843 = CARTESIAN_POINT('',(-6.540126719612,-10.081073234,0.));
#1844 = CARTESIAN_POINT('',(-6.565335456367,-10.20010465256,0.));
#1845 = CARTESIAN_POINT('',(-6.588791504484,-10.32866664516,0.));
#1846 = CARTESIAN_POINT('',(-6.609975103211,-10.46674805309,0.));
#1847 = CARTESIAN_POINT('',(-6.628365051552,-10.61431648637,0.));
#1848 = CARTESIAN_POINT('',(-6.643443926086,-10.77131534119,0.));
#1849 = CARTESIAN_POINT('',(-6.6507328281,-10.87922482467,0.));
#1850 = CARTESIAN_POINT('',(-6.653721061111,-10.93471517877,0.));
#1851 = ORIENTED_EDGE('',*,*,#1852,.T.);
#1852 = EDGE_CURVE('',#1826,#1853,#1855,.T.);
#1853 = VERTEX_POINT('',#1854);
#1854 = CARTESIAN_POINT('',(-6.142880597411,-11.229649058,0.));
#1855 = B_SPLINE_CURVE_WITH_KNOTS('',1,(#1856,#1857),.UNSPECIFIED.,.F.,
  .F.,(2,2),(0.,0.58986775846),.PIECEWISE_BEZIER_KNOTS.);
#1856 = CARTESIAN_POINT('',(-6.653721061111,-10.93471517877,0.));
#1857 = CARTESIAN_POINT('',(-6.142880597411,-11.229649058,0.));
#1858 = ORIENTED_EDGE('',*,*,#1859,.T.);
#1859 = EDGE_CURVE('',#1853,#1860,#1862,.T.);
#1860 = VERTEX_POINT('',#1861);
#1861 = CARTESIAN_POINT('',(-4.969026892989,-10.12244889546,0.));
#1862 = B_SPLINE_CURVE_WITH_KNOTS('',3,(#1863,#1864,#1865,#1866,#1867,
    #1868,#1869,#1870,#1871,#1872,#1873,#1874,#1875,#1876,#1877,#1878,
    #1879,#1880,#1881,#1882,#1883,#1884),.UNSPECIFIED.,.F.,.F.,(4,1,1,1,
    1,1,1,1,1,1,1,1,1,1,1,1,1,1,1,4),(0.,0.166712883271,0.324414259488,
    0.473104128661,0.612782490802,0.743449345922,0.86510469404,
    0.977748535175,1.081380869354,1.176001696608,1.261611016983,
    1.338208830536,1.405795137351,1.464369937549,1.513933231314,
    1.55448501896,1.586025301063,1.608554078892,1.62207135626,
    1.626577159839),.UNSPECIFIED.);
#1863 = CARTESIAN_POINT('',(-6.142880597411,-11.229649058,0.));
#1864 = CARTESIAN_POINT('',(-6.096318657601,-11.19931599525,0.));
#1865 = CARTESIAN_POINT('',(-6.006510754606,-11.1390488792,0.));
#1866 = CARTESIAN_POINT('',(-5.878085195234,-11.04749076338,0.));
#1867 = CARTESIAN_POINT('',(-5.759482157385,-10.95778038431,0.));
#1868 = CARTESIAN_POINT('',(-5.65049194969,-10.8703941457,0.));
#1869 = CARTESIAN_POINT('',(-5.550882022194,-10.78579961586,0.));
#1870 = CARTESIAN_POINT('',(-5.460402158254,-10.70445250015,0.));
#1871 = CARTESIAN_POINT('',(-5.378783778782,-10.62679653677,0.));
#1872 = CARTESIAN_POINT('',(-5.305740709051,-10.55326270188,0.));
#1873 = CARTESIAN_POINT('',(-5.240969628302,-10.48426859991,0.));
#1874 = CARTESIAN_POINT('',(-5.184150594413,-10.42021784626,0.));
#1875 = CARTESIAN_POINT('',(-5.134947671478,-10.36149942979,0.));
#1876 = CARTESIAN_POINT('',(-5.093009264459,-10.30848724843,0.));
#1877 = CARTESIAN_POINT('',(-5.057969467154,-10.26153918073,0.));
#1878 = CARTESIAN_POINT('',(-5.029446439531,-10.22099763826,0.));
#1879 = CARTESIAN_POINT('',(-5.007049575949,-10.18718585804,0.));
#1880 = CARTESIAN_POINT('',(-4.990362345997,-10.16041610086,0.));
#1881 = CARTESIAN_POINT('',(-4.978988817259,-10.14096679529,0.));
#1882 = CARTESIAN_POINT('',(-4.972453120361,-10.1291314856,0.));
#1883 = CARTESIAN_POINT('',(-4.96970399598,-10.12378968316,0.));
#1884 = CARTESIAN_POINT('',(-4.969026892989,-10.12244889546,0.));
#1885 = ORIENTED_EDGE('',*,*,#1886,.T.);
#1886 = EDGE_CURVE('',#1860,#1887,#1889,.T.);
#1887 = VERTEX_POINT('',#1888);
#1888 = CARTESIAN_POINT('',(-4.847267306158,-9.87441135778,0.));
#1889 = B_SPLINE_CURVE_WITH_KNOTS('',1,(#1890,#1891),.UNSPECIFIED.,.F.,
  .F.,(2,2),(0.,0.276311449431),.PIECEWISE_BEZIER_KNOTS.);
#1890 = CARTESIAN_POINT('',(-4.969026892989,-10.12244889546,0.));
#1891 = CARTESIAN_POINT('',(-4.847267306158,-9.87441135778,0.));
#1892 = ORIENTED_EDGE('',*,*,#1893,.T.);
#1893 = EDGE_CURVE('',#1887,#1894,#1896,.T.);
#1894 = VERTEX_POINT('',#1895);
#1895 = CARTESIAN_POINT('',(-4.094662793416,-10.20949247554,0.));
#1896 = B_SPLINE_CURVE_WITH_KNOTS('',1,(#1897,#1898),.UNSPECIFIED.,.F.,
  .F.,(2,2),(0.,0.823828203015),.PIECEWISE_BEZIER_KNOTS.);
#1897 = CARTESIAN_POINT('',(-4.847267306158,-9.87441135778,0.));
#1898 = CARTESIAN_POINT('',(-4.094662793416,-10.20949247554,0.));
#1899 = ORIENTED_EDGE('',*,*,#1900,.T.);
#1900 = EDGE_CURVE('',#1894,#1901,#1903,.T.);
#1901 = VERTEX_POINT('',#1902);
#1902 = CARTESIAN_POINT('',(-4.197517539905,-10.46594699044,0.));
#1903 = B_SPLINE_CURVE_WITH_KNOTS('',1,(#1904,#1905),.UNSPECIFIED.,.F.,
  .F.,(2,2),(0.,0.276311449431),.PIECEWISE_BEZIER_KNOTS.);
#1904 = CARTESIAN_POINT('',(-4.094662793416,-10.20949247554,0.));
#1905 = CARTESIAN_POINT('',(-4.197517539905,-10.46594699044,0.));
#1906 = ORIENTED_EDGE('',*,*,#1907,.T.);
#1907 = EDGE_CURVE('',#1901,#1908,#1910,.T.);
#1908 = VERTEX_POINT('',#1909);
#1909 = CARTESIAN_POINT('',(-4.234866170448,-12.07915181287,0.));
#1910 = B_SPLINE_CURVE_WITH_KNOTS('',3,(#1911,#1912,#1913,#1914,#1915,
    #1916,#1917,#1918,#1919,#1920,#1921,#1922,#1923,#1924,#1925,#1926,
    #1927,#1928,#1929,#1930,#1931,#1932),.UNSPECIFIED.,.F.,.F.,(4,1,1,1,
    1,1,1,1,1,1,1,1,1,1,1,1,1,1,1,4),(0.,4.505803579075E-03,
    1.802308094653E-02,4.055185877624E-02,7.209214087878E-02,
    0.112643928524,0.16220722229,0.220782022487,0.288368329302,
    0.364966142856,0.450575463231,0.545196290485,0.648828624664,
    0.761472465799,0.883127813916,1.013794669037,1.153473031177,
    1.302162900351,1.459864276568,1.626577159839),.UNSPECIFIED.);
#1911 = CARTESIAN_POINT('',(-4.197517539905,-10.46594699044,0.));
#1912 = CARTESIAN_POINT('',(-4.198060869011,-10.46734733811,0.));
#1913 = CARTESIAN_POINT('',(-4.200191078589,-10.47296469917,0.));
#1914 = CARTESIAN_POINT('',(-4.204613192918,-10.48574103646,0.));
#1915 = CARTESIAN_POINT('',(-4.211456467527,-10.50720734111,0.));
#1916 = CARTESIAN_POINT('',(-4.22018433776,-10.53752083356,0.));
#1917 = CARTESIAN_POINT('',(-4.230324960357,-10.57678944383,0.));
#1918 = CARTESIAN_POINT('',(-4.241367567094,-10.62511377111,0.));
#1919 = CARTESIAN_POINT('',(-4.252810579857,-10.68256780418,0.));
#1920 = CARTESIAN_POINT('',(-4.264144036401,-10.7492061874,0.));
#1921 = CARTESIAN_POINT('',(-4.274857142101,-10.82506137459,0.));
#1922 = CARTESIAN_POINT('',(-4.284436773647,-10.91014446524,0.));
#1923 = CARTESIAN_POINT('',(-4.292369070982,-11.00444482403,0.));
#1924 = CARTESIAN_POINT('',(-4.298140006335,-11.10793014286,0.));
#1925 = CARTESIAN_POINT('',(-4.301236277944,-11.2205464011,0.));
#1926 = CARTESIAN_POINT('',(-4.301146119826,-11.34221788865,0.));
#1927 = CARTESIAN_POINT('',(-4.297360055758,-11.47284727988,0.));
#1928 = CARTESIAN_POINT('',(-4.289372003033,-11.61231559559,0.));
#1929 = CARTESIAN_POINT('',(-4.276678884406,-11.7604827898,0.));
#1930 = CARTESIAN_POINT('',(-4.258786351991,-11.91718591726,0.));
#1931 = CARTESIAN_POINT('',(-4.243480330843,-12.02425276756,0.));
#1932 = CARTESIAN_POINT('',(-4.234866170448,-12.07915181287,0.));
#1933 = ORIENTED_EDGE('',*,*,#1934,.T.);
#1934 = EDGE_CURVE('',#1908,#1935,#1937,.T.);
#1935 = VERTEX_POINT('',#1936);
#1936 = CARTESIAN_POINT('',(-3.673868595012,-12.26143097467,0.));
#1937 = B_SPLINE_CURVE_WITH_KNOTS('',1,(#1938,#1939),.UNSPECIFIED.,.F.,
  .F.,(2,2),(0.,0.58986775846),.PIECEWISE_BEZIER_KNOTS.);
#1938 = CARTESIAN_POINT('',(-4.234866170448,-12.07915181287,0.));
#1939 = CARTESIAN_POINT('',(-3.673868595012,-12.26143097467,0.));
#1940 = ORIENTED_EDGE('',*,*,#1941,.T.);
#1941 = EDGE_CURVE('',#1935,#1942,#1944,.T.);
#1942 = VERTEX_POINT('',#1943);
#1943 = CARTESIAN_POINT('',(-2.755866268287,-10.93436788369,0.));
#1944 = B_SPLINE_CURVE_WITH_KNOTS('',3,(#1945,#1946,#1947,#1948,#1949,
    #1950,#1951,#1952,#1953,#1954,#1955,#1956,#1957,#1958,#1959,#1960,
    #1961,#1962,#1963,#1964,#1965,#1966),.UNSPECIFIED.,.F.,.F.,(4,1,1,1,
    1,1,1,1,1,1,1,1,1,1,1,1,1,1,1,4),(0.,0.166712883271,0.324414259488,
    0.473104128661,0.612782490802,0.743449345922,0.86510469404,
    0.977748535175,1.081380869354,1.176001696608,1.261611016983,
    1.338208830536,1.405795137351,1.464369937549,1.513933231314,
    1.55448501896,1.586025301063,1.608554078892,1.62207135626,
    1.626577159839),.UNSPECIFIED.);
#1945 = CARTESIAN_POINT('',(-3.673868595012,-12.26143097467,0.));
#1946 = CARTESIAN_POINT('',(-3.634630743665,-12.22207999048,0.));
#1947 = CARTESIAN_POINT('',(-3.559315596822,-12.14445774255,0.));
#1948 = CARTESIAN_POINT('',(-3.452732446717,-12.02819921605,0.));
#1949 = CARTESIAN_POINT('',(-3.355373006404,-11.91579026585,0.));
#1950 = CARTESIAN_POINT('',(-3.266933116866,-11.80765328786,0.));
#1951 = CARTESIAN_POINT('',(-3.18708809701,-11.70419728301,0.));
#1952 = CARTESIAN_POINT('',(-3.115498451552,-11.60581597546,0.));
#1953 = CARTESIAN_POINT('',(-3.051809212145,-11.51288756592,0.));
#1954 = CARTESIAN_POINT('',(-2.99565085268,-11.42577411362,0.));
#1955 = CARTESIAN_POINT('',(-2.946639855846,-11.34482103339,0.));
#1956 = CARTESIAN_POINT('',(-2.904379354662,-11.27035660098,0.));
#1957 = CARTESIAN_POINT('',(-2.868459878894,-11.20269145989,0.));
#1958 = CARTESIAN_POINT('',(-2.83845977895,-11.14211823677,0.));
#1959 = CARTESIAN_POINT('',(-2.813946737423,-11.08891091349,0.));
#1960 = CARTESIAN_POINT('',(-2.794476067032,-11.04332503009,0.));
#1961 = CARTESIAN_POINT('',(-2.779598493049,-11.00559554862,0.));
#1962 = CARTESIAN_POINT('',(-2.768841664587,-10.97594130466,0.));
#1963 = CARTESIAN_POINT('',(-2.761760412745,-10.9545523235,0.));
#1964 = CARTESIAN_POINT('',(-2.757828235755,-10.94161679592,0.));
#1965 = CARTESIAN_POINT('',(-2.756249809515,-10.93582014959,0.));
#1966 = CARTESIAN_POINT('',(-2.755866268287,-10.93436788369,0.));
#1967 = ORIENTED_EDGE('',*,*,#1968,.T.);
#1968 = EDGE_CURVE('',#1942,#1969,#1971,.T.);
#1969 = VERTEX_POINT('',#1970);
#1970 = CARTESIAN_POINT('',(-2.688337324408,-10.66643531974,0.));
#1971 = B_SPLINE_CURVE_WITH_KNOTS('',1,(#1972,#1973),.UNSPECIFIED.,.F.,
  .F.,(2,2),(0.,0.276311449431),.PIECEWISE_BEZIER_KNOTS.);
#1972 = CARTESIAN_POINT('',(-2.755866268287,-10.93436788369,0.));
#1973 = CARTESIAN_POINT('',(-2.688337324408,-10.66643531974,0.));
#1974 = ORIENTED_EDGE('',*,*,#1975,.T.);
#1975 = EDGE_CURVE('',#1969,#1976,#1978,.T.);
#1976 = VERTEX_POINT('',#1977);
#1977 = CARTESIAN_POINT('',(-1.882511744212,-10.83771883437,0.));
#1978 = B_SPLINE_CURVE_WITH_KNOTS('',1,(#1979,#1980),.UNSPECIFIED.,.F.,
  .F.,(2,2),(0.,0.823828203015),.PIECEWISE_BEZIER_KNOTS.);
#1979 = CARTESIAN_POINT('',(-2.688337324408,-10.66643531974,0.));
#1980 = CARTESIAN_POINT('',(-1.882511744212,-10.83771883437,0.));
#1981 = ORIENTED_EDGE('',*,*,#1982,.T.);
#1982 = EDGE_CURVE('',#1976,#1983,#1985,.T.);
#1983 = VERTEX_POINT('',#1984);
#1984 = CARTESIAN_POINT('',(-1.929798975904,-11.10995390706,0.));
#1985 = B_SPLINE_CURVE_WITH_KNOTS('',1,(#1986,#1987),.UNSPECIFIED.,.F.,
  .F.,(2,2),(0.,0.276311449431),.PIECEWISE_BEZIER_KNOTS.);
#1986 = CARTESIAN_POINT('',(-1.882511744212,-10.83771883437,0.));
#1987 = CARTESIAN_POINT('',(-1.929798975904,-11.10995390706,0.));
#1988 = ORIENTED_EDGE('',*,*,#1989,.T.);
#1989 = EDGE_CURVE('',#1983,#1990,#1992,.T.);
#1990 = VERTEX_POINT('',#1991);
#1991 = CARTESIAN_POINT('',(-1.630927306994,-12.69567155054,0.));
#1992 = B_SPLINE_CURVE_WITH_KNOTS('',3,(#1993,#1994,#1995,#1996,#1997,
    #1998,#1999,#2000,#2001,#2002,#2003,#2004,#2005,#2006,#2007,#2008,
    #2009,#2010,#2011,#2012,#2013,#2014),.UNSPECIFIED.,.F.,.F.,(4,1,1,1,
    1,1,1,1,1,1,1,1,1,1,1,1,1,1,1,4),(0.,4.505803579075E-03,
    1.802308094653E-02,4.055185877624E-02,7.209214087878E-02,
    0.112643928524,0.16220722229,0.220782022487,0.288368329302,
    0.364966142856,0.450575463231,0.545196290485,0.648828624664,
    0.761472465799,0.883127813916,1.013794669037,1.153473031177,
    1.302162900351,1.459864276568,1.626577159839),.UNSPECIFIED.);
#1993 = CARTESIAN_POINT('',(-1.929798975904,-11.10995390706,0.));
#1994 = CARTESIAN_POINT('',(-1.930039283314,-11.11143661825,0.));
#1995 = CARTESIAN_POINT('',(-1.930955027665,-11.11737412197,0.));
#1996 = CARTESIAN_POINT('',(-1.932624158299,-11.1307906749,0.));
#1997 = CARTESIAN_POINT('',(-1.934854795242,-11.15321068609,0.));
#1998 = CARTESIAN_POINT('',(-1.937089411101,-11.18467638225,0.));
#1999 = CARTESIAN_POINT('',(-1.938844033606,-11.22519523317,0.));
#2000 = CARTESIAN_POINT('',(-1.939598140299,-11.27475944499,0.));
#2001 = CARTESIAN_POINT('',(-1.93884573062,-11.33333710572,0.));
#2002 = CARTESIAN_POINT('',(-1.936076625018,-11.40087563849,0.));
#2003 = CARTESIAN_POINT('',(-1.930784443428,-11.47730058777,0.));
#2004 = CARTESIAN_POINT('',(-1.922464967803,-11.56251612615,0.));
#2005 = CARTESIAN_POINT('',(-1.910617778369,-11.65640501319,0.));
#2006 = CARTESIAN_POINT('',(-1.894746797325,-11.75882877445,0.));
#2007 = CARTESIAN_POINT('',(-1.874361171308,-11.86962784831,0.));
#2008 = CARTESIAN_POINT('',(-1.84897605866,-11.98862177701,0.));
#2009 = CARTESIAN_POINT('',(-1.818113351573,-12.11560943565,0.));
#2010 = CARTESIAN_POINT('',(-1.781302763633,-12.25036922448,0.));
#2011 = CARTESIAN_POINT('',(-1.73808132823,-12.39265956226,0.));
#2012 = CARTESIAN_POINT('',(-1.68799937839,-12.54221828374,0.));
#2013 = CARTESIAN_POINT('',(-1.65076738065,-12.64376316574,0.));
#2014 = CARTESIAN_POINT('',(-1.630927306994,-12.69567155054,0.));
#2015 = ORIENTED_EDGE('',*,*,#2016,.T.);
#2016 = EDGE_CURVE('',#1990,#2017,#2019,.T.);
#2017 = VERTEX_POINT('',#2018);
#2018 = CARTESIAN_POINT('',(-1.044290905833,-12.75732952086,0.));
#2019 = B_SPLINE_CURVE_WITH_KNOTS('',1,(#2020,#2021),.UNSPECIFIED.,.F.,
  .F.,(2,2),(0.,0.58986775846),.PIECEWISE_BEZIER_KNOTS.);
#2020 = CARTESIAN_POINT('',(-1.630927306994,-12.69567155054,0.));
#2021 = CARTESIAN_POINT('',(-1.044290905833,-12.75732952086,0.));
#2022 = ORIENTED_EDGE('',*,*,#2023,.T.);
#2023 = EDGE_CURVE('',#2017,#2024,#2026,.T.);
#2024 = VERTEX_POINT('',#2025);
#2025 = CARTESIAN_POINT('',(-0.422261063546,-11.26840252648,0.));
#2026 = B_SPLINE_CURVE_WITH_KNOTS('',3,(#2027,#2028,#2029,#2030,#2031,
    #2032,#2033,#2034,#2035,#2036,#2037,#2038,#2039,#2040,#2041,#2042,
    #2043,#2044,#2045,#2046,#2047,#2048),.UNSPECIFIED.,.F.,.F.,(4,1,1,1,
    1,1,1,1,1,1,1,1,1,1,1,1,1,1,1,4),(0.,0.166712883271,0.324414259488,
    0.473104128661,0.612782490802,0.743449345922,0.86510469404,
    0.977748535175,1.081380869354,1.176001696608,1.261611016983,
    1.338208830536,1.405795137351,1.464369937549,1.513933231314,
    1.55448501896,1.586025301063,1.608554078892,1.62207135626,
    1.626577159839),.UNSPECIFIED.);
#2027 = CARTESIAN_POINT('',(-1.044290905833,-12.75732952086,0.));
#2028 = CARTESIAN_POINT('',(-1.014092025338,-12.71068044208,0.));
#2029 = CARTESIAN_POINT('',(-0.956561267966,-12.61909552698,0.));
#2030 = CARTESIAN_POINT('',(-0.87647872223,-12.48321764526,0.));
#2031 = CARTESIAN_POINT('',(-0.804617954177,-12.35302293448,0.));
#2032 = CARTESIAN_POINT('',(-0.740593630351,-12.22886132193,0.));
#2033 = CARTESIAN_POINT('',(-0.684003128642,-12.11106536593,0.));
#2034 = CARTESIAN_POINT('',(-0.634432512697,-11.99994960176,0.));
#2035 = CARTESIAN_POINT('',(-0.591455938731,-11.89581016347,0.));
#2036 = CARTESIAN_POINT('',(-0.554636679319,-11.79892436965,0.));
#2037 = CARTESIAN_POINT('',(-0.523527782144,-11.70955034923,0.));
#2038 = CARTESIAN_POINT('',(-0.497672800354,-11.62792669107,0.));
#2039 = CARTESIAN_POINT('',(-0.476606625205,-11.55427211672,0.));
#2040 = CARTESIAN_POINT('',(-0.459855980659,-11.48878519235,0.));
#2041 = CARTESIAN_POINT('',(-0.446941032451,-11.43164402883,0.));
#2042 = CARTESIAN_POINT('',(-0.437373681019,-11.38300612635,0.));
#2043 = CARTESIAN_POINT('',(-0.430665618009,-11.34300790301,0.));
#2044 = CARTESIAN_POINT('',(-0.426309316058,-11.31176520504,0.));
#2045 = CARTESIAN_POINT('',(-0.423829825797,-11.28937134939,0.));
#2046 = CARTESIAN_POINT('',(-0.422673023719,-11.27590094856,0.));
#2047 = CARTESIAN_POINT('',(-0.42233428042,-11.26990279959,0.));
#2048 = CARTESIAN_POINT('',(-0.422261063546,-11.26840252648,0.));
#2049 = ORIENTED_EDGE('',*,*,#2050,.T.);
#2050 = EDGE_CURVE('',#2024,#2051,#2053,.T.);
#2051 = VERTEX_POINT('',#2052);
#2052 = CARTESIAN_POINT('',(-0.411914101507,-10.99228487499,0.));
#2053 = B_SPLINE_CURVE_WITH_KNOTS('',1,(#2054,#2055),.UNSPECIFIED.,.F.,
  .F.,(2,2),(0.,0.276311449431),.PIECEWISE_BEZIER_KNOTS.);
#2054 = CARTESIAN_POINT('',(-0.422261063546,-11.26840252648,0.));
#2055 = CARTESIAN_POINT('',(-0.411914101507,-10.99228487499,0.));
#2056 = ORIENTED_EDGE('',*,*,#2057,.T.);
#2057 = EDGE_CURVE('',#2051,#2058,#2060,.T.);
#2058 = VERTEX_POINT('',#2059);
#2059 = CARTESIAN_POINT('',(0.411914101507,-10.99228487499,0.));
#2060 = B_SPLINE_CURVE_WITH_KNOTS('',1,(#2061,#2062),.UNSPECIFIED.,.F.,
  .F.,(2,2),(0.,0.823828203015),.PIECEWISE_BEZIER_KNOTS.);
#2061 = CARTESIAN_POINT('',(-0.411914101507,-10.99228487499,0.));
#2062 = CARTESIAN_POINT('',(0.411914101507,-10.99228487499,0.));
#2063 = ORIENTED_EDGE('',*,*,#2064,.T.);
#2064 = EDGE_CURVE('',#2058,#2065,#2067,.T.);
#2065 = VERTEX_POINT('',#2066);
#2066 = CARTESIAN_POINT('',(0.422261063546,-11.26840252648,0.));
#2067 = B_SPLINE_CURVE_WITH_KNOTS('',1,(#2068,#2069),.UNSPECIFIED.,.F.,
  .F.,(2,2),(0.,0.276311449431),.PIECEWISE_BEZIER_KNOTS.);
#2068 = CARTESIAN_POINT('',(0.411914101507,-10.99228487499,0.));
#2069 = CARTESIAN_POINT('',(0.422261063546,-11.26840252648,0.));
#2070 = ORIENTED_EDGE('',*,*,#2071,.T.);
#2071 = EDGE_CURVE('',#2065,#2072,#2074,.T.);
#2072 = VERTEX_POINT('',#2073);
#2073 = CARTESIAN_POINT('',(1.044290905833,-12.75732952086,0.));
#2074 = B_SPLINE_CURVE_WITH_KNOTS('',3,(#2075,#2076,#2077,#2078,#2079,
    #2080,#2081,#2082,#2083,#2084,#2085,#2086,#2087,#2088,#2089,#2090,
    #2091,#2092,#2093,#2094,#2095,#2096),.UNSPECIFIED.,.F.,.F.,(4,1,1,1,
    1,1,1,1,1,1,1,1,1,1,1,1,1,1,1,4),(0.,4.505803579075E-03,
    1.802308094653E-02,4.055185877624E-02,7.209214087878E-02,
    0.112643928524,0.16220722229,0.220782022487,0.288368329302,
    0.364966142856,0.450575463231,0.545196290485,0.648828624664,
    0.761472465799,0.883127813916,1.013794669037,1.153473031177,
    1.302162900351,1.459864276568,1.626577159839),.UNSPECIFIED.);
#2075 = CARTESIAN_POINT('',(0.422261063546,-11.26840252648,0.));
#2076 = CARTESIAN_POINT('',(0.42233428042,-11.26990279959,0.));
#2077 = CARTESIAN_POINT('',(0.422673023719,-11.27590094856,0.));
#2078 = CARTESIAN_POINT('',(0.423829825797,-11.28937134939,0.));
#2079 = CARTESIAN_POINT('',(0.426309316058,-11.31176520504,0.));
#2080 = CARTESIAN_POINT('',(0.430665618009,-11.34300790301,0.));
#2081 = CARTESIAN_POINT('',(0.437373681019,-11.38300612635,0.));
#2082 = CARTESIAN_POINT('',(0.446941032451,-11.43164402883,0.));
#2083 = CARTESIAN_POINT('',(0.459855980659,-11.48878519235,0.));
#2084 = CARTESIAN_POINT('',(0.476606625205,-11.55427211672,0.));
#2085 = CARTESIAN_POINT('',(0.497672800354,-11.62792669107,0.));
#2086 = CARTESIAN_POINT('',(0.523527782144,-11.70955034923,0.));
#2087 = CARTESIAN_POINT('',(0.554636679319,-11.79892436965,0.));
#2088 = CARTESIAN_POINT('',(0.591455938731,-11.89581016347,0.));
#2089 = CARTESIAN_POINT('',(0.634432512697,-11.99994960176,0.));
#2090 = CARTESIAN_POINT('',(0.684003128642,-12.11106536593,0.));
#2091 = CARTESIAN_POINT('',(0.740593630351,-12.22886132193,0.));
#2092 = CARTESIAN_POINT('',(0.804617954177,-12.35302293448,0.));
#2093 = CARTESIAN_POINT('',(0.87647872223,-12.48321764526,0.));
#2094 = CARTESIAN_POINT('',(0.956561267966,-12.61909552698,0.));
#2095 = CARTESIAN_POINT('',(1.014092025338,-12.71068044208,0.));
#2096 = CARTESIAN_POINT('',(1.044290905833,-12.75732952086,0.));
#2097 = ORIENTED_EDGE('',*,*,#2098,.T.);
#2098 = EDGE_CURVE('',#2072,#2099,#2101,.T.);
#2099 = VERTEX_POINT('',#2100);
#2100 = CARTESIAN_POINT('',(1.630927306994,-12.69567155054,0.));
#2101 = B_SPLINE_CURVE_WITH_KNOTS('',1,(#2102,#2103),.UNSPECIFIED.,.F.,
  .F.,(2,2),(0.,0.58986775846),.PIECEWISE_BEZIER_KNOTS.);
#2102 = CARTESIAN_POINT('',(1.044290905833,-12.75732952086,0.));
#2103 = CARTESIAN_POINT('',(1.630927306994,-12.69567155054,0.));
#2104 = ORIENTED_EDGE('',*,*,#2105,.T.);
#2105 = EDGE_CURVE('',#2099,#2106,#2108,.T.);
#2106 = VERTEX_POINT('',#2107);
#2107 = CARTESIAN_POINT('',(1.929798975904,-11.10995390706,0.));
#2108 = B_SPLINE_CURVE_WITH_KNOTS('',3,(#2109,#2110,#2111,#2112,#2113,
    #2114,#2115,#2116,#2117,#2118,#2119,#2120,#2121,#2122,#2123,#2124,
    #2125,#2126,#2127,#2128,#2129,#2130),.UNSPECIFIED.,.F.,.F.,(4,1,1,1,
    1,1,1,1,1,1,1,1,1,1,1,1,1,1,1,4),(0.,0.166712883271,0.324414259488,
    0.473104128661,0.612782490802,0.743449345922,0.86510469404,
    0.977748535175,1.081380869354,1.176001696608,1.261611016983,
    1.338208830536,1.405795137351,1.464369937549,1.513933231314,
    1.55448501896,1.586025301063,1.608554078892,1.62207135626,
    1.626577159839),.UNSPECIFIED.);
#2109 = CARTESIAN_POINT('',(1.630927306994,-12.69567155054,0.));
#2110 = CARTESIAN_POINT('',(1.65076738065,-12.64376316574,0.));
#2111 = CARTESIAN_POINT('',(1.68799937839,-12.54221828374,0.));
#2112 = CARTESIAN_POINT('',(1.73808132823,-12.39265956226,0.));
#2113 = CARTESIAN_POINT('',(1.781302763633,-12.25036922448,0.));
#2114 = CARTESIAN_POINT('',(1.818113351573,-12.11560943565,0.));
#2115 = CARTESIAN_POINT('',(1.84897605866,-11.98862177701,0.));
#2116 = CARTESIAN_POINT('',(1.874361171308,-11.86962784831,0.));
#2117 = CARTESIAN_POINT('',(1.894746797325,-11.75882877445,0.));
#2118 = CARTESIAN_POINT('',(1.910617778369,-11.65640501319,0.));
#2119 = CARTESIAN_POINT('',(1.922464967803,-11.56251612615,0.));
#2120 = CARTESIAN_POINT('',(1.930784443428,-11.47730058777,0.));
#2121 = CARTESIAN_POINT('',(1.936076625018,-11.40087563849,0.));
#2122 = CARTESIAN_POINT('',(1.93884573062,-11.33333710572,0.));
#2123 = CARTESIAN_POINT('',(1.939598140299,-11.27475944499,0.));
#2124 = CARTESIAN_POINT('',(1.938844033606,-11.22519523317,0.));
#2125 = CARTESIAN_POINT('',(1.937089411101,-11.18467638225,0.));
#2126 = CARTESIAN_POINT('',(1.934854795242,-11.15321068609,0.));
#2127 = CARTESIAN_POINT('',(1.932624158299,-11.1307906749,0.));
#2128 = CARTESIAN_POINT('',(1.930955027665,-11.11737412197,0.));
#2129 = CARTESIAN_POINT('',(1.930039283314,-11.11143661825,0.));
#2130 = CARTESIAN_POINT('',(1.929798975904,-11.10995390706,0.));
#2131 = ORIENTED_EDGE('',*,*,#2132,.T.);
#2132 = EDGE_CURVE('',#2106,#2133,#2135,.T.);
#2133 = VERTEX_POINT('',#2134);
#2134 = CARTESIAN_POINT('',(1.882511744212,-10.83771883437,0.));
#2135 = B_SPLINE_CURVE_WITH_KNOTS('',1,(#2136,#2137),.UNSPECIFIED.,.F.,
  .F.,(2,2),(0.,0.276311449431),.PIECEWISE_BEZIER_KNOTS.);
#2136 = CARTESIAN_POINT('',(1.929798975904,-11.10995390706,0.));
#2137 = CARTESIAN_POINT('',(1.882511744212,-10.83771883437,0.));
#2138 = ORIENTED_EDGE('',*,*,#2139,.T.);
#2139 = EDGE_CURVE('',#2133,#2140,#2142,.T.);
#2140 = VERTEX_POINT('',#2141);
#2141 = CARTESIAN_POINT('',(2.688337324408,-10.66643531974,0.));
#2142 = B_SPLINE_CURVE_WITH_KNOTS('',1,(#2143,#2144),.UNSPECIFIED.,.F.,
  .F.,(2,2),(0.,0.823828203015),.PIECEWISE_BEZIER_KNOTS.);
#2143 = CARTESIAN_POINT('',(1.882511744212,-10.83771883437,0.));
#2144 = CARTESIAN_POINT('',(2.688337324408,-10.66643531974,0.));
#2145 = ORIENTED_EDGE('',*,*,#2146,.T.);
#2146 = EDGE_CURVE('',#2140,#2147,#2149,.T.);
#2147 = VERTEX_POINT('',#2148);
#2148 = CARTESIAN_POINT('',(2.755866268287,-10.93436788369,0.));
#2149 = B_SPLINE_CURVE_WITH_KNOTS('',1,(#2150,#2151),.UNSPECIFIED.,.F.,
  .F.,(2,2),(0.,0.276311449431),.PIECEWISE_BEZIER_KNOTS.);
#2150 = CARTESIAN_POINT('',(2.688337324408,-10.66643531974,0.));
#2151 = CARTESIAN_POINT('',(2.755866268287,-10.93436788369,0.));
#2152 = ORIENTED_EDGE('',*,*,#2153,.T.);
#2153 = EDGE_CURVE('',#2147,#2154,#2156,.T.);
#2154 = VERTEX_POINT('',#2155);
#2155 = CARTESIAN_POINT('',(3.673868595012,-12.26143097467,0.));
#2156 = B_SPLINE_CURVE_WITH_KNOTS('',3,(#2157,#2158,#2159,#2160,#2161,
    #2162,#2163,#2164,#2165,#2166,#2167,#2168,#2169,#2170,#2171,#2172,
    #2173,#2174,#2175,#2176,#2177,#2178),.UNSPECIFIED.,.F.,.F.,(4,1,1,1,
    1,1,1,1,1,1,1,1,1,1,1,1,1,1,1,4),(0.,4.505803579075E-03,
    1.802308094653E-02,4.055185877624E-02,7.209214087878E-02,
    0.112643928524,0.16220722229,0.220782022487,0.288368329302,
    0.364966142856,0.450575463231,0.545196290485,0.648828624664,
    0.761472465799,0.883127813916,1.013794669037,1.153473031177,
    1.302162900351,1.459864276568,1.626577159839),.UNSPECIFIED.);
#2157 = CARTESIAN_POINT('',(2.755866268287,-10.93436788369,0.));
#2158 = CARTESIAN_POINT('',(2.756249809515,-10.93582014959,0.));
#2159 = CARTESIAN_POINT('',(2.757828235755,-10.94161679592,0.));
#2160 = CARTESIAN_POINT('',(2.761760412745,-10.9545523235,0.));
#2161 = CARTESIAN_POINT('',(2.768841664587,-10.97594130466,0.));
#2162 = CARTESIAN_POINT('',(2.779598493049,-11.00559554862,0.));
#2163 = CARTESIAN_POINT('',(2.794476067032,-11.04332503009,0.));
#2164 = CARTESIAN_POINT('',(2.813946737423,-11.08891091349,0.));
#2165 = CARTESIAN_POINT('',(2.83845977895,-11.14211823677,0.));
#2166 = CARTESIAN_POINT('',(2.868459878894,-11.20269145989,0.));
#2167 = CARTESIAN_POINT('',(2.904379354662,-11.27035660098,0.));
#2168 = CARTESIAN_POINT('',(2.946639855846,-11.34482103339,0.));
#2169 = CARTESIAN_POINT('',(2.99565085268,-11.42577411362,0.));
#2170 = CARTESIAN_POINT('',(3.051809212145,-11.51288756592,0.));
#2171 = CARTESIAN_POINT('',(3.115498451552,-11.60581597546,0.));
#2172 = CARTESIAN_POINT('',(3.18708809701,-11.70419728301,0.));
#2173 = CARTESIAN_POINT('',(3.266933116866,-11.80765328786,0.));
#2174 = CARTESIAN_POINT('',(3.355373006404,-11.91579026585,0.));
#2175 = CARTESIAN_POINT('',(3.452732446717,-12.02819921605,0.));
#2176 = CARTESIAN_POINT('',(3.559315596822,-12.14445774255,0.));
#2177 = CARTESIAN_POINT('',(3.634630743665,-12.22207999048,0.));
#2178 = CARTESIAN_POINT('',(3.673868595012,-12.26143097467,0.));
#2179 = ORIENTED_EDGE('',*,*,#2180,.T.);
#2180 = EDGE_CURVE('',#2154,#2181,#2183,.T.);
#2181 = VERTEX_POINT('',#2182);
#2182 = CARTESIAN_POINT('',(4.234866170448,-12.07915181287,0.));
#2183 = B_SPLINE_CURVE_WITH_KNOTS('',1,(#2184,#2185),.UNSPECIFIED.,.F.,
  .F.,(2,2),(0.,0.58986775846),.PIECEWISE_BEZIER_KNOTS.);
#2184 = CARTESIAN_POINT('',(3.673868595012,-12.26143097467,0.));
#2185 = CARTESIAN_POINT('',(4.234866170448,-12.07915181287,0.));
#2186 = ORIENTED_EDGE('',*,*,#2187,.T.);
#2187 = EDGE_CURVE('',#2181,#2188,#2190,.T.);
#2188 = VERTEX_POINT('',#2189);
#2189 = CARTESIAN_POINT('',(4.197517539905,-10.46594699044,0.));
#2190 = B_SPLINE_CURVE_WITH_KNOTS('',3,(#2191,#2192,#2193,#2194,#2195,
    #2196,#2197,#2198,#2199,#2200,#2201,#2202,#2203,#2204,#2205,#2206,
    #2207,#2208,#2209,#2210,#2211,#2212),.UNSPECIFIED.,.F.,.F.,(4,1,1,1,
    1,1,1,1,1,1,1,1,1,1,1,1,1,1,1,4),(0.,0.166712883271,0.324414259488,
    0.473104128661,0.612782490802,0.743449345922,0.86510469404,
    0.977748535175,1.081380869354,1.176001696608,1.261611016983,
    1.338208830536,1.405795137351,1.464369937549,1.513933231314,
    1.55448501896,1.586025301063,1.608554078892,1.62207135626,
    1.626577159839),.UNSPECIFIED.);
#2191 = CARTESIAN_POINT('',(4.234866170448,-12.07915181287,0.));
#2192 = CARTESIAN_POINT('',(4.243480330843,-12.02425276756,0.));
#2193 = CARTESIAN_POINT('',(4.258786351991,-11.91718591726,0.));
#2194 = CARTESIAN_POINT('',(4.276678884406,-11.7604827898,0.));
#2195 = CARTESIAN_POINT('',(4.289372003033,-11.61231559559,0.));
#2196 = CARTESIAN_POINT('',(4.297360055758,-11.47284727988,0.));
#2197 = CARTESIAN_POINT('',(4.301146119826,-11.34221788865,0.));
#2198 = CARTESIAN_POINT('',(4.301236277944,-11.2205464011,0.));
#2199 = CARTESIAN_POINT('',(4.298140006335,-11.10793014286,0.));
#2200 = CARTESIAN_POINT('',(4.292369070982,-11.00444482403,0.));
#2201 = CARTESIAN_POINT('',(4.284436773647,-10.91014446524,0.));
#2202 = CARTESIAN_POINT('',(4.274857142101,-10.82506137459,0.));
#2203 = CARTESIAN_POINT('',(4.264144036401,-10.7492061874,0.));
#2204 = CARTESIAN_POINT('',(4.252810579857,-10.68256780418,0.));
#2205 = CARTESIAN_POINT('',(4.241367567094,-10.62511377111,0.));
#2206 = CARTESIAN_POINT('',(4.230324960357,-10.57678944383,0.));
#2207 = CARTESIAN_POINT('',(4.22018433776,-10.53752083356,0.));
#2208 = CARTESIAN_POINT('',(4.211456467527,-10.50720734111,0.));
#2209 = CARTESIAN_POINT('',(4.204613192918,-10.48574103646,0.));
#2210 = CARTESIAN_POINT('',(4.200191078589,-10.47296469917,0.));
#2211 = CARTESIAN_POINT('',(4.198060869011,-10.46734733811,0.));
#2212 = CARTESIAN_POINT('',(4.197517539905,-10.46594699044,0.));
#2213 = ORIENTED_EDGE('',*,*,#2214,.T.);
#2214 = EDGE_CURVE('',#2188,#2215,#2217,.T.);
#2215 = VERTEX_POINT('',#2216);
#2216 = CARTESIAN_POINT('',(4.094662793416,-10.20949247554,0.));
#2217 = B_SPLINE_CURVE_WITH_KNOTS('',1,(#2218,#2219),.UNSPECIFIED.,.F.,
  .F.,(2,2),(0.,0.276311449431),.PIECEWISE_BEZIER_KNOTS.);
#2218 = CARTESIAN_POINT('',(4.197517539905,-10.46594699044,0.));
#2219 = CARTESIAN_POINT('',(4.094662793416,-10.20949247554,0.));
#2220 = ORIENTED_EDGE('',*,*,#2221,.T.);
#2221 = EDGE_CURVE('',#2215,#2222,#2224,.T.);
#2222 = VERTEX_POINT('',#2223);
#2223 = CARTESIAN_POINT('',(4.847267306158,-9.87441135778,0.));
#2224 = B_SPLINE_CURVE_WITH_KNOTS('',1,(#2225,#2226),.UNSPECIFIED.,.F.,
  .F.,(2,2),(0.,0.823828203015),.PIECEWISE_BEZIER_KNOTS.);
#2225 = CARTESIAN_POINT('',(4.094662793416,-10.20949247554,0.));
#2226 = CARTESIAN_POINT('',(4.847267306158,-9.87441135778,0.));
#2227 = ORIENTED_EDGE('',*,*,#2228,.T.);
#2228 = EDGE_CURVE('',#2222,#2229,#2231,.T.);
#2229 = VERTEX_POINT('',#2230);
#2230 = CARTESIAN_POINT('',(4.969026892989,-10.12244889546,0.));
#2231 = B_SPLINE_CURVE_WITH_KNOTS('',1,(#2232,#2233),.UNSPECIFIED.,.F.,
  .F.,(2,2),(0.,0.276311449431),.PIECEWISE_BEZIER_KNOTS.);
#2232 = CARTESIAN_POINT('',(4.847267306158,-9.87441135778,0.));
#2233 = CARTESIAN_POINT('',(4.969026892989,-10.12244889546,0.));
#2234 = ORIENTED_EDGE('',*,*,#2235,.T.);
#2235 = EDGE_CURVE('',#2229,#2236,#2238,.T.);
#2236 = VERTEX_POINT('',#2237);
#2237 = CARTESIAN_POINT('',(6.142880597411,-11.229649058,0.));
#2238 = B_SPLINE_CURVE_WITH_KNOTS('',3,(#2239,#2240,#2241,#2242,#2243,
    #2244,#2245,#2246,#2247,#2248,#2249,#2250,#2251,#2252,#2253,#2254,
    #2255,#2256,#2257,#2258,#2259,#2260),.UNSPECIFIED.,.F.,.F.,(4,1,1,1,
    1,1,1,1,1,1,1,1,1,1,1,1,1,1,1,4),(0.,4.505803579075E-03,
    1.802308094653E-02,4.055185877624E-02,7.209214087878E-02,
    0.112643928524,0.16220722229,0.220782022487,0.288368329302,
    0.364966142856,0.450575463231,0.545196290485,0.648828624664,
    0.761472465799,0.883127813916,1.013794669037,1.153473031177,
    1.302162900351,1.459864276568,1.626577159839),.UNSPECIFIED.);
#2239 = CARTESIAN_POINT('',(4.969026892989,-10.12244889546,0.));
#2240 = CARTESIAN_POINT('',(4.96970399598,-10.12378968316,0.));
#2241 = CARTESIAN_POINT('',(4.972453120361,-10.1291314856,0.));
#2242 = CARTESIAN_POINT('',(4.978988817259,-10.14096679529,0.));
#2243 = CARTESIAN_POINT('',(4.990362345997,-10.16041610086,0.));
#2244 = CARTESIAN_POINT('',(5.007049575949,-10.18718585804,0.));
#2245 = CARTESIAN_POINT('',(5.029446439531,-10.22099763826,0.));
#2246 = CARTESIAN_POINT('',(5.057969467154,-10.26153918073,0.));
#2247 = CARTESIAN_POINT('',(5.093009264459,-10.30848724843,0.));
#2248 = CARTESIAN_POINT('',(5.134947671478,-10.36149942979,0.));
#2249 = CARTESIAN_POINT('',(5.184150594413,-10.42021784626,0.));
#2250 = CARTESIAN_POINT('',(5.240969628302,-10.48426859991,0.));
#2251 = CARTESIAN_POINT('',(5.305740709051,-10.55326270188,0.));
#2252 = CARTESIAN_POINT('',(5.378783778782,-10.62679653677,0.));
#2253 = CARTESIAN_POINT('',(5.460402158254,-10.70445250015,0.));
#2254 = CARTESIAN_POINT('',(5.550882022194,-10.78579961586,0.));
#2255 = CARTESIAN_POINT('',(5.65049194969,-10.8703941457,0.));
#2256 = CARTESIAN_POINT('',(5.759482157385,-10.95778038431,0.));
#2257 = CARTESIAN_POINT('',(5.878085195234,-11.04749076338,0.));
#2258 = CARTESIAN_POINT('',(6.006510754606,-11.1390488792,0.));
#2259 = CARTESIAN_POINT('',(6.0963186576,-11.19931599525,0.));
#2260 = CARTESIAN_POINT('',(6.142880597411,-11.229649058,0.));
#2261 = ORIENTED_EDGE('',*,*,#2262,.T.);
#2262 = EDGE_CURVE('',#2236,#2263,#2265,.T.);
#2263 = VERTEX_POINT('',#2264);
#2264 = CARTESIAN_POINT('',(6.653721061111,-10.93471517877,0.));
#2265 = B_SPLINE_CURVE_WITH_KNOTS('',1,(#2266,#2267),.UNSPECIFIED.,.F.,
  .F.,(2,2),(0.,0.58986775846),.PIECEWISE_BEZIER_KNOTS.);
#2266 = CARTESIAN_POINT('',(6.142880597411,-11.229649058,0.));
#2267 = CARTESIAN_POINT('',(6.653721061111,-10.93471517877,0.));
#2268 = ORIENTED_EDGE('',*,*,#2269,.T.);
#2269 = EDGE_CURVE('',#2263,#2270,#2272,.T.);
#2270 = VERTEX_POINT('',#2271);
#2271 = CARTESIAN_POINT('',(6.281784445488,-9.36452796915,0.));
#2272 = B_SPLINE_CURVE_WITH_KNOTS('',3,(#2273,#2274,#2275,#2276,#2277,
    #2278,#2279,#2280,#2281,#2282,#2283,#2284,#2285,#2286,#2287,#2288,
    #2289,#2290,#2291,#2292,#2293,#2294),.UNSPECIFIED.,.F.,.F.,(4,1,1,1,
    1,1,1,1,1,1,1,1,1,1,1,1,1,1,1,4),(0.,0.166712883271,0.324414259488,
    0.473104128661,0.612782490802,0.743449345922,0.86510469404,
    0.977748535175,1.081380869354,1.176001696608,1.261611016983,
    1.338208830536,1.405795137351,1.464369937549,1.513933231314,
    1.55448501896,1.586025301063,1.608554078892,1.62207135626,
    1.626577159839),.UNSPECIFIED.);
#2273 = CARTESIAN_POINT('',(6.653721061111,-10.93471517877,0.));
#2274 = CARTESIAN_POINT('',(6.6507328281,-10.87922482467,0.));
#2275 = CARTESIAN_POINT('',(6.643443926086,-10.77131534119,0.));
#2276 = CARTESIAN_POINT('',(6.628365051552,-10.61431648637,0.));
#2277 = CARTESIAN_POINT('',(6.609975103211,-10.46674805309,0.));
#2278 = CARTESIAN_POINT('',(6.588791504484,-10.32866664516,0.));
#2279 = CARTESIAN_POINT('',(6.565335456367,-10.20010465256,0.));
#2280 = CARTESIAN_POINT('',(6.540126719612,-10.081073234,0.));
#2281 = CARTESIAN_POINT('',(6.513683872304,-9.971561662276,0.));
#2282 = CARTESIAN_POINT('',(6.486523238121,-9.871537590876,0.));
#2283 = CARTESIAN_POINT('',(6.459158133474,-9.780947138529,0.));
#2284 = CARTESIAN_POINT('',(6.432098070624,-9.699715034937,0.));
#2285 = CARTESIAN_POINT('',(6.40584789176,-9.627744845501,0.));
#2286 = CARTESIAN_POINT('',(6.380907199505,-9.564919028949,0.));
#2287 = CARTESIAN_POINT('',(6.357768878868,-9.511099640488,0.));
#2288 = CARTESIAN_POINT('',(6.336920386988,-9.466127202737,0.));
#2289 = CARTESIAN_POINT('',(6.318836958167,-9.429825059803,0.));
#2290 = CARTESIAN_POINT('',(6.30399728337,-9.401988616155,0.));
#2291 = CARTESIAN_POINT('',(6.292840455034,-9.382414198555,0.));
#2292 = CARTESIAN_POINT('',(6.285858624626,-9.370836464162,0.));
#2293 = CARTESIAN_POINT('',(6.282607050202,-9.365784751391,0.));
#2294 = CARTESIAN_POINT('',(6.281784445488,-9.36452796915,0.));
#2295 = ORIENTED_EDGE('',*,*,#2296,.T.);
#2296 = EDGE_CURVE('',#2270,#2297,#2299,.T.);
#2297 = VERTEX_POINT('',#2298);
#2298 = CARTESIAN_POINT('',(6.127857430176,-9.135062304957,0.));
#2299 = B_SPLINE_CURVE_WITH_KNOTS('',1,(#2300,#2301),.UNSPECIFIED.,.F.,
  .F.,(2,2),(0.,0.276311449431),.PIECEWISE_BEZIER_KNOTS.);
#2300 = CARTESIAN_POINT('',(6.281784445488,-9.36452796915,0.));
#2301 = CARTESIAN_POINT('',(6.127857430176,-9.135062304957,0.));
#2302 = ORIENTED_EDGE('',*,*,#2303,.T.);
#2303 = EDGE_CURVE('',#2297,#2304,#2306,.T.);
#2304 = VERTEX_POINT('',#2305);
#2305 = CARTESIAN_POINT('',(6.79434844686,-8.650828236802,0.));
#2306 = B_SPLINE_CURVE_WITH_KNOTS('',1,(#2307,#2308),.UNSPECIFIED.,.F.,
  .F.,(2,2),(0.,0.823828203015),.PIECEWISE_BEZIER_KNOTS.);
#2307 = CARTESIAN_POINT('',(6.127857430176,-9.135062304957,0.));
#2308 = CARTESIAN_POINT('',(6.79434844686,-8.650828236802,0.));
#2309 = ORIENTED_EDGE('',*,*,#2310,.T.);
#2310 = EDGE_CURVE('',#2304,#2311,#2313,.T.);
#2311 = VERTEX_POINT('',#2312);
#2312 = CARTESIAN_POINT('',(6.965017198432,-8.86813031761,0.));
#2313 = B_SPLINE_CURVE_WITH_KNOTS('',1,(#2314,#2315),.UNSPECIFIED.,.F.,
  .F.,(2,2),(0.,0.276311449431),.PIECEWISE_BEZIER_KNOTS.);
#2314 = CARTESIAN_POINT('',(6.79434844686,-8.650828236802,0.));
#2315 = CARTESIAN_POINT('',(6.965017198432,-8.86813031761,0.));
#2316 = ORIENTED_EDGE('',*,*,#2317,.T.);
#2317 = EDGE_CURVE('',#2311,#2318,#2320,.T.);
#2318 = VERTEX_POINT('',#2319);
#2319 = CARTESIAN_POINT('',(8.343419240892,-9.707077591671,0.));
#2320 = B_SPLINE_CURVE_WITH_KNOTS('',3,(#2321,#2322,#2323,#2324,#2325,
    #2326,#2327,#2328,#2329,#2330,#2331,#2332,#2333,#2334,#2335,#2336,
    #2337,#2338,#2339,#2340,#2341,#2342),.UNSPECIFIED.,.F.,.F.,(4,1,1,1,
    1,1,1,1,1,1,1,1,1,1,1,1,1,1,1,4),(0.,4.505803579075E-03,
    1.802308094653E-02,4.055185877624E-02,7.209214087878E-02,
    0.112643928524,0.16220722229,0.220782022487,0.288368329302,
    0.364966142856,0.450575463231,0.545196290485,0.648828624664,
    0.761472465799,0.883127813916,1.013794669037,1.153473031177,
    1.302162900351,1.459864276568,1.626577159839),.UNSPECIFIED.);
#2321 = CARTESIAN_POINT('',(6.965017198432,-8.86813031761,0.));
#2322 = CARTESIAN_POINT('',(6.965958270536,-8.869301028254,0.));
#2323 = CARTESIAN_POINT('',(6.96975794313,-8.873954524395,0.));
#2324 = CARTESIAN_POINT('',(6.97861151862,-8.884172356384,0.));
#2325 = CARTESIAN_POINT('',(6.993780246472,-8.900831958368,0.));
#2326 = CARTESIAN_POINT('',(7.015668565891,-8.923547261933,0.));
#2327 = CARTESIAN_POINT('',(7.044605868662,-8.951963603849,0.));
#2328 = CARTESIAN_POINT('',(7.080934660341,-8.98568894545,0.));
#2329 = CARTESIAN_POINT('',(7.124969806141,-9.024325901729,0.));
#2330 = CARTESIAN_POINT('',(7.177013610605,-9.06746015462,0.));
#2331 = CARTESIAN_POINT('',(7.237349576874,-9.114665569906,0.));
#2332 = CARTESIAN_POINT('',(7.306243879037,-9.165503319509,0.));
#2333 = CARTESIAN_POINT('',(7.383944236667,-9.219523069907,0.));
#2334 = CARTESIAN_POINT('',(7.470679684019,-9.276263505942,0.));
#2335 = CARTESIAN_POINT('',(7.566660088723,-9.335253084929,0.));
#2336 = CARTESIAN_POINT('',(7.672075766921,-9.396010749486,0.));
#2337 = CARTESIAN_POINT('',(7.787097170244,-9.458046617439,0.));
#2338 = CARTESIAN_POINT('',(7.911874301027,-9.520862918704,0.));
#2339 = CARTESIAN_POINT('',(8.046537414537,-9.583953952626,0.));
#2340 = CARTESIAN_POINT('',(8.191192569977,-9.646810128747,0.));
#2341 = CARTESIAN_POINT('',(8.291568192816,-9.687088150752,0.));
#2342 = CARTESIAN_POINT('',(8.343419240892,-9.707077591671,0.));
#2343 = ORIENTED_EDGE('',*,*,#2344,.T.);
#2344 = EDGE_CURVE('',#2318,#2345,#2347,.T.);
#2345 = VERTEX_POINT('',#2346);
#2346 = CARTESIAN_POINT('',(8.781776413307,-9.312379020781,0.));
#2347 = B_SPLINE_CURVE_WITH_KNOTS('',1,(#2348,#2349),.UNSPECIFIED.,.F.,
  .F.,(2,2),(0.,0.58986775846),.PIECEWISE_BEZIER_KNOTS.);
#2348 = CARTESIAN_POINT('',(8.343419240892,-9.707077591671,0.));
#2349 = CARTESIAN_POINT('',(8.781776413307,-9.312379020781,0.));
#2350 = ORIENTED_EDGE('',*,*,#2351,.T.);
#2351 = EDGE_CURVE('',#2345,#2352,#2354,.T.);
#2352 = VERTEX_POINT('',#2353);
#2353 = CARTESIAN_POINT('',(8.091507227457,-7.853834139614,0.));
#2354 = B_SPLINE_CURVE_WITH_KNOTS('',3,(#2355,#2356,#2357,#2358,#2359,
    #2360,#2361,#2362,#2363,#2364,#2365,#2366,#2367,#2368,#2369,#2370,
    #2371,#2372,#2373,#2374,#2375,#2376),.UNSPECIFIED.,.F.,.F.,(4,1,1,1,
    1,1,1,1,1,1,1,1,1,1,1,1,1,1,1,4),(0.,0.166712883271,0.324414259488,
    0.473104128661,0.612782490802,0.743449345922,0.86510469404,
    0.977748535175,1.081380869354,1.176001696608,1.261611016983,
    1.338208830536,1.405795137351,1.464369937549,1.513933231314,
    1.55448501896,1.586025301063,1.608554078892,1.62207135626,
    1.626577159839),.UNSPECIFIED.);
#2355 = CARTESIAN_POINT('',(8.781776413307,-9.312379020781,0.));
#2356 = CARTESIAN_POINT('',(8.767316387012,-9.258722552632,0.));
#2357 = CARTESIAN_POINT('',(8.73775112183,-9.154686598213,0.));
#2358 = CARTESIAN_POINT('',(8.690359859521,-9.004253619353,0.));
#2359 = CARTESIAN_POINT('',(8.641690573198,-8.863733395647,0.));
#2360 = CARTESIAN_POINT('',(8.592261147935,-8.733073715602,0.));
#2361 = CARTESIAN_POINT('',(8.54258812949,-8.612197897617,0.));
#2362 = CARTESIAN_POINT('',(8.493182240623,-8.501008792227,0.));
#2363 = CARTESIAN_POINT('',(8.44454849693,-8.399388088181,0.));
#2364 = CARTESIAN_POINT('',(8.397185213962,-8.307196796102,0.));
#2365 = CARTESIAN_POINT('',(8.351583288388,-8.224275487666,0.));
#2366 = CARTESIAN_POINT('',(8.30822544883,-8.150444603856,0.));
#2367 = CARTESIAN_POINT('',(8.267585455581,-8.085504854806,0.));
#2368 = CARTESIAN_POINT('',(8.230127555544,-8.029237394579,0.));
#2369 = CARTESIAN_POINT('',(8.196305182675,-7.98140481625,0.));
#2370 = CARTESIAN_POINT('',(8.166561984791,-7.941749779362,0.));
#2371 = CARTESIAN_POINT('',(8.141326082358,-7.910000681612,0.));
#2372 = CARTESIAN_POINT('',(8.121023167995,-7.885857872922,0.));
#2373 = CARTESIAN_POINT('',(8.106040392866,-7.869030838355,0.));
#2374 = CARTESIAN_POINT('',(8.09680398587,-7.859157709402,0.));
#2375 = CARTESIAN_POINT('',(8.092573156005,-7.854892429011,0.));
#2376 = CARTESIAN_POINT('',(8.091507227457,-7.853834139614,0.));
#2377 = ORIENTED_EDGE('',*,*,#2378,.T.);
#2378 = EDGE_CURVE('',#2352,#2379,#2381,.T.);
#2379 = VERTEX_POINT('',#2380);
#2380 = CARTESIAN_POINT('',(7.893235292514,-7.661386076749,0.));
#2381 = B_SPLINE_CURVE_WITH_KNOTS('',1,(#2382,#2383),.UNSPECIFIED.,.F.,
  .F.,(2,2),(0.,0.276311449431),.PIECEWISE_BEZIER_KNOTS.);
#2382 = CARTESIAN_POINT('',(8.091507227457,-7.853834139614,0.));
#2383 = CARTESIAN_POINT('',(7.893235292514,-7.661386076749,0.));
#2384 = ORIENTED_EDGE('',*,*,#2385,.T.);
#2385 = EDGE_CURVE('',#2379,#2386,#2388,.T.);
#2386 = VERTEX_POINT('',#2387);
#2387 = CARTESIAN_POINT('',(8.444483957533,-7.049162410596,0.));
#2388 = B_SPLINE_CURVE_WITH_KNOTS('',1,(#2389,#2390),.UNSPECIFIED.,.F.,
  .F.,(2,2),(0.,0.823828203015),.PIECEWISE_BEZIER_KNOTS.);
#2389 = CARTESIAN_POINT('',(7.893235292514,-7.661386076749,0.));
#2390 = CARTESIAN_POINT('',(8.444483957533,-7.049162410596,0.));
#2391 = ORIENTED_EDGE('',*,*,#2392,.T.);
#2392 = EDGE_CURVE('',#2386,#2393,#2395,.T.);
#2393 = VERTEX_POINT('',#2394);
#2394 = CARTESIAN_POINT('',(8.656602830442,-7.226231890864,0.));
#2395 = B_SPLINE_CURVE_WITH_KNOTS('',1,(#2396,#2397),.UNSPECIFIED.,.F.,
  .F.,(2,2),(0.,0.276311449431),.PIECEWISE_BEZIER_KNOTS.);
#2396 = CARTESIAN_POINT('',(8.444483957533,-7.049162410596,0.));
#2397 = CARTESIAN_POINT('',(8.656602830442,-7.226231890864,0.));
#2398 = ORIENTED_EDGE('',*,*,#2399,.T.);
#2399 = EDGE_CURVE('',#2393,#2400,#2402,.T.);
#2400 = VERTEX_POINT('',#2401);
#2401 = CARTESIAN_POINT('',(10.179310427378,-7.760260254855,0.));
#2402 = B_SPLINE_CURVE_WITH_KNOTS('',3,(#2403,#2404,#2405,#2406,#2407,
    #2408,#2409,#2410,#2411,#2412,#2413,#2414,#2415,#2416,#2417,#2418,
    #2419,#2420,#2421,#2422,#2423,#2424),.UNSPECIFIED.,.F.,.F.,(4,1,1,1,
    1,1,1,1,1,1,1,1,1,1,1,1,1,1,1,4),(0.,4.505803579075E-03,
    1.802308094653E-02,4.055185877624E-02,7.209214087878E-02,
    0.112643928524,0.16220722229,0.220782022487,0.288368329302,
    0.364966142856,0.450575463231,0.545196290485,0.648828624664,
    0.761472465799,0.883127813916,1.013794669037,1.153473031177,
    1.302162900351,1.459864276568,1.626577159839),.UNSPECIFIED.);
#2403 = CARTESIAN_POINT('',(8.656602830442,-7.226231890864,0.));
#2404 = CARTESIAN_POINT('',(8.657766742292,-7.227181358779,0.));
#2405 = CARTESIAN_POINT('',(8.662450899175,-7.230943168511,0.));
#2406 = CARTESIAN_POINT('',(8.673235409524,-7.239096954506,0.));
#2407 = CARTESIAN_POINT('',(8.691536390295,-7.25223874836,0.));
#2408 = CARTESIAN_POINT('',(8.717669174591,-7.269906830543,0.));
#2409 = CARTESIAN_POINT('',(8.751882217562,-7.291685803664,0.));
#2410 = CARTESIAN_POINT('',(8.794429030776,-7.317120985131,0.));
#2411 = CARTESIAN_POINT('',(8.845534977897,-7.345758209596,0.));
#2412 = CARTESIAN_POINT('',(8.905409615817,-7.377129360188,0.));
#2413 = CARTESIAN_POINT('',(8.974241654168,-7.410758671128,0.));
#2414 = CARTESIAN_POINT('',(9.052200213012,-7.446161563078,0.));
#2415 = CARTESIAN_POINT('',(9.139433969046,-7.48284603959,0.));
#2416 = CARTESIAN_POINT('',(9.236071038765,-7.52031324745,0.));
#2417 = CARTESIAN_POINT('',(9.342218664452,-7.558058314376,0.));
#2418 = CARTESIAN_POINT('',(9.457962985929,-7.595571126296,0.));
#2419 = CARTESIAN_POINT('',(9.58336887782,-7.632337067249,0.));
#2420 = CARTESIAN_POINT('',(9.718479572329,-7.667838057382,0.));
#2421 = CARTESIAN_POINT('',(9.863317337254,-7.70155236522,0.));
#2422 = CARTESIAN_POINT('',(10.017879964337,-7.732959485131,0.));
#2423 = CARTESIAN_POINT('',(10.124436410648,-7.751488070256,0.));
#2424 = CARTESIAN_POINT('',(10.179310427378,-7.760260254855,0.));
#2425 = ORIENTED_EDGE('',*,*,#2426,.T.);
#2426 = EDGE_CURVE('',#2400,#2427,#2429,.T.);
#2427 = VERTEX_POINT('',#2428);
#2428 = CARTESIAN_POINT('',(10.526025996604,-7.283047213826,0.));
#2429 = B_SPLINE_CURVE_WITH_KNOTS('',1,(#2430,#2431),.UNSPECIFIED.,.F.,
  .F.,(2,2),(0.,0.58986775846),.PIECEWISE_BEZIER_KNOTS.);
#2430 = CARTESIAN_POINT('',(10.179310427378,-7.760260254855,0.));
#2431 = CARTESIAN_POINT('',(10.526025996604,-7.283047213826,0.));
#2432 = ORIENTED_EDGE('',*,*,#2433,.T.);
#2433 = EDGE_CURVE('',#2427,#2434,#2436,.T.);
#2434 = VERTEX_POINT('',#2435);
#2435 = CARTESIAN_POINT('',(9.547592316227,-5.9998900713,0.));
#2436 = B_SPLINE_CURVE_WITH_KNOTS('',3,(#2437,#2438,#2439,#2440,#2441,
    #2442,#2443,#2444,#2445,#2446,#2447,#2448,#2449,#2450,#2451,#2452,
    #2453,#2454,#2455,#2456,#2457,#2458),.UNSPECIFIED.,.F.,.F.,(4,1,1,1,
    1,1,1,1,1,1,1,1,1,1,1,1,1,1,1,4),(0.,0.166712883271,0.324414259488,
    0.473104128661,0.612782490802,0.743449345922,0.86510469404,
    0.977748535175,1.081380869354,1.176001696608,1.261611016983,
    1.338208830536,1.405795137351,1.464369937549,1.513933231314,
    1.55448501896,1.586025301063,1.608554078892,1.62207135626,
    1.626577159839),.UNSPECIFIED.);
#2437 = CARTESIAN_POINT('',(10.526025996604,-7.283047213826,0.));
#2438 = CARTESIAN_POINT('',(10.50072614956,-7.233569676759,0.));
#2439 = CARTESIAN_POINT('',(10.450176665168,-7.137954121827,0.));
#2440 = CARTESIAN_POINT('',(10.372544240655,-7.000661661961,0.));
#2441 = CARTESIAN_POINT('',(10.295722697704,-6.873331055899,0.));
#2442 = CARTESIAN_POINT('',(10.220207748978,-6.755803558733,0.));
#2443 = CARTESIAN_POINT('',(10.146488709469,-6.647896768637,0.));
#2444 = CARTESIAN_POINT('',(10.075044942909,-6.549409473862,0.));
#2445 = CARTESIAN_POINT('',(10.0063458308,-6.460120949897,0.));
#2446 = CARTESIAN_POINT('',(9.940849901788,-6.379791638986,0.));
#2447 = CARTESIAN_POINT('',(9.879004178257,-6.30816353354,0.));
#2448 = CARTESIAN_POINT('',(9.821243507632,-6.244960633414,0.));
#2449 = CARTESIAN_POINT('',(9.767989862716,-6.1898895034,0.));
#2450 = CARTESIAN_POINT('',(9.719651844873,-6.142639557511,0.));
#2451 = CARTESIAN_POINT('',(9.676623619763,-6.102884302512,0.));
#2452 = CARTESIAN_POINT('',(9.639285636346,-6.070279781885,0.));
#2453 = CARTESIAN_POINT('',(9.608000190334,-6.044471317239,0.));
#2454 = CARTESIAN_POINT('',(9.583121371186,-6.025077300099,0.));
#2455 = CARTESIAN_POINT('',(9.564967468433,-6.011733070719,0.));
#2456 = CARTESIAN_POINT('',(9.553880160156,-6.003996050318,0.));
#2457 = CARTESIAN_POINT('',(9.548854982416,-6.000703615528,0.));
#2458 = CARTESIAN_POINT('',(9.547592316227,-5.9998900713,0.));
#2459 = ORIENTED_EDGE('',*,*,#2460,.T.);
#2460 = EDGE_CURVE('',#2434,#2461,#2463,.T.);
#2461 = VERTEX_POINT('',#2462);
#2462 = CARTESIAN_POINT('',(9.313640896625,-5.852870513578,0.));
#2463 = B_SPLINE_CURVE_WITH_KNOTS('',1,(#2464,#2465),.UNSPECIFIED.,.F.,
  .F.,(2,2),(0.,0.276311449431),.PIECEWISE_BEZIER_KNOTS.);
#2464 = CARTESIAN_POINT('',(9.547592316227,-5.9998900713,0.));
#2465 = CARTESIAN_POINT('',(9.313640896625,-5.852870513578,0.));
#2466 = ORIENTED_EDGE('',*,*,#2467,.T.);
#2467 = EDGE_CURVE('',#2461,#2468,#2470,.T.);
#2468 = VERTEX_POINT('',#2469);
#2469 = CARTESIAN_POINT('',(9.725554998132,-5.139414361414,0.));
#2470 = B_SPLINE_CURVE_WITH_KNOTS('',1,(#2471,#2472),.UNSPECIFIED.,.F.,
  .F.,(2,2),(0.,0.823828203015),.PIECEWISE_BEZIER_KNOTS.);
#2471 = CARTESIAN_POINT('',(9.313640896625,-5.852870513578,0.));
#2472 = CARTESIAN_POINT('',(9.725554998132,-5.139414361414,0.));
#2473 = ORIENTED_EDGE('',*,*,#2474,.T.);
#2474 = EDGE_CURVE('',#2468,#2475,#2477,.T.);
#2475 = VERTEX_POINT('',#2476);
#2476 = CARTESIAN_POINT('',(9.969853379774,-5.26851245518,0.));
#2477 = B_SPLINE_CURVE_WITH_KNOTS('',1,(#2478,#2479),.UNSPECIFIED.,.F.,
  .F.,(2,2),(0.,0.276311449431),.PIECEWISE_BEZIER_KNOTS.);
#2478 = CARTESIAN_POINT('',(9.725554998132,-5.139414361414,0.));
#2479 = CARTESIAN_POINT('',(9.969853379774,-5.26851245518,0.));
#2480 = ORIENTED_EDGE('',*,*,#2481,.T.);
#2481 = EDGE_CURVE('',#2475,#2482,#2484,.T.);
#2482 = VERTEX_POINT('',#2483);
#2483 = CARTESIAN_POINT('',(11.570316902437,-5.474282307041,0.));
#2484 = B_SPLINE_CURVE_WITH_KNOTS('',3,(#2485,#2486,#2487,#2488,#2489,
    #2490,#2491,#2492,#2493,#2494,#2495,#2496,#2497,#2498,#2499,#2500,
    #2501,#2502,#2503,#2504,#2505,#2506),.UNSPECIFIED.,.F.,.F.,(4,1,1,1,
    1,1,1,1,1,1,1,1,1,1,1,1,1,1,1,4),(0.,4.505803579075E-03,
    1.802308094653E-02,4.055185877624E-02,7.209214087878E-02,
    0.112643928524,0.16220722229,0.220782022487,0.288368329302,
    0.364966142856,0.450575463231,0.545196290485,0.648828624664,
    0.761472465799,0.883127813916,1.013794669037,1.153473031177,
    1.302162900351,1.459864276568,1.626577159839),.UNSPECIFIED.);
#2485 = CARTESIAN_POINT('',(9.969853379774,-5.26851245518,0.));
#2486 = CARTESIAN_POINT('',(9.971189262836,-5.269199184062,0.));
#2487 = CARTESIAN_POINT('',(9.976553183875,-5.271904898249,0.));
#2488 = CARTESIAN_POINT('',(9.98879729423,-5.277638278675,0.));
#2489 = CARTESIAN_POINT('',(10.009430687243,-5.286687904947,0.));
#2490 = CARTESIAN_POINT('',(10.038665808343,-5.298536585775,0.));
#2491 = CARTESIAN_POINT('',(10.076659317365,-5.312726344467,0.));
#2492 = CARTESIAN_POINT('',(10.123564652214,-5.328759726319,0.));
#2493 = CARTESIAN_POINT('',(10.179507825532,-5.346145634845,0.));
#2494 = CARTESIAN_POINT('',(10.244596487921,-5.364382613321,0.));
#2495 = CARTESIAN_POINT('',(10.318916307987,-5.382966057656,0.));
#2496 = CARTESIAN_POINT('',(10.402531960401,-5.401386815693,0.));
#2497 = CARTESIAN_POINT('',(10.495486581108,-5.419132730664,0.));
#2498 = CARTESIAN_POINT('',(10.597801769531,-5.435689213577,0.));
#2499 = CARTESIAN_POINT('',(10.709477455605,-5.450540127898,0.));
#2500 = CARTESIAN_POINT('',(10.83049183811,-5.463168597294,0.));
#2501 = CARTESIAN_POINT('',(10.960801379329,-5.473057763203,0.));
#2502 = CARTESIAN_POINT('',(11.100340651881,-5.479691878583,0.));
#2503 = CARTESIAN_POINT('',(11.249022962886,-5.482555983305,0.));
#2504 = CARTESIAN_POINT('',(11.406737933135,-5.481141405158,0.));
#2505 = CARTESIAN_POINT('',(11.514818174898,-5.477110765323,0.));
#2506 = CARTESIAN_POINT('',(11.570316902437,-5.474282307041,0.));
#2507 = ORIENTED_EDGE('',*,*,#2508,.T.);
#2508 = EDGE_CURVE('',#2482,#2509,#2511,.T.);
#2509 = VERTEX_POINT('',#2510);
#2510 = CARTESIAN_POINT('',(11.810237734372,-4.93541129569,0.));
#2511 = B_SPLINE_CURVE_WITH_KNOTS('',1,(#2512,#2513),.UNSPECIFIED.,.F.,
  .F.,(2,2),(0.,0.58986775846),.PIECEWISE_BEZIER_KNOTS.);
#2512 = CARTESIAN_POINT('',(11.570316902437,-5.474282307041,0.));
#2513 = CARTESIAN_POINT('',(11.810237734372,-4.93541129569,0.));
#2514 = ORIENTED_EDGE('',*,*,#2515,.T.);
#2515 = EDGE_CURVE('',#2509,#2516,#2518,.T.);
#2516 = VERTEX_POINT('',#2517);
#2517 = CARTESIAN_POINT('',(10.586401806347,-3.883722016203,0.));
#2518 = B_SPLINE_CURVE_WITH_KNOTS('',3,(#2519,#2520,#2521,#2522,#2523,
    #2524,#2525,#2526,#2527,#2528,#2529,#2530,#2531,#2532,#2533,#2534,
    #2535,#2536,#2537,#2538,#2539,#2540),.UNSPECIFIED.,.F.,.F.,(4,1,1,1,
    1,1,1,1,1,1,1,1,1,1,1,1,1,1,1,4),(0.,0.166712883271,0.324414259488,
    0.473104128661,0.612782490802,0.743449345922,0.86510469404,
    0.977748535175,1.081380869354,1.176001696608,1.261611016983,
    1.338208830536,1.405795137351,1.464369937549,1.513933231314,
    1.55448501896,1.586025301063,1.608554078892,1.62207135626,
    1.626577159839),.UNSPECIFIED.);
#2519 = CARTESIAN_POINT('',(11.810237734372,-4.93541129569,0.));
#2520 = CARTESIAN_POINT('',(11.775203791298,-4.892275095493,0.));
#2521 = CARTESIAN_POINT('',(11.705879342728,-4.809258798614,0.));
#2522 = CARTESIAN_POINT('',(11.601398665484,-4.69110719704,0.));
#2523 = CARTESIAN_POINT('',(11.499782335962,-4.582531167106,0.));
#2524 = CARTESIAN_POINT('',(11.401482229393,-4.483272368405,0.));
#2525 = CARTESIAN_POINT('',(11.306939044589,-4.393050650719,0.));
#2526 = CARTESIAN_POINT('',(11.21657983576,-4.311569533936,0.));
#2527 = CARTESIAN_POINT('',(11.13081783609,-4.238515527003,0.));
#2528 = CARTESIAN_POINT('',(11.050051747416,-4.17355897361,0.));
#2529 = CARTESIAN_POINT('',(10.974665180815,-4.116354563072,0.));
#2530 = CARTESIAN_POINT('',(10.905026097597,-4.066541916646,0.));
#2531 = CARTESIAN_POINT('',(10.841486240835,-4.02374627831,0.));
#2532 = CARTESIAN_POINT('',(10.784380708517,-3.987578896124,0.));
#2533 = CARTESIAN_POINT('',(10.734027171075,-3.957638459866,0.));
#2534 = CARTESIAN_POINT('',(10.690726251168,-3.933509429506,0.));
#2535 = CARTESIAN_POINT('',(10.654758585692,-3.914769551712,0.));
#2536 = CARTESIAN_POINT('',(10.626391185537,-3.900971937732,0.));
#2537 = CARTESIAN_POINT('',(10.605859567823,-3.891693720397,0.));
#2538 = CARTESIAN_POINT('',(10.59340592684,-3.886430953465,0.));
#2539 = CARTESIAN_POINT('',(10.587806025606,-3.884255259476,0.));
#2540 = CARTESIAN_POINT('',(10.586401806347,-3.883722016203,0.));
#2541 = ORIENTED_EDGE('',*,*,#2542,.T.);
#2542 = EDGE_CURVE('',#2516,#2543,#2545,.T.);
#2543 = VERTEX_POINT('',#2544);
#2544 = CARTESIAN_POINT('',(10.326995701745,-3.788556423776,0.));
#2545 = B_SPLINE_CURVE_WITH_KNOTS('',1,(#2546,#2547),.UNSPECIFIED.,.F.,
  .F.,(2,2),(0.,0.276311449431),.PIECEWISE_BEZIER_KNOTS.);
#2546 = CARTESIAN_POINT('',(10.586401806347,-3.883722016203,0.));
#2547 = CARTESIAN_POINT('',(10.326995701745,-3.788556423776,0.));
#2548 = ORIENTED_EDGE('',*,*,#2549,.T.);
#2549 = EDGE_CURVE('',#2543,#2550,#2552,.T.);
#2550 = VERTEX_POINT('',#2551);
#2551 = CARTESIAN_POINT('',(10.581572616922,-3.005049242991,0.));
#2552 = B_SPLINE_CURVE_WITH_KNOTS('',1,(#2553,#2554),.UNSPECIFIED.,.F.,
  .F.,(2,2),(0.,0.823828203015),.PIECEWISE_BEZIER_KNOTS.);
#2553 = CARTESIAN_POINT('',(10.326995701745,-3.788556423776,0.));
#2554 = CARTESIAN_POINT('',(10.581572616922,-3.005049242991,0.));
#2555 = ORIENTED_EDGE('',*,*,#2556,.T.);
#2556 = EDGE_CURVE('',#2550,#2557,#2559,.T.);
#2557 = VERTEX_POINT('',#2558);
#2558 = CARTESIAN_POINT('',(10.847373495744,-3.080533744076,0.));
#2559 = B_SPLINE_CURVE_WITH_KNOTS('',1,(#2560,#2561),.UNSPECIFIED.,.F.,
  .F.,(2,2),(0.,0.276311449431),.PIECEWISE_BEZIER_KNOTS.);
#2560 = CARTESIAN_POINT('',(10.581572616922,-3.005049242991,0.));
#2561 = CARTESIAN_POINT('',(10.847373495744,-3.080533744076,0.));
#2562 = ORIENTED_EDGE('',*,*,#2563,.T.);
#2563 = EDGE_CURVE('',#2557,#2564,#2566,.T.);
#2564 = VERTEX_POINT('',#2565);
#2565 = CARTESIAN_POINT('',(12.455645008319,-2.949051953889,0.));
#2566 = B_SPLINE_CURVE_WITH_KNOTS('',3,(#2567,#2568,#2569,#2570,#2571,
    #2572,#2573,#2574,#2575,#2576,#2577,#2578,#2579,#2580,#2581,#2582,
    #2583,#2584,#2585,#2586,#2587,#2588),.UNSPECIFIED.,.F.,.F.,(4,1,1,1,
    1,1,1,1,1,1,1,1,1,1,1,1,1,1,1,4),(0.,4.505803579075E-03,
    1.802308094653E-02,4.055185877624E-02,7.209214087878E-02,
    0.112643928524,0.16220722229,0.220782022487,0.288368329302,
    0.364966142856,0.450575463231,0.545196290485,0.648828624664,
    0.761472465799,0.883127813916,1.013794669037,1.153473031177,
    1.302162900351,1.459864276568,1.626577159839),.UNSPECIFIED.);
#2567 = CARTESIAN_POINT('',(10.847373495744,-3.080533744076,0.));
#2568 = CARTESIAN_POINT('',(10.84882296552,-3.080927720579,0.));
#2569 = CARTESIAN_POINT('',(10.854632221626,-3.082459086526,0.));
#2570 = CARTESIAN_POINT('',(10.867800805611,-3.085521485147,0.));
#2571 = CARTESIAN_POINT('',(10.889864832582,-3.090083431744,0.));
#2572 = CARTESIAN_POINT('',(10.920924575407,-3.095594867009,0.));
#2573 = CARTESIAN_POINT('',(10.961038051822,-3.101575250728,0.));
#2574 = CARTESIAN_POINT('',(11.010251920097,-3.107506097241,0.));
#2575 = CARTESIAN_POINT('',(11.068587334494,-3.112880842198,0.));
#2576 = CARTESIAN_POINT('',(11.136045334475,-3.117186605089,0.));
#2577 = CARTESIAN_POINT('',(11.212604803492,-3.119911997127,0.));
#2578 = CARTESIAN_POINT('',(11.298223144234,-3.120545545733,0.));
#2579 = CARTESIAN_POINT('',(11.392836066642,-3.118577317523,0.));
#2580 = CARTESIAN_POINT('',(11.496357709074,-3.11349947774,0.));
#2581 = CARTESIAN_POINT('',(11.608680692174,-3.104807183237,0.));
#2582 = CARTESIAN_POINT('',(11.7296762265,-3.091999385397,0.));
#2583 = CARTESIAN_POINT('',(11.859194264801,-3.074579572261,0.));
#2584 = CARTESIAN_POINT('',(11.997063579602,-3.05205687021,0.));
#2585 = CARTESIAN_POINT('',(12.143092306238,-3.023945596697,0.));
#2586 = CARTESIAN_POINT('',(12.297066718652,-2.989771144345,0.));
#2587 = CARTESIAN_POINT('',(12.401947130677,-2.963357437852,0.));
#2588 = CARTESIAN_POINT('',(12.455645008319,-2.949051953889,0.));
#2589 = ORIENTED_EDGE('',*,*,#2590,.T.);
#2590 = EDGE_CURVE('',#2564,#2591,#2593,.T.);
#2591 = VERTEX_POINT('',#2592);
#2592 = CARTESIAN_POINT('',(12.57828541134,-2.372074221201,0.));
#2593 = B_SPLINE_CURVE_WITH_KNOTS('',1,(#2594,#2595),.UNSPECIFIED.,.F.,
  .F.,(2,2),(0.,0.58986775846),.PIECEWISE_BEZIER_KNOTS.);
#2594 = CARTESIAN_POINT('',(12.455645008319,-2.949051953889,0.));
#2595 = CARTESIAN_POINT('',(12.57828541134,-2.372074221201,0.));
#2596 = ORIENTED_EDGE('',*,*,#2597,.T.);
#2597 = EDGE_CURVE('',#2591,#2598,#2600,.T.);
#2598 = VERTEX_POINT('',#2599);
#2599 = CARTESIAN_POINT('',(11.162534738337,-1.597816672833,0.));
#2600 = B_SPLINE_CURVE_WITH_KNOTS('',3,(#2601,#2602,#2603,#2604,#2605,
    #2606,#2607,#2608,#2609,#2610,#2611,#2612,#2613,#2614,#2615,#2616,
    #2617,#2618,#2619,#2620,#2621,#2622),.UNSPECIFIED.,.F.,.F.,(4,1,1,1,
    1,1,1,1,1,1,1,1,1,1,1,1,1,1,1,4),(0.,0.166712883271,0.324414259488,
    0.473104128661,0.612782490802,0.743449345922,0.86510469404,
    0.977748535175,1.081380869354,1.176001696608,1.261611016983,
    1.338208830536,1.405795137351,1.464369937549,1.513933231314,
    1.55448501896,1.586025301063,1.608554078892,1.62207135626,
    1.626577159839),.UNSPECIFIED.);
#2601 = CARTESIAN_POINT('',(12.57828541134,-2.372074221201,0.));
#2602 = CARTESIAN_POINT('',(12.535048523659,-2.337164616814,0.));
#2603 = CARTESIAN_POINT('',(12.449978921969,-2.270375788517,0.));
#2604 = CARTESIAN_POINT('',(12.323216298943,-2.176528837178,0.));
#2605 = CARTESIAN_POINT('',(12.201246304061,-2.091452676887,0.));
#2606 = CARTESIAN_POINT('',(12.084457226001,-2.01480066245,0.));
#2607 = CARTESIAN_POINT('',(11.973221886747,-1.946207139169,0.));
#2608 = CARTESIAN_POINT('',(11.867896366667,-1.885293316172,0.));
#2609 = CARTESIAN_POINT('',(11.768819690354,-1.831666636925,0.));
#2610 = CARTESIAN_POINT('',(11.67631330765,-1.784921754128,0.));
#2611 = CARTESIAN_POINT('',(11.590680652684,-1.744641145736,0.));
#2612 = CARTESIAN_POINT('',(11.512206718975,-1.710395804688,0.));
#2613 = CARTESIAN_POINT('',(11.441157647007,-1.681746032781,0.));
#2614 = CARTESIAN_POINT('',(11.377780385998,-1.658241902451,0.));
#2615 = CARTESIAN_POINT('',(11.322302227435,-1.639424825668,0.));
#2616 = CARTESIAN_POINT('',(11.274930829018,-1.624825839985,0.));
#2617 = CARTESIAN_POINT('',(11.235852903651,-1.613973571627,0.));
#2618 = CARTESIAN_POINT('',(11.205236713999,-1.606375382747,0.));
#2619 = CARTESIAN_POINT('',(11.183224711538,-1.601568680076,0.));
#2620 = CARTESIAN_POINT('',(11.169949021719,-1.599010174782,0.));
#2621 = CARTESIAN_POINT('',(11.164019139547,-1.598046309859,0.));
#2622 = CARTESIAN_POINT('',(11.162534738337,-1.597816672833,0.));
#2623 = ORIENTED_EDGE('',*,*,#2624,.T.);
#2624 = EDGE_CURVE('',#2598,#2625,#2627,.T.);
#2625 = VERTEX_POINT('',#2626);
#2626 = CARTESIAN_POINT('',(10.889011240276,-1.558664238743,0.));
#2627 = B_SPLINE_CURVE_WITH_KNOTS('',1,(#2628,#2629),.UNSPECIFIED.,.F.,
  .F.,(2,2),(0.,0.276311449431),.PIECEWISE_BEZIER_KNOTS.);
#2628 = CARTESIAN_POINT('',(11.162534738337,-1.597816672833,0.));
#2629 = CARTESIAN_POINT('',(10.889011240276,-1.558664238743,0.));
#2630 = ORIENTED_EDGE('',*,*,#2631,.T.);
#2631 = EDGE_CURVE('',#2625,#2632,#2634,.T.);
#2632 = VERTEX_POINT('',#2633);
#2633 = CARTESIAN_POINT('',(10.975124736334,-0.739349052823,0.));
#2634 = B_SPLINE_CURVE_WITH_KNOTS('',1,(#2635,#2636),.UNSPECIFIED.,.F.,
  .F.,(2,2),(0.,0.823828203015),.PIECEWISE_BEZIER_KNOTS.);
#2635 = CARTESIAN_POINT('',(10.889011240276,-1.558664238743,0.));
#2636 = CARTESIAN_POINT('',(10.975124736334,-0.739349052823,0.));
#2637 = ORIENTED_EDGE('',*,*,#2638,.T.);
#2638 = EDGE_CURVE('',#2632,#62,#2639,.T.);
#2639 = B_SPLINE_CURVE_WITH_KNOTS('',1,(#2640,#2641),.UNSPECIFIED.,.F.,
  .F.,(2,2),(0.,0.276311449431),.PIECEWISE_BEZIER_KNOTS.);
#2640 = CARTESIAN_POINT('',(10.975124736334,-0.739349052823,0.));
#2641 = CARTESIAN_POINT('',(11.250811338478,-0.757920926316,0.));
#2642 = ORIENTED_EDGE('',*,*,#97,.T.);
#2643 = FACE_BOUND('',#2644,.F.);
#2644 = EDGE_LOOP('',(#2645));
#2645 = ORIENTED_EDGE('',*,*,#2646,.F.);
#2646 = EDGE_CURVE('',#2647,#2647,#2649,.T.);
#2647 = VERTEX_POINT('',#2648);
#2648 = CARTESIAN_POINT('',(7.,0.,0.));
#2649 = CIRCLE('',#2650,7.);
#2650 = AXIS2_PLACEMENT_3D('',#2651,#2652,#2653);
#2651 = CARTESIAN_POINT('',(0.,0.,0.));
#2652 = DIRECTION('',(0.,0.,1.));
#2653 = DIRECTION('',(1.,0.,0.));
#2654 = PLANE('',#2655);
#2655 = AXIS2_PLACEMENT_3D('',#2656,#2657,#2658);
#2656 = CARTESIAN_POINT('',(-4.7E-16,-1.477E-14,0.));
#2657 = DIRECTION('',(0.,0.,1.));
#2658 = DIRECTION('',(1.,0.,0.));
#2659 = ADVANCED_FACE('',(#2660,#5065,#5076,#5087,#5098),#5109,.T.);
#2660 = FACE_BOUND('',#2661,.T.);
#2661 = EDGE_LOOP('',(#2662,#2663,#2664,#2672,#2680,#2688,#2715,#2722,
    #2749,#2756,#2763,#2770,#2797,#2804,#2831,#2838,#2845,#2852,#2879,
    #2886,#2913,#2920,#2927,#2934,#2961,#2968,#2995,#3002,#3009,#3016,
    #3043,#3050,#3077,#3084,#3091,#3098,#3125,#3132,#3159,#3166,#3173,
    #3180,#3207,#3214,#3241,#3248,#3255,#3262,#3289,#3296,#3323,#3330,
    #3337,#3344,#3371,#3378,#3405,#3412,#3419,#3426,#3453,#3460,#3487,
    #3494,#3501,#3508,#3535,#3542,#3569,#3576,#3583,#3590,#3617,#3624,
    #3651,#3658,#3665,#3672,#3699,#3706,#3733,#3740,#3747,#3754,#3781,
    #3788,#3815,#3822,#3829,#3836,#3863,#3870,#3897,#3904,#3911,#3918,
    #3945,#3952,#3979,#3986,#3993,#4000,#4027,#4034,#4061,#4068,#4075,
    #4082,#4109,#4116,#4143,#4150,#4157,#4164,#4191,#4198,#4225,#4232,
    #4239,#4246,#4273,#4280,#4307,#4314,#4321,#4328,#4355,#4362,#4389,
    #4396,#4403,#4410,#4437,#4444,#4471,#4478,#4485,#4492,#4519,#4526,
    #4553,#4560,#4567,#4574,#4601,#4608,#4635,#4642,#4649,#4656,#4683,
    #4690,#4717,#4724,#4731,#4738,#4765,#4772,#4799,#4806,#4813,#4820,
    #4847,#4854,#4881,#4888,#4895,#4902,#4929,#4936,#4963,#4970,#4977,
    #4984,#5011,#5018,#5045,#5052,#5059,#5064));
#2662 = ORIENTED_EDGE('',*,*,#31,.T.);
#2663 = ORIENTED_EDGE('',*,*,#152,.T.);
#2664 = ORIENTED_EDGE('',*,*,#2665,.T.);
#2665 = EDGE_CURVE('',#153,#2666,#2668,.T.);
#2666 = VERTEX_POINT('',#2667);
#2667 = CARTESIAN_POINT('',(10.975124736334,0.739349052823,6.5));
#2668 = LINE('',#2669,#2670);
#2669 = CARTESIAN_POINT('',(11.250811338478,0.757920926316,6.5));
#2670 = VECTOR('',#2671,1.);
#2671 = DIRECTION('',(-0.997738612394,-6.721355025665E-02,0.));
#2672 = ORIENTED_EDGE('',*,*,#2673,.T.);
#2673 = EDGE_CURVE('',#2666,#2674,#2676,.T.);
#2674 = VERTEX_POINT('',#2675);
#2675 = CARTESIAN_POINT('',(10.889011240276,1.558664238743,6.5));
#2676 = LINE('',#2677,#2678);
#2677 = CARTESIAN_POINT('',(10.975124736334,0.739349052823,6.5));
#2678 = VECTOR('',#2679,1.);
#2679 = DIRECTION('',(-0.104528463268,0.994521895368,0.));
#2680 = ORIENTED_EDGE('',*,*,#2681,.T.);
#2681 = EDGE_CURVE('',#2674,#2682,#2684,.T.);
#2682 = VERTEX_POINT('',#2683);
#2683 = CARTESIAN_POINT('',(11.162534738337,1.597816672833,6.5));
#2684 = LINE('',#2685,#2686);
#2685 = CARTESIAN_POINT('',(10.889011240276,1.558664238743,6.5));
#2686 = VECTOR('',#2687,1.);
#2687 = DIRECTION('',(0.989910112752,0.141696748977,0.));
#2688 = ORIENTED_EDGE('',*,*,#2689,.T.);
#2689 = EDGE_CURVE('',#2682,#2690,#2692,.T.);
#2690 = VERTEX_POINT('',#2691);
#2691 = CARTESIAN_POINT('',(12.578285411339,2.372074221201,6.5));
#2692 = B_SPLINE_CURVE_WITH_KNOTS('',3,(#2693,#2694,#2695,#2696,#2697,
    #2698,#2699,#2700,#2701,#2702,#2703,#2704,#2705,#2706,#2707,#2708,
    #2709,#2710,#2711,#2712,#2713,#2714),.UNSPECIFIED.,.F.,.F.,(4,1,1,1,
    1,1,1,1,1,1,1,1,1,1,1,1,1,1,1,4),(0.,4.505803579075E-03,
    1.802308094653E-02,4.055185877624E-02,7.209214087878E-02,
    0.112643928524,0.16220722229,0.220782022487,0.288368329302,
    0.364966142856,0.450575463231,0.545196290485,0.648828624664,
    0.761472465799,0.883127813916,1.013794669037,1.153473031177,
    1.302162900351,1.459864276568,1.626577159839),.UNSPECIFIED.);
#2693 = CARTESIAN_POINT('',(11.162534738337,1.597816672833,6.5));
#2694 = CARTESIAN_POINT('',(11.164019139547,1.598046309859,6.5));
#2695 = CARTESIAN_POINT('',(11.169949021719,1.599010174782,6.5));
#2696 = CARTESIAN_POINT('',(11.183224711538,1.601568680076,6.5));
#2697 = CARTESIAN_POINT('',(11.205236713999,1.606375382747,6.5));
#2698 = CARTESIAN_POINT('',(11.235852903651,1.613973571627,6.5));
#2699 = CARTESIAN_POINT('',(11.274930829018,1.624825839985,6.5));
#2700 = CARTESIAN_POINT('',(11.322302227435,1.639424825668,6.5));
#2701 = CARTESIAN_POINT('',(11.377780385998,1.658241902451,6.5));
#2702 = CARTESIAN_POINT('',(11.441157647007,1.681746032781,6.5));
#2703 = CARTESIAN_POINT('',(11.512206718975,1.710395804688,6.5));
#2704 = CARTESIAN_POINT('',(11.590680652684,1.744641145736,6.5));
#2705 = CARTESIAN_POINT('',(11.67631330765,1.784921754128,6.5));
#2706 = CARTESIAN_POINT('',(11.768819690354,1.831666636925,6.5));
#2707 = CARTESIAN_POINT('',(11.867896366667,1.885293316172,6.5));
#2708 = CARTESIAN_POINT('',(11.973221886747,1.946207139169,6.5));
#2709 = CARTESIAN_POINT('',(12.084457226001,2.01480066245,6.5));
#2710 = CARTESIAN_POINT('',(12.20124630406,2.091452676887,6.5));
#2711 = CARTESIAN_POINT('',(12.323216298943,2.176528837178,6.5));
#2712 = CARTESIAN_POINT('',(12.449978921968,2.270375788517,6.5));
#2713 = CARTESIAN_POINT('',(12.535048523659,2.337164616814,6.5));
#2714 = CARTESIAN_POINT('',(12.578285411339,2.372074221201,6.5));
#2715 = ORIENTED_EDGE('',*,*,#2716,.T.);
#2716 = EDGE_CURVE('',#2690,#2717,#2719,.T.);
#2717 = VERTEX_POINT('',#2718);
#2718 = CARTESIAN_POINT('',(12.455645008319,2.949051953889,6.5));
#2719 = B_SPLINE_CURVE_WITH_KNOTS('',1,(#2720,#2721),.UNSPECIFIED.,.F.,
  .F.,(2,2),(0.,0.58986775846),.PIECEWISE_BEZIER_KNOTS.);
#2720 = CARTESIAN_POINT('',(12.578285411339,2.372074221201,6.5));
#2721 = CARTESIAN_POINT('',(12.455645008319,2.949051953889,6.5));
#2722 = ORIENTED_EDGE('',*,*,#2723,.T.);
#2723 = EDGE_CURVE('',#2717,#2724,#2726,.T.);
#2724 = VERTEX_POINT('',#2725);
#2725 = CARTESIAN_POINT('',(10.847373495744,3.080533744076,6.5));
#2726 = B_SPLINE_CURVE_WITH_KNOTS('',3,(#2727,#2728,#2729,#2730,#2731,
    #2732,#2733,#2734,#2735,#2736,#2737,#2738,#2739,#2740,#2741,#2742,
    #2743,#2744,#2745,#2746,#2747,#2748),.UNSPECIFIED.,.F.,.F.,(4,1,1,1,
    1,1,1,1,1,1,1,1,1,1,1,1,1,1,1,4),(0.,0.166712883271,0.324414259488,
    0.473104128661,0.612782490802,0.743449345922,0.86510469404,
    0.977748535175,1.081380869354,1.176001696608,1.261611016983,
    1.338208830536,1.405795137351,1.464369937549,1.513933231314,
    1.55448501896,1.586025301063,1.608554078892,1.62207135626,
    1.626577159839),.UNSPECIFIED.);
#2727 = CARTESIAN_POINT('',(12.455645008319,2.949051953889,6.5));
#2728 = CARTESIAN_POINT('',(12.401947130677,2.963357437852,6.5));
#2729 = CARTESIAN_POINT('',(12.297066718652,2.989771144344,6.5));
#2730 = CARTESIAN_POINT('',(12.143092306238,3.023945596697,6.5));
#2731 = CARTESIAN_POINT('',(11.997063579602,3.05205687021,6.5));
#2732 = CARTESIAN_POINT('',(11.859194264801,3.074579572261,6.5));
#2733 = CARTESIAN_POINT('',(11.7296762265,3.091999385397,6.5));
#2734 = CARTESIAN_POINT('',(11.608680692174,3.104807183237,6.5));
#2735 = CARTESIAN_POINT('',(11.496357709074,3.11349947774,6.5));
#2736 = CARTESIAN_POINT('',(11.392836066642,3.118577317523,6.5));
#2737 = CARTESIAN_POINT('',(11.298223144234,3.120545545733,6.5));
#2738 = CARTESIAN_POINT('',(11.212604803492,3.119911997127,6.5));
#2739 = CARTESIAN_POINT('',(11.136045334475,3.117186605089,6.5));
#2740 = CARTESIAN_POINT('',(11.068587334494,3.112880842198,6.5));
#2741 = CARTESIAN_POINT('',(11.010251920097,3.107506097241,6.5));
#2742 = CARTESIAN_POINT('',(10.961038051822,3.101575250728,6.5));
#2743 = CARTESIAN_POINT('',(10.920924575407,3.095594867009,6.5));
#2744 = CARTESIAN_POINT('',(10.889864832582,3.090083431744,6.5));
#2745 = CARTESIAN_POINT('',(10.867800805611,3.085521485147,6.5));
#2746 = CARTESIAN_POINT('',(10.854632221626,3.082459086526,6.5));
#2747 = CARTESIAN_POINT('',(10.84882296552,3.080927720579,6.5));
#2748 = CARTESIAN_POINT('',(10.847373495744,3.080533744076,6.5));
#2749 = ORIENTED_EDGE('',*,*,#2750,.T.);
#2750 = EDGE_CURVE('',#2724,#2751,#2753,.T.);
#2751 = VERTEX_POINT('',#2752);
#2752 = CARTESIAN_POINT('',(10.581572616922,3.005049242991,6.5));
#2753 = B_SPLINE_CURVE_WITH_KNOTS('',1,(#2754,#2755),.UNSPECIFIED.,.F.,
  .F.,(2,2),(0.,0.276311449431),.PIECEWISE_BEZIER_KNOTS.);
#2754 = CARTESIAN_POINT('',(10.847373495744,3.080533744076,6.5));
#2755 = CARTESIAN_POINT('',(10.581572616922,3.005049242991,6.5));
#2756 = ORIENTED_EDGE('',*,*,#2757,.T.);
#2757 = EDGE_CURVE('',#2751,#2758,#2760,.T.);
#2758 = VERTEX_POINT('',#2759);
#2759 = CARTESIAN_POINT('',(10.326995701745,3.788556423776,6.5));
#2760 = B_SPLINE_CURVE_WITH_KNOTS('',1,(#2761,#2762),.UNSPECIFIED.,.F.,
  .F.,(2,2),(0.,0.823828203015),.PIECEWISE_BEZIER_KNOTS.);
#2761 = CARTESIAN_POINT('',(10.581572616922,3.005049242991,6.5));
#2762 = CARTESIAN_POINT('',(10.326995701745,3.788556423776,6.5));
#2763 = ORIENTED_EDGE('',*,*,#2764,.T.);
#2764 = EDGE_CURVE('',#2758,#2765,#2767,.T.);
#2765 = VERTEX_POINT('',#2766);
#2766 = CARTESIAN_POINT('',(10.586401806347,3.883722016203,6.5));
#2767 = B_SPLINE_CURVE_WITH_KNOTS('',1,(#2768,#2769),.UNSPECIFIED.,.F.,
  .F.,(2,2),(0.,0.276311449431),.PIECEWISE_BEZIER_KNOTS.);
#2768 = CARTESIAN_POINT('',(10.326995701745,3.788556423776,6.5));
#2769 = CARTESIAN_POINT('',(10.586401806347,3.883722016203,6.5));
#2770 = ORIENTED_EDGE('',*,*,#2771,.T.);
#2771 = EDGE_CURVE('',#2765,#2772,#2774,.T.);
#2772 = VERTEX_POINT('',#2773);
#2773 = CARTESIAN_POINT('',(11.810237734372,4.93541129569,6.5));
#2774 = B_SPLINE_CURVE_WITH_KNOTS('',3,(#2775,#2776,#2777,#2778,#2779,
    #2780,#2781,#2782,#2783,#2784,#2785,#2786,#2787,#2788,#2789,#2790,
    #2791,#2792,#2793,#2794,#2795,#2796),.UNSPECIFIED.,.F.,.F.,(4,1,1,1,
    1,1,1,1,1,1,1,1,1,1,1,1,1,1,1,4),(0.,4.505803579075E-03,
    1.802308094653E-02,4.055185877624E-02,7.209214087878E-02,
    0.112643928524,0.16220722229,0.220782022487,0.288368329302,
    0.364966142856,0.450575463231,0.545196290485,0.648828624664,
    0.761472465799,0.883127813916,1.013794669037,1.153473031177,
    1.302162900351,1.459864276568,1.626577159839),.UNSPECIFIED.);
#2775 = CARTESIAN_POINT('',(10.586401806347,3.883722016203,6.5));
#2776 = CARTESIAN_POINT('',(10.587806025606,3.884255259476,6.5));
#2777 = CARTESIAN_POINT('',(10.59340592684,3.886430953465,6.5));
#2778 = CARTESIAN_POINT('',(10.605859567823,3.891693720397,6.5));
#2779 = CARTESIAN_POINT('',(10.626391185537,3.900971937732,6.5));
#2780 = CARTESIAN_POINT('',(10.654758585692,3.914769551712,6.5));
#2781 = CARTESIAN_POINT('',(10.690726251168,3.933509429506,6.5));
#2782 = CARTESIAN_POINT('',(10.734027171075,3.957638459866,6.5));
#2783 = CARTESIAN_POINT('',(10.784380708517,3.987578896124,6.5));
#2784 = CARTESIAN_POINT('',(10.841486240835,4.02374627831,6.5));
#2785 = CARTESIAN_POINT('',(10.905026097597,4.066541916646,6.5));
#2786 = CARTESIAN_POINT('',(10.974665180815,4.116354563072,6.5));
#2787 = CARTESIAN_POINT('',(11.050051747416,4.173558973609,6.5));
#2788 = CARTESIAN_POINT('',(11.13081783609,4.238515527003,6.5));
#2789 = CARTESIAN_POINT('',(11.21657983576,4.311569533936,6.5));
#2790 = CARTESIAN_POINT('',(11.306939044589,4.393050650719,6.5));
#2791 = CARTESIAN_POINT('',(11.401482229393,4.483272368405,6.5));
#2792 = CARTESIAN_POINT('',(11.499782335962,4.582531167106,6.5));
#2793 = CARTESIAN_POINT('',(11.601398665484,4.69110719704,6.5));
#2794 = CARTESIAN_POINT('',(11.705879342728,4.809258798614,6.5));
#2795 = CARTESIAN_POINT('',(11.775203791298,4.892275095493,6.5));
#2796 = CARTESIAN_POINT('',(11.810237734372,4.93541129569,6.5));
#2797 = ORIENTED_EDGE('',*,*,#2798,.T.);
#2798 = EDGE_CURVE('',#2772,#2799,#2801,.T.);
#2799 = VERTEX_POINT('',#2800);
#2800 = CARTESIAN_POINT('',(11.570316902437,5.474282307041,6.5));
#2801 = B_SPLINE_CURVE_WITH_KNOTS('',1,(#2802,#2803),.UNSPECIFIED.,.F.,
  .F.,(2,2),(0.,0.58986775846),.PIECEWISE_BEZIER_KNOTS.);
#2802 = CARTESIAN_POINT('',(11.810237734372,4.93541129569,6.5));
#2803 = CARTESIAN_POINT('',(11.570316902437,5.474282307041,6.5));
#2804 = ORIENTED_EDGE('',*,*,#2805,.T.);
#2805 = EDGE_CURVE('',#2799,#2806,#2808,.T.);
#2806 = VERTEX_POINT('',#2807);
#2807 = CARTESIAN_POINT('',(9.969853379774,5.26851245518,6.5));
#2808 = B_SPLINE_CURVE_WITH_KNOTS('',3,(#2809,#2810,#2811,#2812,#2813,
    #2814,#2815,#2816,#2817,#2818,#2819,#2820,#2821,#2822,#2823,#2824,
    #2825,#2826,#2827,#2828,#2829,#2830),.UNSPECIFIED.,.F.,.F.,(4,1,1,1,
    1,1,1,1,1,1,1,1,1,1,1,1,1,1,1,4),(0.,0.166712883271,0.324414259488,
    0.473104128661,0.612782490802,0.743449345922,0.86510469404,
    0.977748535175,1.081380869354,1.176001696608,1.261611016983,
    1.338208830536,1.405795137351,1.464369937549,1.513933231314,
    1.55448501896,1.586025301063,1.608554078892,1.62207135626,
    1.626577159839),.UNSPECIFIED.);
#2809 = CARTESIAN_POINT('',(11.570316902437,5.474282307041,6.5));
#2810 = CARTESIAN_POINT('',(11.514818174898,5.477110765323,6.5));
#2811 = CARTESIAN_POINT('',(11.406737933135,5.481141405158,6.5));
#2812 = CARTESIAN_POINT('',(11.249022962886,5.482555983305,6.5));
#2813 = CARTESIAN_POINT('',(11.100340651881,5.479691878582,6.5));
#2814 = CARTESIAN_POINT('',(10.960801379329,5.473057763203,6.5));
#2815 = CARTESIAN_POINT('',(10.83049183811,5.463168597294,6.5));
#2816 = CARTESIAN_POINT('',(10.709477455605,5.450540127898,6.5));
#2817 = CARTESIAN_POINT('',(10.597801769531,5.435689213577,6.5));
#2818 = CARTESIAN_POINT('',(10.495486581108,5.419132730664,6.5));
#2819 = CARTESIAN_POINT('',(10.402531960401,5.401386815693,6.5));
#2820 = CARTESIAN_POINT('',(10.318916307987,5.382966057656,6.5));
#2821 = CARTESIAN_POINT('',(10.244596487921,5.364382613321,6.5));
#2822 = CARTESIAN_POINT('',(10.179507825532,5.346145634845,6.5));
#2823 = CARTESIAN_POINT('',(10.123564652214,5.328759726319,6.5));
#2824 = CARTESIAN_POINT('',(10.076659317365,5.312726344467,6.5));
#2825 = CARTESIAN_POINT('',(10.038665808343,5.298536585775,6.5));
#2826 = CARTESIAN_POINT('',(10.009430687243,5.286687904947,6.5));
#2827 = CARTESIAN_POINT('',(9.98879729423,5.277638278675,6.5));
#2828 = CARTESIAN_POINT('',(9.976553183875,5.271904898249,6.5));
#2829 = CARTESIAN_POINT('',(9.971189262836,5.269199184062,6.5));
#2830 = CARTESIAN_POINT('',(9.969853379774,5.26851245518,6.5));
#2831 = ORIENTED_EDGE('',*,*,#2832,.T.);
#2832 = EDGE_CURVE('',#2806,#2833,#2835,.T.);
#2833 = VERTEX_POINT('',#2834);
#2834 = CARTESIAN_POINT('',(9.725554998132,5.139414361414,6.5));
#2835 = B_SPLINE_CURVE_WITH_KNOTS('',1,(#2836,#2837),.UNSPECIFIED.,.F.,
  .F.,(2,2),(0.,0.276311449431),.PIECEWISE_BEZIER_KNOTS.);
#2836 = CARTESIAN_POINT('',(9.969853379774,5.26851245518,6.5));
#2837 = CARTESIAN_POINT('',(9.725554998132,5.139414361414,6.5));
#2838 = ORIENTED_EDGE('',*,*,#2839,.T.);
#2839 = EDGE_CURVE('',#2833,#2840,#2842,.T.);
#2840 = VERTEX_POINT('',#2841);
#2841 = CARTESIAN_POINT('',(9.313640896625,5.852870513578,6.5));
#2842 = B_SPLINE_CURVE_WITH_KNOTS('',1,(#2843,#2844),.UNSPECIFIED.,.F.,
  .F.,(2,2),(0.,0.823828203015),.PIECEWISE_BEZIER_KNOTS.);
#2843 = CARTESIAN_POINT('',(9.725554998132,5.139414361414,6.5));
#2844 = CARTESIAN_POINT('',(9.313640896625,5.852870513578,6.5));
#2845 = ORIENTED_EDGE('',*,*,#2846,.T.);
#2846 = EDGE_CURVE('',#2840,#2847,#2849,.T.);
#2847 = VERTEX_POINT('',#2848);
#2848 = CARTESIAN_POINT('',(9.547592316227,5.9998900713,6.5));
#2849 = B_SPLINE_CURVE_WITH_KNOTS('',1,(#2850,#2851),.UNSPECIFIED.,.F.,
  .F.,(2,2),(0.,0.276311449431),.PIECEWISE_BEZIER_KNOTS.);
#2850 = CARTESIAN_POINT('',(9.313640896625,5.852870513578,6.5));
#2851 = CARTESIAN_POINT('',(9.547592316227,5.9998900713,6.5));
#2852 = ORIENTED_EDGE('',*,*,#2853,.T.);
#2853 = EDGE_CURVE('',#2847,#2854,#2856,.T.);
#2854 = VERTEX_POINT('',#2855);
#2855 = CARTESIAN_POINT('',(10.526025996604,7.283047213826,6.5));
#2856 = B_SPLINE_CURVE_WITH_KNOTS('',3,(#2857,#2858,#2859,#2860,#2861,
    #2862,#2863,#2864,#2865,#2866,#2867,#2868,#2869,#2870,#2871,#2872,
    #2873,#2874,#2875,#2876,#2877,#2878),.UNSPECIFIED.,.F.,.F.,(4,1,1,1,
    1,1,1,1,1,1,1,1,1,1,1,1,1,1,1,4),(0.,4.505803579075E-03,
    1.802308094653E-02,4.055185877624E-02,7.209214087878E-02,
    0.112643928524,0.16220722229,0.220782022487,0.288368329302,
    0.364966142856,0.450575463231,0.545196290485,0.648828624664,
    0.761472465799,0.883127813916,1.013794669037,1.153473031177,
    1.302162900351,1.459864276568,1.626577159839),.UNSPECIFIED.);
#2857 = CARTESIAN_POINT('',(9.547592316227,5.9998900713,6.5));
#2858 = CARTESIAN_POINT('',(9.548854982416,6.000703615528,6.5));
#2859 = CARTESIAN_POINT('',(9.553880160156,6.003996050318,6.5));
#2860 = CARTESIAN_POINT('',(9.564967468433,6.011733070719,6.5));
#2861 = CARTESIAN_POINT('',(9.583121371186,6.025077300099,6.5));
#2862 = CARTESIAN_POINT('',(9.608000190334,6.044471317239,6.5));
#2863 = CARTESIAN_POINT('',(9.639285636346,6.070279781885,6.5));
#2864 = CARTESIAN_POINT('',(9.676623619763,6.102884302512,6.5));
#2865 = CARTESIAN_POINT('',(9.719651844873,6.142639557511,6.5));
#2866 = CARTESIAN_POINT('',(9.767989862716,6.1898895034,6.5));
#2867 = CARTESIAN_POINT('',(9.821243507632,6.244960633414,6.5));
#2868 = CARTESIAN_POINT('',(9.879004178257,6.30816353354,6.5));
#2869 = CARTESIAN_POINT('',(9.940849901788,6.379791638986,6.5));
#2870 = CARTESIAN_POINT('',(10.0063458308,6.460120949897,6.5));
#2871 = CARTESIAN_POINT('',(10.075044942909,6.549409473862,6.5));
#2872 = CARTESIAN_POINT('',(10.146488709469,6.647896768637,6.5));
#2873 = CARTESIAN_POINT('',(10.220207748978,6.755803558733,6.5));
#2874 = CARTESIAN_POINT('',(10.295722697704,6.873331055899,6.5));
#2875 = CARTESIAN_POINT('',(10.372544240655,7.000661661961,6.5));
#2876 = CARTESIAN_POINT('',(10.450176665168,7.137954121827,6.5));
#2877 = CARTESIAN_POINT('',(10.50072614956,7.233569676759,6.5));
#2878 = CARTESIAN_POINT('',(10.526025996604,7.283047213826,6.5));
#2879 = ORIENTED_EDGE('',*,*,#2880,.T.);
#2880 = EDGE_CURVE('',#2854,#2881,#2883,.T.);
#2881 = VERTEX_POINT('',#2882);
#2882 = CARTESIAN_POINT('',(10.179310427378,7.760260254855,6.5));
#2883 = B_SPLINE_CURVE_WITH_KNOTS('',1,(#2884,#2885),.UNSPECIFIED.,.F.,
  .F.,(2,2),(0.,0.58986775846),.PIECEWISE_BEZIER_KNOTS.);
#2884 = CARTESIAN_POINT('',(10.526025996604,7.283047213826,6.5));
#2885 = CARTESIAN_POINT('',(10.179310427378,7.760260254855,6.5));
#2886 = ORIENTED_EDGE('',*,*,#2887,.T.);
#2887 = EDGE_CURVE('',#2881,#2888,#2890,.T.);
#2888 = VERTEX_POINT('',#2889);
#2889 = CARTESIAN_POINT('',(8.656602830442,7.226231890864,6.5));
#2890 = B_SPLINE_CURVE_WITH_KNOTS('',3,(#2891,#2892,#2893,#2894,#2895,
    #2896,#2897,#2898,#2899,#2900,#2901,#2902,#2903,#2904,#2905,#2906,
    #2907,#2908,#2909,#2910,#2911,#2912),.UNSPECIFIED.,.F.,.F.,(4,1,1,1,
    1,1,1,1,1,1,1,1,1,1,1,1,1,1,1,4),(0.,0.166712883271,0.324414259488,
    0.473104128661,0.612782490802,0.743449345922,0.86510469404,
    0.977748535175,1.081380869354,1.176001696608,1.261611016983,
    1.338208830536,1.405795137351,1.464369937549,1.513933231314,
    1.55448501896,1.586025301063,1.608554078892,1.62207135626,
    1.626577159839),.UNSPECIFIED.);
#2891 = CARTESIAN_POINT('',(10.179310427378,7.760260254855,6.5));
#2892 = CARTESIAN_POINT('',(10.124436410648,7.751488070256,6.5));
#2893 = CARTESIAN_POINT('',(10.017879964337,7.732959485131,6.5));
#2894 = CARTESIAN_POINT('',(9.863317337254,7.70155236522,6.5));
#2895 = CARTESIAN_POINT('',(9.718479572329,7.667838057382,6.5));
#2896 = CARTESIAN_POINT('',(9.58336887782,7.632337067249,6.5));
#2897 = CARTESIAN_POINT('',(9.457962985929,7.595571126296,6.5));
#2898 = CARTESIAN_POINT('',(9.342218664452,7.558058314376,6.5));
#2899 = CARTESIAN_POINT('',(9.236071038765,7.52031324745,6.5));
#2900 = CARTESIAN_POINT('',(9.139433969046,7.48284603959,6.5));
#2901 = CARTESIAN_POINT('',(9.052200213012,7.446161563078,6.5));
#2902 = CARTESIAN_POINT('',(8.974241654168,7.410758671128,6.5));
#2903 = CARTESIAN_POINT('',(8.905409615817,7.377129360188,6.5));
#2904 = CARTESIAN_POINT('',(8.845534977897,7.345758209596,6.5));
#2905 = CARTESIAN_POINT('',(8.794429030776,7.317120985131,6.5));
#2906 = CARTESIAN_POINT('',(8.751882217562,7.291685803664,6.5));
#2907 = CARTESIAN_POINT('',(8.717669174591,7.269906830543,6.5));
#2908 = CARTESIAN_POINT('',(8.691536390295,7.25223874836,6.5));
#2909 = CARTESIAN_POINT('',(8.673235409524,7.239096954506,6.5));
#2910 = CARTESIAN_POINT('',(8.662450899175,7.230943168511,6.5));
#2911 = CARTESIAN_POINT('',(8.657766742292,7.227181358779,6.5));
#2912 = CARTESIAN_POINT('',(8.656602830442,7.226231890864,6.5));
#2913 = ORIENTED_EDGE('',*,*,#2914,.T.);
#2914 = EDGE_CURVE('',#2888,#2915,#2917,.T.);
#2915 = VERTEX_POINT('',#2916);
#2916 = CARTESIAN_POINT('',(8.444483957533,7.049162410596,6.5));
#2917 = B_SPLINE_CURVE_WITH_KNOTS('',1,(#2918,#2919),.UNSPECIFIED.,.F.,
  .F.,(2,2),(0.,0.276311449431),.PIECEWISE_BEZIER_KNOTS.);
#2918 = CARTESIAN_POINT('',(8.656602830442,7.226231890864,6.5));
#2919 = CARTESIAN_POINT('',(8.444483957533,7.049162410596,6.5));
#2920 = ORIENTED_EDGE('',*,*,#2921,.T.);
#2921 = EDGE_CURVE('',#2915,#2922,#2924,.T.);
#2922 = VERTEX_POINT('',#2923);
#2923 = CARTESIAN_POINT('',(7.893235292514,7.661386076749,6.5));
#2924 = B_SPLINE_CURVE_WITH_KNOTS('',1,(#2925,#2926),.UNSPECIFIED.,.F.,
  .F.,(2,2),(0.,0.823828203015),.PIECEWISE_BEZIER_KNOTS.);
#2925 = CARTESIAN_POINT('',(8.444483957533,7.049162410596,6.5));
#2926 = CARTESIAN_POINT('',(7.893235292514,7.661386076749,6.5));
#2927 = ORIENTED_EDGE('',*,*,#2928,.T.);
#2928 = EDGE_CURVE('',#2922,#2929,#2931,.T.);
#2929 = VERTEX_POINT('',#2930);
#2930 = CARTESIAN_POINT('',(8.091507227457,7.853834139614,6.5));
#2931 = B_SPLINE_CURVE_WITH_KNOTS('',1,(#2932,#2933),.UNSPECIFIED.,.F.,
  .F.,(2,2),(0.,0.276311449431),.PIECEWISE_BEZIER_KNOTS.);
#2932 = CARTESIAN_POINT('',(7.893235292514,7.661386076749,6.5));
#2933 = CARTESIAN_POINT('',(8.091507227457,7.853834139614,6.5));
#2934 = ORIENTED_EDGE('',*,*,#2935,.T.);
#2935 = EDGE_CURVE('',#2929,#2936,#2938,.T.);
#2936 = VERTEX_POINT('',#2937);
#2937 = CARTESIAN_POINT('',(8.781776413307,9.312379020781,6.5));
#2938 = B_SPLINE_CURVE_WITH_KNOTS('',3,(#2939,#2940,#2941,#2942,#2943,
    #2944,#2945,#2946,#2947,#2948,#2949,#2950,#2951,#2952,#2953,#2954,
    #2955,#2956,#2957,#2958,#2959,#2960),.UNSPECIFIED.,.F.,.F.,(4,1,1,1,
    1,1,1,1,1,1,1,1,1,1,1,1,1,1,1,4),(0.,4.505803579075E-03,
    1.802308094653E-02,4.055185877624E-02,7.209214087878E-02,
    0.112643928524,0.16220722229,0.220782022487,0.288368329302,
    0.364966142856,0.450575463231,0.545196290485,0.648828624664,
    0.761472465799,0.883127813916,1.013794669037,1.153473031177,
    1.302162900351,1.459864276568,1.626577159839),.UNSPECIFIED.);
#2939 = CARTESIAN_POINT('',(8.091507227457,7.853834139614,6.5));
#2940 = CARTESIAN_POINT('',(8.092573156005,7.854892429011,6.5));
#2941 = CARTESIAN_POINT('',(8.09680398587,7.859157709402,6.5));
#2942 = CARTESIAN_POINT('',(8.106040392866,7.869030838355,6.5));
#2943 = CARTESIAN_POINT('',(8.121023167995,7.885857872922,6.5));
#2944 = CARTESIAN_POINT('',(8.141326082358,7.910000681612,6.5));
#2945 = CARTESIAN_POINT('',(8.166561984791,7.941749779362,6.5));
#2946 = CARTESIAN_POINT('',(8.196305182675,7.98140481625,6.5));
#2947 = CARTESIAN_POINT('',(8.230127555544,8.029237394579,6.5));
#2948 = CARTESIAN_POINT('',(8.267585455581,8.085504854806,6.5));
#2949 = CARTESIAN_POINT('',(8.30822544883,8.150444603856,6.5));
#2950 = CARTESIAN_POINT('',(8.351583288388,8.224275487666,6.5));
#2951 = CARTESIAN_POINT('',(8.397185213962,8.307196796102,6.5));
#2952 = CARTESIAN_POINT('',(8.44454849693,8.399388088181,6.5));
#2953 = CARTESIAN_POINT('',(8.493182240623,8.501008792227,6.5));
#2954 = CARTESIAN_POINT('',(8.54258812949,8.612197897617,6.5));
#2955 = CARTESIAN_POINT('',(8.592261147935,8.733073715602,6.5));
#2956 = CARTESIAN_POINT('',(8.641690573198,8.863733395647,6.5));
#2957 = CARTESIAN_POINT('',(8.690359859521,9.004253619353,6.5));
#2958 = CARTESIAN_POINT('',(8.73775112183,9.154686598213,6.5));
#2959 = CARTESIAN_POINT('',(8.767316387012,9.258722552632,6.5));
#2960 = CARTESIAN_POINT('',(8.781776413307,9.312379020781,6.5));
#2961 = ORIENTED_EDGE('',*,*,#2962,.T.);
#2962 = EDGE_CURVE('',#2936,#2963,#2965,.T.);
#2963 = VERTEX_POINT('',#2964);
#2964 = CARTESIAN_POINT('',(8.343419240892,9.707077591671,6.5));
#2965 = B_SPLINE_CURVE_WITH_KNOTS('',1,(#2966,#2967),.UNSPECIFIED.,.F.,
  .F.,(2,2),(0.,0.58986775846),.PIECEWISE_BEZIER_KNOTS.);
#2966 = CARTESIAN_POINT('',(8.781776413307,9.312379020781,6.5));
#2967 = CARTESIAN_POINT('',(8.343419240892,9.707077591671,6.5));
#2968 = ORIENTED_EDGE('',*,*,#2969,.T.);
#2969 = EDGE_CURVE('',#2963,#2970,#2972,.T.);
#2970 = VERTEX_POINT('',#2971);
#2971 = CARTESIAN_POINT('',(6.965017198432,8.86813031761,6.5));
#2972 = B_SPLINE_CURVE_WITH_KNOTS('',3,(#2973,#2974,#2975,#2976,#2977,
    #2978,#2979,#2980,#2981,#2982,#2983,#2984,#2985,#2986,#2987,#2988,
    #2989,#2990,#2991,#2992,#2993,#2994),.UNSPECIFIED.,.F.,.F.,(4,1,1,1,
    1,1,1,1,1,1,1,1,1,1,1,1,1,1,1,4),(0.,0.166712883271,0.324414259488,
    0.473104128661,0.612782490802,0.743449345922,0.86510469404,
    0.977748535175,1.081380869354,1.176001696608,1.261611016983,
    1.338208830536,1.405795137351,1.464369937549,1.513933231314,
    1.55448501896,1.586025301063,1.608554078892,1.62207135626,
    1.626577159839),.UNSPECIFIED.);
#2973 = CARTESIAN_POINT('',(8.343419240892,9.707077591671,6.5));
#2974 = CARTESIAN_POINT('',(8.291568192816,9.687088150752,6.5));
#2975 = CARTESIAN_POINT('',(8.191192569977,9.646810128747,6.5));
#2976 = CARTESIAN_POINT('',(8.046537414537,9.583953952626,6.5));
#2977 = CARTESIAN_POINT('',(7.911874301027,9.520862918704,6.5));
#2978 = CARTESIAN_POINT('',(7.787097170244,9.458046617439,6.5));
#2979 = CARTESIAN_POINT('',(7.672075766921,9.396010749486,6.5));
#2980 = CARTESIAN_POINT('',(7.566660088723,9.335253084928,6.5));
#2981 = CARTESIAN_POINT('',(7.470679684019,9.276263505942,6.5));
#2982 = CARTESIAN_POINT('',(7.383944236667,9.219523069907,6.5));
#2983 = CARTESIAN_POINT('',(7.306243879037,9.165503319509,6.5));
#2984 = CARTESIAN_POINT('',(7.237349576874,9.114665569906,6.5));
#2985 = CARTESIAN_POINT('',(7.177013610605,9.06746015462,6.5));
#2986 = CARTESIAN_POINT('',(7.124969806141,9.024325901729,6.5));
#2987 = CARTESIAN_POINT('',(7.080934660341,8.98568894545,6.5));
#2988 = CARTESIAN_POINT('',(7.044605868662,8.951963603849,6.5));
#2989 = CARTESIAN_POINT('',(7.015668565891,8.923547261933,6.5));
#2990 = CARTESIAN_POINT('',(6.993780246472,8.900831958368,6.5));
#2991 = CARTESIAN_POINT('',(6.97861151862,8.884172356384,6.5));
#2992 = CARTESIAN_POINT('',(6.96975794313,8.873954524395,6.5));
#2993 = CARTESIAN_POINT('',(6.965958270536,8.869301028254,6.5));
#2994 = CARTESIAN_POINT('',(6.965017198432,8.86813031761,6.5));
#2995 = ORIENTED_EDGE('',*,*,#2996,.T.);
#2996 = EDGE_CURVE('',#2970,#2997,#2999,.T.);
#2997 = VERTEX_POINT('',#2998);
#2998 = CARTESIAN_POINT('',(6.79434844686,8.650828236802,6.5));
#2999 = B_SPLINE_CURVE_WITH_KNOTS('',1,(#3000,#3001),.UNSPECIFIED.,.F.,
  .F.,(2,2),(0.,0.276311449431),.PIECEWISE_BEZIER_KNOTS.);
#3000 = CARTESIAN_POINT('',(6.965017198432,8.86813031761,6.5));
#3001 = CARTESIAN_POINT('',(6.79434844686,8.650828236802,6.5));
#3002 = ORIENTED_EDGE('',*,*,#3003,.T.);
#3003 = EDGE_CURVE('',#2997,#3004,#3006,.T.);
#3004 = VERTEX_POINT('',#3005);
#3005 = CARTESIAN_POINT('',(6.127857430176,9.135062304957,6.5));
#3006 = B_SPLINE_CURVE_WITH_KNOTS('',1,(#3007,#3008),.UNSPECIFIED.,.F.,
  .F.,(2,2),(0.,0.823828203015),.PIECEWISE_BEZIER_KNOTS.);
#3007 = CARTESIAN_POINT('',(6.79434844686,8.650828236802,6.5));
#3008 = CARTESIAN_POINT('',(6.127857430176,9.135062304957,6.5));
#3009 = ORIENTED_EDGE('',*,*,#3010,.T.);
#3010 = EDGE_CURVE('',#3004,#3011,#3013,.T.);
#3011 = VERTEX_POINT('',#3012);
#3012 = CARTESIAN_POINT('',(6.281784445488,9.36452796915,6.5));
#3013 = B_SPLINE_CURVE_WITH_KNOTS('',1,(#3014,#3015),.UNSPECIFIED.,.F.,
  .F.,(2,2),(0.,0.276311449431),.PIECEWISE_BEZIER_KNOTS.);
#3014 = CARTESIAN_POINT('',(6.127857430176,9.135062304957,6.5));
#3015 = CARTESIAN_POINT('',(6.281784445488,9.36452796915,6.5));
#3016 = ORIENTED_EDGE('',*,*,#3017,.T.);
#3017 = EDGE_CURVE('',#3011,#3018,#3020,.T.);
#3018 = VERTEX_POINT('',#3019);
#3019 = CARTESIAN_POINT('',(6.653721061111,10.934715178775,6.5));
#3020 = B_SPLINE_CURVE_WITH_KNOTS('',3,(#3021,#3022,#3023,#3024,#3025,
    #3026,#3027,#3028,#3029,#3030,#3031,#3032,#3033,#3034,#3035,#3036,
    #3037,#3038,#3039,#3040,#3041,#3042),.UNSPECIFIED.,.F.,.F.,(4,1,1,1,
    1,1,1,1,1,1,1,1,1,1,1,1,1,1,1,4),(0.,4.505803579075E-03,
    1.802308094653E-02,4.055185877624E-02,7.209214087878E-02,
    0.112643928524,0.16220722229,0.220782022487,0.288368329302,
    0.364966142856,0.450575463231,0.545196290485,0.648828624664,
    0.761472465799,0.883127813916,1.013794669037,1.153473031177,
    1.302162900351,1.459864276568,1.626577159839),.UNSPECIFIED.);
#3021 = CARTESIAN_POINT('',(6.281784445488,9.36452796915,6.5));
#3022 = CARTESIAN_POINT('',(6.282607050202,9.365784751391,6.5));
#3023 = CARTESIAN_POINT('',(6.285858624626,9.370836464162,6.5));
#3024 = CARTESIAN_POINT('',(6.292840455034,9.382414198555,6.5));
#3025 = CARTESIAN_POINT('',(6.30399728337,9.401988616155,6.5));
#3026 = CARTESIAN_POINT('',(6.318836958167,9.429825059803,6.5));
#3027 = CARTESIAN_POINT('',(6.336920386988,9.466127202737,6.5));
#3028 = CARTESIAN_POINT('',(6.357768878868,9.511099640488,6.5));
#3029 = CARTESIAN_POINT('',(6.380907199505,9.564919028949,6.5));
#3030 = CARTESIAN_POINT('',(6.40584789176,9.6277448455,6.5));
#3031 = CARTESIAN_POINT('',(6.432098070624,9.699715034937,6.5));
#3032 = CARTESIAN_POINT('',(6.459158133474,9.780947138529,6.5));
#3033 = CARTESIAN_POINT('',(6.486523238121,9.871537590876,6.5));
#3034 = CARTESIAN_POINT('',(6.513683872304,9.971561662276,6.5));
#3035 = CARTESIAN_POINT('',(6.540126719612,10.081073234005,6.5));
#3036 = CARTESIAN_POINT('',(6.565335456367,10.200104652561,6.5));
#3037 = CARTESIAN_POINT('',(6.588791504484,10.328666645163,6.5));
#3038 = CARTESIAN_POINT('',(6.609975103211,10.466748053094,6.5));
#3039 = CARTESIAN_POINT('',(6.628365051552,10.614316486377,6.5));
#3040 = CARTESIAN_POINT('',(6.643443926086,10.771315341196,6.5));
#3041 = CARTESIAN_POINT('',(6.6507328281,10.879224824674,6.5));
#3042 = CARTESIAN_POINT('',(6.653721061111,10.934715178775,6.5));
#3043 = ORIENTED_EDGE('',*,*,#3044,.T.);
#3044 = EDGE_CURVE('',#3018,#3045,#3047,.T.);
#3045 = VERTEX_POINT('',#3046);
#3046 = CARTESIAN_POINT('',(6.142880597411,11.229649058005,6.5));
#3047 = B_SPLINE_CURVE_WITH_KNOTS('',1,(#3048,#3049),.UNSPECIFIED.,.F.,
  .F.,(2,2),(0.,0.58986775846),.PIECEWISE_BEZIER_KNOTS.);
#3048 = CARTESIAN_POINT('',(6.653721061111,10.934715178775,6.5));
#3049 = CARTESIAN_POINT('',(6.142880597411,11.229649058005,6.5));
#3050 = ORIENTED_EDGE('',*,*,#3051,.T.);
#3051 = EDGE_CURVE('',#3045,#3052,#3054,.T.);
#3052 = VERTEX_POINT('',#3053);
#3053 = CARTESIAN_POINT('',(4.969026892989,10.122448895466,6.5));
#3054 = B_SPLINE_CURVE_WITH_KNOTS('',3,(#3055,#3056,#3057,#3058,#3059,
    #3060,#3061,#3062,#3063,#3064,#3065,#3066,#3067,#3068,#3069,#3070,
    #3071,#3072,#3073,#3074,#3075,#3076),.UNSPECIFIED.,.F.,.F.,(4,1,1,1,
    1,1,1,1,1,1,1,1,1,1,1,1,1,1,1,4),(0.,0.166712883271,0.324414259488,
    0.473104128661,0.612782490802,0.743449345922,0.86510469404,
    0.977748535175,1.081380869354,1.176001696608,1.261611016983,
    1.338208830536,1.405795137351,1.464369937549,1.513933231314,
    1.55448501896,1.586025301063,1.608554078892,1.62207135626,
    1.626577159839),.UNSPECIFIED.);
#3055 = CARTESIAN_POINT('',(6.142880597411,11.229649058005,6.5));
#3056 = CARTESIAN_POINT('',(6.096318657601,11.199315995255,6.5));
#3057 = CARTESIAN_POINT('',(6.006510754606,11.139048879206,6.5));
#3058 = CARTESIAN_POINT('',(5.878085195234,11.047490763389,6.5));
#3059 = CARTESIAN_POINT('',(5.759482157385,10.95778038431,6.5));
#3060 = CARTESIAN_POINT('',(5.65049194969,10.870394145704,6.5));
#3061 = CARTESIAN_POINT('',(5.550882022194,10.785799615861,6.5));
#3062 = CARTESIAN_POINT('',(5.460402158254,10.704452500155,6.5));
#3063 = CARTESIAN_POINT('',(5.378783778782,10.626796536774,6.5));
#3064 = CARTESIAN_POINT('',(5.305740709051,10.553262701889,6.5));
#3065 = CARTESIAN_POINT('',(5.240969628302,10.484268599913,6.5));
#3066 = CARTESIAN_POINT('',(5.184150594413,10.420217846262,6.5));
#3067 = CARTESIAN_POINT('',(5.134947671478,10.361499429794,6.5));
#3068 = CARTESIAN_POINT('',(5.093009264459,10.308487248437,6.5));
#3069 = CARTESIAN_POINT('',(5.057969467154,10.261539180734,6.5));
#3070 = CARTESIAN_POINT('',(5.029446439531,10.22099763826,6.5));
#3071 = CARTESIAN_POINT('',(5.007049575949,10.187185858046,6.5));
#3072 = CARTESIAN_POINT('',(4.990362345997,10.160416100864,6.5));
#3073 = CARTESIAN_POINT('',(4.978988817259,10.140966795299,6.5));
#3074 = CARTESIAN_POINT('',(4.972453120361,10.129131485605,6.5));
#3075 = CARTESIAN_POINT('',(4.96970399598,10.123789683165,6.5));
#3076 = CARTESIAN_POINT('',(4.969026892989,10.122448895466,6.5));
#3077 = ORIENTED_EDGE('',*,*,#3078,.T.);
#3078 = EDGE_CURVE('',#3052,#3079,#3081,.T.);
#3079 = VERTEX_POINT('',#3080);
#3080 = CARTESIAN_POINT('',(4.847267306158,9.87441135778,6.5));
#3081 = B_SPLINE_CURVE_WITH_KNOTS('',1,(#3082,#3083),.UNSPECIFIED.,.F.,
  .F.,(2,2),(0.,0.276311449431),.PIECEWISE_BEZIER_KNOTS.);
#3082 = CARTESIAN_POINT('',(4.969026892989,10.122448895466,6.5));
#3083 = CARTESIAN_POINT('',(4.847267306158,9.87441135778,6.5));
#3084 = ORIENTED_EDGE('',*,*,#3085,.T.);
#3085 = EDGE_CURVE('',#3079,#3086,#3088,.T.);
#3086 = VERTEX_POINT('',#3087);
#3087 = CARTESIAN_POINT('',(4.094662793416,10.209492475545,6.5));
#3088 = B_SPLINE_CURVE_WITH_KNOTS('',1,(#3089,#3090),.UNSPECIFIED.,.F.,
  .F.,(2,2),(0.,0.823828203015),.PIECEWISE_BEZIER_KNOTS.);
#3089 = CARTESIAN_POINT('',(4.847267306158,9.87441135778,6.5));
#3090 = CARTESIAN_POINT('',(4.094662793416,10.209492475545,6.5));
#3091 = ORIENTED_EDGE('',*,*,#3092,.T.);
#3092 = EDGE_CURVE('',#3086,#3093,#3095,.T.);
#3093 = VERTEX_POINT('',#3094);
#3094 = CARTESIAN_POINT('',(4.197517539905,10.465946990443,6.5));
#3095 = B_SPLINE_CURVE_WITH_KNOTS('',1,(#3096,#3097),.UNSPECIFIED.,.F.,
  .F.,(2,2),(0.,0.276311449431),.PIECEWISE_BEZIER_KNOTS.);
#3096 = CARTESIAN_POINT('',(4.094662793416,10.209492475545,6.5));
#3097 = CARTESIAN_POINT('',(4.197517539905,10.465946990443,6.5));
#3098 = ORIENTED_EDGE('',*,*,#3099,.T.);
#3099 = EDGE_CURVE('',#3093,#3100,#3102,.T.);
#3100 = VERTEX_POINT('',#3101);
#3101 = CARTESIAN_POINT('',(4.234866170448,12.079151812871,6.5));
#3102 = B_SPLINE_CURVE_WITH_KNOTS('',3,(#3103,#3104,#3105,#3106,#3107,
    #3108,#3109,#3110,#3111,#3112,#3113,#3114,#3115,#3116,#3117,#3118,
    #3119,#3120,#3121,#3122,#3123,#3124),.UNSPECIFIED.,.F.,.F.,(4,1,1,1,
    1,1,1,1,1,1,1,1,1,1,1,1,1,1,1,4),(0.,4.505803579075E-03,
    1.802308094653E-02,4.055185877624E-02,7.209214087878E-02,
    0.112643928524,0.16220722229,0.220782022487,0.288368329302,
    0.364966142856,0.450575463231,0.545196290485,0.648828624664,
    0.761472465799,0.883127813916,1.013794669037,1.153473031177,
    1.302162900351,1.459864276568,1.626577159839),.UNSPECIFIED.);
#3103 = CARTESIAN_POINT('',(4.197517539905,10.465946990443,6.5));
#3104 = CARTESIAN_POINT('',(4.198060869011,10.467347338113,6.5));
#3105 = CARTESIAN_POINT('',(4.200191078589,10.472964699177,6.5));
#3106 = CARTESIAN_POINT('',(4.204613192918,10.48574103646,6.5));
#3107 = CARTESIAN_POINT('',(4.211456467527,10.507207341114,6.5));
#3108 = CARTESIAN_POINT('',(4.22018433776,10.53752083356,6.5));
#3109 = CARTESIAN_POINT('',(4.230324960357,10.576789443835,6.5));
#3110 = CARTESIAN_POINT('',(4.241367567094,10.625113771118,6.5));
#3111 = CARTESIAN_POINT('',(4.252810579857,10.68256780418,6.5));
#3112 = CARTESIAN_POINT('',(4.264144036401,10.749206187401,6.5));
#3113 = CARTESIAN_POINT('',(4.274857142101,10.825061374594,6.5));
#3114 = CARTESIAN_POINT('',(4.284436773647,10.910144465246,6.5));
#3115 = CARTESIAN_POINT('',(4.292369070982,11.004444824035,6.5));
#3116 = CARTESIAN_POINT('',(4.298140006335,11.107930142867,6.5));
#3117 = CARTESIAN_POINT('',(4.301236277944,11.2205464011,6.5));
#3118 = CARTESIAN_POINT('',(4.301146119826,11.342217888655,6.5));
#3119 = CARTESIAN_POINT('',(4.297360055758,11.472847279888,6.5));
#3120 = CARTESIAN_POINT('',(4.289372003033,11.612315595591,6.5));
#3121 = CARTESIAN_POINT('',(4.276678884406,11.760482789804,6.5));
#3122 = CARTESIAN_POINT('',(4.258786351991,11.917185917264,6.5));
#3123 = CARTESIAN_POINT('',(4.243480330843,12.024252767566,6.5));
#3124 = CARTESIAN_POINT('',(4.234866170448,12.079151812871,6.5));
#3125 = ORIENTED_EDGE('',*,*,#3126,.T.);
#3126 = EDGE_CURVE('',#3100,#3127,#3129,.T.);
#3127 = VERTEX_POINT('',#3128);
#3128 = CARTESIAN_POINT('',(3.673868595012,12.26143097467,6.5));
#3129 = B_SPLINE_CURVE_WITH_KNOTS('',1,(#3130,#3131),.UNSPECIFIED.,.F.,
  .F.,(2,2),(0.,0.58986775846),.PIECEWISE_BEZIER_KNOTS.);
#3130 = CARTESIAN_POINT('',(4.234866170448,12.079151812871,6.5));
#3131 = CARTESIAN_POINT('',(3.673868595012,12.26143097467,6.5));
#3132 = ORIENTED_EDGE('',*,*,#3133,.T.);
#3133 = EDGE_CURVE('',#3127,#3134,#3136,.T.);
#3134 = VERTEX_POINT('',#3135);
#3135 = CARTESIAN_POINT('',(2.755866268287,10.934367883691,6.5));
#3136 = B_SPLINE_CURVE_WITH_KNOTS('',3,(#3137,#3138,#3139,#3140,#3141,
    #3142,#3143,#3144,#3145,#3146,#3147,#3148,#3149,#3150,#3151,#3152,
    #3153,#3154,#3155,#3156,#3157,#3158),.UNSPECIFIED.,.F.,.F.,(4,1,1,1,
    1,1,1,1,1,1,1,1,1,1,1,1,1,1,1,4),(0.,0.166712883271,0.324414259488,
    0.473104128661,0.612782490802,0.743449345922,0.86510469404,
    0.977748535175,1.081380869354,1.176001696608,1.261611016983,
    1.338208830536,1.405795137351,1.464369937549,1.513933231314,
    1.55448501896,1.586025301063,1.608554078892,1.62207135626,
    1.626577159839),.UNSPECIFIED.);
#3137 = CARTESIAN_POINT('',(3.673868595012,12.26143097467,6.5));
#3138 = CARTESIAN_POINT('',(3.634630743665,12.222079990484,6.5));
#3139 = CARTESIAN_POINT('',(3.559315596822,12.144457742557,6.5));
#3140 = CARTESIAN_POINT('',(3.452732446717,12.02819921605,6.5));
#3141 = CARTESIAN_POINT('',(3.355373006404,11.915790265857,6.5));
#3142 = CARTESIAN_POINT('',(3.266933116866,11.807653287863,6.5));
#3143 = CARTESIAN_POINT('',(3.18708809701,11.704197283015,6.5));
#3144 = CARTESIAN_POINT('',(3.115498451552,11.605815975463,6.5));
#3145 = CARTESIAN_POINT('',(3.051809212145,11.512887565921,6.5));
#3146 = CARTESIAN_POINT('',(2.99565085268,11.425774113626,6.5));
#3147 = CARTESIAN_POINT('',(2.946639855846,11.344821033399,6.5));
#3148 = CARTESIAN_POINT('',(2.904379354662,11.270356600983,6.5));
#3149 = CARTESIAN_POINT('',(2.868459878894,11.202691459895,6.5));
#3150 = CARTESIAN_POINT('',(2.83845977895,11.142118236777,6.5));
#3151 = CARTESIAN_POINT('',(2.813946737423,11.088910913491,6.5));
#3152 = CARTESIAN_POINT('',(2.794476067032,11.04332503009,6.5));
#3153 = CARTESIAN_POINT('',(2.779598493049,11.005595548621,6.5));
#3154 = CARTESIAN_POINT('',(2.768841664587,10.975941304667,6.5));
#3155 = CARTESIAN_POINT('',(2.761760412745,10.954552323502,6.5));
#3156 = CARTESIAN_POINT('',(2.757828235755,10.941616795928,6.5));
#3157 = CARTESIAN_POINT('',(2.756249809515,10.93582014959,6.5));
#3158 = CARTESIAN_POINT('',(2.755866268287,10.934367883691,6.5));
#3159 = ORIENTED_EDGE('',*,*,#3160,.T.);
#3160 = EDGE_CURVE('',#3134,#3161,#3163,.T.);
#3161 = VERTEX_POINT('',#3162);
#3162 = CARTESIAN_POINT('',(2.688337324408,10.66643531974,6.5));
#3163 = B_SPLINE_CURVE_WITH_KNOTS('',1,(#3164,#3165),.UNSPECIFIED.,.F.,
  .F.,(2,2),(0.,0.276311449431),.PIECEWISE_BEZIER_KNOTS.);
#3164 = CARTESIAN_POINT('',(2.755866268287,10.934367883691,6.5));
#3165 = CARTESIAN_POINT('',(2.688337324408,10.66643531974,6.5));
#3166 = ORIENTED_EDGE('',*,*,#3167,.T.);
#3167 = EDGE_CURVE('',#3161,#3168,#3170,.T.);
#3168 = VERTEX_POINT('',#3169);
#3169 = CARTESIAN_POINT('',(1.882511744212,10.837718834372,6.5));
#3170 = B_SPLINE_CURVE_WITH_KNOTS('',1,(#3171,#3172),.UNSPECIFIED.,.F.,
  .F.,(2,2),(0.,0.823828203015),.PIECEWISE_BEZIER_KNOTS.);
#3171 = CARTESIAN_POINT('',(2.688337324408,10.66643531974,6.5));
#3172 = CARTESIAN_POINT('',(1.882511744212,10.837718834372,6.5));
#3173 = ORIENTED_EDGE('',*,*,#3174,.T.);
#3174 = EDGE_CURVE('',#3168,#3175,#3177,.T.);
#3175 = VERTEX_POINT('',#3176);
#3176 = CARTESIAN_POINT('',(1.929798975904,11.109953907068,6.5));
#3177 = B_SPLINE_CURVE_WITH_KNOTS('',1,(#3178,#3179),.UNSPECIFIED.,.F.,
  .F.,(2,2),(0.,0.276311449431),.PIECEWISE_BEZIER_KNOTS.);
#3178 = CARTESIAN_POINT('',(1.882511744212,10.837718834372,6.5));
#3179 = CARTESIAN_POINT('',(1.929798975904,11.109953907068,6.5));
#3180 = ORIENTED_EDGE('',*,*,#3181,.T.);
#3181 = EDGE_CURVE('',#3175,#3182,#3184,.T.);
#3182 = VERTEX_POINT('',#3183);
#3183 = CARTESIAN_POINT('',(1.630927306994,12.695671550544,6.5));
#3184 = B_SPLINE_CURVE_WITH_KNOTS('',3,(#3185,#3186,#3187,#3188,#3189,
    #3190,#3191,#3192,#3193,#3194,#3195,#3196,#3197,#3198,#3199,#3200,
    #3201,#3202,#3203,#3204,#3205,#3206),.UNSPECIFIED.,.F.,.F.,(4,1,1,1,
    1,1,1,1,1,1,1,1,1,1,1,1,1,1,1,4),(0.,4.505803579075E-03,
    1.802308094653E-02,4.055185877624E-02,7.209214087878E-02,
    0.112643928524,0.16220722229,0.220782022487,0.288368329302,
    0.364966142856,0.450575463231,0.545196290485,0.648828624664,
    0.761472465799,0.883127813916,1.013794669037,1.153473031177,
    1.302162900351,1.459864276568,1.626577159839),.UNSPECIFIED.);
#3185 = CARTESIAN_POINT('',(1.929798975904,11.109953907068,6.5));
#3186 = CARTESIAN_POINT('',(1.930039283314,11.111436618255,6.5));
#3187 = CARTESIAN_POINT('',(1.930955027665,11.117374121977,6.5));
#3188 = CARTESIAN_POINT('',(1.932624158299,11.130790674903,6.5));
#3189 = CARTESIAN_POINT('',(1.934854795242,11.153210686093,6.5));
#3190 = CARTESIAN_POINT('',(1.937089411101,11.184676382256,6.5));
#3191 = CARTESIAN_POINT('',(1.938844033606,11.22519523317,6.5));
#3192 = CARTESIAN_POINT('',(1.939598140299,11.274759444997,6.5));
#3193 = CARTESIAN_POINT('',(1.93884573062,11.33333710572,6.5));
#3194 = CARTESIAN_POINT('',(1.936076625018,11.400875638498,6.5));
#3195 = CARTESIAN_POINT('',(1.930784443428,11.477300587774,6.5));
#3196 = CARTESIAN_POINT('',(1.922464967803,11.56251612615,6.5));
#3197 = CARTESIAN_POINT('',(1.910617778369,11.656405013199,6.5));
#3198 = CARTESIAN_POINT('',(1.894746797325,11.758828774453,6.5));
#3199 = CARTESIAN_POINT('',(1.874361171308,11.869627848312,6.5));
#3200 = CARTESIAN_POINT('',(1.84897605866,11.988621777016,6.5));
#3201 = CARTESIAN_POINT('',(1.818113351573,12.115609435653,6.5));
#3202 = CARTESIAN_POINT('',(1.781302763633,12.250369224488,6.5));
#3203 = CARTESIAN_POINT('',(1.73808132823,12.39265956226,6.5));
#3204 = CARTESIAN_POINT('',(1.68799937839,12.542218283745,6.5));
#3205 = CARTESIAN_POINT('',(1.65076738065,12.643763165749,6.5));
#3206 = CARTESIAN_POINT('',(1.630927306994,12.695671550544,6.5));
#3207 = ORIENTED_EDGE('',*,*,#3208,.T.);
#3208 = EDGE_CURVE('',#3182,#3209,#3211,.T.);
#3209 = VERTEX_POINT('',#3210);
#3210 = CARTESIAN_POINT('',(1.044290905833,12.757329520867,6.5));
#3211 = B_SPLINE_CURVE_WITH_KNOTS('',1,(#3212,#3213),.UNSPECIFIED.,.F.,
  .F.,(2,2),(0.,0.58986775846),.PIECEWISE_BEZIER_KNOTS.);
#3212 = CARTESIAN_POINT('',(1.630927306994,12.695671550544,6.5));
#3213 = CARTESIAN_POINT('',(1.044290905833,12.757329520867,6.5));
#3214 = ORIENTED_EDGE('',*,*,#3215,.T.);
#3215 = EDGE_CURVE('',#3209,#3216,#3218,.T.);
#3216 = VERTEX_POINT('',#3217);
#3217 = CARTESIAN_POINT('',(0.422261063546,11.26840252648,6.5));
#3218 = B_SPLINE_CURVE_WITH_KNOTS('',3,(#3219,#3220,#3221,#3222,#3223,
    #3224,#3225,#3226,#3227,#3228,#3229,#3230,#3231,#3232,#3233,#3234,
    #3235,#3236,#3237,#3238,#3239,#3240),.UNSPECIFIED.,.F.,.F.,(4,1,1,1,
    1,1,1,1,1,1,1,1,1,1,1,1,1,1,1,4),(0.,0.166712883271,0.324414259488,
    0.473104128661,0.612782490802,0.743449345922,0.86510469404,
    0.977748535175,1.081380869354,1.176001696608,1.261611016983,
    1.338208830536,1.405795137351,1.464369937549,1.513933231314,
    1.55448501896,1.586025301063,1.608554078892,1.62207135626,
    1.626577159839),.UNSPECIFIED.);
#3219 = CARTESIAN_POINT('',(1.044290905833,12.757329520867,6.5));
#3220 = CARTESIAN_POINT('',(1.014092025338,12.710680442082,6.5));
#3221 = CARTESIAN_POINT('',(0.956561267966,12.619095526985,6.5));
#3222 = CARTESIAN_POINT('',(0.87647872223,12.483217645266,6.5));
#3223 = CARTESIAN_POINT('',(0.804617954177,12.353022934481,6.5));
#3224 = CARTESIAN_POINT('',(0.740593630351,12.228861321936,6.5));
#3225 = CARTESIAN_POINT('',(0.684003128642,12.11106536593,6.5));
#3226 = CARTESIAN_POINT('',(0.634432512697,11.99994960176,6.5));
#3227 = CARTESIAN_POINT('',(0.591455938731,11.895810163474,6.5));
#3228 = CARTESIAN_POINT('',(0.554636679319,11.79892436965,6.5));
#3229 = CARTESIAN_POINT('',(0.523527782144,11.709550349233,6.5));
#3230 = CARTESIAN_POINT('',(0.497672800354,11.62792669107,6.5));
#3231 = CARTESIAN_POINT('',(0.476606625205,11.554272116721,6.5));
#3232 = CARTESIAN_POINT('',(0.459855980659,11.488785192356,6.5));
#3233 = CARTESIAN_POINT('',(0.446941032451,11.431644028831,6.5));
#3234 = CARTESIAN_POINT('',(0.437373681019,11.383006126353,6.5));
#3235 = CARTESIAN_POINT('',(0.430665618009,11.343007903015,6.5));
#3236 = CARTESIAN_POINT('',(0.426309316058,11.311765205046,6.5));
#3237 = CARTESIAN_POINT('',(0.423829825797,11.289371349394,6.5));
#3238 = CARTESIAN_POINT('',(0.422673023719,11.275900948566,6.5));
#3239 = CARTESIAN_POINT('',(0.42233428042,11.26990279959,6.5));
#3240 = CARTESIAN_POINT('',(0.422261063546,11.26840252648,6.5));
#3241 = ORIENTED_EDGE('',*,*,#3242,.T.);
#3242 = EDGE_CURVE('',#3216,#3243,#3245,.T.);
#3243 = VERTEX_POINT('',#3244);
#3244 = CARTESIAN_POINT('',(0.411914101507,10.992284874992,6.5));
#3245 = B_SPLINE_CURVE_WITH_KNOTS('',1,(#3246,#3247),.UNSPECIFIED.,.F.,
  .F.,(2,2),(0.,0.276311449431),.PIECEWISE_BEZIER_KNOTS.);
#3246 = CARTESIAN_POINT('',(0.422261063546,11.26840252648,6.5));
#3247 = CARTESIAN_POINT('',(0.411914101507,10.992284874992,6.5));
#3248 = ORIENTED_EDGE('',*,*,#3249,.T.);
#3249 = EDGE_CURVE('',#3243,#3250,#3252,.T.);
#3250 = VERTEX_POINT('',#3251);
#3251 = CARTESIAN_POINT('',(-0.411914101507,10.992284874992,6.5));
#3252 = B_SPLINE_CURVE_WITH_KNOTS('',1,(#3253,#3254),.UNSPECIFIED.,.F.,
  .F.,(2,2),(0.,0.823828203015),.PIECEWISE_BEZIER_KNOTS.);
#3253 = CARTESIAN_POINT('',(0.411914101507,10.992284874992,6.5));
#3254 = CARTESIAN_POINT('',(-0.411914101507,10.992284874992,6.5));
#3255 = ORIENTED_EDGE('',*,*,#3256,.T.);
#3256 = EDGE_CURVE('',#3250,#3257,#3259,.T.);
#3257 = VERTEX_POINT('',#3258);
#3258 = CARTESIAN_POINT('',(-0.422261063546,11.26840252648,6.5));
#3259 = B_SPLINE_CURVE_WITH_KNOTS('',1,(#3260,#3261),.UNSPECIFIED.,.F.,
  .F.,(2,2),(0.,0.276311449431),.PIECEWISE_BEZIER_KNOTS.);
#3260 = CARTESIAN_POINT('',(-0.411914101507,10.992284874992,6.5));
#3261 = CARTESIAN_POINT('',(-0.422261063546,11.26840252648,6.5));
#3262 = ORIENTED_EDGE('',*,*,#3263,.T.);
#3263 = EDGE_CURVE('',#3257,#3264,#3266,.T.);
#3264 = VERTEX_POINT('',#3265);
#3265 = CARTESIAN_POINT('',(-1.044290905833,12.757329520867,6.5));
#3266 = B_SPLINE_CURVE_WITH_KNOTS('',3,(#3267,#3268,#3269,#3270,#3271,
    #3272,#3273,#3274,#3275,#3276,#3277,#3278,#3279,#3280,#3281,#3282,
    #3283,#3284,#3285,#3286,#3287,#3288),.UNSPECIFIED.,.F.,.F.,(4,1,1,1,
    1,1,1,1,1,1,1,1,1,1,1,1,1,1,1,4),(0.,4.505803579075E-03,
    1.802308094653E-02,4.055185877624E-02,7.209214087878E-02,
    0.112643928524,0.16220722229,0.220782022487,0.288368329302,
    0.364966142856,0.450575463231,0.545196290485,0.648828624664,
    0.761472465799,0.883127813916,1.013794669037,1.153473031177,
    1.302162900351,1.459864276568,1.626577159839),.UNSPECIFIED.);
#3267 = CARTESIAN_POINT('',(-0.422261063546,11.26840252648,6.5));
#3268 = CARTESIAN_POINT('',(-0.42233428042,11.26990279959,6.5));
#3269 = CARTESIAN_POINT('',(-0.422673023719,11.275900948566,6.5));
#3270 = CARTESIAN_POINT('',(-0.423829825797,11.289371349394,6.5));
#3271 = CARTESIAN_POINT('',(-0.426309316058,11.311765205046,6.5));
#3272 = CARTESIAN_POINT('',(-0.430665618009,11.343007903015,6.5));
#3273 = CARTESIAN_POINT('',(-0.437373681019,11.383006126353,6.5));
#3274 = CARTESIAN_POINT('',(-0.446941032451,11.431644028831,6.5));
#3275 = CARTESIAN_POINT('',(-0.459855980659,11.488785192356,6.5));
#3276 = CARTESIAN_POINT('',(-0.476606625205,11.554272116721,6.5));
#3277 = CARTESIAN_POINT('',(-0.497672800354,11.62792669107,6.5));
#3278 = CARTESIAN_POINT('',(-0.523527782144,11.709550349233,6.5));
#3279 = CARTESIAN_POINT('',(-0.554636679319,11.79892436965,6.5));
#3280 = CARTESIAN_POINT('',(-0.591455938731,11.895810163474,6.5));
#3281 = CARTESIAN_POINT('',(-0.634432512697,11.99994960176,6.5));
#3282 = CARTESIAN_POINT('',(-0.684003128642,12.11106536593,6.5));
#3283 = CARTESIAN_POINT('',(-0.740593630351,12.228861321936,6.5));
#3284 = CARTESIAN_POINT('',(-0.804617954177,12.353022934481,6.5));
#3285 = CARTESIAN_POINT('',(-0.87647872223,12.483217645266,6.5));
#3286 = CARTESIAN_POINT('',(-0.956561267966,12.619095526985,6.5));
#3287 = CARTESIAN_POINT('',(-1.014092025338,12.710680442082,6.5));
#3288 = CARTESIAN_POINT('',(-1.044290905833,12.757329520867,6.5));
#3289 = ORIENTED_EDGE('',*,*,#3290,.T.);
#3290 = EDGE_CURVE('',#3264,#3291,#3293,.T.);
#3291 = VERTEX_POINT('',#3292);
#3292 = CARTESIAN_POINT('',(-1.630927306994,12.695671550544,6.5));
#3293 = B_SPLINE_CURVE_WITH_KNOTS('',1,(#3294,#3295),.UNSPECIFIED.,.F.,
  .F.,(2,2),(0.,0.58986775846),.PIECEWISE_BEZIER_KNOTS.);
#3294 = CARTESIAN_POINT('',(-1.044290905833,12.757329520867,6.5));
#3295 = CARTESIAN_POINT('',(-1.630927306994,12.695671550544,6.5));
#3296 = ORIENTED_EDGE('',*,*,#3297,.T.);
#3297 = EDGE_CURVE('',#3291,#3298,#3300,.T.);
#3298 = VERTEX_POINT('',#3299);
#3299 = CARTESIAN_POINT('',(-1.929798975904,11.109953907068,6.5));
#3300 = B_SPLINE_CURVE_WITH_KNOTS('',3,(#3301,#3302,#3303,#3304,#3305,
    #3306,#3307,#3308,#3309,#3310,#3311,#3312,#3313,#3314,#3315,#3316,
    #3317,#3318,#3319,#3320,#3321,#3322),.UNSPECIFIED.,.F.,.F.,(4,1,1,1,
    1,1,1,1,1,1,1,1,1,1,1,1,1,1,1,4),(0.,0.166712883271,0.324414259488,
    0.473104128661,0.612782490802,0.743449345922,0.86510469404,
    0.977748535175,1.081380869354,1.176001696608,1.261611016983,
    1.338208830536,1.405795137351,1.464369937549,1.513933231314,
    1.55448501896,1.586025301063,1.608554078892,1.62207135626,
    1.626577159839),.UNSPECIFIED.);
#3301 = CARTESIAN_POINT('',(-1.630927306994,12.695671550544,6.5));
#3302 = CARTESIAN_POINT('',(-1.65076738065,12.643763165749,6.5));
#3303 = CARTESIAN_POINT('',(-1.68799937839,12.542218283745,6.5));
#3304 = CARTESIAN_POINT('',(-1.73808132823,12.39265956226,6.5));
#3305 = CARTESIAN_POINT('',(-1.781302763633,12.250369224488,6.5));
#3306 = CARTESIAN_POINT('',(-1.818113351573,12.115609435653,6.5));
#3307 = CARTESIAN_POINT('',(-1.84897605866,11.988621777016,6.5));
#3308 = CARTESIAN_POINT('',(-1.874361171308,11.869627848312,6.5));
#3309 = CARTESIAN_POINT('',(-1.894746797325,11.758828774453,6.5));
#3310 = CARTESIAN_POINT('',(-1.910617778369,11.656405013199,6.5));
#3311 = CARTESIAN_POINT('',(-1.922464967803,11.56251612615,6.5));
#3312 = CARTESIAN_POINT('',(-1.930784443428,11.477300587774,6.5));
#3313 = CARTESIAN_POINT('',(-1.936076625018,11.400875638498,6.5));
#3314 = CARTESIAN_POINT('',(-1.93884573062,11.33333710572,6.5));
#3315 = CARTESIAN_POINT('',(-1.939598140299,11.274759444997,6.5));
#3316 = CARTESIAN_POINT('',(-1.938844033606,11.22519523317,6.5));
#3317 = CARTESIAN_POINT('',(-1.937089411101,11.184676382256,6.5));
#3318 = CARTESIAN_POINT('',(-1.934854795242,11.153210686093,6.5));
#3319 = CARTESIAN_POINT('',(-1.932624158299,11.130790674903,6.5));
#3320 = CARTESIAN_POINT('',(-1.930955027665,11.117374121977,6.5));
#3321 = CARTESIAN_POINT('',(-1.930039283314,11.111436618255,6.5));
#3322 = CARTESIAN_POINT('',(-1.929798975904,11.109953907068,6.5));
#3323 = ORIENTED_EDGE('',*,*,#3324,.T.);
#3324 = EDGE_CURVE('',#3298,#3325,#3327,.T.);
#3325 = VERTEX_POINT('',#3326);
#3326 = CARTESIAN_POINT('',(-1.882511744212,10.837718834372,6.5));
#3327 = B_SPLINE_CURVE_WITH_KNOTS('',1,(#3328,#3329),.UNSPECIFIED.,.F.,
  .F.,(2,2),(0.,0.276311449431),.PIECEWISE_BEZIER_KNOTS.);
#3328 = CARTESIAN_POINT('',(-1.929798975904,11.109953907068,6.5));
#3329 = CARTESIAN_POINT('',(-1.882511744212,10.837718834372,6.5));
#3330 = ORIENTED_EDGE('',*,*,#3331,.T.);
#3331 = EDGE_CURVE('',#3325,#3332,#3334,.T.);
#3332 = VERTEX_POINT('',#3333);
#3333 = CARTESIAN_POINT('',(-2.688337324408,10.66643531974,6.5));
#3334 = B_SPLINE_CURVE_WITH_KNOTS('',1,(#3335,#3336),.UNSPECIFIED.,.F.,
  .F.,(2,2),(0.,0.823828203015),.PIECEWISE_BEZIER_KNOTS.);
#3335 = CARTESIAN_POINT('',(-1.882511744212,10.837718834372,6.5));
#3336 = CARTESIAN_POINT('',(-2.688337324408,10.66643531974,6.5));
#3337 = ORIENTED_EDGE('',*,*,#3338,.T.);
#3338 = EDGE_CURVE('',#3332,#3339,#3341,.T.);
#3339 = VERTEX_POINT('',#3340);
#3340 = CARTESIAN_POINT('',(-2.755866268287,10.934367883691,6.5));
#3341 = B_SPLINE_CURVE_WITH_KNOTS('',1,(#3342,#3343),.UNSPECIFIED.,.F.,
  .F.,(2,2),(0.,0.276311449431),.PIECEWISE_BEZIER_KNOTS.);
#3342 = CARTESIAN_POINT('',(-2.688337324408,10.66643531974,6.5));
#3343 = CARTESIAN_POINT('',(-2.755866268287,10.934367883691,6.5));
#3344 = ORIENTED_EDGE('',*,*,#3345,.T.);
#3345 = EDGE_CURVE('',#3339,#3346,#3348,.T.);
#3346 = VERTEX_POINT('',#3347);
#3347 = CARTESIAN_POINT('',(-3.673868595012,12.26143097467,6.5));
#3348 = B_SPLINE_CURVE_WITH_KNOTS('',3,(#3349,#3350,#3351,#3352,#3353,
    #3354,#3355,#3356,#3357,#3358,#3359,#3360,#3361,#3362,#3363,#3364,
    #3365,#3366,#3367,#3368,#3369,#3370),.UNSPECIFIED.,.F.,.F.,(4,1,1,1,
    1,1,1,1,1,1,1,1,1,1,1,1,1,1,1,4),(0.,4.505803579075E-03,
    1.802308094653E-02,4.055185877624E-02,7.209214087878E-02,
    0.112643928524,0.16220722229,0.220782022487,0.288368329302,
    0.364966142856,0.450575463231,0.545196290485,0.648828624664,
    0.761472465799,0.883127813916,1.013794669037,1.153473031177,
    1.302162900351,1.459864276568,1.626577159839),.UNSPECIFIED.);
#3349 = CARTESIAN_POINT('',(-2.755866268287,10.934367883691,6.5));
#3350 = CARTESIAN_POINT('',(-2.756249809515,10.93582014959,6.5));
#3351 = CARTESIAN_POINT('',(-2.757828235755,10.941616795928,6.5));
#3352 = CARTESIAN_POINT('',(-2.761760412745,10.954552323502,6.5));
#3353 = CARTESIAN_POINT('',(-2.768841664587,10.975941304667,6.5));
#3354 = CARTESIAN_POINT('',(-2.779598493049,11.005595548621,6.5));
#3355 = CARTESIAN_POINT('',(-2.794476067032,11.04332503009,6.5));
#3356 = CARTESIAN_POINT('',(-2.813946737423,11.088910913491,6.5));
#3357 = CARTESIAN_POINT('',(-2.83845977895,11.142118236777,6.5));
#3358 = CARTESIAN_POINT('',(-2.868459878894,11.202691459895,6.5));
#3359 = CARTESIAN_POINT('',(-2.904379354662,11.270356600983,6.5));
#3360 = CARTESIAN_POINT('',(-2.946639855846,11.344821033399,6.5));
#3361 = CARTESIAN_POINT('',(-2.99565085268,11.425774113626,6.5));
#3362 = CARTESIAN_POINT('',(-3.051809212145,11.512887565921,6.5));
#3363 = CARTESIAN_POINT('',(-3.115498451552,11.605815975463,6.5));
#3364 = CARTESIAN_POINT('',(-3.18708809701,11.704197283015,6.5));
#3365 = CARTESIAN_POINT('',(-3.266933116866,11.807653287863,6.5));
#3366 = CARTESIAN_POINT('',(-3.355373006404,11.915790265857,6.5));
#3367 = CARTESIAN_POINT('',(-3.452732446717,12.02819921605,6.5));
#3368 = CARTESIAN_POINT('',(-3.559315596822,12.144457742557,6.5));
#3369 = CARTESIAN_POINT('',(-3.634630743665,12.222079990484,6.5));
#3370 = CARTESIAN_POINT('',(-3.673868595012,12.26143097467,6.5));
#3371 = ORIENTED_EDGE('',*,*,#3372,.T.);
#3372 = EDGE_CURVE('',#3346,#3373,#3375,.T.);
#3373 = VERTEX_POINT('',#3374);
#3374 = CARTESIAN_POINT('',(-4.234866170448,12.079151812871,6.5));
#3375 = B_SPLINE_CURVE_WITH_KNOTS('',1,(#3376,#3377),.UNSPECIFIED.,.F.,
  .F.,(2,2),(0.,0.58986775846),.PIECEWISE_BEZIER_KNOTS.);
#3376 = CARTESIAN_POINT('',(-3.673868595012,12.26143097467,6.5));
#3377 = CARTESIAN_POINT('',(-4.234866170448,12.079151812871,6.5));
#3378 = ORIENTED_EDGE('',*,*,#3379,.T.);
#3379 = EDGE_CURVE('',#3373,#3380,#3382,.T.);
#3380 = VERTEX_POINT('',#3381);
#3381 = CARTESIAN_POINT('',(-4.197517539905,10.465946990443,6.5));
#3382 = B_SPLINE_CURVE_WITH_KNOTS('',3,(#3383,#3384,#3385,#3386,#3387,
    #3388,#3389,#3390,#3391,#3392,#3393,#3394,#3395,#3396,#3397,#3398,
    #3399,#3400,#3401,#3402,#3403,#3404),.UNSPECIFIED.,.F.,.F.,(4,1,1,1,
    1,1,1,1,1,1,1,1,1,1,1,1,1,1,1,4),(0.,0.166712883271,0.324414259488,
    0.473104128661,0.612782490802,0.743449345922,0.86510469404,
    0.977748535175,1.081380869354,1.176001696608,1.261611016983,
    1.338208830536,1.405795137351,1.464369937549,1.513933231314,
    1.55448501896,1.586025301063,1.608554078892,1.62207135626,
    1.626577159839),.UNSPECIFIED.);
#3383 = CARTESIAN_POINT('',(-4.234866170448,12.079151812871,6.5));
#3384 = CARTESIAN_POINT('',(-4.243480330843,12.024252767566,6.5));
#3385 = CARTESIAN_POINT('',(-4.258786351991,11.917185917264,6.5));
#3386 = CARTESIAN_POINT('',(-4.276678884406,11.760482789804,6.5));
#3387 = CARTESIAN_POINT('',(-4.289372003033,11.612315595591,6.5));
#3388 = CARTESIAN_POINT('',(-4.297360055758,11.472847279888,6.5));
#3389 = CARTESIAN_POINT('',(-4.301146119826,11.342217888655,6.5));
#3390 = CARTESIAN_POINT('',(-4.301236277944,11.2205464011,6.5));
#3391 = CARTESIAN_POINT('',(-4.298140006335,11.107930142867,6.5));
#3392 = CARTESIAN_POINT('',(-4.292369070982,11.004444824035,6.5));
#3393 = CARTESIAN_POINT('',(-4.284436773647,10.910144465246,6.5));
#3394 = CARTESIAN_POINT('',(-4.274857142101,10.825061374594,6.5));
#3395 = CARTESIAN_POINT('',(-4.264144036401,10.749206187401,6.5));
#3396 = CARTESIAN_POINT('',(-4.252810579857,10.68256780418,6.5));
#3397 = CARTESIAN_POINT('',(-4.241367567094,10.625113771118,6.5));
#3398 = CARTESIAN_POINT('',(-4.230324960357,10.576789443835,6.5));
#3399 = CARTESIAN_POINT('',(-4.22018433776,10.53752083356,6.5));
#3400 = CARTESIAN_POINT('',(-4.211456467527,10.507207341114,6.5));
#3401 = CARTESIAN_POINT('',(-4.204613192918,10.48574103646,6.5));
#3402 = CARTESIAN_POINT('',(-4.200191078589,10.472964699177,6.5));
#3403 = CARTESIAN_POINT('',(-4.198060869011,10.467347338113,6.5));
#3404 = CARTESIAN_POINT('',(-4.197517539905,10.465946990443,6.5));
#3405 = ORIENTED_EDGE('',*,*,#3406,.T.);
#3406 = EDGE_CURVE('',#3380,#3407,#3409,.T.);
#3407 = VERTEX_POINT('',#3408);
#3408 = CARTESIAN_POINT('',(-4.094662793416,10.209492475545,6.5));
#3409 = B_SPLINE_CURVE_WITH_KNOTS('',1,(#3410,#3411),.UNSPECIFIED.,.F.,
  .F.,(2,2),(0.,0.276311449431),.PIECEWISE_BEZIER_KNOTS.);
#3410 = CARTESIAN_POINT('',(-4.197517539905,10.465946990443,6.5));
#3411 = CARTESIAN_POINT('',(-4.094662793416,10.209492475545,6.5));
#3412 = ORIENTED_EDGE('',*,*,#3413,.T.);
#3413 = EDGE_CURVE('',#3407,#3414,#3416,.T.);
#3414 = VERTEX_POINT('',#3415);
#3415 = CARTESIAN_POINT('',(-4.847267306158,9.87441135778,6.5));
#3416 = B_SPLINE_CURVE_WITH_KNOTS('',1,(#3417,#3418),.UNSPECIFIED.,.F.,
  .F.,(2,2),(0.,0.823828203015),.PIECEWISE_BEZIER_KNOTS.);
#3417 = CARTESIAN_POINT('',(-4.094662793416,10.209492475545,6.5));
#3418 = CARTESIAN_POINT('',(-4.847267306158,9.87441135778,6.5));
#3419 = ORIENTED_EDGE('',*,*,#3420,.T.);
#3420 = EDGE_CURVE('',#3414,#3421,#3423,.T.);
#3421 = VERTEX_POINT('',#3422);
#3422 = CARTESIAN_POINT('',(-4.969026892989,10.122448895466,6.5));
#3423 = B_SPLINE_CURVE_WITH_KNOTS('',1,(#3424,#3425),.UNSPECIFIED.,.F.,
  .F.,(2,2),(0.,0.276311449431),.PIECEWISE_BEZIER_KNOTS.);
#3424 = CARTESIAN_POINT('',(-4.847267306158,9.87441135778,6.5));
#3425 = CARTESIAN_POINT('',(-4.969026892989,10.122448895466,6.5));
#3426 = ORIENTED_EDGE('',*,*,#3427,.T.);
#3427 = EDGE_CURVE('',#3421,#3428,#3430,.T.);
#3428 = VERTEX_POINT('',#3429);
#3429 = CARTESIAN_POINT('',(-6.142880597411,11.229649058005,6.5));
#3430 = B_SPLINE_CURVE_WITH_KNOTS('',3,(#3431,#3432,#3433,#3434,#3435,
    #3436,#3437,#3438,#3439,#3440,#3441,#3442,#3443,#3444,#3445,#3446,
    #3447,#3448,#3449,#3450,#3451,#3452),.UNSPECIFIED.,.F.,.F.,(4,1,1,1,
    1,1,1,1,1,1,1,1,1,1,1,1,1,1,1,4),(0.,4.505803579075E-03,
    1.802308094653E-02,4.055185877624E-02,7.209214087878E-02,
    0.112643928524,0.16220722229,0.220782022487,0.288368329302,
    0.364966142856,0.450575463231,0.545196290485,0.648828624664,
    0.761472465799,0.883127813916,1.013794669037,1.153473031177,
    1.302162900351,1.459864276568,1.626577159839),.UNSPECIFIED.);
#3431 = CARTESIAN_POINT('',(-4.969026892989,10.122448895466,6.5));
#3432 = CARTESIAN_POINT('',(-4.96970399598,10.123789683165,6.5));
#3433 = CARTESIAN_POINT('',(-4.972453120361,10.129131485605,6.5));
#3434 = CARTESIAN_POINT('',(-4.978988817259,10.140966795299,6.5));
#3435 = CARTESIAN_POINT('',(-4.990362345997,10.160416100864,6.5));
#3436 = CARTESIAN_POINT('',(-5.007049575949,10.187185858046,6.5));
#3437 = CARTESIAN_POINT('',(-5.029446439531,10.22099763826,6.5));
#3438 = CARTESIAN_POINT('',(-5.057969467154,10.261539180734,6.5));
#3439 = CARTESIAN_POINT('',(-5.093009264459,10.308487248437,6.5));
#3440 = CARTESIAN_POINT('',(-5.134947671478,10.361499429794,6.5));
#3441 = CARTESIAN_POINT('',(-5.184150594413,10.420217846262,6.5));
#3442 = CARTESIAN_POINT('',(-5.240969628302,10.484268599913,6.5));
#3443 = CARTESIAN_POINT('',(-5.305740709051,10.553262701889,6.5));
#3444 = CARTESIAN_POINT('',(-5.378783778782,10.626796536774,6.5));
#3445 = CARTESIAN_POINT('',(-5.460402158254,10.704452500155,6.5));
#3446 = CARTESIAN_POINT('',(-5.550882022194,10.785799615861,6.5));
#3447 = CARTESIAN_POINT('',(-5.65049194969,10.870394145704,6.5));
#3448 = CARTESIAN_POINT('',(-5.759482157385,10.95778038431,6.5));
#3449 = CARTESIAN_POINT('',(-5.878085195234,11.047490763389,6.5));
#3450 = CARTESIAN_POINT('',(-6.006510754606,11.139048879206,6.5));
#3451 = CARTESIAN_POINT('',(-6.0963186576,11.199315995255,6.5));
#3452 = CARTESIAN_POINT('',(-6.142880597411,11.229649058005,6.5));
#3453 = ORIENTED_EDGE('',*,*,#3454,.T.);
#3454 = EDGE_CURVE('',#3428,#3455,#3457,.T.);
#3455 = VERTEX_POINT('',#3456);
#3456 = CARTESIAN_POINT('',(-6.653721061111,10.934715178775,6.5));
#3457 = B_SPLINE_CURVE_WITH_KNOTS('',1,(#3458,#3459),.UNSPECIFIED.,.F.,
  .F.,(2,2),(0.,0.58986775846),.PIECEWISE_BEZIER_KNOTS.);
#3458 = CARTESIAN_POINT('',(-6.142880597411,11.229649058005,6.5));
#3459 = CARTESIAN_POINT('',(-6.653721061111,10.934715178775,6.5));
#3460 = ORIENTED_EDGE('',*,*,#3461,.T.);
#3461 = EDGE_CURVE('',#3455,#3462,#3464,.T.);
#3462 = VERTEX_POINT('',#3463);
#3463 = CARTESIAN_POINT('',(-6.281784445488,9.36452796915,6.5));
#3464 = B_SPLINE_CURVE_WITH_KNOTS('',3,(#3465,#3466,#3467,#3468,#3469,
    #3470,#3471,#3472,#3473,#3474,#3475,#3476,#3477,#3478,#3479,#3480,
    #3481,#3482,#3483,#3484,#3485,#3486),.UNSPECIFIED.,.F.,.F.,(4,1,1,1,
    1,1,1,1,1,1,1,1,1,1,1,1,1,1,1,4),(0.,0.166712883271,0.324414259488,
    0.473104128661,0.612782490802,0.743449345922,0.86510469404,
    0.977748535175,1.081380869354,1.176001696608,1.261611016983,
    1.338208830536,1.405795137351,1.464369937549,1.513933231314,
    1.55448501896,1.586025301063,1.608554078892,1.62207135626,
    1.626577159839),.UNSPECIFIED.);
#3465 = CARTESIAN_POINT('',(-6.653721061111,10.934715178775,6.5));
#3466 = CARTESIAN_POINT('',(-6.6507328281,10.879224824674,6.5));
#3467 = CARTESIAN_POINT('',(-6.643443926086,10.771315341196,6.5));
#3468 = CARTESIAN_POINT('',(-6.628365051552,10.614316486377,6.5));
#3469 = CARTESIAN_POINT('',(-6.609975103211,10.466748053094,6.5));
#3470 = CARTESIAN_POINT('',(-6.588791504484,10.328666645163,6.5));
#3471 = CARTESIAN_POINT('',(-6.565335456367,10.200104652561,6.5));
#3472 = CARTESIAN_POINT('',(-6.540126719612,10.081073234005,6.5));
#3473 = CARTESIAN_POINT('',(-6.513683872304,9.971561662276,6.5));
#3474 = CARTESIAN_POINT('',(-6.486523238121,9.871537590876,6.5));
#3475 = CARTESIAN_POINT('',(-6.459158133474,9.780947138529,6.5));
#3476 = CARTESIAN_POINT('',(-6.432098070624,9.699715034937,6.5));
#3477 = CARTESIAN_POINT('',(-6.40584789176,9.6277448455,6.5));
#3478 = CARTESIAN_POINT('',(-6.380907199505,9.564919028949,6.5));
#3479 = CARTESIAN_POINT('',(-6.357768878868,9.511099640488,6.5));
#3480 = CARTESIAN_POINT('',(-6.336920386988,9.466127202737,6.5));
#3481 = CARTESIAN_POINT('',(-6.318836958167,9.429825059803,6.5));
#3482 = CARTESIAN_POINT('',(-6.30399728337,9.401988616155,6.5));
#3483 = CARTESIAN_POINT('',(-6.292840455034,9.382414198555,6.5));
#3484 = CARTESIAN_POINT('',(-6.285858624626,9.370836464162,6.5));
#3485 = CARTESIAN_POINT('',(-6.282607050202,9.365784751391,6.5));
#3486 = CARTESIAN_POINT('',(-6.281784445488,9.36452796915,6.5));
#3487 = ORIENTED_EDGE('',*,*,#3488,.T.);
#3488 = EDGE_CURVE('',#3462,#3489,#3491,.T.);
#3489 = VERTEX_POINT('',#3490);
#3490 = CARTESIAN_POINT('',(-6.127857430176,9.135062304957,6.5));
#3491 = B_SPLINE_CURVE_WITH_KNOTS('',1,(#3492,#3493),.UNSPECIFIED.,.F.,
  .F.,(2,2),(0.,0.276311449431),.PIECEWISE_BEZIER_KNOTS.);
#3492 = CARTESIAN_POINT('',(-6.281784445488,9.36452796915,6.5));
#3493 = CARTESIAN_POINT('',(-6.127857430176,9.135062304957,6.5));
#3494 = ORIENTED_EDGE('',*,*,#3495,.T.);
#3495 = EDGE_CURVE('',#3489,#3496,#3498,.T.);
#3496 = VERTEX_POINT('',#3497);
#3497 = CARTESIAN_POINT('',(-6.79434844686,8.650828236802,6.5));
#3498 = B_SPLINE_CURVE_WITH_KNOTS('',1,(#3499,#3500),.UNSPECIFIED.,.F.,
  .F.,(2,2),(0.,0.823828203015),.PIECEWISE_BEZIER_KNOTS.);
#3499 = CARTESIAN_POINT('',(-6.127857430176,9.135062304957,6.5));
#3500 = CARTESIAN_POINT('',(-6.79434844686,8.650828236802,6.5));
#3501 = ORIENTED_EDGE('',*,*,#3502,.T.);
#3502 = EDGE_CURVE('',#3496,#3503,#3505,.T.);
#3503 = VERTEX_POINT('',#3504);
#3504 = CARTESIAN_POINT('',(-6.965017198432,8.86813031761,6.5));
#3505 = B_SPLINE_CURVE_WITH_KNOTS('',1,(#3506,#3507),.UNSPECIFIED.,.F.,
  .F.,(2,2),(0.,0.276311449431),.PIECEWISE_BEZIER_KNOTS.);
#3506 = CARTESIAN_POINT('',(-6.79434844686,8.650828236802,6.5));
#3507 = CARTESIAN_POINT('',(-6.965017198432,8.86813031761,6.5));
#3508 = ORIENTED_EDGE('',*,*,#3509,.T.);
#3509 = EDGE_CURVE('',#3503,#3510,#3512,.T.);
#3510 = VERTEX_POINT('',#3511);
#3511 = CARTESIAN_POINT('',(-8.343419240892,9.707077591671,6.5));
#3512 = B_SPLINE_CURVE_WITH_KNOTS('',3,(#3513,#3514,#3515,#3516,#3517,
    #3518,#3519,#3520,#3521,#3522,#3523,#3524,#3525,#3526,#3527,#3528,
    #3529,#3530,#3531,#3532,#3533,#3534),.UNSPECIFIED.,.F.,.F.,(4,1,1,1,
    1,1,1,1,1,1,1,1,1,1,1,1,1,1,1,4),(0.,4.505803579075E-03,
    1.802308094653E-02,4.055185877624E-02,7.209214087878E-02,
    0.112643928524,0.16220722229,0.220782022487,0.288368329302,
    0.364966142856,0.450575463231,0.545196290485,0.648828624664,
    0.761472465799,0.883127813916,1.013794669037,1.153473031177,
    1.302162900351,1.459864276568,1.626577159839),.UNSPECIFIED.);
#3513 = CARTESIAN_POINT('',(-6.965017198432,8.86813031761,6.5));
#3514 = CARTESIAN_POINT('',(-6.965958270536,8.869301028254,6.5));
#3515 = CARTESIAN_POINT('',(-6.96975794313,8.873954524395,6.5));
#3516 = CARTESIAN_POINT('',(-6.97861151862,8.884172356384,6.5));
#3517 = CARTESIAN_POINT('',(-6.993780246472,8.900831958368,6.5));
#3518 = CARTESIAN_POINT('',(-7.015668565891,8.923547261933,6.5));
#3519 = CARTESIAN_POINT('',(-7.044605868662,8.951963603849,6.5));
#3520 = CARTESIAN_POINT('',(-7.080934660341,8.98568894545,6.5));
#3521 = CARTESIAN_POINT('',(-7.124969806141,9.024325901729,6.5));
#3522 = CARTESIAN_POINT('',(-7.177013610605,9.06746015462,6.5));
#3523 = CARTESIAN_POINT('',(-7.237349576874,9.114665569906,6.5));
#3524 = CARTESIAN_POINT('',(-7.306243879037,9.165503319509,6.5));
#3525 = CARTESIAN_POINT('',(-7.383944236667,9.219523069907,6.5));
#3526 = CARTESIAN_POINT('',(-7.470679684019,9.276263505942,6.5));
#3527 = CARTESIAN_POINT('',(-7.566660088723,9.335253084929,6.5));
#3528 = CARTESIAN_POINT('',(-7.672075766921,9.396010749486,6.5));
#3529 = CARTESIAN_POINT('',(-7.787097170244,9.458046617439,6.5));
#3530 = CARTESIAN_POINT('',(-7.911874301027,9.520862918704,6.5));
#3531 = CARTESIAN_POINT('',(-8.046537414537,9.583953952626,6.5));
#3532 = CARTESIAN_POINT('',(-8.191192569977,9.646810128747,6.5));
#3533 = CARTESIAN_POINT('',(-8.291568192816,9.687088150752,6.5));
#3534 = CARTESIAN_POINT('',(-8.343419240892,9.707077591671,6.5));
#3535 = ORIENTED_EDGE('',*,*,#3536,.T.);
#3536 = EDGE_CURVE('',#3510,#3537,#3539,.T.);
#3537 = VERTEX_POINT('',#3538);
#3538 = CARTESIAN_POINT('',(-8.781776413307,9.312379020781,6.5));
#3539 = B_SPLINE_CURVE_WITH_KNOTS('',1,(#3540,#3541),.UNSPECIFIED.,.F.,
  .F.,(2,2),(0.,0.58986775846),.PIECEWISE_BEZIER_KNOTS.);
#3540 = CARTESIAN_POINT('',(-8.343419240892,9.707077591671,6.5));
#3541 = CARTESIAN_POINT('',(-8.781776413307,9.312379020781,6.5));
#3542 = ORIENTED_EDGE('',*,*,#3543,.T.);
#3543 = EDGE_CURVE('',#3537,#3544,#3546,.T.);
#3544 = VERTEX_POINT('',#3545);
#3545 = CARTESIAN_POINT('',(-8.091507227457,7.853834139614,6.5));
#3546 = B_SPLINE_CURVE_WITH_KNOTS('',3,(#3547,#3548,#3549,#3550,#3551,
    #3552,#3553,#3554,#3555,#3556,#3557,#3558,#3559,#3560,#3561,#3562,
    #3563,#3564,#3565,#3566,#3567,#3568),.UNSPECIFIED.,.F.,.F.,(4,1,1,1,
    1,1,1,1,1,1,1,1,1,1,1,1,1,1,1,4),(0.,0.166712883271,0.324414259488,
    0.473104128661,0.612782490802,0.743449345922,0.86510469404,
    0.977748535175,1.081380869354,1.176001696608,1.261611016983,
    1.338208830536,1.405795137351,1.464369937549,1.513933231314,
    1.55448501896,1.586025301063,1.608554078892,1.62207135626,
    1.626577159839),.UNSPECIFIED.);
#3547 = CARTESIAN_POINT('',(-8.781776413307,9.312379020781,6.5));
#3548 = CARTESIAN_POINT('',(-8.767316387012,9.258722552632,6.5));
#3549 = CARTESIAN_POINT('',(-8.73775112183,9.154686598213,6.5));
#3550 = CARTESIAN_POINT('',(-8.690359859521,9.004253619353,6.5));
#3551 = CARTESIAN_POINT('',(-8.641690573198,8.863733395647,6.5));
#3552 = CARTESIAN_POINT('',(-8.592261147935,8.733073715602,6.5));
#3553 = CARTESIAN_POINT('',(-8.54258812949,8.612197897617,6.5));
#3554 = CARTESIAN_POINT('',(-8.493182240623,8.501008792227,6.5));
#3555 = CARTESIAN_POINT('',(-8.44454849693,8.399388088181,6.5));
#3556 = CARTESIAN_POINT('',(-8.397185213962,8.307196796102,6.5));
#3557 = CARTESIAN_POINT('',(-8.351583288388,8.224275487666,6.5));
#3558 = CARTESIAN_POINT('',(-8.30822544883,8.150444603856,6.5));
#3559 = CARTESIAN_POINT('',(-8.267585455581,8.085504854806,6.5));
#3560 = CARTESIAN_POINT('',(-8.230127555544,8.029237394579,6.5));
#3561 = CARTESIAN_POINT('',(-8.196305182675,7.98140481625,6.5));
#3562 = CARTESIAN_POINT('',(-8.166561984791,7.941749779362,6.5));
#3563 = CARTESIAN_POINT('',(-8.141326082358,7.910000681612,6.5));
#3564 = CARTESIAN_POINT('',(-8.121023167995,7.885857872922,6.5));
#3565 = CARTESIAN_POINT('',(-8.106040392866,7.869030838355,6.5));
#3566 = CARTESIAN_POINT('',(-8.09680398587,7.859157709402,6.5));
#3567 = CARTESIAN_POINT('',(-8.092573156005,7.854892429011,6.5));
#3568 = CARTESIAN_POINT('',(-8.091507227457,7.853834139614,6.5));
#3569 = ORIENTED_EDGE('',*,*,#3570,.T.);
#3570 = EDGE_CURVE('',#3544,#3571,#3573,.T.);
#3571 = VERTEX_POINT('',#3572);
#3572 = CARTESIAN_POINT('',(-7.893235292514,7.661386076749,6.5));
#3573 = B_SPLINE_CURVE_WITH_KNOTS('',1,(#3574,#3575),.UNSPECIFIED.,.F.,
  .F.,(2,2),(0.,0.276311449431),.PIECEWISE_BEZIER_KNOTS.);
#3574 = CARTESIAN_POINT('',(-8.091507227457,7.853834139614,6.5));
#3575 = CARTESIAN_POINT('',(-7.893235292514,7.661386076749,6.5));
#3576 = ORIENTED_EDGE('',*,*,#3577,.T.);
#3577 = EDGE_CURVE('',#3571,#3578,#3580,.T.);
#3578 = VERTEX_POINT('',#3579);
#3579 = CARTESIAN_POINT('',(-8.444483957533,7.049162410596,6.5));
#3580 = B_SPLINE_CURVE_WITH_KNOTS('',1,(#3581,#3582),.UNSPECIFIED.,.F.,
  .F.,(2,2),(0.,0.823828203015),.PIECEWISE_BEZIER_KNOTS.);
#3581 = CARTESIAN_POINT('',(-7.893235292514,7.661386076749,6.5));
#3582 = CARTESIAN_POINT('',(-8.444483957533,7.049162410596,6.5));
#3583 = ORIENTED_EDGE('',*,*,#3584,.T.);
#3584 = EDGE_CURVE('',#3578,#3585,#3587,.T.);
#3585 = VERTEX_POINT('',#3586);
#3586 = CARTESIAN_POINT('',(-8.656602830442,7.226231890864,6.5));
#3587 = B_SPLINE_CURVE_WITH_KNOTS('',1,(#3588,#3589),.UNSPECIFIED.,.F.,
  .F.,(2,2),(0.,0.276311449431),.PIECEWISE_BEZIER_KNOTS.);
#3588 = CARTESIAN_POINT('',(-8.444483957533,7.049162410596,6.5));
#3589 = CARTESIAN_POINT('',(-8.656602830442,7.226231890864,6.5));
#3590 = ORIENTED_EDGE('',*,*,#3591,.T.);
#3591 = EDGE_CURVE('',#3585,#3592,#3594,.T.);
#3592 = VERTEX_POINT('',#3593);
#3593 = CARTESIAN_POINT('',(-10.17931042737,7.760260254855,6.5));
#3594 = B_SPLINE_CURVE_WITH_KNOTS('',3,(#3595,#3596,#3597,#3598,#3599,
    #3600,#3601,#3602,#3603,#3604,#3605,#3606,#3607,#3608,#3609,#3610,
    #3611,#3612,#3613,#3614,#3615,#3616),.UNSPECIFIED.,.F.,.F.,(4,1,1,1,
    1,1,1,1,1,1,1,1,1,1,1,1,1,1,1,4),(0.,4.505803579075E-03,
    1.802308094653E-02,4.055185877624E-02,7.209214087878E-02,
    0.112643928524,0.16220722229,0.220782022487,0.288368329302,
    0.364966142856,0.450575463231,0.545196290485,0.648828624664,
    0.761472465799,0.883127813916,1.013794669037,1.153473031177,
    1.302162900351,1.459864276568,1.626577159839),.UNSPECIFIED.);
#3595 = CARTESIAN_POINT('',(-8.656602830442,7.226231890864,6.5));
#3596 = CARTESIAN_POINT('',(-8.657766742292,7.227181358779,6.5));
#3597 = CARTESIAN_POINT('',(-8.662450899175,7.230943168511,6.5));
#3598 = CARTESIAN_POINT('',(-8.673235409524,7.239096954506,6.5));
#3599 = CARTESIAN_POINT('',(-8.691536390295,7.25223874836,6.5));
#3600 = CARTESIAN_POINT('',(-8.717669174591,7.269906830543,6.5));
#3601 = CARTESIAN_POINT('',(-8.751882217562,7.291685803664,6.5));
#3602 = CARTESIAN_POINT('',(-8.794429030776,7.317120985131,6.5));
#3603 = CARTESIAN_POINT('',(-8.845534977897,7.345758209596,6.5));
#3604 = CARTESIAN_POINT('',(-8.905409615817,7.377129360188,6.5));
#3605 = CARTESIAN_POINT('',(-8.974241654168,7.410758671128,6.5));
#3606 = CARTESIAN_POINT('',(-9.052200213012,7.446161563078,6.5));
#3607 = CARTESIAN_POINT('',(-9.139433969046,7.48284603959,6.5));
#3608 = CARTESIAN_POINT('',(-9.236071038765,7.52031324745,6.5));
#3609 = CARTESIAN_POINT('',(-9.342218664452,7.558058314376,6.5));
#3610 = CARTESIAN_POINT('',(-9.457962985929,7.595571126296,6.5));
#3611 = CARTESIAN_POINT('',(-9.58336887782,7.632337067249,6.5));
#3612 = CARTESIAN_POINT('',(-9.718479572329,7.667838057382,6.5));
#3613 = CARTESIAN_POINT('',(-9.863317337254,7.70155236522,6.5));
#3614 = CARTESIAN_POINT('',(-10.01787996433,7.732959485131,6.5));
#3615 = CARTESIAN_POINT('',(-10.12443641064,7.751488070256,6.5));
#3616 = CARTESIAN_POINT('',(-10.17931042737,7.760260254855,6.5));
#3617 = ORIENTED_EDGE('',*,*,#3618,.T.);
#3618 = EDGE_CURVE('',#3592,#3619,#3621,.T.);
#3619 = VERTEX_POINT('',#3620);
#3620 = CARTESIAN_POINT('',(-10.5260259966,7.283047213826,6.5));
#3621 = B_SPLINE_CURVE_WITH_KNOTS('',1,(#3622,#3623),.UNSPECIFIED.,.F.,
  .F.,(2,2),(0.,0.58986775846),.PIECEWISE_BEZIER_KNOTS.);
#3622 = CARTESIAN_POINT('',(-10.17931042737,7.760260254855,6.5));
#3623 = CARTESIAN_POINT('',(-10.5260259966,7.283047213826,6.5));
#3624 = ORIENTED_EDGE('',*,*,#3625,.T.);
#3625 = EDGE_CURVE('',#3619,#3626,#3628,.T.);
#3626 = VERTEX_POINT('',#3627);
#3627 = CARTESIAN_POINT('',(-9.547592316227,5.9998900713,6.5));
#3628 = B_SPLINE_CURVE_WITH_KNOTS('',3,(#3629,#3630,#3631,#3632,#3633,
    #3634,#3635,#3636,#3637,#3638,#3639,#3640,#3641,#3642,#3643,#3644,
    #3645,#3646,#3647,#3648,#3649,#3650),.UNSPECIFIED.,.F.,.F.,(4,1,1,1,
    1,1,1,1,1,1,1,1,1,1,1,1,1,1,1,4),(0.,0.166712883271,0.324414259488,
    0.473104128661,0.612782490802,0.743449345922,0.86510469404,
    0.977748535175,1.081380869354,1.176001696608,1.261611016983,
    1.338208830536,1.405795137351,1.464369937549,1.513933231314,
    1.55448501896,1.586025301063,1.608554078892,1.62207135626,
    1.626577159839),.UNSPECIFIED.);
#3629 = CARTESIAN_POINT('',(-10.5260259966,7.283047213826,6.5));
#3630 = CARTESIAN_POINT('',(-10.50072614956,7.233569676759,6.5));
#3631 = CARTESIAN_POINT('',(-10.45017666516,7.137954121827,6.5));
#3632 = CARTESIAN_POINT('',(-10.37254424065,7.000661661961,6.5));
#3633 = CARTESIAN_POINT('',(-10.2957226977,6.873331055899,6.5));
#3634 = CARTESIAN_POINT('',(-10.22020774897,6.755803558733,6.5));
#3635 = CARTESIAN_POINT('',(-10.14648870946,6.647896768637,6.5));
#3636 = CARTESIAN_POINT('',(-10.0750449429,6.549409473862,6.5));
#3637 = CARTESIAN_POINT('',(-10.0063458308,6.460120949897,6.5));
#3638 = CARTESIAN_POINT('',(-9.940849901788,6.379791638986,6.5));
#3639 = CARTESIAN_POINT('',(-9.879004178257,6.30816353354,6.5));
#3640 = CARTESIAN_POINT('',(-9.821243507632,6.244960633414,6.5));
#3641 = CARTESIAN_POINT('',(-9.767989862716,6.1898895034,6.5));
#3642 = CARTESIAN_POINT('',(-9.719651844873,6.142639557511,6.5));
#3643 = CARTESIAN_POINT('',(-9.676623619763,6.102884302512,6.5));
#3644 = CARTESIAN_POINT('',(-9.639285636346,6.070279781885,6.5));
#3645 = CARTESIAN_POINT('',(-9.608000190334,6.044471317239,6.5));
#3646 = CARTESIAN_POINT('',(-9.583121371186,6.025077300099,6.5));
#3647 = CARTESIAN_POINT('',(-9.564967468433,6.011733070719,6.5));
#3648 = CARTESIAN_POINT('',(-9.553880160156,6.003996050318,6.5));
#3649 = CARTESIAN_POINT('',(-9.548854982416,6.000703615528,6.5));
#3650 = CARTESIAN_POINT('',(-9.547592316227,5.9998900713,6.5));
#3651 = ORIENTED_EDGE('',*,*,#3652,.T.);
#3652 = EDGE_CURVE('',#3626,#3653,#3655,.T.);
#3653 = VERTEX_POINT('',#3654);
#3654 = CARTESIAN_POINT('',(-9.313640896625,5.852870513578,6.5));
#3655 = B_SPLINE_CURVE_WITH_KNOTS('',1,(#3656,#3657),.UNSPECIFIED.,.F.,
  .F.,(2,2),(0.,0.276311449431),.PIECEWISE_BEZIER_KNOTS.);
#3656 = CARTESIAN_POINT('',(-9.547592316227,5.9998900713,6.5));
#3657 = CARTESIAN_POINT('',(-9.313640896625,5.852870513578,6.5));
#3658 = ORIENTED_EDGE('',*,*,#3659,.T.);
#3659 = EDGE_CURVE('',#3653,#3660,#3662,.T.);
#3660 = VERTEX_POINT('',#3661);
#3661 = CARTESIAN_POINT('',(-9.725554998132,5.139414361414,6.5));
#3662 = B_SPLINE_CURVE_WITH_KNOTS('',1,(#3663,#3664),.UNSPECIFIED.,.F.,
  .F.,(2,2),(0.,0.823828203015),.PIECEWISE_BEZIER_KNOTS.);
#3663 = CARTESIAN_POINT('',(-9.313640896625,5.852870513578,6.5));
#3664 = CARTESIAN_POINT('',(-9.725554998132,5.139414361414,6.5));
#3665 = ORIENTED_EDGE('',*,*,#3666,.T.);
#3666 = EDGE_CURVE('',#3660,#3667,#3669,.T.);
#3667 = VERTEX_POINT('',#3668);
#3668 = CARTESIAN_POINT('',(-9.969853379774,5.26851245518,6.5));
#3669 = B_SPLINE_CURVE_WITH_KNOTS('',1,(#3670,#3671),.UNSPECIFIED.,.F.,
  .F.,(2,2),(0.,0.276311449431),.PIECEWISE_BEZIER_KNOTS.);
#3670 = CARTESIAN_POINT('',(-9.725554998132,5.139414361414,6.5));
#3671 = CARTESIAN_POINT('',(-9.969853379774,5.26851245518,6.5));
#3672 = ORIENTED_EDGE('',*,*,#3673,.T.);
#3673 = EDGE_CURVE('',#3667,#3674,#3676,.T.);
#3674 = VERTEX_POINT('',#3675);
#3675 = CARTESIAN_POINT('',(-11.57031690243,5.474282307041,6.5));
#3676 = B_SPLINE_CURVE_WITH_KNOTS('',3,(#3677,#3678,#3679,#3680,#3681,
    #3682,#3683,#3684,#3685,#3686,#3687,#3688,#3689,#3690,#3691,#3692,
    #3693,#3694,#3695,#3696,#3697,#3698),.UNSPECIFIED.,.F.,.F.,(4,1,1,1,
    1,1,1,1,1,1,1,1,1,1,1,1,1,1,1,4),(0.,4.505803579075E-03,
    1.802308094653E-02,4.055185877624E-02,7.209214087878E-02,
    0.112643928524,0.16220722229,0.220782022487,0.288368329302,
    0.364966142856,0.450575463231,0.545196290485,0.648828624664,
    0.761472465799,0.883127813916,1.013794669037,1.153473031177,
    1.302162900351,1.459864276568,1.626577159839),.UNSPECIFIED.);
#3677 = CARTESIAN_POINT('',(-9.969853379774,5.26851245518,6.5));
#3678 = CARTESIAN_POINT('',(-9.971189262836,5.269199184062,6.5));
#3679 = CARTESIAN_POINT('',(-9.976553183875,5.271904898249,6.5));
#3680 = CARTESIAN_POINT('',(-9.98879729423,5.277638278675,6.5));
#3681 = CARTESIAN_POINT('',(-10.00943068724,5.286687904947,6.5));
#3682 = CARTESIAN_POINT('',(-10.03866580834,5.298536585775,6.5));
#3683 = CARTESIAN_POINT('',(-10.07665931736,5.312726344467,6.5));
#3684 = CARTESIAN_POINT('',(-10.12356465221,5.328759726319,6.5));
#3685 = CARTESIAN_POINT('',(-10.17950782553,5.346145634845,6.5));
#3686 = CARTESIAN_POINT('',(-10.24459648792,5.364382613321,6.5));
#3687 = CARTESIAN_POINT('',(-10.31891630798,5.382966057656,6.5));
#3688 = CARTESIAN_POINT('',(-10.4025319604,5.401386815693,6.5));
#3689 = CARTESIAN_POINT('',(-10.4954865811,5.419132730664,6.5));
#3690 = CARTESIAN_POINT('',(-10.59780176953,5.435689213577,6.5));
#3691 = CARTESIAN_POINT('',(-10.7094774556,5.450540127898,6.5));
#3692 = CARTESIAN_POINT('',(-10.83049183811,5.463168597294,6.5));
#3693 = CARTESIAN_POINT('',(-10.96080137932,5.473057763203,6.5));
#3694 = CARTESIAN_POINT('',(-11.10034065188,5.479691878583,6.5));
#3695 = CARTESIAN_POINT('',(-11.24902296288,5.482555983305,6.5));
#3696 = CARTESIAN_POINT('',(-11.40673793313,5.481141405158,6.5));
#3697 = CARTESIAN_POINT('',(-11.51481817489,5.477110765323,6.5));
#3698 = CARTESIAN_POINT('',(-11.57031690243,5.474282307041,6.5));
#3699 = ORIENTED_EDGE('',*,*,#3700,.T.);
#3700 = EDGE_CURVE('',#3674,#3701,#3703,.T.);
#3701 = VERTEX_POINT('',#3702);
#3702 = CARTESIAN_POINT('',(-11.81023773437,4.93541129569,6.5));
#3703 = B_SPLINE_CURVE_WITH_KNOTS('',1,(#3704,#3705),.UNSPECIFIED.,.F.,
  .F.,(2,2),(0.,0.58986775846),.PIECEWISE_BEZIER_KNOTS.);
#3704 = CARTESIAN_POINT('',(-11.57031690243,5.474282307041,6.5));
#3705 = CARTESIAN_POINT('',(-11.81023773437,4.93541129569,6.5));
#3706 = ORIENTED_EDGE('',*,*,#3707,.T.);
#3707 = EDGE_CURVE('',#3701,#3708,#3710,.T.);
#3708 = VERTEX_POINT('',#3709);
#3709 = CARTESIAN_POINT('',(-10.58640180634,3.883722016203,6.5));
#3710 = B_SPLINE_CURVE_WITH_KNOTS('',3,(#3711,#3712,#3713,#3714,#3715,
    #3716,#3717,#3718,#3719,#3720,#3721,#3722,#3723,#3724,#3725,#3726,
    #3727,#3728,#3729,#3730,#3731,#3732),.UNSPECIFIED.,.F.,.F.,(4,1,1,1,
    1,1,1,1,1,1,1,1,1,1,1,1,1,1,1,4),(0.,0.166712883271,0.324414259488,
    0.473104128661,0.612782490802,0.743449345922,0.86510469404,
    0.977748535175,1.081380869354,1.176001696608,1.261611016983,
    1.338208830536,1.405795137351,1.464369937549,1.513933231314,
    1.55448501896,1.586025301063,1.608554078892,1.62207135626,
    1.626577159839),.UNSPECIFIED.);
#3711 = CARTESIAN_POINT('',(-11.81023773437,4.93541129569,6.5));
#3712 = CARTESIAN_POINT('',(-11.77520379129,4.892275095493,6.5));
#3713 = CARTESIAN_POINT('',(-11.70587934272,4.809258798614,6.5));
#3714 = CARTESIAN_POINT('',(-11.60139866548,4.69110719704,6.5));
#3715 = CARTESIAN_POINT('',(-11.49978233596,4.582531167106,6.5));
#3716 = CARTESIAN_POINT('',(-11.40148222939,4.483272368405,6.5));
#3717 = CARTESIAN_POINT('',(-11.30693904458,4.393050650719,6.5));
#3718 = CARTESIAN_POINT('',(-11.21657983576,4.311569533936,6.5));
#3719 = CARTESIAN_POINT('',(-11.13081783609,4.238515527003,6.5));
#3720 = CARTESIAN_POINT('',(-11.05005174741,4.17355897361,6.5));
#3721 = CARTESIAN_POINT('',(-10.97466518081,4.116354563072,6.5));
#3722 = CARTESIAN_POINT('',(-10.90502609759,4.066541916646,6.5));
#3723 = CARTESIAN_POINT('',(-10.84148624083,4.02374627831,6.5));
#3724 = CARTESIAN_POINT('',(-10.78438070851,3.987578896124,6.5));
#3725 = CARTESIAN_POINT('',(-10.73402717107,3.957638459866,6.5));
#3726 = CARTESIAN_POINT('',(-10.69072625116,3.933509429506,6.5));
#3727 = CARTESIAN_POINT('',(-10.65475858569,3.914769551712,6.5));
#3728 = CARTESIAN_POINT('',(-10.62639118553,3.900971937732,6.5));
#3729 = CARTESIAN_POINT('',(-10.60585956782,3.891693720397,6.5));
#3730 = CARTESIAN_POINT('',(-10.59340592684,3.886430953465,6.5));
#3731 = CARTESIAN_POINT('',(-10.5878060256,3.884255259476,6.5));
#3732 = CARTESIAN_POINT('',(-10.58640180634,3.883722016203,6.5));
#3733 = ORIENTED_EDGE('',*,*,#3734,.T.);
#3734 = EDGE_CURVE('',#3708,#3735,#3737,.T.);
#3735 = VERTEX_POINT('',#3736);
#3736 = CARTESIAN_POINT('',(-10.32699570174,3.788556423776,6.5));
#3737 = B_SPLINE_CURVE_WITH_KNOTS('',1,(#3738,#3739),.UNSPECIFIED.,.F.,
  .F.,(2,2),(0.,0.276311449431),.PIECEWISE_BEZIER_KNOTS.);
#3738 = CARTESIAN_POINT('',(-10.58640180634,3.883722016203,6.5));
#3739 = CARTESIAN_POINT('',(-10.32699570174,3.788556423776,6.5));
#3740 = ORIENTED_EDGE('',*,*,#3741,.T.);
#3741 = EDGE_CURVE('',#3735,#3742,#3744,.T.);
#3742 = VERTEX_POINT('',#3743);
#3743 = CARTESIAN_POINT('',(-10.58157261692,3.005049242991,6.5));
#3744 = B_SPLINE_CURVE_WITH_KNOTS('',1,(#3745,#3746),.UNSPECIFIED.,.F.,
  .F.,(2,2),(0.,0.823828203015),.PIECEWISE_BEZIER_KNOTS.);
#3745 = CARTESIAN_POINT('',(-10.32699570174,3.788556423776,6.5));
#3746 = CARTESIAN_POINT('',(-10.58157261692,3.005049242991,6.5));
#3747 = ORIENTED_EDGE('',*,*,#3748,.T.);
#3748 = EDGE_CURVE('',#3742,#3749,#3751,.T.);
#3749 = VERTEX_POINT('',#3750);
#3750 = CARTESIAN_POINT('',(-10.84737349574,3.080533744076,6.5));
#3751 = B_SPLINE_CURVE_WITH_KNOTS('',1,(#3752,#3753),.UNSPECIFIED.,.F.,
  .F.,(2,2),(0.,0.276311449431),.PIECEWISE_BEZIER_KNOTS.);
#3752 = CARTESIAN_POINT('',(-10.58157261692,3.005049242991,6.5));
#3753 = CARTESIAN_POINT('',(-10.84737349574,3.080533744076,6.5));
#3754 = ORIENTED_EDGE('',*,*,#3755,.T.);
#3755 = EDGE_CURVE('',#3749,#3756,#3758,.T.);
#3756 = VERTEX_POINT('',#3757);
#3757 = CARTESIAN_POINT('',(-12.45564500831,2.949051953889,6.5));
#3758 = B_SPLINE_CURVE_WITH_KNOTS('',3,(#3759,#3760,#3761,#3762,#3763,
    #3764,#3765,#3766,#3767,#3768,#3769,#3770,#3771,#3772,#3773,#3774,
    #3775,#3776,#3777,#3778,#3779,#3780),.UNSPECIFIED.,.F.,.F.,(4,1,1,1,
    1,1,1,1,1,1,1,1,1,1,1,1,1,1,1,4),(0.,4.505803579075E-03,
    1.802308094653E-02,4.055185877624E-02,7.209214087878E-02,
    0.112643928524,0.16220722229,0.220782022487,0.288368329302,
    0.364966142856,0.450575463231,0.545196290485,0.648828624664,
    0.761472465799,0.883127813916,1.013794669037,1.153473031177,
    1.302162900351,1.459864276568,1.626577159839),.UNSPECIFIED.);
#3759 = CARTESIAN_POINT('',(-10.84737349574,3.080533744076,6.5));
#3760 = CARTESIAN_POINT('',(-10.84882296552,3.080927720579,6.5));
#3761 = CARTESIAN_POINT('',(-10.85463222162,3.082459086526,6.5));
#3762 = CARTESIAN_POINT('',(-10.86780080561,3.085521485147,6.5));
#3763 = CARTESIAN_POINT('',(-10.88986483258,3.090083431744,6.5));
#3764 = CARTESIAN_POINT('',(-10.9209245754,3.095594867009,6.5));
#3765 = CARTESIAN_POINT('',(-10.96103805182,3.101575250728,6.5));
#3766 = CARTESIAN_POINT('',(-11.01025192009,3.107506097241,6.5));
#3767 = CARTESIAN_POINT('',(-11.06858733449,3.112880842198,6.5));
#3768 = CARTESIAN_POINT('',(-11.13604533447,3.117186605089,6.5));
#3769 = CARTESIAN_POINT('',(-11.21260480349,3.119911997127,6.5));
#3770 = CARTESIAN_POINT('',(-11.29822314423,3.120545545733,6.5));
#3771 = CARTESIAN_POINT('',(-11.39283606664,3.118577317523,6.5));
#3772 = CARTESIAN_POINT('',(-11.49635770907,3.11349947774,6.5));
#3773 = CARTESIAN_POINT('',(-11.60868069217,3.104807183237,6.5));
#3774 = CARTESIAN_POINT('',(-11.7296762265,3.091999385397,6.5));
#3775 = CARTESIAN_POINT('',(-11.8591942648,3.074579572261,6.5));
#3776 = CARTESIAN_POINT('',(-11.9970635796,3.05205687021,6.5));
#3777 = CARTESIAN_POINT('',(-12.14309230623,3.023945596697,6.5));
#3778 = CARTESIAN_POINT('',(-12.29706671865,2.989771144345,6.5));
#3779 = CARTESIAN_POINT('',(-12.40194713067,2.963357437852,6.5));
#3780 = CARTESIAN_POINT('',(-12.45564500831,2.949051953889,6.5));
#3781 = ORIENTED_EDGE('',*,*,#3782,.T.);
#3782 = EDGE_CURVE('',#3756,#3783,#3785,.T.);
#3783 = VERTEX_POINT('',#3784);
#3784 = CARTESIAN_POINT('',(-12.57828541133,2.372074221201,6.5));
#3785 = B_SPLINE_CURVE_WITH_KNOTS('',1,(#3786,#3787),.UNSPECIFIED.,.F.,
  .F.,(2,2),(0.,0.58986775846),.PIECEWISE_BEZIER_KNOTS.);
#3786 = CARTESIAN_POINT('',(-12.45564500831,2.949051953889,6.5));
#3787 = CARTESIAN_POINT('',(-12.57828541133,2.372074221201,6.5));
#3788 = ORIENTED_EDGE('',*,*,#3789,.T.);
#3789 = EDGE_CURVE('',#3783,#3790,#3792,.T.);
#3790 = VERTEX_POINT('',#3791);
#3791 = CARTESIAN_POINT('',(-11.16253473833,1.597816672833,6.5));
#3792 = B_SPLINE_CURVE_WITH_KNOTS('',3,(#3793,#3794,#3795,#3796,#3797,
    #3798,#3799,#3800,#3801,#3802,#3803,#3804,#3805,#3806,#3807,#3808,
    #3809,#3810,#3811,#3812,#3813,#3814),.UNSPECIFIED.,.F.,.F.,(4,1,1,1,
    1,1,1,1,1,1,1,1,1,1,1,1,1,1,1,4),(0.,0.166712883271,0.324414259488,
    0.473104128661,0.612782490802,0.743449345922,0.86510469404,
    0.977748535175,1.081380869354,1.176001696608,1.261611016983,
    1.338208830536,1.405795137351,1.464369937549,1.513933231314,
    1.55448501896,1.586025301063,1.608554078892,1.62207135626,
    1.626577159839),.UNSPECIFIED.);
#3793 = CARTESIAN_POINT('',(-12.57828541133,2.372074221201,6.5));
#3794 = CARTESIAN_POINT('',(-12.53504852365,2.337164616814,6.5));
#3795 = CARTESIAN_POINT('',(-12.44997892196,2.270375788517,6.5));
#3796 = CARTESIAN_POINT('',(-12.32321629894,2.176528837178,6.5));
#3797 = CARTESIAN_POINT('',(-12.20124630406,2.091452676887,6.5));
#3798 = CARTESIAN_POINT('',(-12.084457226,2.01480066245,6.5));
#3799 = CARTESIAN_POINT('',(-11.97322188674,1.946207139169,6.5));
#3800 = CARTESIAN_POINT('',(-11.86789636666,1.885293316172,6.5));
#3801 = CARTESIAN_POINT('',(-11.76881969035,1.831666636925,6.5));
#3802 = CARTESIAN_POINT('',(-11.67631330765,1.784921754128,6.5));
#3803 = CARTESIAN_POINT('',(-11.59068065268,1.744641145736,6.5));
#3804 = CARTESIAN_POINT('',(-11.51220671897,1.710395804688,6.5));
#3805 = CARTESIAN_POINT('',(-11.441157647,1.681746032781,6.5));
#3806 = CARTESIAN_POINT('',(-11.37778038599,1.658241902451,6.5));
#3807 = CARTESIAN_POINT('',(-11.32230222743,1.639424825668,6.5));
#3808 = CARTESIAN_POINT('',(-11.27493082901,1.624825839985,6.5));
#3809 = CARTESIAN_POINT('',(-11.23585290365,1.613973571627,6.5));
#3810 = CARTESIAN_POINT('',(-11.20523671399,1.606375382747,6.5));
#3811 = CARTESIAN_POINT('',(-11.18322471153,1.601568680076,6.5));
#3812 = CARTESIAN_POINT('',(-11.16994902171,1.599010174782,6.5));
#3813 = CARTESIAN_POINT('',(-11.16401913954,1.598046309859,6.5));
#3814 = CARTESIAN_POINT('',(-11.16253473833,1.597816672833,6.5));
#3815 = ORIENTED_EDGE('',*,*,#3816,.T.);
#3816 = EDGE_CURVE('',#3790,#3817,#3819,.T.);
#3817 = VERTEX_POINT('',#3818);
#3818 = CARTESIAN_POINT('',(-10.88901124027,1.558664238743,6.5));
#3819 = B_SPLINE_CURVE_WITH_KNOTS('',1,(#3820,#3821),.UNSPECIFIED.,.F.,
  .F.,(2,2),(0.,0.276311449431),.PIECEWISE_BEZIER_KNOTS.);
#3820 = CARTESIAN_POINT('',(-11.16253473833,1.597816672833,6.5));
#3821 = CARTESIAN_POINT('',(-10.88901124027,1.558664238743,6.5));
#3822 = ORIENTED_EDGE('',*,*,#3823,.T.);
#3823 = EDGE_CURVE('',#3817,#3824,#3826,.T.);
#3824 = VERTEX_POINT('',#3825);
#3825 = CARTESIAN_POINT('',(-10.97512473633,0.739349052823,6.5));
#3826 = B_SPLINE_CURVE_WITH_KNOTS('',1,(#3827,#3828),.UNSPECIFIED.,.F.,
  .F.,(2,2),(0.,0.823828203015),.PIECEWISE_BEZIER_KNOTS.);
#3827 = CARTESIAN_POINT('',(-10.88901124027,1.558664238743,6.5));
#3828 = CARTESIAN_POINT('',(-10.97512473633,0.739349052823,6.5));
#3829 = ORIENTED_EDGE('',*,*,#3830,.T.);
#3830 = EDGE_CURVE('',#3824,#3831,#3833,.T.);
#3831 = VERTEX_POINT('',#3832);
#3832 = CARTESIAN_POINT('',(-11.25081133847,0.757920926316,6.5));
#3833 = B_SPLINE_CURVE_WITH_KNOTS('',1,(#3834,#3835),.UNSPECIFIED.,.F.,
  .F.,(2,2),(0.,0.276311449431),.PIECEWISE_BEZIER_KNOTS.);
#3834 = CARTESIAN_POINT('',(-10.97512473633,0.739349052823,6.5));
#3835 = CARTESIAN_POINT('',(-11.25081133847,0.757920926316,6.5));
#3836 = ORIENTED_EDGE('',*,*,#3837,.T.);
#3837 = EDGE_CURVE('',#3831,#3838,#3840,.T.);
#3838 = VERTEX_POINT('',#3839);
#3839 = CARTESIAN_POINT('',(-12.79660165852,0.29493387923,6.5));
#3840 = B_SPLINE_CURVE_WITH_KNOTS('',3,(#3841,#3842,#3843,#3844,#3845,
    #3846,#3847,#3848,#3849,#3850,#3851,#3852,#3853,#3854,#3855,#3856,
    #3857,#3858,#3859,#3860,#3861,#3862),.UNSPECIFIED.,.F.,.F.,(4,1,1,1,
    1,1,1,1,1,1,1,1,1,1,1,1,1,1,1,4),(0.,4.505803579075E-03,
    1.802308094653E-02,4.055185877624E-02,7.209214087878E-02,
    0.112643928524,0.16220722229,0.220782022487,0.288368329302,
    0.364966142856,0.450575463231,0.545196290485,0.648828624664,
    0.761472465799,0.883127813916,1.013794669037,1.153473031177,
    1.302162900351,1.459864276568,1.626577159839),.UNSPECIFIED.);
#3841 = CARTESIAN_POINT('',(-11.25081133847,0.757920926316,6.5));
#3842 = CARTESIAN_POINT('',(-11.25231104618,0.758004931775,6.5));
#3843 = CARTESIAN_POINT('',(-11.25831174498,0.758295021442,6.5));
#3844 = CARTESIAN_POINT('',(-11.27182927229,0.758552596744,6.5));
#3845 = CARTESIAN_POINT('',(-11.29435962936,0.758427484709,6.5));
#3846 = CARTESIAN_POINT('',(-11.32588653411,0.757360798243,6.5));
#3847 = CARTESIAN_POINT('',(-11.36636682651,0.754870435523,6.5));
#3848 = CARTESIAN_POINT('',(-11.41573834602,0.750439540245,6.5));
#3849 = CARTESIAN_POINT('',(-11.47391646396,0.743568219488,6.5));
#3850 = CARTESIAN_POINT('',(-11.54079556323,0.733754584293,6.5));
#3851 = CARTESIAN_POINT('',(-11.61624866503,0.720502811325,6.5));
#3852 = CARTESIAN_POINT('',(-11.70012776177,0.703321461385,6.5));
#3853 = CARTESIAN_POINT('',(-11.79226394717,0.681725111013,6.5));
#3854 = CARTESIAN_POINT('',(-11.89246765108,0.655234874498,6.5));
#3855 = CARTESIAN_POINT('',(-12.00052887786,0.623379266151,6.5));
#3856 = CARTESIAN_POINT('',(-12.11621747856,0.5856949633,6.5));
#3857 = CARTESIAN_POINT('',(-12.23928345417,0.541727500541,6.5));
#3858 = CARTESIAN_POINT('',(-12.36945726059,0.491032331216,6.5));
#3859 = CARTESIAN_POINT('',(-12.50645024678,0.433174277013,6.5));
#3860 = CARTESIAN_POINT('',(-12.64995468069,0.36773353801,6.5));
#3861 = CARTESIAN_POINT('',(-12.7470514857,0.32009117058,6.5));
#3862 = CARTESIAN_POINT('',(-12.79660165852,0.29493387923,6.5));
#3863 = ORIENTED_EDGE('',*,*,#3864,.T.);
#3864 = EDGE_CURVE('',#3838,#3865,#3867,.T.);
#3865 = VERTEX_POINT('',#3866);
#3866 = CARTESIAN_POINT('',(-12.79660165852,-0.29493387923,6.5));
#3867 = B_SPLINE_CURVE_WITH_KNOTS('',1,(#3868,#3869),.UNSPECIFIED.,.F.,
  .F.,(2,2),(0.,0.58986775846),.PIECEWISE_BEZIER_KNOTS.);
#3868 = CARTESIAN_POINT('',(-12.79660165852,0.29493387923,6.5));
#3869 = CARTESIAN_POINT('',(-12.79660165852,-0.29493387923,6.5));
#3870 = ORIENTED_EDGE('',*,*,#3871,.T.);
#3871 = EDGE_CURVE('',#3865,#3872,#3874,.T.);
#3872 = VERTEX_POINT('',#3873);
#3873 = CARTESIAN_POINT('',(-11.25081133847,-0.757920926316,6.5));
#3874 = B_SPLINE_CURVE_WITH_KNOTS('',3,(#3875,#3876,#3877,#3878,#3879,
    #3880,#3881,#3882,#3883,#3884,#3885,#3886,#3887,#3888,#3889,#3890,
    #3891,#3892,#3893,#3894,#3895,#3896),.UNSPECIFIED.,.F.,.F.,(4,1,1,1,
    1,1,1,1,1,1,1,1,1,1,1,1,1,1,1,4),(0.,0.166712883271,0.324414259488,
    0.473104128661,0.612782490802,0.743449345922,0.86510469404,
    0.977748535175,1.081380869354,1.176001696608,1.261611016983,
    1.338208830536,1.405795137351,1.464369937549,1.513933231314,
    1.55448501896,1.586025301063,1.608554078892,1.62207135626,
    1.626577159839),.UNSPECIFIED.);
#3875 = CARTESIAN_POINT('',(-12.79660165852,-0.29493387923,6.5));
#3876 = CARTESIAN_POINT('',(-12.7470514857,-0.32009117058,6.5));
#3877 = CARTESIAN_POINT('',(-12.64995468069,-0.36773353801,6.5));
#3878 = CARTESIAN_POINT('',(-12.50645024678,-0.433174277013,6.5));
#3879 = CARTESIAN_POINT('',(-12.36945726059,-0.491032331216,6.5));
#3880 = CARTESIAN_POINT('',(-12.23928345417,-0.541727500541,6.5));
#3881 = CARTESIAN_POINT('',(-12.11621747856,-0.5856949633,6.5));
#3882 = CARTESIAN_POINT('',(-12.00052887786,-0.623379266151,6.5));
#3883 = CARTESIAN_POINT('',(-11.89246765108,-0.655234874498,6.5));
#3884 = CARTESIAN_POINT('',(-11.79226394717,-0.681725111013,6.5));
#3885 = CARTESIAN_POINT('',(-11.70012776177,-0.703321461385,6.5));
#3886 = CARTESIAN_POINT('',(-11.61624866503,-0.720502811325,6.5));
#3887 = CARTESIAN_POINT('',(-11.54079556323,-0.733754584293,6.5));
#3888 = CARTESIAN_POINT('',(-11.47391646396,-0.743568219488,6.5));
#3889 = CARTESIAN_POINT('',(-11.41573834602,-0.750439540245,6.5));
#3890 = CARTESIAN_POINT('',(-11.36636682651,-0.754870435523,6.5));
#3891 = CARTESIAN_POINT('',(-11.32588653411,-0.757360798243,6.5));
#3892 = CARTESIAN_POINT('',(-11.29435962936,-0.758427484709,6.5));
#3893 = CARTESIAN_POINT('',(-11.27182927229,-0.758552596744,6.5));
#3894 = CARTESIAN_POINT('',(-11.25831174498,-0.758295021442,6.5));
#3895 = CARTESIAN_POINT('',(-11.25231104618,-0.758004931775,6.5));
#3896 = CARTESIAN_POINT('',(-11.25081133847,-0.757920926316,6.5));
#3897 = ORIENTED_EDGE('',*,*,#3898,.T.);
#3898 = EDGE_CURVE('',#3872,#3899,#3901,.T.);
#3899 = VERTEX_POINT('',#3900);
#3900 = CARTESIAN_POINT('',(-10.97512473633,-0.739349052823,6.5));
#3901 = B_SPLINE_CURVE_WITH_KNOTS('',1,(#3902,#3903),.UNSPECIFIED.,.F.,
  .F.,(2,2),(0.,0.276311449431),.PIECEWISE_BEZIER_KNOTS.);
#3902 = CARTESIAN_POINT('',(-11.25081133847,-0.757920926316,6.5));
#3903 = CARTESIAN_POINT('',(-10.97512473633,-0.739349052823,6.5));
#3904 = ORIENTED_EDGE('',*,*,#3905,.T.);
#3905 = EDGE_CURVE('',#3899,#3906,#3908,.T.);
#3906 = VERTEX_POINT('',#3907);
#3907 = CARTESIAN_POINT('',(-10.88901124027,-1.558664238743,6.5));
#3908 = B_SPLINE_CURVE_WITH_KNOTS('',1,(#3909,#3910),.UNSPECIFIED.,.F.,
  .F.,(2,2),(0.,0.823828203015),.PIECEWISE_BEZIER_KNOTS.);
#3909 = CARTESIAN_POINT('',(-10.97512473633,-0.739349052823,6.5));
#3910 = CARTESIAN_POINT('',(-10.88901124027,-1.558664238743,6.5));
#3911 = ORIENTED_EDGE('',*,*,#3912,.T.);
#3912 = EDGE_CURVE('',#3906,#3913,#3915,.T.);
#3913 = VERTEX_POINT('',#3914);
#3914 = CARTESIAN_POINT('',(-11.16253473833,-1.597816672833,6.5));
#3915 = B_SPLINE_CURVE_WITH_KNOTS('',1,(#3916,#3917),.UNSPECIFIED.,.F.,
  .F.,(2,2),(0.,0.276311449431),.PIECEWISE_BEZIER_KNOTS.);
#3916 = CARTESIAN_POINT('',(-10.88901124027,-1.558664238743,6.5));
#3917 = CARTESIAN_POINT('',(-11.16253473833,-1.597816672833,6.5));
#3918 = ORIENTED_EDGE('',*,*,#3919,.T.);
#3919 = EDGE_CURVE('',#3913,#3920,#3922,.T.);
#3920 = VERTEX_POINT('',#3921);
#3921 = CARTESIAN_POINT('',(-12.57828541133,-2.372074221201,6.5));
#3922 = B_SPLINE_CURVE_WITH_KNOTS('',3,(#3923,#3924,#3925,#3926,#3927,
    #3928,#3929,#3930,#3931,#3932,#3933,#3934,#3935,#3936,#3937,#3938,
    #3939,#3940,#3941,#3942,#3943,#3944),.UNSPECIFIED.,.F.,.F.,(4,1,1,1,
    1,1,1,1,1,1,1,1,1,1,1,1,1,1,1,4),(0.,4.505803579075E-03,
    1.802308094653E-02,4.055185877624E-02,7.209214087878E-02,
    0.112643928524,0.16220722229,0.220782022487,0.288368329302,
    0.364966142856,0.450575463231,0.545196290485,0.648828624664,
    0.761472465799,0.883127813916,1.013794669037,1.153473031177,
    1.302162900351,1.459864276568,1.626577159839),.UNSPECIFIED.);
#3923 = CARTESIAN_POINT('',(-11.16253473833,-1.597816672833,6.5));
#3924 = CARTESIAN_POINT('',(-11.16401913954,-1.598046309859,6.5));
#3925 = CARTESIAN_POINT('',(-11.16994902171,-1.599010174782,6.5));
#3926 = CARTESIAN_POINT('',(-11.18322471153,-1.601568680076,6.5));
#3927 = CARTESIAN_POINT('',(-11.20523671399,-1.606375382747,6.5));
#3928 = CARTESIAN_POINT('',(-11.23585290365,-1.613973571627,6.5));
#3929 = CARTESIAN_POINT('',(-11.27493082901,-1.624825839985,6.5));
#3930 = CARTESIAN_POINT('',(-11.32230222743,-1.639424825668,6.5));
#3931 = CARTESIAN_POINT('',(-11.37778038599,-1.658241902451,6.5));
#3932 = CARTESIAN_POINT('',(-11.441157647,-1.681746032781,6.5));
#3933 = CARTESIAN_POINT('',(-11.51220671897,-1.710395804688,6.5));
#3934 = CARTESIAN_POINT('',(-11.59068065268,-1.744641145736,6.5));
#3935 = CARTESIAN_POINT('',(-11.67631330765,-1.784921754128,6.5));
#3936 = CARTESIAN_POINT('',(-11.76881969035,-1.831666636925,6.5));
#3937 = CARTESIAN_POINT('',(-11.86789636666,-1.885293316172,6.5));
#3938 = CARTESIAN_POINT('',(-11.97322188674,-1.946207139169,6.5));
#3939 = CARTESIAN_POINT('',(-12.084457226,-2.01480066245,6.5));
#3940 = CARTESIAN_POINT('',(-12.20124630406,-2.091452676887,6.5));
#3941 = CARTESIAN_POINT('',(-12.32321629894,-2.176528837178,6.5));
#3942 = CARTESIAN_POINT('',(-12.44997892196,-2.270375788517,6.5));
#3943 = CARTESIAN_POINT('',(-12.53504852365,-2.337164616814,6.5));
#3944 = CARTESIAN_POINT('',(-12.57828541133,-2.372074221201,6.5));
#3945 = ORIENTED_EDGE('',*,*,#3946,.T.);
#3946 = EDGE_CURVE('',#3920,#3947,#3949,.T.);
#3947 = VERTEX_POINT('',#3948);
#3948 = CARTESIAN_POINT('',(-12.45564500831,-2.949051953889,6.5));
#3949 = B_SPLINE_CURVE_WITH_KNOTS('',1,(#3950,#3951),.UNSPECIFIED.,.F.,
  .F.,(2,2),(0.,0.58986775846),.PIECEWISE_BEZIER_KNOTS.);
#3950 = CARTESIAN_POINT('',(-12.57828541133,-2.372074221201,6.5));
#3951 = CARTESIAN_POINT('',(-12.45564500831,-2.949051953889,6.5));
#3952 = ORIENTED_EDGE('',*,*,#3953,.T.);
#3953 = EDGE_CURVE('',#3947,#3954,#3956,.T.);
#3954 = VERTEX_POINT('',#3955);
#3955 = CARTESIAN_POINT('',(-10.84737349574,-3.080533744076,6.5));
#3956 = B_SPLINE_CURVE_WITH_KNOTS('',3,(#3957,#3958,#3959,#3960,#3961,
    #3962,#3963,#3964,#3965,#3966,#3967,#3968,#3969,#3970,#3971,#3972,
    #3973,#3974,#3975,#3976,#3977,#3978),.UNSPECIFIED.,.F.,.F.,(4,1,1,1,
    1,1,1,1,1,1,1,1,1,1,1,1,1,1,1,4),(0.,0.166712883271,0.324414259488,
    0.473104128661,0.612782490802,0.743449345922,0.86510469404,
    0.977748535175,1.081380869354,1.176001696608,1.261611016983,
    1.338208830536,1.405795137351,1.464369937549,1.513933231314,
    1.55448501896,1.586025301063,1.608554078892,1.62207135626,
    1.626577159839),.UNSPECIFIED.);
#3957 = CARTESIAN_POINT('',(-12.45564500831,-2.949051953889,6.5));
#3958 = CARTESIAN_POINT('',(-12.40194713067,-2.963357437852,6.5));
#3959 = CARTESIAN_POINT('',(-12.29706671865,-2.989771144344,6.5));
#3960 = CARTESIAN_POINT('',(-12.14309230623,-3.023945596697,6.5));
#3961 = CARTESIAN_POINT('',(-11.9970635796,-3.05205687021,6.5));
#3962 = CARTESIAN_POINT('',(-11.8591942648,-3.074579572261,6.5));
#3963 = CARTESIAN_POINT('',(-11.7296762265,-3.091999385397,6.5));
#3964 = CARTESIAN_POINT('',(-11.60868069217,-3.104807183237,6.5));
#3965 = CARTESIAN_POINT('',(-11.49635770907,-3.11349947774,6.5));
#3966 = CARTESIAN_POINT('',(-11.39283606664,-3.118577317523,6.5));
#3967 = CARTESIAN_POINT('',(-11.29822314423,-3.120545545733,6.5));
#3968 = CARTESIAN_POINT('',(-11.21260480349,-3.119911997127,6.5));
#3969 = CARTESIAN_POINT('',(-11.13604533447,-3.117186605089,6.5));
#3970 = CARTESIAN_POINT('',(-11.06858733449,-3.112880842198,6.5));
#3971 = CARTESIAN_POINT('',(-11.01025192009,-3.107506097241,6.5));
#3972 = CARTESIAN_POINT('',(-10.96103805182,-3.101575250728,6.5));
#3973 = CARTESIAN_POINT('',(-10.9209245754,-3.095594867009,6.5));
#3974 = CARTESIAN_POINT('',(-10.88986483258,-3.090083431744,6.5));
#3975 = CARTESIAN_POINT('',(-10.86780080561,-3.085521485147,6.5));
#3976 = CARTESIAN_POINT('',(-10.85463222162,-3.082459086526,6.5));
#3977 = CARTESIAN_POINT('',(-10.84882296552,-3.080927720579,6.5));
#3978 = CARTESIAN_POINT('',(-10.84737349574,-3.080533744076,6.5));
#3979 = ORIENTED_EDGE('',*,*,#3980,.T.);
#3980 = EDGE_CURVE('',#3954,#3981,#3983,.T.);
#3981 = VERTEX_POINT('',#3982);
#3982 = CARTESIAN_POINT('',(-10.58157261692,-3.005049242991,6.5));
#3983 = B_SPLINE_CURVE_WITH_KNOTS('',1,(#3984,#3985),.UNSPECIFIED.,.F.,
  .F.,(2,2),(0.,0.276311449431),.PIECEWISE_BEZIER_KNOTS.);
#3984 = CARTESIAN_POINT('',(-10.84737349574,-3.080533744076,6.5));
#3985 = CARTESIAN_POINT('',(-10.58157261692,-3.005049242991,6.5));
#3986 = ORIENTED_EDGE('',*,*,#3987,.T.);
#3987 = EDGE_CURVE('',#3981,#3988,#3990,.T.);
#3988 = VERTEX_POINT('',#3989);
#3989 = CARTESIAN_POINT('',(-10.32699570174,-3.788556423776,6.5));
#3990 = B_SPLINE_CURVE_WITH_KNOTS('',1,(#3991,#3992),.UNSPECIFIED.,.F.,
  .F.,(2,2),(0.,0.823828203015),.PIECEWISE_BEZIER_KNOTS.);
#3991 = CARTESIAN_POINT('',(-10.58157261692,-3.005049242991,6.5));
#3992 = CARTESIAN_POINT('',(-10.32699570174,-3.788556423776,6.5));
#3993 = ORIENTED_EDGE('',*,*,#3994,.T.);
#3994 = EDGE_CURVE('',#3988,#3995,#3997,.T.);
#3995 = VERTEX_POINT('',#3996);
#3996 = CARTESIAN_POINT('',(-10.58640180634,-3.883722016203,6.5));
#3997 = B_SPLINE_CURVE_WITH_KNOTS('',1,(#3998,#3999),.UNSPECIFIED.,.F.,
  .F.,(2,2),(0.,0.276311449431),.PIECEWISE_BEZIER_KNOTS.);
#3998 = CARTESIAN_POINT('',(-10.32699570174,-3.788556423776,6.5));
#3999 = CARTESIAN_POINT('',(-10.58640180634,-3.883722016203,6.5));
#4000 = ORIENTED_EDGE('',*,*,#4001,.T.);
#4001 = EDGE_CURVE('',#3995,#4002,#4004,.T.);
#4002 = VERTEX_POINT('',#4003);
#4003 = CARTESIAN_POINT('',(-11.81023773437,-4.93541129569,6.5));
#4004 = B_SPLINE_CURVE_WITH_KNOTS('',3,(#4005,#4006,#4007,#4008,#4009,
    #4010,#4011,#4012,#4013,#4014,#4015,#4016,#4017,#4018,#4019,#4020,
    #4021,#4022,#4023,#4024,#4025,#4026),.UNSPECIFIED.,.F.,.F.,(4,1,1,1,
    1,1,1,1,1,1,1,1,1,1,1,1,1,1,1,4),(0.,4.505803579075E-03,
    1.802308094653E-02,4.055185877624E-02,7.209214087878E-02,
    0.112643928524,0.16220722229,0.220782022487,0.288368329302,
    0.364966142856,0.450575463231,0.545196290485,0.648828624664,
    0.761472465799,0.883127813916,1.013794669037,1.153473031177,
    1.302162900351,1.459864276568,1.626577159839),.UNSPECIFIED.);
#4005 = CARTESIAN_POINT('',(-10.58640180634,-3.883722016203,6.5));
#4006 = CARTESIAN_POINT('',(-10.5878060256,-3.884255259476,6.5));
#4007 = CARTESIAN_POINT('',(-10.59340592684,-3.886430953465,6.5));
#4008 = CARTESIAN_POINT('',(-10.60585956782,-3.891693720397,6.5));
#4009 = CARTESIAN_POINT('',(-10.62639118553,-3.900971937732,6.5));
#4010 = CARTESIAN_POINT('',(-10.65475858569,-3.914769551712,6.5));
#4011 = CARTESIAN_POINT('',(-10.69072625116,-3.933509429506,6.5));
#4012 = CARTESIAN_POINT('',(-10.73402717107,-3.957638459866,6.5));
#4013 = CARTESIAN_POINT('',(-10.78438070851,-3.987578896124,6.5));
#4014 = CARTESIAN_POINT('',(-10.84148624083,-4.02374627831,6.5));
#4015 = CARTESIAN_POINT('',(-10.90502609759,-4.066541916646,6.5));
#4016 = CARTESIAN_POINT('',(-10.97466518081,-4.116354563072,6.5));
#4017 = CARTESIAN_POINT('',(-11.05005174741,-4.173558973609,6.5));
#4018 = CARTESIAN_POINT('',(-11.13081783609,-4.238515527003,6.5));
#4019 = CARTESIAN_POINT('',(-11.21657983576,-4.311569533936,6.5));
#4020 = CARTESIAN_POINT('',(-11.30693904458,-4.393050650719,6.5));
#4021 = CARTESIAN_POINT('',(-11.40148222939,-4.483272368405,6.5));
#4022 = CARTESIAN_POINT('',(-11.49978233596,-4.582531167106,6.5));
#4023 = CARTESIAN_POINT('',(-11.60139866548,-4.69110719704,6.5));
#4024 = CARTESIAN_POINT('',(-11.70587934272,-4.809258798614,6.5));
#4025 = CARTESIAN_POINT('',(-11.77520379129,-4.892275095493,6.5));
#4026 = CARTESIAN_POINT('',(-11.81023773437,-4.93541129569,6.5));
#4027 = ORIENTED_EDGE('',*,*,#4028,.T.);
#4028 = EDGE_CURVE('',#4002,#4029,#4031,.T.);
#4029 = VERTEX_POINT('',#4030);
#4030 = CARTESIAN_POINT('',(-11.57031690243,-5.474282307041,6.5));
#4031 = B_SPLINE_CURVE_WITH_KNOTS('',1,(#4032,#4033),.UNSPECIFIED.,.F.,
  .F.,(2,2),(0.,0.58986775846),.PIECEWISE_BEZIER_KNOTS.);
#4032 = CARTESIAN_POINT('',(-11.81023773437,-4.93541129569,6.5));
#4033 = CARTESIAN_POINT('',(-11.57031690243,-5.474282307041,6.5));
#4034 = ORIENTED_EDGE('',*,*,#4035,.T.);
#4035 = EDGE_CURVE('',#4029,#4036,#4038,.T.);
#4036 = VERTEX_POINT('',#4037);
#4037 = CARTESIAN_POINT('',(-9.969853379774,-5.26851245518,6.5));
#4038 = B_SPLINE_CURVE_WITH_KNOTS('',3,(#4039,#4040,#4041,#4042,#4043,
    #4044,#4045,#4046,#4047,#4048,#4049,#4050,#4051,#4052,#4053,#4054,
    #4055,#4056,#4057,#4058,#4059,#4060),.UNSPECIFIED.,.F.,.F.,(4,1,1,1,
    1,1,1,1,1,1,1,1,1,1,1,1,1,1,1,4),(0.,0.166712883271,0.324414259488,
    0.473104128661,0.612782490802,0.743449345922,0.86510469404,
    0.977748535175,1.081380869354,1.176001696608,1.261611016983,
    1.338208830536,1.405795137351,1.464369937549,1.513933231314,
    1.55448501896,1.586025301063,1.608554078892,1.62207135626,
    1.626577159839),.UNSPECIFIED.);
#4039 = CARTESIAN_POINT('',(-11.57031690243,-5.474282307041,6.5));
#4040 = CARTESIAN_POINT('',(-11.51481817489,-5.477110765323,6.5));
#4041 = CARTESIAN_POINT('',(-11.40673793313,-5.481141405158,6.5));
#4042 = CARTESIAN_POINT('',(-11.24902296288,-5.482555983305,6.5));
#4043 = CARTESIAN_POINT('',(-11.10034065188,-5.479691878582,6.5));
#4044 = CARTESIAN_POINT('',(-10.96080137932,-5.473057763203,6.5));
#4045 = CARTESIAN_POINT('',(-10.83049183811,-5.463168597294,6.5));
#4046 = CARTESIAN_POINT('',(-10.7094774556,-5.450540127898,6.5));
#4047 = CARTESIAN_POINT('',(-10.59780176953,-5.435689213577,6.5));
#4048 = CARTESIAN_POINT('',(-10.4954865811,-5.419132730664,6.5));
#4049 = CARTESIAN_POINT('',(-10.4025319604,-5.401386815693,6.5));
#4050 = CARTESIAN_POINT('',(-10.31891630798,-5.382966057656,6.5));
#4051 = CARTESIAN_POINT('',(-10.24459648792,-5.364382613321,6.5));
#4052 = CARTESIAN_POINT('',(-10.17950782553,-5.346145634845,6.5));
#4053 = CARTESIAN_POINT('',(-10.12356465221,-5.328759726319,6.5));
#4054 = CARTESIAN_POINT('',(-10.07665931736,-5.312726344467,6.5));
#4055 = CARTESIAN_POINT('',(-10.03866580834,-5.298536585775,6.5));
#4056 = CARTESIAN_POINT('',(-10.00943068724,-5.286687904947,6.5));
#4057 = CARTESIAN_POINT('',(-9.98879729423,-5.277638278675,6.5));
#4058 = CARTESIAN_POINT('',(-9.976553183875,-5.271904898249,6.5));
#4059 = CARTESIAN_POINT('',(-9.971189262836,-5.269199184062,6.5));
#4060 = CARTESIAN_POINT('',(-9.969853379774,-5.26851245518,6.5));
#4061 = ORIENTED_EDGE('',*,*,#4062,.T.);
#4062 = EDGE_CURVE('',#4036,#4063,#4065,.T.);
#4063 = VERTEX_POINT('',#4064);
#4064 = CARTESIAN_POINT('',(-9.725554998132,-5.139414361414,6.5));
#4065 = B_SPLINE_CURVE_WITH_KNOTS('',1,(#4066,#4067),.UNSPECIFIED.,.F.,
  .F.,(2,2),(0.,0.276311449431),.PIECEWISE_BEZIER_KNOTS.);
#4066 = CARTESIAN_POINT('',(-9.969853379774,-5.26851245518,6.5));
#4067 = CARTESIAN_POINT('',(-9.725554998132,-5.139414361414,6.5));
#4068 = ORIENTED_EDGE('',*,*,#4069,.T.);
#4069 = EDGE_CURVE('',#4063,#4070,#4072,.T.);
#4070 = VERTEX_POINT('',#4071);
#4071 = CARTESIAN_POINT('',(-9.313640896625,-5.852870513578,6.5));
#4072 = B_SPLINE_CURVE_WITH_KNOTS('',1,(#4073,#4074),.UNSPECIFIED.,.F.,
  .F.,(2,2),(0.,0.823828203015),.PIECEWISE_BEZIER_KNOTS.);
#4073 = CARTESIAN_POINT('',(-9.725554998132,-5.139414361414,6.5));
#4074 = CARTESIAN_POINT('',(-9.313640896625,-5.852870513578,6.5));
#4075 = ORIENTED_EDGE('',*,*,#4076,.T.);
#4076 = EDGE_CURVE('',#4070,#4077,#4079,.T.);
#4077 = VERTEX_POINT('',#4078);
#4078 = CARTESIAN_POINT('',(-9.547592316227,-5.9998900713,6.5));
#4079 = B_SPLINE_CURVE_WITH_KNOTS('',1,(#4080,#4081),.UNSPECIFIED.,.F.,
  .F.,(2,2),(0.,0.276311449431),.PIECEWISE_BEZIER_KNOTS.);
#4080 = CARTESIAN_POINT('',(-9.313640896625,-5.852870513578,6.5));
#4081 = CARTESIAN_POINT('',(-9.547592316227,-5.9998900713,6.5));
#4082 = ORIENTED_EDGE('',*,*,#4083,.T.);
#4083 = EDGE_CURVE('',#4077,#4084,#4086,.T.);
#4084 = VERTEX_POINT('',#4085);
#4085 = CARTESIAN_POINT('',(-10.5260259966,-7.283047213826,6.5));
#4086 = B_SPLINE_CURVE_WITH_KNOTS('',3,(#4087,#4088,#4089,#4090,#4091,
    #4092,#4093,#4094,#4095,#4096,#4097,#4098,#4099,#4100,#4101,#4102,
    #4103,#4104,#4105,#4106,#4107,#4108),.UNSPECIFIED.,.F.,.F.,(4,1,1,1,
    1,1,1,1,1,1,1,1,1,1,1,1,1,1,1,4),(0.,4.505803579075E-03,
    1.802308094653E-02,4.055185877624E-02,7.209214087878E-02,
    0.112643928524,0.16220722229,0.220782022487,0.288368329302,
    0.364966142856,0.450575463231,0.545196290485,0.648828624664,
    0.761472465799,0.883127813916,1.013794669037,1.153473031177,
    1.302162900351,1.459864276568,1.626577159839),.UNSPECIFIED.);
#4087 = CARTESIAN_POINT('',(-9.547592316227,-5.9998900713,6.5));
#4088 = CARTESIAN_POINT('',(-9.548854982416,-6.000703615528,6.5));
#4089 = CARTESIAN_POINT('',(-9.553880160156,-6.003996050318,6.5));
#4090 = CARTESIAN_POINT('',(-9.564967468433,-6.011733070719,6.5));
#4091 = CARTESIAN_POINT('',(-9.583121371186,-6.025077300099,6.5));
#4092 = CARTESIAN_POINT('',(-9.608000190334,-6.044471317239,6.5));
#4093 = CARTESIAN_POINT('',(-9.639285636346,-6.070279781885,6.5));
#4094 = CARTESIAN_POINT('',(-9.676623619763,-6.102884302512,6.5));
#4095 = CARTESIAN_POINT('',(-9.719651844873,-6.142639557511,6.5));
#4096 = CARTESIAN_POINT('',(-9.767989862716,-6.1898895034,6.5));
#4097 = CARTESIAN_POINT('',(-9.821243507632,-6.244960633414,6.5));
#4098 = CARTESIAN_POINT('',(-9.879004178257,-6.30816353354,6.5));
#4099 = CARTESIAN_POINT('',(-9.940849901788,-6.379791638986,6.5));
#4100 = CARTESIAN_POINT('',(-10.0063458308,-6.460120949897,6.5));
#4101 = CARTESIAN_POINT('',(-10.0750449429,-6.549409473862,6.5));
#4102 = CARTESIAN_POINT('',(-10.14648870946,-6.647896768637,6.5));
#4103 = CARTESIAN_POINT('',(-10.22020774897,-6.755803558733,6.5));
#4104 = CARTESIAN_POINT('',(-10.2957226977,-6.873331055899,6.5));
#4105 = CARTESIAN_POINT('',(-10.37254424065,-7.000661661961,6.5));
#4106 = CARTESIAN_POINT('',(-10.45017666516,-7.137954121827,6.5));
#4107 = CARTESIAN_POINT('',(-10.50072614956,-7.233569676759,6.5));
#4108 = CARTESIAN_POINT('',(-10.5260259966,-7.283047213826,6.5));
#4109 = ORIENTED_EDGE('',*,*,#4110,.T.);
#4110 = EDGE_CURVE('',#4084,#4111,#4113,.T.);
#4111 = VERTEX_POINT('',#4112);
#4112 = CARTESIAN_POINT('',(-10.17931042737,-7.760260254855,6.5));
#4113 = B_SPLINE_CURVE_WITH_KNOTS('',1,(#4114,#4115),.UNSPECIFIED.,.F.,
  .F.,(2,2),(0.,0.58986775846),.PIECEWISE_BEZIER_KNOTS.);
#4114 = CARTESIAN_POINT('',(-10.5260259966,-7.283047213826,6.5));
#4115 = CARTESIAN_POINT('',(-10.17931042737,-7.760260254855,6.5));
#4116 = ORIENTED_EDGE('',*,*,#4117,.T.);
#4117 = EDGE_CURVE('',#4111,#4118,#4120,.T.);
#4118 = VERTEX_POINT('',#4119);
#4119 = CARTESIAN_POINT('',(-8.656602830442,-7.226231890864,6.5));
#4120 = B_SPLINE_CURVE_WITH_KNOTS('',3,(#4121,#4122,#4123,#4124,#4125,
    #4126,#4127,#4128,#4129,#4130,#4131,#4132,#4133,#4134,#4135,#4136,
    #4137,#4138,#4139,#4140,#4141,#4142),.UNSPECIFIED.,.F.,.F.,(4,1,1,1,
    1,1,1,1,1,1,1,1,1,1,1,1,1,1,1,4),(0.,0.166712883271,0.324414259488,
    0.473104128661,0.612782490802,0.743449345922,0.86510469404,
    0.977748535175,1.081380869354,1.176001696608,1.261611016983,
    1.338208830536,1.405795137351,1.464369937549,1.513933231314,
    1.55448501896,1.586025301063,1.608554078892,1.62207135626,
    1.626577159839),.UNSPECIFIED.);
#4121 = CARTESIAN_POINT('',(-10.17931042737,-7.760260254855,6.5));
#4122 = CARTESIAN_POINT('',(-10.12443641064,-7.751488070256,6.5));
#4123 = CARTESIAN_POINT('',(-10.01787996433,-7.732959485131,6.5));
#4124 = CARTESIAN_POINT('',(-9.863317337254,-7.70155236522,6.5));
#4125 = CARTESIAN_POINT('',(-9.718479572329,-7.667838057382,6.5));
#4126 = CARTESIAN_POINT('',(-9.58336887782,-7.632337067249,6.5));
#4127 = CARTESIAN_POINT('',(-9.457962985929,-7.595571126296,6.5));
#4128 = CARTESIAN_POINT('',(-9.342218664452,-7.558058314376,6.5));
#4129 = CARTESIAN_POINT('',(-9.236071038765,-7.52031324745,6.5));
#4130 = CARTESIAN_POINT('',(-9.139433969046,-7.48284603959,6.5));
#4131 = CARTESIAN_POINT('',(-9.052200213012,-7.446161563078,6.5));
#4132 = CARTESIAN_POINT('',(-8.974241654168,-7.410758671128,6.5));
#4133 = CARTESIAN_POINT('',(-8.905409615817,-7.377129360188,6.5));
#4134 = CARTESIAN_POINT('',(-8.845534977897,-7.345758209596,6.5));
#4135 = CARTESIAN_POINT('',(-8.794429030776,-7.317120985131,6.5));
#4136 = CARTESIAN_POINT('',(-8.751882217562,-7.291685803664,6.5));
#4137 = CARTESIAN_POINT('',(-8.717669174591,-7.269906830543,6.5));
#4138 = CARTESIAN_POINT('',(-8.691536390295,-7.25223874836,6.5));
#4139 = CARTESIAN_POINT('',(-8.673235409524,-7.239096954506,6.5));
#4140 = CARTESIAN_POINT('',(-8.662450899175,-7.230943168511,6.5));
#4141 = CARTESIAN_POINT('',(-8.657766742292,-7.227181358779,6.5));
#4142 = CARTESIAN_POINT('',(-8.656602830442,-7.226231890864,6.5));
#4143 = ORIENTED_EDGE('',*,*,#4144,.T.);
#4144 = EDGE_CURVE('',#4118,#4145,#4147,.T.);
#4145 = VERTEX_POINT('',#4146);
#4146 = CARTESIAN_POINT('',(-8.444483957533,-7.049162410596,6.5));
#4147 = B_SPLINE_CURVE_WITH_KNOTS('',1,(#4148,#4149),.UNSPECIFIED.,.F.,
  .F.,(2,2),(0.,0.276311449431),.PIECEWISE_BEZIER_KNOTS.);
#4148 = CARTESIAN_POINT('',(-8.656602830442,-7.226231890864,6.5));
#4149 = CARTESIAN_POINT('',(-8.444483957533,-7.049162410596,6.5));
#4150 = ORIENTED_EDGE('',*,*,#4151,.T.);
#4151 = EDGE_CURVE('',#4145,#4152,#4154,.T.);
#4152 = VERTEX_POINT('',#4153);
#4153 = CARTESIAN_POINT('',(-7.893235292514,-7.661386076749,6.5));
#4154 = B_SPLINE_CURVE_WITH_KNOTS('',1,(#4155,#4156),.UNSPECIFIED.,.F.,
  .F.,(2,2),(0.,0.823828203015),.PIECEWISE_BEZIER_KNOTS.);
#4155 = CARTESIAN_POINT('',(-8.444483957533,-7.049162410596,6.5));
#4156 = CARTESIAN_POINT('',(-7.893235292514,-7.661386076749,6.5));
#4157 = ORIENTED_EDGE('',*,*,#4158,.T.);
#4158 = EDGE_CURVE('',#4152,#4159,#4161,.T.);
#4159 = VERTEX_POINT('',#4160);
#4160 = CARTESIAN_POINT('',(-8.091507227457,-7.853834139614,6.5));
#4161 = B_SPLINE_CURVE_WITH_KNOTS('',1,(#4162,#4163),.UNSPECIFIED.,.F.,
  .F.,(2,2),(0.,0.276311449431),.PIECEWISE_BEZIER_KNOTS.);
#4162 = CARTESIAN_POINT('',(-7.893235292514,-7.661386076749,6.5));
#4163 = CARTESIAN_POINT('',(-8.091507227457,-7.853834139614,6.5));
#4164 = ORIENTED_EDGE('',*,*,#4165,.T.);
#4165 = EDGE_CURVE('',#4159,#4166,#4168,.T.);
#4166 = VERTEX_POINT('',#4167);
#4167 = CARTESIAN_POINT('',(-8.781776413307,-9.312379020781,6.5));
#4168 = B_SPLINE_CURVE_WITH_KNOTS('',3,(#4169,#4170,#4171,#4172,#4173,
    #4174,#4175,#4176,#4177,#4178,#4179,#4180,#4181,#4182,#4183,#4184,
    #4185,#4186,#4187,#4188,#4189,#4190),.UNSPECIFIED.,.F.,.F.,(4,1,1,1,
    1,1,1,1,1,1,1,1,1,1,1,1,1,1,1,4),(0.,4.505803579075E-03,
    1.802308094653E-02,4.055185877624E-02,7.209214087878E-02,
    0.112643928524,0.16220722229,0.220782022487,0.288368329302,
    0.364966142856,0.450575463231,0.545196290485,0.648828624664,
    0.761472465799,0.883127813916,1.013794669037,1.153473031177,
    1.302162900351,1.459864276568,1.626577159839),.UNSPECIFIED.);
#4169 = CARTESIAN_POINT('',(-8.091507227457,-7.853834139614,6.5));
#4170 = CARTESIAN_POINT('',(-8.092573156005,-7.854892429011,6.5));
#4171 = CARTESIAN_POINT('',(-8.09680398587,-7.859157709402,6.5));
#4172 = CARTESIAN_POINT('',(-8.106040392866,-7.869030838355,6.5));
#4173 = CARTESIAN_POINT('',(-8.121023167995,-7.885857872922,6.5));
#4174 = CARTESIAN_POINT('',(-8.141326082358,-7.910000681612,6.5));
#4175 = CARTESIAN_POINT('',(-8.166561984791,-7.941749779362,6.5));
#4176 = CARTESIAN_POINT('',(-8.196305182675,-7.98140481625,6.5));
#4177 = CARTESIAN_POINT('',(-8.230127555544,-8.029237394579,6.5));
#4178 = CARTESIAN_POINT('',(-8.267585455581,-8.085504854806,6.5));
#4179 = CARTESIAN_POINT('',(-8.30822544883,-8.150444603856,6.5));
#4180 = CARTESIAN_POINT('',(-8.351583288388,-8.224275487666,6.5));
#4181 = CARTESIAN_POINT('',(-8.397185213962,-8.307196796102,6.5));
#4182 = CARTESIAN_POINT('',(-8.44454849693,-8.399388088181,6.5));
#4183 = CARTESIAN_POINT('',(-8.493182240623,-8.501008792227,6.5));
#4184 = CARTESIAN_POINT('',(-8.54258812949,-8.612197897617,6.5));
#4185 = CARTESIAN_POINT('',(-8.592261147935,-8.733073715602,6.5));
#4186 = CARTESIAN_POINT('',(-8.641690573198,-8.863733395647,6.5));
#4187 = CARTESIAN_POINT('',(-8.690359859521,-9.004253619353,6.5));
#4188 = CARTESIAN_POINT('',(-8.73775112183,-9.154686598213,6.5));
#4189 = CARTESIAN_POINT('',(-8.767316387012,-9.258722552632,6.5));
#4190 = CARTESIAN_POINT('',(-8.781776413307,-9.312379020781,6.5));
#4191 = ORIENTED_EDGE('',*,*,#4192,.T.);
#4192 = EDGE_CURVE('',#4166,#4193,#4195,.T.);
#4193 = VERTEX_POINT('',#4194);
#4194 = CARTESIAN_POINT('',(-8.343419240892,-9.707077591671,6.5));
#4195 = B_SPLINE_CURVE_WITH_KNOTS('',1,(#4196,#4197),.UNSPECIFIED.,.F.,
  .F.,(2,2),(0.,0.58986775846),.PIECEWISE_BEZIER_KNOTS.);
#4196 = CARTESIAN_POINT('',(-8.781776413307,-9.312379020781,6.5));
#4197 = CARTESIAN_POINT('',(-8.343419240892,-9.707077591671,6.5));
#4198 = ORIENTED_EDGE('',*,*,#4199,.T.);
#4199 = EDGE_CURVE('',#4193,#4200,#4202,.T.);
#4200 = VERTEX_POINT('',#4201);
#4201 = CARTESIAN_POINT('',(-6.965017198432,-8.86813031761,6.5));
#4202 = B_SPLINE_CURVE_WITH_KNOTS('',3,(#4203,#4204,#4205,#4206,#4207,
    #4208,#4209,#4210,#4211,#4212,#4213,#4214,#4215,#4216,#4217,#4218,
    #4219,#4220,#4221,#4222,#4223,#4224),.UNSPECIFIED.,.F.,.F.,(4,1,1,1,
    1,1,1,1,1,1,1,1,1,1,1,1,1,1,1,4),(0.,0.166712883271,0.324414259488,
    0.473104128661,0.612782490802,0.743449345922,0.86510469404,
    0.977748535175,1.081380869354,1.176001696608,1.261611016983,
    1.338208830536,1.405795137351,1.464369937549,1.513933231314,
    1.55448501896,1.586025301063,1.608554078892,1.62207135626,
    1.626577159839),.UNSPECIFIED.);
#4203 = CARTESIAN_POINT('',(-8.343419240892,-9.707077591671,6.5));
#4204 = CARTESIAN_POINT('',(-8.291568192816,-9.687088150752,6.5));
#4205 = CARTESIAN_POINT('',(-8.191192569977,-9.646810128747,6.5));
#4206 = CARTESIAN_POINT('',(-8.046537414537,-9.583953952626,6.5));
#4207 = CARTESIAN_POINT('',(-7.911874301027,-9.520862918704,6.5));
#4208 = CARTESIAN_POINT('',(-7.787097170244,-9.458046617439,6.5));
#4209 = CARTESIAN_POINT('',(-7.672075766921,-9.396010749486,6.5));
#4210 = CARTESIAN_POINT('',(-7.566660088723,-9.335253084928,6.5));
#4211 = CARTESIAN_POINT('',(-7.470679684019,-9.276263505942,6.5));
#4212 = CARTESIAN_POINT('',(-7.383944236667,-9.219523069907,6.5));
#4213 = CARTESIAN_POINT('',(-7.306243879037,-9.165503319509,6.5));
#4214 = CARTESIAN_POINT('',(-7.237349576874,-9.114665569906,6.5));
#4215 = CARTESIAN_POINT('',(-7.177013610605,-9.06746015462,6.5));
#4216 = CARTESIAN_POINT('',(-7.124969806141,-9.024325901729,6.5));
#4217 = CARTESIAN_POINT('',(-7.080934660341,-8.98568894545,6.5));
#4218 = CARTESIAN_POINT('',(-7.044605868662,-8.951963603849,6.5));
#4219 = CARTESIAN_POINT('',(-7.015668565891,-8.923547261933,6.5));
#4220 = CARTESIAN_POINT('',(-6.993780246472,-8.900831958368,6.5));
#4221 = CARTESIAN_POINT('',(-6.97861151862,-8.884172356384,6.5));
#4222 = CARTESIAN_POINT('',(-6.96975794313,-8.873954524395,6.5));
#4223 = CARTESIAN_POINT('',(-6.965958270536,-8.869301028254,6.5));
#4224 = CARTESIAN_POINT('',(-6.965017198432,-8.86813031761,6.5));
#4225 = ORIENTED_EDGE('',*,*,#4226,.T.);
#4226 = EDGE_CURVE('',#4200,#4227,#4229,.T.);
#4227 = VERTEX_POINT('',#4228);
#4228 = CARTESIAN_POINT('',(-6.79434844686,-8.650828236802,6.5));
#4229 = B_SPLINE_CURVE_WITH_KNOTS('',1,(#4230,#4231),.UNSPECIFIED.,.F.,
  .F.,(2,2),(0.,0.276311449431),.PIECEWISE_BEZIER_KNOTS.);
#4230 = CARTESIAN_POINT('',(-6.965017198432,-8.86813031761,6.5));
#4231 = CARTESIAN_POINT('',(-6.79434844686,-8.650828236802,6.5));
#4232 = ORIENTED_EDGE('',*,*,#4233,.T.);
#4233 = EDGE_CURVE('',#4227,#4234,#4236,.T.);
#4234 = VERTEX_POINT('',#4235);
#4235 = CARTESIAN_POINT('',(-6.127857430176,-9.135062304957,6.5));
#4236 = B_SPLINE_CURVE_WITH_KNOTS('',1,(#4237,#4238),.UNSPECIFIED.,.F.,
  .F.,(2,2),(0.,0.823828203015),.PIECEWISE_BEZIER_KNOTS.);
#4237 = CARTESIAN_POINT('',(-6.79434844686,-8.650828236802,6.5));
#4238 = CARTESIAN_POINT('',(-6.127857430176,-9.135062304957,6.5));
#4239 = ORIENTED_EDGE('',*,*,#4240,.T.);
#4240 = EDGE_CURVE('',#4234,#4241,#4243,.T.);
#4241 = VERTEX_POINT('',#4242);
#4242 = CARTESIAN_POINT('',(-6.281784445488,-9.36452796915,6.5));
#4243 = B_SPLINE_CURVE_WITH_KNOTS('',1,(#4244,#4245),.UNSPECIFIED.,.F.,
  .F.,(2,2),(0.,0.276311449431),.PIECEWISE_BEZIER_KNOTS.);
#4244 = CARTESIAN_POINT('',(-6.127857430176,-9.135062304957,6.5));
#4245 = CARTESIAN_POINT('',(-6.281784445488,-9.36452796915,6.5));
#4246 = ORIENTED_EDGE('',*,*,#4247,.T.);
#4247 = EDGE_CURVE('',#4241,#4248,#4250,.T.);
#4248 = VERTEX_POINT('',#4249);
#4249 = CARTESIAN_POINT('',(-6.653721061111,-10.93471517877,6.5));
#4250 = B_SPLINE_CURVE_WITH_KNOTS('',3,(#4251,#4252,#4253,#4254,#4255,
    #4256,#4257,#4258,#4259,#4260,#4261,#4262,#4263,#4264,#4265,#4266,
    #4267,#4268,#4269,#4270,#4271,#4272),.UNSPECIFIED.,.F.,.F.,(4,1,1,1,
    1,1,1,1,1,1,1,1,1,1,1,1,1,1,1,4),(0.,4.505803579075E-03,
    1.802308094653E-02,4.055185877624E-02,7.209214087878E-02,
    0.112643928524,0.16220722229,0.220782022487,0.288368329302,
    0.364966142856,0.450575463231,0.545196290485,0.648828624664,
    0.761472465799,0.883127813916,1.013794669037,1.153473031177,
    1.302162900351,1.459864276568,1.626577159839),.UNSPECIFIED.);
#4251 = CARTESIAN_POINT('',(-6.281784445488,-9.36452796915,6.5));
#4252 = CARTESIAN_POINT('',(-6.282607050202,-9.365784751391,6.5));
#4253 = CARTESIAN_POINT('',(-6.285858624626,-9.370836464162,6.5));
#4254 = CARTESIAN_POINT('',(-6.292840455034,-9.382414198555,6.5));
#4255 = CARTESIAN_POINT('',(-6.30399728337,-9.401988616155,6.5));
#4256 = CARTESIAN_POINT('',(-6.318836958167,-9.429825059803,6.5));
#4257 = CARTESIAN_POINT('',(-6.336920386988,-9.466127202737,6.5));
#4258 = CARTESIAN_POINT('',(-6.357768878868,-9.511099640488,6.5));
#4259 = CARTESIAN_POINT('',(-6.380907199505,-9.564919028949,6.5));
#4260 = CARTESIAN_POINT('',(-6.40584789176,-9.627744845501,6.5));
#4261 = CARTESIAN_POINT('',(-6.432098070624,-9.699715034937,6.5));
#4262 = CARTESIAN_POINT('',(-6.459158133474,-9.780947138529,6.5));
#4263 = CARTESIAN_POINT('',(-6.486523238121,-9.871537590876,6.5));
#4264 = CARTESIAN_POINT('',(-6.513683872304,-9.971561662276,6.5));
#4265 = CARTESIAN_POINT('',(-6.540126719612,-10.081073234,6.5));
#4266 = CARTESIAN_POINT('',(-6.565335456367,-10.20010465256,6.5));
#4267 = CARTESIAN_POINT('',(-6.588791504484,-10.32866664516,6.5));
#4268 = CARTESIAN_POINT('',(-6.609975103211,-10.46674805309,6.5));
#4269 = CARTESIAN_POINT('',(-6.628365051552,-10.61431648637,6.5));
#4270 = CARTESIAN_POINT('',(-6.643443926086,-10.77131534119,6.5));
#4271 = CARTESIAN_POINT('',(-6.6507328281,-10.87922482467,6.5));
#4272 = CARTESIAN_POINT('',(-6.653721061111,-10.93471517877,6.5));
#4273 = ORIENTED_EDGE('',*,*,#4274,.T.);
#4274 = EDGE_CURVE('',#4248,#4275,#4277,.T.);
#4275 = VERTEX_POINT('',#4276);
#4276 = CARTESIAN_POINT('',(-6.142880597411,-11.229649058,6.5));
#4277 = B_SPLINE_CURVE_WITH_KNOTS('',1,(#4278,#4279),.UNSPECIFIED.,.F.,
  .F.,(2,2),(0.,0.58986775846),.PIECEWISE_BEZIER_KNOTS.);
#4278 = CARTESIAN_POINT('',(-6.653721061111,-10.93471517877,6.5));
#4279 = CARTESIAN_POINT('',(-6.142880597411,-11.229649058,6.5));
#4280 = ORIENTED_EDGE('',*,*,#4281,.T.);
#4281 = EDGE_CURVE('',#4275,#4282,#4284,.T.);
#4282 = VERTEX_POINT('',#4283);
#4283 = CARTESIAN_POINT('',(-4.969026892989,-10.12244889546,6.5));
#4284 = B_SPLINE_CURVE_WITH_KNOTS('',3,(#4285,#4286,#4287,#4288,#4289,
    #4290,#4291,#4292,#4293,#4294,#4295,#4296,#4297,#4298,#4299,#4300,
    #4301,#4302,#4303,#4304,#4305,#4306),.UNSPECIFIED.,.F.,.F.,(4,1,1,1,
    1,1,1,1,1,1,1,1,1,1,1,1,1,1,1,4),(0.,0.166712883271,0.324414259488,
    0.473104128661,0.612782490802,0.743449345922,0.86510469404,
    0.977748535175,1.081380869354,1.176001696608,1.261611016983,
    1.338208830536,1.405795137351,1.464369937549,1.513933231314,
    1.55448501896,1.586025301063,1.608554078892,1.62207135626,
    1.626577159839),.UNSPECIFIED.);
#4285 = CARTESIAN_POINT('',(-6.142880597411,-11.229649058,6.5));
#4286 = CARTESIAN_POINT('',(-6.096318657601,-11.19931599525,6.5));
#4287 = CARTESIAN_POINT('',(-6.006510754606,-11.1390488792,6.5));
#4288 = CARTESIAN_POINT('',(-5.878085195234,-11.04749076338,6.5));
#4289 = CARTESIAN_POINT('',(-5.759482157385,-10.95778038431,6.5));
#4290 = CARTESIAN_POINT('',(-5.65049194969,-10.8703941457,6.5));
#4291 = CARTESIAN_POINT('',(-5.550882022194,-10.78579961586,6.5));
#4292 = CARTESIAN_POINT('',(-5.460402158254,-10.70445250015,6.5));
#4293 = CARTESIAN_POINT('',(-5.378783778782,-10.62679653677,6.5));
#4294 = CARTESIAN_POINT('',(-5.305740709051,-10.55326270188,6.5));
#4295 = CARTESIAN_POINT('',(-5.240969628302,-10.48426859991,6.5));
#4296 = CARTESIAN_POINT('',(-5.184150594413,-10.42021784626,6.5));
#4297 = CARTESIAN_POINT('',(-5.134947671478,-10.36149942979,6.5));
#4298 = CARTESIAN_POINT('',(-5.093009264459,-10.30848724843,6.5));
#4299 = CARTESIAN_POINT('',(-5.057969467154,-10.26153918073,6.5));
#4300 = CARTESIAN_POINT('',(-5.029446439531,-10.22099763826,6.5));
#4301 = CARTESIAN_POINT('',(-5.007049575949,-10.18718585804,6.5));
#4302 = CARTESIAN_POINT('',(-4.990362345997,-10.16041610086,6.5));
#4303 = CARTESIAN_POINT('',(-4.978988817259,-10.14096679529,6.5));
#4304 = CARTESIAN_POINT('',(-4.972453120361,-10.1291314856,6.5));
#4305 = CARTESIAN_POINT('',(-4.96970399598,-10.12378968316,6.5));
#4306 = CARTESIAN_POINT('',(-4.969026892989,-10.12244889546,6.5));
#4307 = ORIENTED_EDGE('',*,*,#4308,.T.);
#4308 = EDGE_CURVE('',#4282,#4309,#4311,.T.);
#4309 = VERTEX_POINT('',#4310);
#4310 = CARTESIAN_POINT('',(-4.847267306158,-9.87441135778,6.5));
#4311 = B_SPLINE_CURVE_WITH_KNOTS('',1,(#4312,#4313),.UNSPECIFIED.,.F.,
  .F.,(2,2),(0.,0.276311449431),.PIECEWISE_BEZIER_KNOTS.);
#4312 = CARTESIAN_POINT('',(-4.969026892989,-10.12244889546,6.5));
#4313 = CARTESIAN_POINT('',(-4.847267306158,-9.87441135778,6.5));
#4314 = ORIENTED_EDGE('',*,*,#4315,.T.);
#4315 = EDGE_CURVE('',#4309,#4316,#4318,.T.);
#4316 = VERTEX_POINT('',#4317);
#4317 = CARTESIAN_POINT('',(-4.094662793416,-10.20949247554,6.5));
#4318 = B_SPLINE_CURVE_WITH_KNOTS('',1,(#4319,#4320),.UNSPECIFIED.,.F.,
  .F.,(2,2),(0.,0.823828203015),.PIECEWISE_BEZIER_KNOTS.);
#4319 = CARTESIAN_POINT('',(-4.847267306158,-9.87441135778,6.5));
#4320 = CARTESIAN_POINT('',(-4.094662793416,-10.20949247554,6.5));
#4321 = ORIENTED_EDGE('',*,*,#4322,.T.);
#4322 = EDGE_CURVE('',#4316,#4323,#4325,.T.);
#4323 = VERTEX_POINT('',#4324);
#4324 = CARTESIAN_POINT('',(-4.197517539905,-10.46594699044,6.5));
#4325 = B_SPLINE_CURVE_WITH_KNOTS('',1,(#4326,#4327),.UNSPECIFIED.,.F.,
  .F.,(2,2),(0.,0.276311449431),.PIECEWISE_BEZIER_KNOTS.);
#4326 = CARTESIAN_POINT('',(-4.094662793416,-10.20949247554,6.5));
#4327 = CARTESIAN_POINT('',(-4.197517539905,-10.46594699044,6.5));
#4328 = ORIENTED_EDGE('',*,*,#4329,.T.);
#4329 = EDGE_CURVE('',#4323,#4330,#4332,.T.);
#4330 = VERTEX_POINT('',#4331);
#4331 = CARTESIAN_POINT('',(-4.234866170448,-12.07915181287,6.5));
#4332 = B_SPLINE_CURVE_WITH_KNOTS('',3,(#4333,#4334,#4335,#4336,#4337,
    #4338,#4339,#4340,#4341,#4342,#4343,#4344,#4345,#4346,#4347,#4348,
    #4349,#4350,#4351,#4352,#4353,#4354),.UNSPECIFIED.,.F.,.F.,(4,1,1,1,
    1,1,1,1,1,1,1,1,1,1,1,1,1,1,1,4),(0.,4.505803579075E-03,
    1.802308094653E-02,4.055185877624E-02,7.209214087878E-02,
    0.112643928524,0.16220722229,0.220782022487,0.288368329302,
    0.364966142856,0.450575463231,0.545196290485,0.648828624664,
    0.761472465799,0.883127813916,1.013794669037,1.153473031177,
    1.302162900351,1.459864276568,1.626577159839),.UNSPECIFIED.);
#4333 = CARTESIAN_POINT('',(-4.197517539905,-10.46594699044,6.5));
#4334 = CARTESIAN_POINT('',(-4.198060869011,-10.46734733811,6.5));
#4335 = CARTESIAN_POINT('',(-4.200191078589,-10.47296469917,6.5));
#4336 = CARTESIAN_POINT('',(-4.204613192918,-10.48574103646,6.5));
#4337 = CARTESIAN_POINT('',(-4.211456467527,-10.50720734111,6.5));
#4338 = CARTESIAN_POINT('',(-4.22018433776,-10.53752083356,6.5));
#4339 = CARTESIAN_POINT('',(-4.230324960357,-10.57678944383,6.5));
#4340 = CARTESIAN_POINT('',(-4.241367567094,-10.62511377111,6.5));
#4341 = CARTESIAN_POINT('',(-4.252810579857,-10.68256780418,6.5));
#4342 = CARTESIAN_POINT('',(-4.264144036401,-10.7492061874,6.5));
#4343 = CARTESIAN_POINT('',(-4.274857142101,-10.82506137459,6.5));
#4344 = CARTESIAN_POINT('',(-4.284436773647,-10.91014446524,6.5));
#4345 = CARTESIAN_POINT('',(-4.292369070982,-11.00444482403,6.5));
#4346 = CARTESIAN_POINT('',(-4.298140006335,-11.10793014286,6.5));
#4347 = CARTESIAN_POINT('',(-4.301236277944,-11.2205464011,6.5));
#4348 = CARTESIAN_POINT('',(-4.301146119826,-11.34221788865,6.5));
#4349 = CARTESIAN_POINT('',(-4.297360055758,-11.47284727988,6.5));
#4350 = CARTESIAN_POINT('',(-4.289372003033,-11.61231559559,6.5));
#4351 = CARTESIAN_POINT('',(-4.276678884406,-11.7604827898,6.5));
#4352 = CARTESIAN_POINT('',(-4.258786351991,-11.91718591726,6.5));
#4353 = CARTESIAN_POINT('',(-4.243480330843,-12.02425276756,6.5));
#4354 = CARTESIAN_POINT('',(-4.234866170448,-12.07915181287,6.5));
#4355 = ORIENTED_EDGE('',*,*,#4356,.T.);
#4356 = EDGE_CURVE('',#4330,#4357,#4359,.T.);
#4357 = VERTEX_POINT('',#4358);
#4358 = CARTESIAN_POINT('',(-3.673868595012,-12.26143097467,6.5));
#4359 = B_SPLINE_CURVE_WITH_KNOTS('',1,(#4360,#4361),.UNSPECIFIED.,.F.,
  .F.,(2,2),(0.,0.58986775846),.PIECEWISE_BEZIER_KNOTS.);
#4360 = CARTESIAN_POINT('',(-4.234866170448,-12.07915181287,6.5));
#4361 = CARTESIAN_POINT('',(-3.673868595012,-12.26143097467,6.5));
#4362 = ORIENTED_EDGE('',*,*,#4363,.T.);
#4363 = EDGE_CURVE('',#4357,#4364,#4366,.T.);
#4364 = VERTEX_POINT('',#4365);
#4365 = CARTESIAN_POINT('',(-2.755866268287,-10.93436788369,6.5));
#4366 = B_SPLINE_CURVE_WITH_KNOTS('',3,(#4367,#4368,#4369,#4370,#4371,
    #4372,#4373,#4374,#4375,#4376,#4377,#4378,#4379,#4380,#4381,#4382,
    #4383,#4384,#4385,#4386,#4387,#4388),.UNSPECIFIED.,.F.,.F.,(4,1,1,1,
    1,1,1,1,1,1,1,1,1,1,1,1,1,1,1,4),(0.,0.166712883271,0.324414259488,
    0.473104128661,0.612782490802,0.743449345922,0.86510469404,
    0.977748535175,1.081380869354,1.176001696608,1.261611016983,
    1.338208830536,1.405795137351,1.464369937549,1.513933231314,
    1.55448501896,1.586025301063,1.608554078892,1.62207135626,
    1.626577159839),.UNSPECIFIED.);
#4367 = CARTESIAN_POINT('',(-3.673868595012,-12.26143097467,6.5));
#4368 = CARTESIAN_POINT('',(-3.634630743665,-12.22207999048,6.5));
#4369 = CARTESIAN_POINT('',(-3.559315596822,-12.14445774255,6.5));
#4370 = CARTESIAN_POINT('',(-3.452732446717,-12.02819921605,6.5));
#4371 = CARTESIAN_POINT('',(-3.355373006404,-11.91579026585,6.5));
#4372 = CARTESIAN_POINT('',(-3.266933116866,-11.80765328786,6.5));
#4373 = CARTESIAN_POINT('',(-3.18708809701,-11.70419728301,6.5));
#4374 = CARTESIAN_POINT('',(-3.115498451552,-11.60581597546,6.5));
#4375 = CARTESIAN_POINT('',(-3.051809212145,-11.51288756592,6.5));
#4376 = CARTESIAN_POINT('',(-2.99565085268,-11.42577411362,6.5));
#4377 = CARTESIAN_POINT('',(-2.946639855846,-11.34482103339,6.5));
#4378 = CARTESIAN_POINT('',(-2.904379354662,-11.27035660098,6.5));
#4379 = CARTESIAN_POINT('',(-2.868459878894,-11.20269145989,6.5));
#4380 = CARTESIAN_POINT('',(-2.83845977895,-11.14211823677,6.5));
#4381 = CARTESIAN_POINT('',(-2.813946737423,-11.08891091349,6.5));
#4382 = CARTESIAN_POINT('',(-2.794476067032,-11.04332503009,6.5));
#4383 = CARTESIAN_POINT('',(-2.779598493049,-11.00559554862,6.5));
#4384 = CARTESIAN_POINT('',(-2.768841664587,-10.97594130466,6.5));
#4385 = CARTESIAN_POINT('',(-2.761760412745,-10.9545523235,6.5));
#4386 = CARTESIAN_POINT('',(-2.757828235755,-10.94161679592,6.5));
#4387 = CARTESIAN_POINT('',(-2.756249809515,-10.93582014959,6.5));
#4388 = CARTESIAN_POINT('',(-2.755866268287,-10.93436788369,6.5));
#4389 = ORIENTED_EDGE('',*,*,#4390,.T.);
#4390 = EDGE_CURVE('',#4364,#4391,#4393,.T.);
#4391 = VERTEX_POINT('',#4392);
#4392 = CARTESIAN_POINT('',(-2.688337324408,-10.66643531974,6.5));
#4393 = B_SPLINE_CURVE_WITH_KNOTS('',1,(#4394,#4395),.UNSPECIFIED.,.F.,
  .F.,(2,2),(0.,0.276311449431),.PIECEWISE_BEZIER_KNOTS.);
#4394 = CARTESIAN_POINT('',(-2.755866268287,-10.93436788369,6.5));
#4395 = CARTESIAN_POINT('',(-2.688337324408,-10.66643531974,6.5));
#4396 = ORIENTED_EDGE('',*,*,#4397,.T.);
#4397 = EDGE_CURVE('',#4391,#4398,#4400,.T.);
#4398 = VERTEX_POINT('',#4399);
#4399 = CARTESIAN_POINT('',(-1.882511744212,-10.83771883437,6.5));
#4400 = B_SPLINE_CURVE_WITH_KNOTS('',1,(#4401,#4402),.UNSPECIFIED.,.F.,
  .F.,(2,2),(0.,0.823828203015),.PIECEWISE_BEZIER_KNOTS.);
#4401 = CARTESIAN_POINT('',(-2.688337324408,-10.66643531974,6.5));
#4402 = CARTESIAN_POINT('',(-1.882511744212,-10.83771883437,6.5));
#4403 = ORIENTED_EDGE('',*,*,#4404,.T.);
#4404 = EDGE_CURVE('',#4398,#4405,#4407,.T.);
#4405 = VERTEX_POINT('',#4406);
#4406 = CARTESIAN_POINT('',(-1.929798975904,-11.10995390706,6.5));
#4407 = B_SPLINE_CURVE_WITH_KNOTS('',1,(#4408,#4409),.UNSPECIFIED.,.F.,
  .F.,(2,2),(0.,0.276311449431),.PIECEWISE_BEZIER_KNOTS.);
#4408 = CARTESIAN_POINT('',(-1.882511744212,-10.83771883437,6.5));
#4409 = CARTESIAN_POINT('',(-1.929798975904,-11.10995390706,6.5));
#4410 = ORIENTED_EDGE('',*,*,#4411,.T.);
#4411 = EDGE_CURVE('',#4405,#4412,#4414,.T.);
#4412 = VERTEX_POINT('',#4413);
#4413 = CARTESIAN_POINT('',(-1.630927306994,-12.69567155054,6.5));
#4414 = B_SPLINE_CURVE_WITH_KNOTS('',3,(#4415,#4416,#4417,#4418,#4419,
    #4420,#4421,#4422,#4423,#4424,#4425,#4426,#4427,#4428,#4429,#4430,
    #4431,#4432,#4433,#4434,#4435,#4436),.UNSPECIFIED.,.F.,.F.,(4,1,1,1,
    1,1,1,1,1,1,1,1,1,1,1,1,1,1,1,4),(0.,4.505803579075E-03,
    1.802308094653E-02,4.055185877624E-02,7.209214087878E-02,
    0.112643928524,0.16220722229,0.220782022487,0.288368329302,
    0.364966142856,0.450575463231,0.545196290485,0.648828624664,
    0.761472465799,0.883127813916,1.013794669037,1.153473031177,
    1.302162900351,1.459864276568,1.626577159839),.UNSPECIFIED.);
#4415 = CARTESIAN_POINT('',(-1.929798975904,-11.10995390706,6.5));
#4416 = CARTESIAN_POINT('',(-1.930039283314,-11.11143661825,6.5));
#4417 = CARTESIAN_POINT('',(-1.930955027665,-11.11737412197,6.5));
#4418 = CARTESIAN_POINT('',(-1.932624158299,-11.1307906749,6.5));
#4419 = CARTESIAN_POINT('',(-1.934854795242,-11.15321068609,6.5));
#4420 = CARTESIAN_POINT('',(-1.937089411101,-11.18467638225,6.5));
#4421 = CARTESIAN_POINT('',(-1.938844033606,-11.22519523317,6.5));
#4422 = CARTESIAN_POINT('',(-1.939598140299,-11.27475944499,6.5));
#4423 = CARTESIAN_POINT('',(-1.93884573062,-11.33333710572,6.5));
#4424 = CARTESIAN_POINT('',(-1.936076625018,-11.40087563849,6.5));
#4425 = CARTESIAN_POINT('',(-1.930784443428,-11.47730058777,6.5));
#4426 = CARTESIAN_POINT('',(-1.922464967803,-11.56251612615,6.5));
#4427 = CARTESIAN_POINT('',(-1.910617778369,-11.65640501319,6.5));
#4428 = CARTESIAN_POINT('',(-1.894746797325,-11.75882877445,6.5));
#4429 = CARTESIAN_POINT('',(-1.874361171308,-11.86962784831,6.5));
#4430 = CARTESIAN_POINT('',(-1.84897605866,-11.98862177701,6.5));
#4431 = CARTESIAN_POINT('',(-1.818113351573,-12.11560943565,6.5));
#4432 = CARTESIAN_POINT('',(-1.781302763633,-12.25036922448,6.5));
#4433 = CARTESIAN_POINT('',(-1.73808132823,-12.39265956226,6.5));
#4434 = CARTESIAN_POINT('',(-1.68799937839,-12.54221828374,6.5));
#4435 = CARTESIAN_POINT('',(-1.65076738065,-12.64376316574,6.5));
#4436 = CARTESIAN_POINT('',(-1.630927306994,-12.69567155054,6.5));
#4437 = ORIENTED_EDGE('',*,*,#4438,.T.);
#4438 = EDGE_CURVE('',#4412,#4439,#4441,.T.);
#4439 = VERTEX_POINT('',#4440);
#4440 = CARTESIAN_POINT('',(-1.044290905833,-12.75732952086,6.5));
#4441 = B_SPLINE_CURVE_WITH_KNOTS('',1,(#4442,#4443),.UNSPECIFIED.,.F.,
  .F.,(2,2),(0.,0.58986775846),.PIECEWISE_BEZIER_KNOTS.);
#4442 = CARTESIAN_POINT('',(-1.630927306994,-12.69567155054,6.5));
#4443 = CARTESIAN_POINT('',(-1.044290905833,-12.75732952086,6.5));
#4444 = ORIENTED_EDGE('',*,*,#4445,.T.);
#4445 = EDGE_CURVE('',#4439,#4446,#4448,.T.);
#4446 = VERTEX_POINT('',#4447);
#4447 = CARTESIAN_POINT('',(-0.422261063546,-11.26840252648,6.5));
#4448 = B_SPLINE_CURVE_WITH_KNOTS('',3,(#4449,#4450,#4451,#4452,#4453,
    #4454,#4455,#4456,#4457,#4458,#4459,#4460,#4461,#4462,#4463,#4464,
    #4465,#4466,#4467,#4468,#4469,#4470),.UNSPECIFIED.,.F.,.F.,(4,1,1,1,
    1,1,1,1,1,1,1,1,1,1,1,1,1,1,1,4),(0.,0.166712883271,0.324414259488,
    0.473104128661,0.612782490802,0.743449345922,0.86510469404,
    0.977748535175,1.081380869354,1.176001696608,1.261611016983,
    1.338208830536,1.405795137351,1.464369937549,1.513933231314,
    1.55448501896,1.586025301063,1.608554078892,1.62207135626,
    1.626577159839),.UNSPECIFIED.);
#4449 = CARTESIAN_POINT('',(-1.044290905833,-12.75732952086,6.5));
#4450 = CARTESIAN_POINT('',(-1.014092025338,-12.71068044208,6.5));
#4451 = CARTESIAN_POINT('',(-0.956561267966,-12.61909552698,6.5));
#4452 = CARTESIAN_POINT('',(-0.87647872223,-12.48321764526,6.5));
#4453 = CARTESIAN_POINT('',(-0.804617954177,-12.35302293448,6.5));
#4454 = CARTESIAN_POINT('',(-0.740593630351,-12.22886132193,6.5));
#4455 = CARTESIAN_POINT('',(-0.684003128642,-12.11106536593,6.5));
#4456 = CARTESIAN_POINT('',(-0.634432512697,-11.99994960176,6.5));
#4457 = CARTESIAN_POINT('',(-0.591455938731,-11.89581016347,6.5));
#4458 = CARTESIAN_POINT('',(-0.554636679319,-11.79892436965,6.5));
#4459 = CARTESIAN_POINT('',(-0.523527782144,-11.70955034923,6.5));
#4460 = CARTESIAN_POINT('',(-0.497672800354,-11.62792669107,6.5));
#4461 = CARTESIAN_POINT('',(-0.476606625205,-11.55427211672,6.5));
#4462 = CARTESIAN_POINT('',(-0.459855980659,-11.48878519235,6.5));
#4463 = CARTESIAN_POINT('',(-0.446941032451,-11.43164402883,6.5));
#4464 = CARTESIAN_POINT('',(-0.437373681019,-11.38300612635,6.5));
#4465 = CARTESIAN_POINT('',(-0.430665618009,-11.34300790301,6.5));
#4466 = CARTESIAN_POINT('',(-0.426309316058,-11.31176520504,6.5));
#4467 = CARTESIAN_POINT('',(-0.423829825797,-11.28937134939,6.5));
#4468 = CARTESIAN_POINT('',(-0.422673023719,-11.27590094856,6.5));
#4469 = CARTESIAN_POINT('',(-0.42233428042,-11.26990279959,6.5));
#4470 = CARTESIAN_POINT('',(-0.422261063546,-11.26840252648,6.5));
#4471 = ORIENTED_EDGE('',*,*,#4472,.T.);
#4472 = EDGE_CURVE('',#4446,#4473,#4475,.T.);
#4473 = VERTEX_POINT('',#4474);
#4474 = CARTESIAN_POINT('',(-0.411914101507,-10.99228487499,6.5));
#4475 = B_SPLINE_CURVE_WITH_KNOTS('',1,(#4476,#4477),.UNSPECIFIED.,.F.,
  .F.,(2,2),(0.,0.276311449431),.PIECEWISE_BEZIER_KNOTS.);
#4476 = CARTESIAN_POINT('',(-0.422261063546,-11.26840252648,6.5));
#4477 = CARTESIAN_POINT('',(-0.411914101507,-10.99228487499,6.5));
#4478 = ORIENTED_EDGE('',*,*,#4479,.T.);
#4479 = EDGE_CURVE('',#4473,#4480,#4482,.T.);
#4480 = VERTEX_POINT('',#4481);
#4481 = CARTESIAN_POINT('',(0.411914101507,-10.99228487499,6.5));
#4482 = B_SPLINE_CURVE_WITH_KNOTS('',1,(#4483,#4484),.UNSPECIFIED.,.F.,
  .F.,(2,2),(0.,0.823828203015),.PIECEWISE_BEZIER_KNOTS.);
#4483 = CARTESIAN_POINT('',(-0.411914101507,-10.99228487499,6.5));
#4484 = CARTESIAN_POINT('',(0.411914101507,-10.99228487499,6.5));
#4485 = ORIENTED_EDGE('',*,*,#4486,.T.);
#4486 = EDGE_CURVE('',#4480,#4487,#4489,.T.);
#4487 = VERTEX_POINT('',#4488);
#4488 = CARTESIAN_POINT('',(0.422261063546,-11.26840252648,6.5));
#4489 = B_SPLINE_CURVE_WITH_KNOTS('',1,(#4490,#4491),.UNSPECIFIED.,.F.,
  .F.,(2,2),(0.,0.276311449431),.PIECEWISE_BEZIER_KNOTS.);
#4490 = CARTESIAN_POINT('',(0.411914101507,-10.99228487499,6.5));
#4491 = CARTESIAN_POINT('',(0.422261063546,-11.26840252648,6.5));
#4492 = ORIENTED_EDGE('',*,*,#4493,.T.);
#4493 = EDGE_CURVE('',#4487,#4494,#4496,.T.);
#4494 = VERTEX_POINT('',#4495);
#4495 = CARTESIAN_POINT('',(1.044290905833,-12.75732952086,6.5));
#4496 = B_SPLINE_CURVE_WITH_KNOTS('',3,(#4497,#4498,#4499,#4500,#4501,
    #4502,#4503,#4504,#4505,#4506,#4507,#4508,#4509,#4510,#4511,#4512,
    #4513,#4514,#4515,#4516,#4517,#4518),.UNSPECIFIED.,.F.,.F.,(4,1,1,1,
    1,1,1,1,1,1,1,1,1,1,1,1,1,1,1,4),(0.,4.505803579075E-03,
    1.802308094653E-02,4.055185877624E-02,7.209214087878E-02,
    0.112643928524,0.16220722229,0.220782022487,0.288368329302,
    0.364966142856,0.450575463231,0.545196290485,0.648828624664,
    0.761472465799,0.883127813916,1.013794669037,1.153473031177,
    1.302162900351,1.459864276568,1.626577159839),.UNSPECIFIED.);
#4497 = CARTESIAN_POINT('',(0.422261063546,-11.26840252648,6.5));
#4498 = CARTESIAN_POINT('',(0.42233428042,-11.26990279959,6.5));
#4499 = CARTESIAN_POINT('',(0.422673023719,-11.27590094856,6.5));
#4500 = CARTESIAN_POINT('',(0.423829825797,-11.28937134939,6.5));
#4501 = CARTESIAN_POINT('',(0.426309316058,-11.31176520504,6.5));
#4502 = CARTESIAN_POINT('',(0.430665618009,-11.34300790301,6.5));
#4503 = CARTESIAN_POINT('',(0.437373681019,-11.38300612635,6.5));
#4504 = CARTESIAN_POINT('',(0.446941032451,-11.43164402883,6.5));
#4505 = CARTESIAN_POINT('',(0.459855980659,-11.48878519235,6.5));
#4506 = CARTESIAN_POINT('',(0.476606625205,-11.55427211672,6.5));
#4507 = CARTESIAN_POINT('',(0.497672800354,-11.62792669107,6.5));
#4508 = CARTESIAN_POINT('',(0.523527782144,-11.70955034923,6.5));
#4509 = CARTESIAN_POINT('',(0.554636679319,-11.79892436965,6.5));
#4510 = CARTESIAN_POINT('',(0.591455938731,-11.89581016347,6.5));
#4511 = CARTESIAN_POINT('',(0.634432512697,-11.99994960176,6.5));
#4512 = CARTESIAN_POINT('',(0.684003128642,-12.11106536593,6.5));
#4513 = CARTESIAN_POINT('',(0.740593630351,-12.22886132193,6.5));
#4514 = CARTESIAN_POINT('',(0.804617954177,-12.35302293448,6.5));
#4515 = CARTESIAN_POINT('',(0.87647872223,-12.48321764526,6.5));
#4516 = CARTESIAN_POINT('',(0.956561267966,-12.61909552698,6.5));
#4517 = CARTESIAN_POINT('',(1.014092025338,-12.71068044208,6.5));
#4518 = CARTESIAN_POINT('',(1.044290905833,-12.75732952086,6.5));
#4519 = ORIENTED_EDGE('',*,*,#4520,.T.);
#4520 = EDGE_CURVE('',#4494,#4521,#4523,.T.);
#4521 = VERTEX_POINT('',#4522);
#4522 = CARTESIAN_POINT('',(1.630927306994,-12.69567155054,6.5));
#4523 = B_SPLINE_CURVE_WITH_KNOTS('',1,(#4524,#4525),.UNSPECIFIED.,.F.,
  .F.,(2,2),(0.,0.58986775846),.PIECEWISE_BEZIER_KNOTS.);
#4524 = CARTESIAN_POINT('',(1.044290905833,-12.75732952086,6.5));
#4525 = CARTESIAN_POINT('',(1.630927306994,-12.69567155054,6.5));
#4526 = ORIENTED_EDGE('',*,*,#4527,.T.);
#4527 = EDGE_CURVE('',#4521,#4528,#4530,.T.);
#4528 = VERTEX_POINT('',#4529);
#4529 = CARTESIAN_POINT('',(1.929798975904,-11.10995390706,6.5));
#4530 = B_SPLINE_CURVE_WITH_KNOTS('',3,(#4531,#4532,#4533,#4534,#4535,
    #4536,#4537,#4538,#4539,#4540,#4541,#4542,#4543,#4544,#4545,#4546,
    #4547,#4548,#4549,#4550,#4551,#4552),.UNSPECIFIED.,.F.,.F.,(4,1,1,1,
    1,1,1,1,1,1,1,1,1,1,1,1,1,1,1,4),(0.,0.166712883271,0.324414259488,
    0.473104128661,0.612782490802,0.743449345922,0.86510469404,
    0.977748535175,1.081380869354,1.176001696608,1.261611016983,
    1.338208830536,1.405795137351,1.464369937549,1.513933231314,
    1.55448501896,1.586025301063,1.608554078892,1.62207135626,
    1.626577159839),.UNSPECIFIED.);
#4531 = CARTESIAN_POINT('',(1.630927306994,-12.69567155054,6.5));
#4532 = CARTESIAN_POINT('',(1.65076738065,-12.64376316574,6.5));
#4533 = CARTESIAN_POINT('',(1.68799937839,-12.54221828374,6.5));
#4534 = CARTESIAN_POINT('',(1.73808132823,-12.39265956226,6.5));
#4535 = CARTESIAN_POINT('',(1.781302763633,-12.25036922448,6.5));
#4536 = CARTESIAN_POINT('',(1.818113351573,-12.11560943565,6.5));
#4537 = CARTESIAN_POINT('',(1.84897605866,-11.98862177701,6.5));
#4538 = CARTESIAN_POINT('',(1.874361171308,-11.86962784831,6.5));
#4539 = CARTESIAN_POINT('',(1.894746797325,-11.75882877445,6.5));
#4540 = CARTESIAN_POINT('',(1.910617778369,-11.65640501319,6.5));
#4541 = CARTESIAN_POINT('',(1.922464967803,-11.56251612615,6.5));
#4542 = CARTESIAN_POINT('',(1.930784443428,-11.47730058777,6.5));
#4543 = CARTESIAN_POINT('',(1.936076625018,-11.40087563849,6.5));
#4544 = CARTESIAN_POINT('',(1.93884573062,-11.33333710572,6.5));
#4545 = CARTESIAN_POINT('',(1.939598140299,-11.27475944499,6.5));
#4546 = CARTESIAN_POINT('',(1.938844033606,-11.22519523317,6.5));
#4547 = CARTESIAN_POINT('',(1.937089411101,-11.18467638225,6.5));
#4548 = CARTESIAN_POINT('',(1.934854795242,-11.15321068609,6.5));
#4549 = CARTESIAN_POINT('',(1.932624158299,-11.1307906749,6.5));
#4550 = CARTESIAN_POINT('',(1.930955027665,-11.11737412197,6.5));
#4551 = CARTESIAN_POINT('',(1.930039283314,-11.11143661825,6.5));
#4552 = CARTESIAN_POINT('',(1.929798975904,-11.10995390706,6.5));
#4553 = ORIENTED_EDGE('',*,*,#4554,.T.);
#4554 = EDGE_CURVE('',#4528,#4555,#4557,.T.);
#4555 = VERTEX_POINT('',#4556);
#4556 = CARTESIAN_POINT('',(1.882511744212,-10.83771883437,6.5));
#4557 = B_SPLINE_CURVE_WITH_KNOTS('',1,(#4558,#4559),.UNSPECIFIED.,.F.,
  .F.,(2,2),(0.,0.276311449431),.PIECEWISE_BEZIER_KNOTS.);
#4558 = CARTESIAN_POINT('',(1.929798975904,-11.10995390706,6.5));
#4559 = CARTESIAN_POINT('',(1.882511744212,-10.83771883437,6.5));
#4560 = ORIENTED_EDGE('',*,*,#4561,.T.);
#4561 = EDGE_CURVE('',#4555,#4562,#4564,.T.);
#4562 = VERTEX_POINT('',#4563);
#4563 = CARTESIAN_POINT('',(2.688337324408,-10.66643531974,6.5));
#4564 = B_SPLINE_CURVE_WITH_KNOTS('',1,(#4565,#4566),.UNSPECIFIED.,.F.,
  .F.,(2,2),(0.,0.823828203015),.PIECEWISE_BEZIER_KNOTS.);
#4565 = CARTESIAN_POINT('',(1.882511744212,-10.83771883437,6.5));
#4566 = CARTESIAN_POINT('',(2.688337324408,-10.66643531974,6.5));
#4567 = ORIENTED_EDGE('',*,*,#4568,.T.);
#4568 = EDGE_CURVE('',#4562,#4569,#4571,.T.);
#4569 = VERTEX_POINT('',#4570);
#4570 = CARTESIAN_POINT('',(2.755866268287,-10.93436788369,6.5));
#4571 = B_SPLINE_CURVE_WITH_KNOTS('',1,(#4572,#4573),.UNSPECIFIED.,.F.,
  .F.,(2,2),(0.,0.276311449431),.PIECEWISE_BEZIER_KNOTS.);
#4572 = CARTESIAN_POINT('',(2.688337324408,-10.66643531974,6.5));
#4573 = CARTESIAN_POINT('',(2.755866268287,-10.93436788369,6.5));
#4574 = ORIENTED_EDGE('',*,*,#4575,.T.);
#4575 = EDGE_CURVE('',#4569,#4576,#4578,.T.);
#4576 = VERTEX_POINT('',#4577);
#4577 = CARTESIAN_POINT('',(3.673868595012,-12.26143097467,6.5));
#4578 = B_SPLINE_CURVE_WITH_KNOTS('',3,(#4579,#4580,#4581,#4582,#4583,
    #4584,#4585,#4586,#4587,#4588,#4589,#4590,#4591,#4592,#4593,#4594,
    #4595,#4596,#4597,#4598,#4599,#4600),.UNSPECIFIED.,.F.,.F.,(4,1,1,1,
    1,1,1,1,1,1,1,1,1,1,1,1,1,1,1,4),(0.,4.505803579075E-03,
    1.802308094653E-02,4.055185877624E-02,7.209214087878E-02,
    0.112643928524,0.16220722229,0.220782022487,0.288368329302,
    0.364966142856,0.450575463231,0.545196290485,0.648828624664,
    0.761472465799,0.883127813916,1.013794669037,1.153473031177,
    1.302162900351,1.459864276568,1.626577159839),.UNSPECIFIED.);
#4579 = CARTESIAN_POINT('',(2.755866268287,-10.93436788369,6.5));
#4580 = CARTESIAN_POINT('',(2.756249809515,-10.93582014959,6.5));
#4581 = CARTESIAN_POINT('',(2.757828235755,-10.94161679592,6.5));
#4582 = CARTESIAN_POINT('',(2.761760412745,-10.9545523235,6.5));
#4583 = CARTESIAN_POINT('',(2.768841664587,-10.97594130466,6.5));
#4584 = CARTESIAN_POINT('',(2.779598493049,-11.00559554862,6.5));
#4585 = CARTESIAN_POINT('',(2.794476067032,-11.04332503009,6.5));
#4586 = CARTESIAN_POINT('',(2.813946737423,-11.08891091349,6.5));
#4587 = CARTESIAN_POINT('',(2.83845977895,-11.14211823677,6.5));
#4588 = CARTESIAN_POINT('',(2.868459878894,-11.20269145989,6.5));
#4589 = CARTESIAN_POINT('',(2.904379354662,-11.27035660098,6.5));
#4590 = CARTESIAN_POINT('',(2.946639855846,-11.34482103339,6.5));
#4591 = CARTESIAN_POINT('',(2.99565085268,-11.42577411362,6.5));
#4592 = CARTESIAN_POINT('',(3.051809212145,-11.51288756592,6.5));
#4593 = CARTESIAN_POINT('',(3.115498451552,-11.60581597546,6.5));
#4594 = CARTESIAN_POINT('',(3.18708809701,-11.70419728301,6.5));
#4595 = CARTESIAN_POINT('',(3.266933116866,-11.80765328786,6.5));
#4596 = CARTESIAN_POINT('',(3.355373006404,-11.91579026585,6.5));
#4597 = CARTESIAN_POINT('',(3.452732446717,-12.02819921605,6.5));
#4598 = CARTESIAN_POINT('',(3.559315596822,-12.14445774255,6.5));
#4599 = CARTESIAN_POINT('',(3.634630743665,-12.22207999048,6.5));
#4600 = CARTESIAN_POINT('',(3.673868595012,-12.26143097467,6.5));
#4601 = ORIENTED_EDGE('',*,*,#4602,.T.);
#4602 = EDGE_CURVE('',#4576,#4603,#4605,.T.);
#4603 = VERTEX_POINT('',#4604);
#4604 = CARTESIAN_POINT('',(4.234866170448,-12.07915181287,6.5));
#4605 = B_SPLINE_CURVE_WITH_KNOTS('',1,(#4606,#4607),.UNSPECIFIED.,.F.,
  .F.,(2,2),(0.,0.58986775846),.PIECEWISE_BEZIER_KNOTS.);
#4606 = CARTESIAN_POINT('',(3.673868595012,-12.26143097467,6.5));
#4607 = CARTESIAN_POINT('',(4.234866170448,-12.07915181287,6.5));
#4608 = ORIENTED_EDGE('',*,*,#4609,.T.);
#4609 = EDGE_CURVE('',#4603,#4610,#4612,.T.);
#4610 = VERTEX_POINT('',#4611);
#4611 = CARTESIAN_POINT('',(4.197517539905,-10.46594699044,6.5));
#4612 = B_SPLINE_CURVE_WITH_KNOTS('',3,(#4613,#4614,#4615,#4616,#4617,
    #4618,#4619,#4620,#4621,#4622,#4623,#4624,#4625,#4626,#4627,#4628,
    #4629,#4630,#4631,#4632,#4633,#4634),.UNSPECIFIED.,.F.,.F.,(4,1,1,1,
    1,1,1,1,1,1,1,1,1,1,1,1,1,1,1,4),(0.,0.166712883271,0.324414259488,
    0.473104128661,0.612782490802,0.743449345922,0.86510469404,
    0.977748535175,1.081380869354,1.176001696608,1.261611016983,
    1.338208830536,1.405795137351,1.464369937549,1.513933231314,
    1.55448501896,1.586025301063,1.608554078892,1.62207135626,
    1.626577159839),.UNSPECIFIED.);
#4613 = CARTESIAN_POINT('',(4.234866170448,-12.07915181287,6.5));
#4614 = CARTESIAN_POINT('',(4.243480330843,-12.02425276756,6.5));
#4615 = CARTESIAN_POINT('',(4.258786351991,-11.91718591726,6.5));
#4616 = CARTESIAN_POINT('',(4.276678884406,-11.7604827898,6.5));
#4617 = CARTESIAN_POINT('',(4.289372003033,-11.61231559559,6.5));
#4618 = CARTESIAN_POINT('',(4.297360055758,-11.47284727988,6.5));
#4619 = CARTESIAN_POINT('',(4.301146119826,-11.34221788865,6.5));
#4620 = CARTESIAN_POINT('',(4.301236277944,-11.2205464011,6.5));
#4621 = CARTESIAN_POINT('',(4.298140006335,-11.10793014286,6.5));
#4622 = CARTESIAN_POINT('',(4.292369070982,-11.00444482403,6.5));
#4623 = CARTESIAN_POINT('',(4.284436773647,-10.91014446524,6.5));
#4624 = CARTESIAN_POINT('',(4.274857142101,-10.82506137459,6.5));
#4625 = CARTESIAN_POINT('',(4.264144036401,-10.7492061874,6.5));
#4626 = CARTESIAN_POINT('',(4.252810579857,-10.68256780418,6.5));
#4627 = CARTESIAN_POINT('',(4.241367567094,-10.62511377111,6.5));
#4628 = CARTESIAN_POINT('',(4.230324960357,-10.57678944383,6.5));
#4629 = CARTESIAN_POINT('',(4.22018433776,-10.53752083356,6.5));
#4630 = CARTESIAN_POINT('',(4.211456467527,-10.50720734111,6.5));
#4631 = CARTESIAN_POINT('',(4.204613192918,-10.48574103646,6.5));
#4632 = CARTESIAN_POINT('',(4.200191078589,-10.47296469917,6.5));
#4633 = CARTESIAN_POINT('',(4.198060869011,-10.46734733811,6.5));
#4634 = CARTESIAN_POINT('',(4.197517539905,-10.46594699044,6.5));
#4635 = ORIENTED_EDGE('',*,*,#4636,.T.);
#4636 = EDGE_CURVE('',#4610,#4637,#4639,.T.);
#4637 = VERTEX_POINT('',#4638);
#4638 = CARTESIAN_POINT('',(4.094662793416,-10.20949247554,6.5));
#4639 = B_SPLINE_CURVE_WITH_KNOTS('',1,(#4640,#4641),.UNSPECIFIED.,.F.,
  .F.,(2,2),(0.,0.276311449431),.PIECEWISE_BEZIER_KNOTS.);
#4640 = CARTESIAN_POINT('',(4.197517539905,-10.46594699044,6.5));
#4641 = CARTESIAN_POINT('',(4.094662793416,-10.20949247554,6.5));
#4642 = ORIENTED_EDGE('',*,*,#4643,.T.);
#4643 = EDGE_CURVE('',#4637,#4644,#4646,.T.);
#4644 = VERTEX_POINT('',#4645);
#4645 = CARTESIAN_POINT('',(4.847267306158,-9.87441135778,6.5));
#4646 = B_SPLINE_CURVE_WITH_KNOTS('',1,(#4647,#4648),.UNSPECIFIED.,.F.,
  .F.,(2,2),(0.,0.823828203015),.PIECEWISE_BEZIER_KNOTS.);
#4647 = CARTESIAN_POINT('',(4.094662793416,-10.20949247554,6.5));
#4648 = CARTESIAN_POINT('',(4.847267306158,-9.87441135778,6.5));
#4649 = ORIENTED_EDGE('',*,*,#4650,.T.);
#4650 = EDGE_CURVE('',#4644,#4651,#4653,.T.);
#4651 = VERTEX_POINT('',#4652);
#4652 = CARTESIAN_POINT('',(4.969026892989,-10.12244889546,6.5));
#4653 = B_SPLINE_CURVE_WITH_KNOTS('',1,(#4654,#4655),.UNSPECIFIED.,.F.,
  .F.,(2,2),(0.,0.276311449431),.PIECEWISE_BEZIER_KNOTS.);
#4654 = CARTESIAN_POINT('',(4.847267306158,-9.87441135778,6.5));
#4655 = CARTESIAN_POINT('',(4.969026892989,-10.12244889546,6.5));
#4656 = ORIENTED_EDGE('',*,*,#4657,.T.);
#4657 = EDGE_CURVE('',#4651,#4658,#4660,.T.);
#4658 = VERTEX_POINT('',#4659);
#4659 = CARTESIAN_POINT('',(6.142880597411,-11.229649058,6.5));
#4660 = B_SPLINE_CURVE_WITH_KNOTS('',3,(#4661,#4662,#4663,#4664,#4665,
    #4666,#4667,#4668,#4669,#4670,#4671,#4672,#4673,#4674,#4675,#4676,
    #4677,#4678,#4679,#4680,#4681,#4682),.UNSPECIFIED.,.F.,.F.,(4,1,1,1,
    1,1,1,1,1,1,1,1,1,1,1,1,1,1,1,4),(0.,4.505803579075E-03,
    1.802308094653E-02,4.055185877624E-02,7.209214087878E-02,
    0.112643928524,0.16220722229,0.220782022487,0.288368329302,
    0.364966142856,0.450575463231,0.545196290485,0.648828624664,
    0.761472465799,0.883127813916,1.013794669037,1.153473031177,
    1.302162900351,1.459864276568,1.626577159839),.UNSPECIFIED.);
#4661 = CARTESIAN_POINT('',(4.969026892989,-10.12244889546,6.5));
#4662 = CARTESIAN_POINT('',(4.96970399598,-10.12378968316,6.5));
#4663 = CARTESIAN_POINT('',(4.972453120361,-10.1291314856,6.5));
#4664 = CARTESIAN_POINT('',(4.978988817259,-10.14096679529,6.5));
#4665 = CARTESIAN_POINT('',(4.990362345997,-10.16041610086,6.5));
#4666 = CARTESIAN_POINT('',(5.007049575949,-10.18718585804,6.5));
#4667 = CARTESIAN_POINT('',(5.029446439531,-10.22099763826,6.5));
#4668 = CARTESIAN_POINT('',(5.057969467154,-10.26153918073,6.5));
#4669 = CARTESIAN_POINT('',(5.093009264459,-10.30848724843,6.5));
#4670 = CARTESIAN_POINT('',(5.134947671478,-10.36149942979,6.5));
#4671 = CARTESIAN_POINT('',(5.184150594413,-10.42021784626,6.5));
#4672 = CARTESIAN_POINT('',(5.240969628302,-10.48426859991,6.5));
#4673 = CARTESIAN_POINT('',(5.305740709051,-10.55326270188,6.5));
#4674 = CARTESIAN_POINT('',(5.378783778782,-10.62679653677,6.5));
#4675 = CARTESIAN_POINT('',(5.460402158254,-10.70445250015,6.5));
#4676 = CARTESIAN_POINT('',(5.550882022194,-10.78579961586,6.5));
#4677 = CARTESIAN_POINT('',(5.65049194969,-10.8703941457,6.5));
#4678 = CARTESIAN_POINT('',(5.759482157385,-10.95778038431,6.5));
#4679 = CARTESIAN_POINT('',(5.878085195234,-11.04749076338,6.5));
#4680 = CARTESIAN_POINT('',(6.006510754606,-11.1390488792,6.5));
#4681 = CARTESIAN_POINT('',(6.0963186576,-11.19931599525,6.5));
#4682 = CARTESIAN_POINT('',(6.142880597411,-11.229649058,6.5));
#4683 = ORIENTED_EDGE('',*,*,#4684,.T.);
#4684 = EDGE_CURVE('',#4658,#4685,#4687,.T.);
#4685 = VERTEX_POINT('',#4686);
#4686 = CARTESIAN_POINT('',(6.653721061111,-10.93471517877,6.5));
#4687 = B_SPLINE_CURVE_WITH_KNOTS('',1,(#4688,#4689),.UNSPECIFIED.,.F.,
  .F.,(2,2),(0.,0.58986775846),.PIECEWISE_BEZIER_KNOTS.);
#4688 = CARTESIAN_POINT('',(6.142880597411,-11.229649058,6.5));
#4689 = CARTESIAN_POINT('',(6.653721061111,-10.93471517877,6.5));
#4690 = ORIENTED_EDGE('',*,*,#4691,.T.);
#4691 = EDGE_CURVE('',#4685,#4692,#4694,.T.);
#4692 = VERTEX_POINT('',#4693);
#4693 = CARTESIAN_POINT('',(6.281784445488,-9.36452796915,6.5));
#4694 = B_SPLINE_CURVE_WITH_KNOTS('',3,(#4695,#4696,#4697,#4698,#4699,
    #4700,#4701,#4702,#4703,#4704,#4705,#4706,#4707,#4708,#4709,#4710,
    #4711,#4712,#4713,#4714,#4715,#4716),.UNSPECIFIED.,.F.,.F.,(4,1,1,1,
    1,1,1,1,1,1,1,1,1,1,1,1,1,1,1,4),(0.,0.166712883271,0.324414259488,
    0.473104128661,0.612782490802,0.743449345922,0.86510469404,
    0.977748535175,1.081380869354,1.176001696608,1.261611016983,
    1.338208830536,1.405795137351,1.464369937549,1.513933231314,
    1.55448501896,1.586025301063,1.608554078892,1.62207135626,
    1.626577159839),.UNSPECIFIED.);
#4695 = CARTESIAN_POINT('',(6.653721061111,-10.93471517877,6.5));
#4696 = CARTESIAN_POINT('',(6.6507328281,-10.87922482467,6.5));
#4697 = CARTESIAN_POINT('',(6.643443926086,-10.77131534119,6.5));
#4698 = CARTESIAN_POINT('',(6.628365051552,-10.61431648637,6.5));
#4699 = CARTESIAN_POINT('',(6.609975103211,-10.46674805309,6.5));
#4700 = CARTESIAN_POINT('',(6.588791504484,-10.32866664516,6.5));
#4701 = CARTESIAN_POINT('',(6.565335456367,-10.20010465256,6.5));
#4702 = CARTESIAN_POINT('',(6.540126719612,-10.081073234,6.5));
#4703 = CARTESIAN_POINT('',(6.513683872304,-9.971561662276,6.5));
#4704 = CARTESIAN_POINT('',(6.486523238121,-9.871537590876,6.5));
#4705 = CARTESIAN_POINT('',(6.459158133474,-9.780947138529,6.5));
#4706 = CARTESIAN_POINT('',(6.432098070624,-9.699715034937,6.5));
#4707 = CARTESIAN_POINT('',(6.40584789176,-9.627744845501,6.5));
#4708 = CARTESIAN_POINT('',(6.380907199505,-9.564919028949,6.5));
#4709 = CARTESIAN_POINT('',(6.357768878868,-9.511099640488,6.5));
#4710 = CARTESIAN_POINT('',(6.336920386988,-9.466127202737,6.5));
#4711 = CARTESIAN_POINT('',(6.318836958167,-9.429825059803,6.5));
#4712 = CARTESIAN_POINT('',(6.30399728337,-9.401988616155,6.5));
#4713 = CARTESIAN_POINT('',(6.292840455034,-9.382414198555,6.5));
#4714 = CARTESIAN_POINT('',(6.285858624626,-9.370836464162,6.5));
#4715 = CARTESIAN_POINT('',(6.282607050202,-9.365784751391,6.5));
#4716 = CARTESIAN_POINT('',(6.281784445488,-9.36452796915,6.5));
#4717 = ORIENTED_EDGE('',*,*,#4718,.T.);
#4718 = EDGE_CURVE('',#4692,#4719,#4721,.T.);
#4719 = VERTEX_POINT('',#4720);
#4720 = CARTESIAN_POINT('',(6.127857430176,-9.135062304957,6.5));
#4721 = B_SPLINE_CURVE_WITH_KNOTS('',1,(#4722,#4723),.UNSPECIFIED.,.F.,
  .F.,(2,2),(0.,0.276311449431),.PIECEWISE_BEZIER_KNOTS.);
#4722 = CARTESIAN_POINT('',(6.281784445488,-9.36452796915,6.5));
#4723 = CARTESIAN_POINT('',(6.127857430176,-9.135062304957,6.5));
#4724 = ORIENTED_EDGE('',*,*,#4725,.T.);
#4725 = EDGE_CURVE('',#4719,#4726,#4728,.T.);
#4726 = VERTEX_POINT('',#4727);
#4727 = CARTESIAN_POINT('',(6.79434844686,-8.650828236802,6.5));
#4728 = B_SPLINE_CURVE_WITH_KNOTS('',1,(#4729,#4730),.UNSPECIFIED.,.F.,
  .F.,(2,2),(0.,0.823828203015),.PIECEWISE_BEZIER_KNOTS.);
#4729 = CARTESIAN_POINT('',(6.127857430176,-9.135062304957,6.5));
#4730 = CARTESIAN_POINT('',(6.79434844686,-8.650828236802,6.5));
#4731 = ORIENTED_EDGE('',*,*,#4732,.T.);
#4732 = EDGE_CURVE('',#4726,#4733,#4735,.T.);
#4733 = VERTEX_POINT('',#4734);
#4734 = CARTESIAN_POINT('',(6.965017198432,-8.86813031761,6.5));
#4735 = B_SPLINE_CURVE_WITH_KNOTS('',1,(#4736,#4737),.UNSPECIFIED.,.F.,
  .F.,(2,2),(0.,0.276311449431),.PIECEWISE_BEZIER_KNOTS.);
#4736 = CARTESIAN_POINT('',(6.79434844686,-8.650828236802,6.5));
#4737 = CARTESIAN_POINT('',(6.965017198432,-8.86813031761,6.5));
#4738 = ORIENTED_EDGE('',*,*,#4739,.T.);
#4739 = EDGE_CURVE('',#4733,#4740,#4742,.T.);
#4740 = VERTEX_POINT('',#4741);
#4741 = CARTESIAN_POINT('',(8.343419240892,-9.707077591671,6.5));
#4742 = B_SPLINE_CURVE_WITH_KNOTS('',3,(#4743,#4744,#4745,#4746,#4747,
    #4748,#4749,#4750,#4751,#4752,#4753,#4754,#4755,#4756,#4757,#4758,
    #4759,#4760,#4761,#4762,#4763,#4764),.UNSPECIFIED.,.F.,.F.,(4,1,1,1,
    1,1,1,1,1,1,1,1,1,1,1,1,1,1,1,4),(0.,4.505803579075E-03,
    1.802308094653E-02,4.055185877624E-02,7.209214087878E-02,
    0.112643928524,0.16220722229,0.220782022487,0.288368329302,
    0.364966142856,0.450575463231,0.545196290485,0.648828624664,
    0.761472465799,0.883127813916,1.013794669037,1.153473031177,
    1.302162900351,1.459864276568,1.626577159839),.UNSPECIFIED.);
#4743 = CARTESIAN_POINT('',(6.965017198432,-8.86813031761,6.5));
#4744 = CARTESIAN_POINT('',(6.965958270536,-8.869301028254,6.5));
#4745 = CARTESIAN_POINT('',(6.96975794313,-8.873954524395,6.5));
#4746 = CARTESIAN_POINT('',(6.97861151862,-8.884172356384,6.5));
#4747 = CARTESIAN_POINT('',(6.993780246472,-8.900831958368,6.5));
#4748 = CARTESIAN_POINT('',(7.015668565891,-8.923547261933,6.5));
#4749 = CARTESIAN_POINT('',(7.044605868662,-8.951963603849,6.5));
#4750 = CARTESIAN_POINT('',(7.080934660341,-8.98568894545,6.5));
#4751 = CARTESIAN_POINT('',(7.124969806141,-9.024325901729,6.5));
#4752 = CARTESIAN_POINT('',(7.177013610605,-9.06746015462,6.5));
#4753 = CARTESIAN_POINT('',(7.237349576874,-9.114665569906,6.5));
#4754 = CARTESIAN_POINT('',(7.306243879037,-9.165503319509,6.5));
#4755 = CARTESIAN_POINT('',(7.383944236667,-9.219523069907,6.5));
#4756 = CARTESIAN_POINT('',(7.470679684019,-9.276263505942,6.5));
#4757 = CARTESIAN_POINT('',(7.566660088723,-9.335253084929,6.5));
#4758 = CARTESIAN_POINT('',(7.672075766921,-9.396010749486,6.5));
#4759 = CARTESIAN_POINT('',(7.787097170244,-9.458046617439,6.5));
#4760 = CARTESIAN_POINT('',(7.911874301027,-9.520862918704,6.5));
#4761 = CARTESIAN_POINT('',(8.046537414537,-9.583953952626,6.5));
#4762 = CARTESIAN_POINT('',(8.191192569977,-9.646810128747,6.5));
#4763 = CARTESIAN_POINT('',(8.291568192816,-9.687088150752,6.5));
#4764 = CARTESIAN_POINT('',(8.343419240892,-9.707077591671,6.5));
#4765 = ORIENTED_EDGE('',*,*,#4766,.T.);
#4766 = EDGE_CURVE('',#4740,#4767,#4769,.T.);
#4767 = VERTEX_POINT('',#4768);
#4768 = CARTESIAN_POINT('',(8.781776413307,-9.312379020781,6.5));
#4769 = B_SPLINE_CURVE_WITH_KNOTS('',1,(#4770,#4771),.UNSPECIFIED.,.F.,
  .F.,(2,2),(0.,0.58986775846),.PIECEWISE_BEZIER_KNOTS.);
#4770 = CARTESIAN_POINT('',(8.343419240892,-9.707077591671,6.5));
#4771 = CARTESIAN_POINT('',(8.781776413307,-9.312379020781,6.5));
#4772 = ORIENTED_EDGE('',*,*,#4773,.T.);
#4773 = EDGE_CURVE('',#4767,#4774,#4776,.T.);
#4774 = VERTEX_POINT('',#4775);
#4775 = CARTESIAN_POINT('',(8.091507227457,-7.853834139614,6.5));
#4776 = B_SPLINE_CURVE_WITH_KNOTS('',3,(#4777,#4778,#4779,#4780,#4781,
    #4782,#4783,#4784,#4785,#4786,#4787,#4788,#4789,#4790,#4791,#4792,
    #4793,#4794,#4795,#4796,#4797,#4798),.UNSPECIFIED.,.F.,.F.,(4,1,1,1,
    1,1,1,1,1,1,1,1,1,1,1,1,1,1,1,4),(0.,0.166712883271,0.324414259488,
    0.473104128661,0.612782490802,0.743449345922,0.86510469404,
    0.977748535175,1.081380869354,1.176001696608,1.261611016983,
    1.338208830536,1.405795137351,1.464369937549,1.513933231314,
    1.55448501896,1.586025301063,1.608554078892,1.62207135626,
    1.626577159839),.UNSPECIFIED.);
#4777 = CARTESIAN_POINT('',(8.781776413307,-9.312379020781,6.5));
#4778 = CARTESIAN_POINT('',(8.767316387012,-9.258722552632,6.5));
#4779 = CARTESIAN_POINT('',(8.73775112183,-9.154686598213,6.5));
#4780 = CARTESIAN_POINT('',(8.690359859521,-9.004253619353,6.5));
#4781 = CARTESIAN_POINT('',(8.641690573198,-8.863733395647,6.5));
#4782 = CARTESIAN_POINT('',(8.592261147935,-8.733073715602,6.5));
#4783 = CARTESIAN_POINT('',(8.54258812949,-8.612197897617,6.5));
#4784 = CARTESIAN_POINT('',(8.493182240623,-8.501008792227,6.5));
#4785 = CARTESIAN_POINT('',(8.44454849693,-8.399388088181,6.5));
#4786 = CARTESIAN_POINT('',(8.397185213962,-8.307196796102,6.5));
#4787 = CARTESIAN_POINT('',(8.351583288388,-8.224275487666,6.5));
#4788 = CARTESIAN_POINT('',(8.30822544883,-8.150444603856,6.5));
#4789 = CARTESIAN_POINT('',(8.267585455581,-8.085504854806,6.5));
#4790 = CARTESIAN_POINT('',(8.230127555544,-8.029237394579,6.5));
#4791 = CARTESIAN_POINT('',(8.196305182675,-7.98140481625,6.5));
#4792 = CARTESIAN_POINT('',(8.166561984791,-7.941749779362,6.5));
#4793 = CARTESIAN_POINT('',(8.141326082358,-7.910000681612,6.5));
#4794 = CARTESIAN_POINT('',(8.121023167995,-7.885857872922,6.5));
#4795 = CARTESIAN_POINT('',(8.106040392866,-7.869030838355,6.5));
#4796 = CARTESIAN_POINT('',(8.09680398587,-7.859157709402,6.5));
#4797 = CARTESIAN_POINT('',(8.092573156005,-7.854892429011,6.5));
#4798 = CARTESIAN_POINT('',(8.091507227457,-7.853834139614,6.5));
#4799 = ORIENTED_EDGE('',*,*,#4800,.T.);
#4800 = EDGE_CURVE('',#4774,#4801,#4803,.T.);
#4801 = VERTEX_POINT('',#4802);
#4802 = CARTESIAN_POINT('',(7.893235292514,-7.661386076749,6.5));
#4803 = B_SPLINE_CURVE_WITH_KNOTS('',1,(#4804,#4805),.UNSPECIFIED.,.F.,
  .F.,(2,2),(0.,0.276311449431),.PIECEWISE_BEZIER_KNOTS.);
#4804 = CARTESIAN_POINT('',(8.091507227457,-7.853834139614,6.5));
#4805 = CARTESIAN_POINT('',(7.893235292514,-7.661386076749,6.5));
#4806 = ORIENTED_EDGE('',*,*,#4807,.T.);
#4807 = EDGE_CURVE('',#4801,#4808,#4810,.T.);
#4808 = VERTEX_POINT('',#4809);
#4809 = CARTESIAN_POINT('',(8.444483957533,-7.049162410596,6.5));
#4810 = B_SPLINE_CURVE_WITH_KNOTS('',1,(#4811,#4812),.UNSPECIFIED.,.F.,
  .F.,(2,2),(0.,0.823828203015),.PIECEWISE_BEZIER_KNOTS.);
#4811 = CARTESIAN_POINT('',(7.893235292514,-7.661386076749,6.5));
#4812 = CARTESIAN_POINT('',(8.444483957533,-7.049162410596,6.5));
#4813 = ORIENTED_EDGE('',*,*,#4814,.T.);
#4814 = EDGE_CURVE('',#4808,#4815,#4817,.T.);
#4815 = VERTEX_POINT('',#4816);
#4816 = CARTESIAN_POINT('',(8.656602830442,-7.226231890864,6.5));
#4817 = B_SPLINE_CURVE_WITH_KNOTS('',1,(#4818,#4819),.UNSPECIFIED.,.F.,
  .F.,(2,2),(0.,0.276311449431),.PIECEWISE_BEZIER_KNOTS.);
#4818 = CARTESIAN_POINT('',(8.444483957533,-7.049162410596,6.5));
#4819 = CARTESIAN_POINT('',(8.656602830442,-7.226231890864,6.5));
#4820 = ORIENTED_EDGE('',*,*,#4821,.T.);
#4821 = EDGE_CURVE('',#4815,#4822,#4824,.T.);
#4822 = VERTEX_POINT('',#4823);
#4823 = CARTESIAN_POINT('',(10.179310427378,-7.760260254855,6.5));
#4824 = B_SPLINE_CURVE_WITH_KNOTS('',3,(#4825,#4826,#4827,#4828,#4829,
    #4830,#4831,#4832,#4833,#4834,#4835,#4836,#4837,#4838,#4839,#4840,
    #4841,#4842,#4843,#4844,#4845,#4846),.UNSPECIFIED.,.F.,.F.,(4,1,1,1,
    1,1,1,1,1,1,1,1,1,1,1,1,1,1,1,4),(0.,4.505803579075E-03,
    1.802308094653E-02,4.055185877624E-02,7.209214087878E-02,
    0.112643928524,0.16220722229,0.220782022487,0.288368329302,
    0.364966142856,0.450575463231,0.545196290485,0.648828624664,
    0.761472465799,0.883127813916,1.013794669037,1.153473031177,
    1.302162900351,1.459864276568,1.626577159839),.UNSPECIFIED.);
#4825 = CARTESIAN_POINT('',(8.656602830442,-7.226231890864,6.5));
#4826 = CARTESIAN_POINT('',(8.657766742292,-7.227181358779,6.5));
#4827 = CARTESIAN_POINT('',(8.662450899175,-7.230943168511,6.5));
#4828 = CARTESIAN_POINT('',(8.673235409524,-7.239096954506,6.5));
#4829 = CARTESIAN_POINT('',(8.691536390295,-7.25223874836,6.5));
#4830 = CARTESIAN_POINT('',(8.717669174591,-7.269906830543,6.5));
#4831 = CARTESIAN_POINT('',(8.751882217562,-7.291685803664,6.5));
#4832 = CARTESIAN_POINT('',(8.794429030776,-7.317120985131,6.5));
#4833 = CARTESIAN_POINT('',(8.845534977897,-7.345758209596,6.5));
#4834 = CARTESIAN_POINT('',(8.905409615817,-7.377129360188,6.5));
#4835 = CARTESIAN_POINT('',(8.974241654168,-7.410758671128,6.5));
#4836 = CARTESIAN_POINT('',(9.052200213012,-7.446161563078,6.5));
#4837 = CARTESIAN_POINT('',(9.139433969046,-7.48284603959,6.5));
#4838 = CARTESIAN_POINT('',(9.236071038765,-7.52031324745,6.5));
#4839 = CARTESIAN_POINT('',(9.342218664452,-7.558058314376,6.5));
#4840 = CARTESIAN_POINT('',(9.457962985929,-7.595571126296,6.5));
#4841 = CARTESIAN_POINT('',(9.58336887782,-7.632337067249,6.5));
#4842 = CARTESIAN_POINT('',(9.718479572329,-7.667838057382,6.5));
#4843 = CARTESIAN_POINT('',(9.863317337254,-7.70155236522,6.5));
#4844 = CARTESIAN_POINT('',(10.017879964337,-7.732959485131,6.5));
#4845 = CARTESIAN_POINT('',(10.124436410648,-7.751488070256,6.5));
#4846 = CARTESIAN_POINT('',(10.179310427378,-7.760260254855,6.5));
#4847 = ORIENTED_EDGE('',*,*,#4848,.T.);
#4848 = EDGE_CURVE('',#4822,#4849,#4851,.T.);
#4849 = VERTEX_POINT('',#4850);
#4850 = CARTESIAN_POINT('',(10.526025996604,-7.283047213826,6.5));
#4851 = B_SPLINE_CURVE_WITH_KNOTS('',1,(#4852,#4853),.UNSPECIFIED.,.F.,
  .F.,(2,2),(0.,0.58986775846),.PIECEWISE_BEZIER_KNOTS.);
#4852 = CARTESIAN_POINT('',(10.179310427378,-7.760260254855,6.5));
#4853 = CARTESIAN_POINT('',(10.526025996604,-7.283047213826,6.5));
#4854 = ORIENTED_EDGE('',*,*,#4855,.T.);
#4855 = EDGE_CURVE('',#4849,#4856,#4858,.T.);
#4856 = VERTEX_POINT('',#4857);
#4857 = CARTESIAN_POINT('',(9.547592316227,-5.9998900713,6.5));
#4858 = B_SPLINE_CURVE_WITH_KNOTS('',3,(#4859,#4860,#4861,#4862,#4863,
    #4864,#4865,#4866,#4867,#4868,#4869,#4870,#4871,#4872,#4873,#4874,
    #4875,#4876,#4877,#4878,#4879,#4880),.UNSPECIFIED.,.F.,.F.,(4,1,1,1,
    1,1,1,1,1,1,1,1,1,1,1,1,1,1,1,4),(0.,0.166712883271,0.324414259488,
    0.473104128661,0.612782490802,0.743449345922,0.86510469404,
    0.977748535175,1.081380869354,1.176001696608,1.261611016983,
    1.338208830536,1.405795137351,1.464369937549,1.513933231314,
    1.55448501896,1.586025301063,1.608554078892,1.62207135626,
    1.626577159839),.UNSPECIFIED.);
#4859 = CARTESIAN_POINT('',(10.526025996604,-7.283047213826,6.5));
#4860 = CARTESIAN_POINT('',(10.50072614956,-7.233569676759,6.5));
#4861 = CARTESIAN_POINT('',(10.450176665168,-7.137954121827,6.5));
#4862 = CARTESIAN_POINT('',(10.372544240655,-7.000661661961,6.5));
#4863 = CARTESIAN_POINT('',(10.295722697704,-6.873331055899,6.5));
#4864 = CARTESIAN_POINT('',(10.220207748978,-6.755803558733,6.5));
#4865 = CARTESIAN_POINT('',(10.146488709469,-6.647896768637,6.5));
#4866 = CARTESIAN_POINT('',(10.075044942909,-6.549409473862,6.5));
#4867 = CARTESIAN_POINT('',(10.0063458308,-6.460120949897,6.5));
#4868 = CARTESIAN_POINT('',(9.940849901788,-6.379791638986,6.5));
#4869 = CARTESIAN_POINT('',(9.879004178257,-6.30816353354,6.5));
#4870 = CARTESIAN_POINT('',(9.821243507632,-6.244960633414,6.5));
#4871 = CARTESIAN_POINT('',(9.767989862716,-6.1898895034,6.5));
#4872 = CARTESIAN_POINT('',(9.719651844873,-6.142639557511,6.5));
#4873 = CARTESIAN_POINT('',(9.676623619763,-6.102884302512,6.5));
#4874 = CARTESIAN_POINT('',(9.639285636346,-6.070279781885,6.5));
#4875 = CARTESIAN_POINT('',(9.608000190334,-6.044471317239,6.5));
#4876 = CARTESIAN_POINT('',(9.583121371186,-6.025077300099,6.5));
#4877 = CARTESIAN_POINT('',(9.564967468433,-6.011733070719,6.5));
#4878 = CARTESIAN_POINT('',(9.553880160156,-6.003996050318,6.5));
#4879 = CARTESIAN_POINT('',(9.548854982416,-6.000703615528,6.5));
#4880 = CARTESIAN_POINT('',(9.547592316227,-5.9998900713,6.5));
#4881 = ORIENTED_EDGE('',*,*,#4882,.T.);
#4882 = EDGE_CURVE('',#4856,#4883,#4885,.T.);
#4883 = VERTEX_POINT('',#4884);
#4884 = CARTESIAN_POINT('',(9.313640896625,-5.852870513578,6.5));
#4885 = B_SPLINE_CURVE_WITH_KNOTS('',1,(#4886,#4887),.UNSPECIFIED.,.F.,
  .F.,(2,2),(0.,0.276311449431),.PIECEWISE_BEZIER_KNOTS.);
#4886 = CARTESIAN_POINT('',(9.547592316227,-5.9998900713,6.5));
#4887 = CARTESIAN_POINT('',(9.313640896625,-5.852870513578,6.5));
#4888 = ORIENTED_EDGE('',*,*,#4889,.T.);
#4889 = EDGE_CURVE('',#4883,#4890,#4892,.T.);
#4890 = VERTEX_POINT('',#4891);
#4891 = CARTESIAN_POINT('',(9.725554998132,-5.139414361414,6.5));
#4892 = B_SPLINE_CURVE_WITH_KNOTS('',1,(#4893,#4894),.UNSPECIFIED.,.F.,
  .F.,(2,2),(0.,0.823828203015),.PIECEWISE_BEZIER_KNOTS.);
#4893 = CARTESIAN_POINT('',(9.313640896625,-5.852870513578,6.5));
#4894 = CARTESIAN_POINT('',(9.725554998132,-5.139414361414,6.5));
#4895 = ORIENTED_EDGE('',*,*,#4896,.T.);
#4896 = EDGE_CURVE('',#4890,#4897,#4899,.T.);
#4897 = VERTEX_POINT('',#4898);
#4898 = CARTESIAN_POINT('',(9.969853379774,-5.26851245518,6.5));
#4899 = B_SPLINE_CURVE_WITH_KNOTS('',1,(#4900,#4901),.UNSPECIFIED.,.F.,
  .F.,(2,2),(0.,0.276311449431),.PIECEWISE_BEZIER_KNOTS.);
#4900 = CARTESIAN_POINT('',(9.725554998132,-5.139414361414,6.5));
#4901 = CARTESIAN_POINT('',(9.969853379774,-5.26851245518,6.5));
#4902 = ORIENTED_EDGE('',*,*,#4903,.T.);
#4903 = EDGE_CURVE('',#4897,#4904,#4906,.T.);
#4904 = VERTEX_POINT('',#4905);
#4905 = CARTESIAN_POINT('',(11.570316902437,-5.474282307041,6.5));
#4906 = B_SPLINE_CURVE_WITH_KNOTS('',3,(#4907,#4908,#4909,#4910,#4911,
    #4912,#4913,#4914,#4915,#4916,#4917,#4918,#4919,#4920,#4921,#4922,
    #4923,#4924,#4925,#4926,#4927,#4928),.UNSPECIFIED.,.F.,.F.,(4,1,1,1,
    1,1,1,1,1,1,1,1,1,1,1,1,1,1,1,4),(0.,4.505803579075E-03,
    1.802308094653E-02,4.055185877624E-02,7.209214087878E-02,
    0.112643928524,0.16220722229,0.220782022487,0.288368329302,
    0.364966142856,0.450575463231,0.545196290485,0.648828624664,
    0.761472465799,0.883127813916,1.013794669037,1.153473031177,
    1.302162900351,1.459864276568,1.626577159839),.UNSPECIFIED.);
#4907 = CARTESIAN_POINT('',(9.969853379774,-5.26851245518,6.5));
#4908 = CARTESIAN_POINT('',(9.971189262836,-5.269199184062,6.5));
#4909 = CARTESIAN_POINT('',(9.976553183875,-5.271904898249,6.5));
#4910 = CARTESIAN_POINT('',(9.98879729423,-5.277638278675,6.5));
#4911 = CARTESIAN_POINT('',(10.009430687243,-5.286687904947,6.5));
#4912 = CARTESIAN_POINT('',(10.038665808343,-5.298536585775,6.5));
#4913 = CARTESIAN_POINT('',(10.076659317365,-5.312726344467,6.5));
#4914 = CARTESIAN_POINT('',(10.123564652214,-5.328759726319,6.5));
#4915 = CARTESIAN_POINT('',(10.179507825532,-5.346145634845,6.5));
#4916 = CARTESIAN_POINT('',(10.244596487921,-5.364382613321,6.5));
#4917 = CARTESIAN_POINT('',(10.318916307987,-5.382966057656,6.5));
#4918 = CARTESIAN_POINT('',(10.402531960401,-5.401386815693,6.5));
#4919 = CARTESIAN_POINT('',(10.495486581108,-5.419132730664,6.5));
#4920 = CARTESIAN_POINT('',(10.597801769531,-5.435689213577,6.5));
#4921 = CARTESIAN_POINT('',(10.709477455605,-5.450540127898,6.5));
#4922 = CARTESIAN_POINT('',(10.83049183811,-5.463168597294,6.5));
#4923 = CARTESIAN_POINT('',(10.960801379329,-5.473057763203,6.5));
#4924 = CARTESIAN_POINT('',(11.100340651881,-5.479691878583,6.5));
#4925 = CARTESIAN_POINT('',(11.249022962886,-5.482555983305,6.5));
#4926 = CARTESIAN_POINT('',(11.406737933135,-5.481141405158,6.5));
#4927 = CARTESIAN_POINT('',(11.514818174898,-5.477110765323,6.5));
#4928 = CARTESIAN_POINT('',(11.570316902437,-5.474282307041,6.5));
#4929 = ORIENTED_EDGE('',*,*,#4930,.T.);
#4930 = EDGE_CURVE('',#4904,#4931,#4933,.T.);
#4931 = VERTEX_POINT('',#4932);
#4932 = CARTESIAN_POINT('',(11.810237734372,-4.93541129569,6.5));
#4933 = B_SPLINE_CURVE_WITH_KNOTS('',1,(#4934,#4935),.UNSPECIFIED.,.F.,
  .F.,(2,2),(0.,0.58986775846),.PIECEWISE_BEZIER_KNOTS.);
#4934 = CARTESIAN_POINT('',(11.570316902437,-5.474282307041,6.5));
#4935 = CARTESIAN_POINT('',(11.810237734372,-4.93541129569,6.5));
#4936 = ORIENTED_EDGE('',*,*,#4937,.T.);
#4937 = EDGE_CURVE('',#4931,#4938,#4940,.T.);
#4938 = VERTEX_POINT('',#4939);
#4939 = CARTESIAN_POINT('',(10.586401806347,-3.883722016203,6.5));
#4940 = B_SPLINE_CURVE_WITH_KNOTS('',3,(#4941,#4942,#4943,#4944,#4945,
    #4946,#4947,#4948,#4949,#4950,#4951,#4952,#4953,#4954,#4955,#4956,
    #4957,#4958,#4959,#4960,#4961,#4962),.UNSPECIFIED.,.F.,.F.,(4,1,1,1,
    1,1,1,1,1,1,1,1,1,1,1,1,1,1,1,4),(0.,0.166712883271,0.324414259488,
    0.473104128661,0.612782490802,0.743449345922,0.86510469404,
    0.977748535175,1.081380869354,1.176001696608,1.261611016983,
    1.338208830536,1.405795137351,1.464369937549,1.513933231314,
    1.55448501896,1.586025301063,1.608554078892,1.62207135626,
    1.626577159839),.UNSPECIFIED.);
#4941 = CARTESIAN_POINT('',(11.810237734372,-4.93541129569,6.5));
#4942 = CARTESIAN_POINT('',(11.775203791298,-4.892275095493,6.5));
#4943 = CARTESIAN_POINT('',(11.705879342728,-4.809258798614,6.5));
#4944 = CARTESIAN_POINT('',(11.601398665484,-4.69110719704,6.5));
#4945 = CARTESIAN_POINT('',(11.499782335962,-4.582531167106,6.5));
#4946 = CARTESIAN_POINT('',(11.401482229393,-4.483272368405,6.5));
#4947 = CARTESIAN_POINT('',(11.306939044589,-4.393050650719,6.5));
#4948 = CARTESIAN_POINT('',(11.21657983576,-4.311569533936,6.5));
#4949 = CARTESIAN_POINT('',(11.13081783609,-4.238515527003,6.5));
#4950 = CARTESIAN_POINT('',(11.050051747416,-4.17355897361,6.5));
#4951 = CARTESIAN_POINT('',(10.974665180815,-4.116354563072,6.5));
#4952 = CARTESIAN_POINT('',(10.905026097597,-4.066541916646,6.5));
#4953 = CARTESIAN_POINT('',(10.841486240835,-4.02374627831,6.5));
#4954 = CARTESIAN_POINT('',(10.784380708517,-3.987578896124,6.5));
#4955 = CARTESIAN_POINT('',(10.734027171075,-3.957638459866,6.5));
#4956 = CARTESIAN_POINT('',(10.690726251168,-3.933509429506,6.5));
#4957 = CARTESIAN_POINT('',(10.654758585692,-3.914769551712,6.5));
#4958 = CARTESIAN_POINT('',(10.626391185537,-3.900971937732,6.5));
#4959 = CARTESIAN_POINT('',(10.605859567823,-3.891693720397,6.5));
#4960 = CARTESIAN_POINT('',(10.59340592684,-3.886430953465,6.5));
#4961 = CARTESIAN_POINT('',(10.587806025606,-3.884255259476,6.5));
#4962 = CARTESIAN_POINT('',(10.586401806347,-3.883722016203,6.5));
#4963 = ORIENTED_EDGE('',*,*,#4964,.T.);
#4964 = EDGE_CURVE('',#4938,#4965,#4967,.T.);
#4965 = VERTEX_POINT('',#4966);
#4966 = CARTESIAN_POINT('',(10.326995701745,-3.788556423776,6.5));
#4967 = B_SPLINE_CURVE_WITH_KNOTS('',1,(#4968,#4969),.UNSPECIFIED.,.F.,
  .F.,(2,2),(0.,0.276311449431),.PIECEWISE_BEZIER_KNOTS.);
#4968 = CARTESIAN_POINT('',(10.586401806347,-3.883722016203,6.5));
#4969 = CARTESIAN_POINT('',(10.326995701745,-3.788556423776,6.5));
#4970 = ORIENTED_EDGE('',*,*,#4971,.T.);
#4971 = EDGE_CURVE('',#4965,#4972,#4974,.T.);
#4972 = VERTEX_POINT('',#4973);
#4973 = CARTESIAN_POINT('',(10.581572616922,-3.005049242991,6.5));
#4974 = B_SPLINE_CURVE_WITH_KNOTS('',1,(#4975,#4976),.UNSPECIFIED.,.F.,
  .F.,(2,2),(0.,0.823828203015),.PIECEWISE_BEZIER_KNOTS.);
#4975 = CARTESIAN_POINT('',(10.326995701745,-3.788556423776,6.5));
#4976 = CARTESIAN_POINT('',(10.581572616922,-3.005049242991,6.5));
#4977 = ORIENTED_EDGE('',*,*,#4978,.T.);
#4978 = EDGE_CURVE('',#4972,#4979,#4981,.T.);
#4979 = VERTEX_POINT('',#4980);
#4980 = CARTESIAN_POINT('',(10.847373495744,-3.080533744076,6.5));
#4981 = B_SPLINE_CURVE_WITH_KNOTS('',1,(#4982,#4983),.UNSPECIFIED.,.F.,
  .F.,(2,2),(0.,0.276311449431),.PIECEWISE_BEZIER_KNOTS.);
#4982 = CARTESIAN_POINT('',(10.581572616922,-3.005049242991,6.5));
#4983 = CARTESIAN_POINT('',(10.847373495744,-3.080533744076,6.5));
#4984 = ORIENTED_EDGE('',*,*,#4985,.T.);
#4985 = EDGE_CURVE('',#4979,#4986,#4988,.T.);
#4986 = VERTEX_POINT('',#4987);
#4987 = CARTESIAN_POINT('',(12.455645008319,-2.949051953889,6.5));
#4988 = B_SPLINE_CURVE_WITH_KNOTS('',3,(#4989,#4990,#4991,#4992,#4993,
    #4994,#4995,#4996,#4997,#4998,#4999,#5000,#5001,#5002,#5003,#5004,
    #5005,#5006,#5007,#5008,#5009,#5010),.UNSPECIFIED.,.F.,.F.,(4,1,1,1,
    1,1,1,1,1,1,1,1,1,1,1,1,1,1,1,4),(0.,4.505803579075E-03,
    1.802308094653E-02,4.055185877624E-02,7.209214087878E-02,
    0.112643928524,0.16220722229,0.220782022487,0.288368329302,
    0.364966142856,0.450575463231,0.545196290485,0.648828624664,
    0.761472465799,0.883127813916,1.013794669037,1.153473031177,
    1.302162900351,1.459864276568,1.626577159839),.UNSPECIFIED.);
#4989 = CARTESIAN_POINT('',(10.847373495744,-3.080533744076,6.5));
#4990 = CARTESIAN_POINT('',(10.84882296552,-3.080927720579,6.5));
#4991 = CARTESIAN_POINT('',(10.854632221626,-3.082459086526,6.5));
#4992 = CARTESIAN_POINT('',(10.867800805611,-3.085521485147,6.5));
#4993 = CARTESIAN_POINT('',(10.889864832582,-3.090083431744,6.5));
#4994 = CARTESIAN_POINT('',(10.920924575407,-3.095594867009,6.5));
#4995 = CARTESIAN_POINT('',(10.961038051822,-3.101575250728,6.5));
#4996 = CARTESIAN_POINT('',(11.010251920097,-3.107506097241,6.5));
#4997 = CARTESIAN_POINT('',(11.068587334494,-3.112880842198,6.5));
#4998 = CARTESIAN_POINT('',(11.136045334475,-3.117186605089,6.5));
#4999 = CARTESIAN_POINT('',(11.212604803492,-3.119911997127,6.5));
#5000 = CARTESIAN_POINT('',(11.298223144234,-3.120545545733,6.5));
#5001 = CARTESIAN_POINT('',(11.392836066642,-3.118577317523,6.5));
#5002 = CARTESIAN_POINT('',(11.496357709074,-3.11349947774,6.5));
#5003 = CARTESIAN_POINT('',(11.608680692174,-3.104807183237,6.5));
#5004 = CARTESIAN_POINT('',(11.7296762265,-3.091999385397,6.5));
#5005 = CARTESIAN_POINT('',(11.859194264801,-3.074579572261,6.5));
#5006 = CARTESIAN_POINT('',(11.997063579602,-3.05205687021,6.5));
#5007 = CARTESIAN_POINT('',(12.143092306238,-3.023945596697,6.5));
#5008 = CARTESIAN_POINT('',(12.297066718652,-2.989771144345,6.5));
#5009 = CARTESIAN_POINT('',(12.401947130677,-2.963357437852,6.5));
#5010 = CARTESIAN_POINT('',(12.455645008319,-2.949051953889,6.5));
#5011 = ORIENTED_EDGE('',*,*,#5012,.T.);
#5012 = EDGE_CURVE('',#4986,#5013,#5015,.T.);
#5013 = VERTEX_POINT('',#5014);
#5014 = CARTESIAN_POINT('',(12.57828541134,-2.372074221201,6.5));
#5015 = B_SPLINE_CURVE_WITH_KNOTS('',1,(#5016,#5017),.UNSPECIFIED.,.F.,
  .F.,(2,2),(0.,0.58986775846),.PIECEWISE_BEZIER_KNOTS.);
#5016 = CARTESIAN_POINT('',(12.455645008319,-2.949051953889,6.5));
#5017 = CARTESIAN_POINT('',(12.57828541134,-2.372074221201,6.5));
#5018 = ORIENTED_EDGE('',*,*,#5019,.T.);
#5019 = EDGE_CURVE('',#5013,#5020,#5022,.T.);
#5020 = VERTEX_POINT('',#5021);
#5021 = CARTESIAN_POINT('',(11.162534738337,-1.597816672833,6.5));
#5022 = B_SPLINE_CURVE_WITH_KNOTS('',3,(#5023,#5024,#5025,#5026,#5027,
    #5028,#5029,#5030,#5031,#5032,#5033,#5034,#5035,#5036,#5037,#5038,
    #5039,#5040,#5041,#5042,#5043,#5044),.UNSPECIFIED.,.F.,.F.,(4,1,1,1,
    1,1,1,1,1,1,1,1,1,1,1,1,1,1,1,4),(0.,0.166712883271,0.324414259488,
    0.473104128661,0.612782490802,0.743449345922,0.86510469404,
    0.977748535175,1.081380869354,1.176001696608,1.261611016983,
    1.338208830536,1.405795137351,1.464369937549,1.513933231314,
    1.55448501896,1.586025301063,1.608554078892,1.62207135626,
    1.626577159839),.UNSPECIFIED.);
#5023 = CARTESIAN_POINT('',(12.57828541134,-2.372074221201,6.5));
#5024 = CARTESIAN_POINT('',(12.535048523659,-2.337164616814,6.5));
#5025 = CARTESIAN_POINT('',(12.449978921969,-2.270375788517,6.5));
#5026 = CARTESIAN_POINT('',(12.323216298943,-2.176528837178,6.5));
#5027 = CARTESIAN_POINT('',(12.201246304061,-2.091452676887,6.5));
#5028 = CARTESIAN_POINT('',(12.084457226001,-2.01480066245,6.5));
#5029 = CARTESIAN_POINT('',(11.973221886747,-1.946207139169,6.5));
#5030 = CARTESIAN_POINT('',(11.867896366667,-1.885293316172,6.5));
#5031 = CARTESIAN_POINT('',(11.768819690354,-1.831666636925,6.5));
#5032 = CARTESIAN_POINT('',(11.67631330765,-1.784921754128,6.5));
#5033 = CARTESIAN_POINT('',(11.590680652684,-1.744641145736,6.5));
#5034 = CARTESIAN_POINT('',(11.512206718975,-1.710395804688,6.5));
#5035 = CARTESIAN_POINT('',(11.441157647007,-1.681746032781,6.5));
#5036 = CARTESIAN_POINT('',(11.377780385998,-1.658241902451,6.5));
#5037 = CARTESIAN_POINT('',(11.322302227435,-1.639424825668,6.5));
#5038 = CARTESIAN_POINT('',(11.274930829018,-1.624825839985,6.5));
#5039 = CARTESIAN_POINT('',(11.235852903651,-1.613973571627,6.5));
#5040 = CARTESIAN_POINT('',(11.205236713999,-1.606375382747,6.5));
#5041 = CARTESIAN_POINT('',(11.183224711538,-1.601568680076,6.5));
#5042 = CARTESIAN_POINT('',(11.169949021719,-1.599010174782,6.5));
#5043 = CARTESIAN_POINT('',(11.164019139547,-1.598046309859,6.5));
#5044 = CARTESIAN_POINT('',(11.162534738337,-1.597816672833,6.5));
#5045 = ORIENTED_EDGE('',*,*,#5046,.T.);
#5046 = EDGE_CURVE('',#5020,#5047,#5049,.T.);
#5047 = VERTEX_POINT('',#5048);
#5048 = CARTESIAN_POINT('',(10.889011240276,-1.558664238743,6.5));
#5049 = B_SPLINE_CURVE_WITH_KNOTS('',1,(#5050,#5051),.UNSPECIFIED.,.F.,
  .F.,(2,2),(0.,0.276311449431),.PIECEWISE_BEZIER_KNOTS.);
#5050 = CARTESIAN_POINT('',(11.162534738337,-1.597816672833,6.5));
#5051 = CARTESIAN_POINT('',(10.889011240276,-1.558664238743,6.5));
#5052 = ORIENTED_EDGE('',*,*,#5053,.T.);
#5053 = EDGE_CURVE('',#5047,#5054,#5056,.T.);
#5054 = VERTEX_POINT('',#5055);
#5055 = CARTESIAN_POINT('',(10.975124736334,-0.739349052823,6.5));
#5056 = B_SPLINE_CURVE_WITH_KNOTS('',1,(#5057,#5058),.UNSPECIFIED.,.F.,
  .F.,(2,2),(0.,0.823828203015),.PIECEWISE_BEZIER_KNOTS.);
#5057 = CARTESIAN_POINT('',(10.889011240276,-1.558664238743,6.5));
#5058 = CARTESIAN_POINT('',(10.975124736334,-0.739349052823,6.5));
#5059 = ORIENTED_EDGE('',*,*,#5060,.T.);
#5060 = EDGE_CURVE('',#5054,#64,#5061,.T.);
#5061 = B_SPLINE_CURVE_WITH_KNOTS('',1,(#5062,#5063),.UNSPECIFIED.,.F.,
  .F.,(2,2),(0.,0.276311449431),.PIECEWISE_BEZIER_KNOTS.);
#5062 = CARTESIAN_POINT('',(10.975124736334,-0.739349052823,6.5));
#5063 = CARTESIAN_POINT('',(11.250811338478,-0.757920926316,6.5));
#5064 = ORIENTED_EDGE('',*,*,#71,.T.);
#5065 = FACE_BOUND('',#5066,.T.);
#5066 = EDGE_LOOP('',(#5067));
#5067 = ORIENTED_EDGE('',*,*,#5068,.F.);
#5068 = EDGE_CURVE('',#5069,#5069,#5071,.T.);
#5069 = VERTEX_POINT('',#5070);
#5070 = CARTESIAN_POINT('',(-7.928203230276,-2.267949192431,6.5));
#5071 = CIRCLE('',#5072,2.);
#5072 = AXIS2_PLACEMENT_3D('',#5073,#5074,#5075);
#5073 = CARTESIAN_POINT('',(-6.928203230276,-4.,6.5));
#5074 = DIRECTION('',(0.,0.,1.));
#5075 = DIRECTION('',(-0.5,0.866025403784,0.));
#5076 = FACE_BOUND('',#5077,.T.);
#5077 = EDGE_LOOP('',(#5078));
#5078 = ORIENTED_EDGE('',*,*,#5079,.F.);
#5079 = EDGE_CURVE('',#5080,#5080,#5082,.T.);
#5080 = VERTEX_POINT('',#5081);
#5081 = CARTESIAN_POINT('',(5.928203230276,-5.732050807569,6.5));
#5082 = CIRCLE('',#5083,2.);
#5083 = AXIS2_PLACEMENT_3D('',#5084,#5085,#5086);
#5084 = CARTESIAN_POINT('',(6.928203230276,-4.,6.5));
#5085 = DIRECTION('',(0.,0.,1.));
#5086 = DIRECTION('',(-0.5,-0.866025403784,0.));
#5087 = FACE_BOUND('',#5088,.T.);
#5088 = EDGE_LOOP('',(#5089));
#5089 = ORIENTED_EDGE('',*,*,#5090,.T.);
#5090 = EDGE_CURVE('',#5091,#5091,#5093,.T.);
#5091 = VERTEX_POINT('',#5092);
#5092 = CARTESIAN_POINT('',(3.,0.,6.5));
#5093 = CIRCLE('',#5094,3.);
#5094 = AXIS2_PLACEMENT_3D('',#5095,#5096,#5097);
#5095 = CARTESIAN_POINT('',(0.,0.,6.5));
#5096 = DIRECTION('',(0.,0.,-1.));
#5097 = DIRECTION('',(1.,0.,0.));
#5098 = FACE_BOUND('',#5099,.T.);
#5099 = EDGE_LOOP('',(#5100));
#5100 = ORIENTED_EDGE('',*,*,#5101,.F.);
#5101 = EDGE_CURVE('',#5102,#5102,#5104,.T.);
#5102 = VERTEX_POINT('',#5103);
#5103 = CARTESIAN_POINT('',(2.,8.,6.5));
#5104 = CIRCLE('',#5105,2.);
#5105 = AXIS2_PLACEMENT_3D('',#5106,#5107,#5108);
#5106 = CARTESIAN_POINT('',(0.,8.,6.5));
#5107 = DIRECTION('',(0.,0.,1.));
#5108 = DIRECTION('',(1.,0.,0.));
#5109 = PLANE('',#5110);
#5110 = AXIS2_PLACEMENT_3D('',#5111,#5112,#5113);
#5111 = CARTESIAN_POINT('',(-4.7E-16,-1.477E-14,6.5));
#5112 = DIRECTION('',(0.,0.,1.));
#5113 = DIRECTION('',(1.,0.,0.));
#5114 = ADVANCED_FACE('',(#5115),#5126,.F.);
#5115 = FACE_BOUND('',#5116,.F.);
#5116 = EDGE_LOOP('',(#5117,#5123,#5124,#5125));
#5117 = ORIENTED_EDGE('',*,*,#5118,.T.);
#5118 = EDGE_CURVE('',#2632,#5054,#5119,.T.);
#5119 = LINE('',#5120,#5121);
#5120 = CARTESIAN_POINT('',(10.975124736334,-0.739349052823,0.));
#5121 = VECTOR('',#5122,1.);
#5122 = DIRECTION('',(0.,0.,1.));
#5123 = ORIENTED_EDGE('',*,*,#5060,.T.);
#5124 = ORIENTED_EDGE('',*,*,#61,.F.);
#5125 = ORIENTED_EDGE('',*,*,#2638,.F.);
#5126 = SURFACE_OF_LINEAR_EXTRUSION('',#5127,#5130);
#5127 = B_SPLINE_CURVE_WITH_KNOTS('',1,(#5128,#5129),.UNSPECIFIED.,.F.,
  .F.,(2,2),(0.,0.276311449431),.PIECEWISE_BEZIER_KNOTS.);
#5128 = CARTESIAN_POINT('',(10.975124736334,-0.739349052823,0.));
#5129 = CARTESIAN_POINT('',(11.250811338478,-0.757920926316,0.));
#5130 = VECTOR('',#5131,1.);
#5131 = DIRECTION('',(-0.,-0.,-1.));
#5132 = ADVANCED_FACE('',(#5133),#5144,.F.);
#5133 = FACE_BOUND('',#5134,.F.);
#5134 = EDGE_LOOP('',(#5135,#5136,#5137,#5143));
#5135 = ORIENTED_EDGE('',*,*,#179,.T.);
#5136 = ORIENTED_EDGE('',*,*,#2665,.T.);
#5137 = ORIENTED_EDGE('',*,*,#5138,.F.);
#5138 = EDGE_CURVE('',#244,#2666,#5139,.T.);
#5139 = LINE('',#5140,#5141);
#5140 = CARTESIAN_POINT('',(10.975124736334,0.739349052823,0.));
#5141 = VECTOR('',#5142,1.);
#5142 = DIRECTION('',(0.,0.,1.));
#5143 = ORIENTED_EDGE('',*,*,#243,.F.);
#5144 = PLANE('',#5145);
#5145 = AXIS2_PLACEMENT_3D('',#5146,#5147,#5148);
#5146 = CARTESIAN_POINT('',(11.250811338478,0.757920926316,0.));
#5147 = DIRECTION('',(6.721355025665E-02,-0.997738612394,0.));
#5148 = DIRECTION('',(-0.997738612394,-6.721355025665E-02,0.));
#5149 = ADVANCED_FACE('',(#5150),#5161,.F.);
#5150 = FACE_BOUND('',#5151,.F.);
#5151 = EDGE_LOOP('',(#5152,#5158,#5159,#5160));
#5152 = ORIENTED_EDGE('',*,*,#5153,.T.);
#5153 = EDGE_CURVE('',#2625,#5047,#5154,.T.);
#5154 = LINE('',#5155,#5156);
#5155 = CARTESIAN_POINT('',(10.889011240276,-1.558664238743,0.));
#5156 = VECTOR('',#5157,1.);
#5157 = DIRECTION('',(0.,0.,1.));
#5158 = ORIENTED_EDGE('',*,*,#5053,.T.);
#5159 = ORIENTED_EDGE('',*,*,#5118,.F.);
#5160 = ORIENTED_EDGE('',*,*,#2631,.F.);
#5161 = SURFACE_OF_LINEAR_EXTRUSION('',#5162,#5165);
#5162 = B_SPLINE_CURVE_WITH_KNOTS('',1,(#5163,#5164),.UNSPECIFIED.,.F.,
  .F.,(2,2),(0.,0.823828203015),.PIECEWISE_BEZIER_KNOTS.);
#5163 = CARTESIAN_POINT('',(10.889011240276,-1.558664238743,0.));
#5164 = CARTESIAN_POINT('',(10.975124736334,-0.739349052823,0.));
#5165 = VECTOR('',#5166,1.);
#5166 = DIRECTION('',(-0.,-0.,-1.));
#5167 = ADVANCED_FACE('',(#5168),#5179,.F.);
#5168 = FACE_BOUND('',#5169,.F.);
#5169 = EDGE_LOOP('',(#5170,#5171,#5172,#5178));
#5170 = ORIENTED_EDGE('',*,*,#5138,.T.);
#5171 = ORIENTED_EDGE('',*,*,#2673,.T.);
#5172 = ORIENTED_EDGE('',*,*,#5173,.F.);
#5173 = EDGE_CURVE('',#252,#2674,#5174,.T.);
#5174 = LINE('',#5175,#5176);
#5175 = CARTESIAN_POINT('',(10.889011240276,1.558664238743,0.));
#5176 = VECTOR('',#5177,1.);
#5177 = DIRECTION('',(0.,0.,1.));
#5178 = ORIENTED_EDGE('',*,*,#251,.F.);
#5179 = PLANE('',#5180);
#5180 = AXIS2_PLACEMENT_3D('',#5181,#5182,#5183);
#5181 = CARTESIAN_POINT('',(10.975124736334,0.739349052823,0.));
#5182 = DIRECTION('',(-0.994521895368,-0.104528463268,0.));
#5183 = DIRECTION('',(-0.104528463268,0.994521895368,0.));
#5184 = ADVANCED_FACE('',(#5185),#5196,.F.);
#5185 = FACE_BOUND('',#5186,.F.);
#5186 = EDGE_LOOP('',(#5187,#5193,#5194,#5195));
#5187 = ORIENTED_EDGE('',*,*,#5188,.T.);
#5188 = EDGE_CURVE('',#2598,#5020,#5189,.T.);
#5189 = LINE('',#5190,#5191);
#5190 = CARTESIAN_POINT('',(11.162534738337,-1.597816672833,0.));
#5191 = VECTOR('',#5192,1.);
#5192 = DIRECTION('',(0.,0.,1.));
#5193 = ORIENTED_EDGE('',*,*,#5046,.T.);
#5194 = ORIENTED_EDGE('',*,*,#5153,.F.);
#5195 = ORIENTED_EDGE('',*,*,#2624,.F.);
#5196 = SURFACE_OF_LINEAR_EXTRUSION('',#5197,#5200);
#5197 = B_SPLINE_CURVE_WITH_KNOTS('',1,(#5198,#5199),.UNSPECIFIED.,.F.,
  .F.,(2,2),(0.,0.276311449431),.PIECEWISE_BEZIER_KNOTS.);
#5198 = CARTESIAN_POINT('',(11.162534738337,-1.597816672833,0.));
#5199 = CARTESIAN_POINT('',(10.889011240276,-1.558664238743,0.));
#5200 = VECTOR('',#5201,1.);
#5201 = DIRECTION('',(-0.,-0.,-1.));
#5202 = ADVANCED_FACE('',(#5203),#5214,.F.);
#5203 = FACE_BOUND('',#5204,.F.);
#5204 = EDGE_LOOP('',(#5205,#5206,#5207,#5213));
#5205 = ORIENTED_EDGE('',*,*,#5173,.T.);
#5206 = ORIENTED_EDGE('',*,*,#2681,.T.);
#5207 = ORIENTED_EDGE('',*,*,#5208,.F.);
#5208 = EDGE_CURVE('',#260,#2682,#5209,.T.);
#5209 = LINE('',#5210,#5211);
#5210 = CARTESIAN_POINT('',(11.162534738337,1.597816672833,0.));
#5211 = VECTOR('',#5212,1.);
#5212 = DIRECTION('',(0.,0.,1.));
#5213 = ORIENTED_EDGE('',*,*,#259,.F.);
#5214 = PLANE('',#5215);
#5215 = AXIS2_PLACEMENT_3D('',#5216,#5217,#5218);
#5216 = CARTESIAN_POINT('',(10.889011240276,1.558664238743,0.));
#5217 = DIRECTION('',(-0.141696748977,0.989910112752,0.));
#5218 = DIRECTION('',(0.989910112752,0.141696748977,0.));
#5219 = ADVANCED_FACE('',(#5220),#5231,.F.);
#5220 = FACE_BOUND('',#5221,.F.);
#5221 = EDGE_LOOP('',(#5222,#5228,#5229,#5230));
#5222 = ORIENTED_EDGE('',*,*,#5223,.T.);
#5223 = EDGE_CURVE('',#2591,#5013,#5224,.T.);
#5224 = LINE('',#5225,#5226);
#5225 = CARTESIAN_POINT('',(12.57828541134,-2.372074221201,0.));
#5226 = VECTOR('',#5227,1.);
#5227 = DIRECTION('',(0.,0.,1.));
#5228 = ORIENTED_EDGE('',*,*,#5019,.T.);
#5229 = ORIENTED_EDGE('',*,*,#5188,.F.);
#5230 = ORIENTED_EDGE('',*,*,#2597,.F.);
#5231 = SURFACE_OF_LINEAR_EXTRUSION('',#5232,#5255);
#5232 = B_SPLINE_CURVE_WITH_KNOTS('',3,(#5233,#5234,#5235,#5236,#5237,
    #5238,#5239,#5240,#5241,#5242,#5243,#5244,#5245,#5246,#5247,#5248,
    #5249,#5250,#5251,#5252,#5253,#5254),.UNSPECIFIED.,.F.,.F.,(4,1,1,1,
    1,1,1,1,1,1,1,1,1,1,1,1,1,1,1,4),(0.,0.166712883271,0.324414259488,
    0.473104128661,0.612782490802,0.743449345922,0.86510469404,
    0.977748535175,1.081380869354,1.176001696608,1.261611016983,
    1.338208830536,1.405795137351,1.464369937549,1.513933231314,
    1.55448501896,1.586025301063,1.608554078892,1.62207135626,
    1.626577159839),.UNSPECIFIED.);
#5233 = CARTESIAN_POINT('',(12.57828541134,-2.372074221201,0.));
#5234 = CARTESIAN_POINT('',(12.535048523659,-2.337164616814,0.));
#5235 = CARTESIAN_POINT('',(12.449978921969,-2.270375788517,0.));
#5236 = CARTESIAN_POINT('',(12.323216298943,-2.176528837178,0.));
#5237 = CARTESIAN_POINT('',(12.201246304061,-2.091452676887,0.));
#5238 = CARTESIAN_POINT('',(12.084457226001,-2.01480066245,0.));
#5239 = CARTESIAN_POINT('',(11.973221886747,-1.946207139169,0.));
#5240 = CARTESIAN_POINT('',(11.867896366667,-1.885293316172,0.));
#5241 = CARTESIAN_POINT('',(11.768819690354,-1.831666636925,0.));
#5242 = CARTESIAN_POINT('',(11.67631330765,-1.784921754128,0.));
#5243 = CARTESIAN_POINT('',(11.590680652684,-1.744641145736,0.));
#5244 = CARTESIAN_POINT('',(11.512206718975,-1.710395804688,0.));
#5245 = CARTESIAN_POINT('',(11.441157647007,-1.681746032781,0.));
#5246 = CARTESIAN_POINT('',(11.377780385998,-1.658241902451,0.));
#5247 = CARTESIAN_POINT('',(11.322302227435,-1.639424825668,0.));
#5248 = CARTESIAN_POINT('',(11.274930829018,-1.624825839985,0.));
#5249 = CARTESIAN_POINT('',(11.235852903651,-1.613973571627,0.));
#5250 = CARTESIAN_POINT('',(11.205236713999,-1.606375382747,0.));
#5251 = CARTESIAN_POINT('',(11.183224711538,-1.601568680076,0.));
#5252 = CARTESIAN_POINT('',(11.169949021719,-1.599010174782,0.));
#5253 = CARTESIAN_POINT('',(11.164019139547,-1.598046309859,0.));
#5254 = CARTESIAN_POINT('',(11.162534738337,-1.597816672833,0.));
#5255 = VECTOR('',#5256,1.);
#5256 = DIRECTION('',(-0.,-0.,-1.));
#5257 = ADVANCED_FACE('',(#5258),#5269,.F.);
#5258 = FACE_BOUND('',#5259,.F.);
#5259 = EDGE_LOOP('',(#5260,#5261,#5262,#5268));
#5260 = ORIENTED_EDGE('',*,*,#5208,.T.);
#5261 = ORIENTED_EDGE('',*,*,#2689,.T.);
#5262 = ORIENTED_EDGE('',*,*,#5263,.F.);
#5263 = EDGE_CURVE('',#268,#2690,#5264,.T.);
#5264 = LINE('',#5265,#5266);
#5265 = CARTESIAN_POINT('',(12.578285411339,2.372074221201,0.));
#5266 = VECTOR('',#5267,1.);
#5267 = DIRECTION('',(0.,0.,1.));
#5268 = ORIENTED_EDGE('',*,*,#267,.F.);
#5269 = SURFACE_OF_LINEAR_EXTRUSION('',#5270,#5293);
#5270 = B_SPLINE_CURVE_WITH_KNOTS('',3,(#5271,#5272,#5273,#5274,#5275,
    #5276,#5277,#5278,#5279,#5280,#5281,#5282,#5283,#5284,#5285,#5286,
    #5287,#5288,#5289,#5290,#5291,#5292),.UNSPECIFIED.,.F.,.F.,(4,1,1,1,
    1,1,1,1,1,1,1,1,1,1,1,1,1,1,1,4),(0.,4.505803579075E-03,
    1.802308094653E-02,4.055185877624E-02,7.209214087878E-02,
    0.112643928524,0.16220722229,0.220782022487,0.288368329302,
    0.364966142856,0.450575463231,0.545196290485,0.648828624664,
    0.761472465799,0.883127813916,1.013794669037,1.153473031177,
    1.302162900351,1.459864276568,1.626577159839),.UNSPECIFIED.);
#5271 = CARTESIAN_POINT('',(11.162534738337,1.597816672833,0.));
#5272 = CARTESIAN_POINT('',(11.164019139547,1.598046309859,0.));
#5273 = CARTESIAN_POINT('',(11.169949021719,1.599010174782,0.));
#5274 = CARTESIAN_POINT('',(11.183224711538,1.601568680076,0.));
#5275 = CARTESIAN_POINT('',(11.205236713999,1.606375382747,0.));
#5276 = CARTESIAN_POINT('',(11.235852903651,1.613973571627,0.));
#5277 = CARTESIAN_POINT('',(11.274930829018,1.624825839985,0.));
#5278 = CARTESIAN_POINT('',(11.322302227435,1.639424825668,0.));
#5279 = CARTESIAN_POINT('',(11.377780385998,1.658241902451,0.));
#5280 = CARTESIAN_POINT('',(11.441157647007,1.681746032781,0.));
#5281 = CARTESIAN_POINT('',(11.512206718975,1.710395804688,0.));
#5282 = CARTESIAN_POINT('',(11.590680652684,1.744641145736,0.));
#5283 = CARTESIAN_POINT('',(11.67631330765,1.784921754128,0.));
#5284 = CARTESIAN_POINT('',(11.768819690354,1.831666636925,0.));
#5285 = CARTESIAN_POINT('',(11.867896366667,1.885293316172,0.));
#5286 = CARTESIAN_POINT('',(11.973221886747,1.946207139169,0.));
#5287 = CARTESIAN_POINT('',(12.084457226001,2.01480066245,0.));
#5288 = CARTESIAN_POINT('',(12.20124630406,2.091452676887,0.));
#5289 = CARTESIAN_POINT('',(12.323216298943,2.176528837178,0.));
#5290 = CARTESIAN_POINT('',(12.449978921968,2.270375788517,0.));
#5291 = CARTESIAN_POINT('',(12.535048523659,2.337164616814,0.));
#5292 = CARTESIAN_POINT('',(12.578285411339,2.372074221201,0.));
#5293 = VECTOR('',#5294,1.);
#5294 = DIRECTION('',(-0.,-0.,-1.));
#5295 = ADVANCED_FACE('',(#5296),#5307,.F.);
#5296 = FACE_BOUND('',#5297,.F.);
#5297 = EDGE_LOOP('',(#5298,#5304,#5305,#5306));
#5298 = ORIENTED_EDGE('',*,*,#5299,.T.);
#5299 = EDGE_CURVE('',#2564,#4986,#5300,.T.);
#5300 = LINE('',#5301,#5302);
#5301 = CARTESIAN_POINT('',(12.455645008319,-2.949051953889,0.));
#5302 = VECTOR('',#5303,1.);
#5303 = DIRECTION('',(0.,0.,1.));
#5304 = ORIENTED_EDGE('',*,*,#5012,.T.);
#5305 = ORIENTED_EDGE('',*,*,#5223,.F.);
#5306 = ORIENTED_EDGE('',*,*,#2590,.F.);
#5307 = SURFACE_OF_LINEAR_EXTRUSION('',#5308,#5311);
#5308 = B_SPLINE_CURVE_WITH_KNOTS('',1,(#5309,#5310),.UNSPECIFIED.,.F.,
  .F.,(2,2),(0.,0.58986775846),.PIECEWISE_BEZIER_KNOTS.);
#5309 = CARTESIAN_POINT('',(12.455645008319,-2.949051953889,0.));
#5310 = CARTESIAN_POINT('',(12.57828541134,-2.372074221201,0.));
#5311 = VECTOR('',#5312,1.);
#5312 = DIRECTION('',(-0.,-0.,-1.));
#5313 = ADVANCED_FACE('',(#5314),#5325,.F.);
#5314 = FACE_BOUND('',#5315,.F.);
#5315 = EDGE_LOOP('',(#5316,#5317,#5318,#5324));
#5316 = ORIENTED_EDGE('',*,*,#5263,.T.);
#5317 = ORIENTED_EDGE('',*,*,#2716,.T.);
#5318 = ORIENTED_EDGE('',*,*,#5319,.F.);
#5319 = EDGE_CURVE('',#295,#2717,#5320,.T.);
#5320 = LINE('',#5321,#5322);
#5321 = CARTESIAN_POINT('',(12.455645008319,2.949051953889,0.));
#5322 = VECTOR('',#5323,1.);
#5323 = DIRECTION('',(0.,0.,1.));
#5324 = ORIENTED_EDGE('',*,*,#294,.F.);
#5325 = SURFACE_OF_LINEAR_EXTRUSION('',#5326,#5329);
#5326 = B_SPLINE_CURVE_WITH_KNOTS('',1,(#5327,#5328),.UNSPECIFIED.,.F.,
  .F.,(2,2),(0.,0.58986775846),.PIECEWISE_BEZIER_KNOTS.);
#5327 = CARTESIAN_POINT('',(12.578285411339,2.372074221201,0.));
#5328 = CARTESIAN_POINT('',(12.455645008319,2.949051953889,0.));
#5329 = VECTOR('',#5330,1.);
#5330 = DIRECTION('',(-0.,-0.,-1.));
#5331 = ADVANCED_FACE('',(#5332),#5343,.F.);
#5332 = FACE_BOUND('',#5333,.F.);
#5333 = EDGE_LOOP('',(#5334,#5340,#5341,#5342));
#5334 = ORIENTED_EDGE('',*,*,#5335,.T.);
#5335 = EDGE_CURVE('',#2557,#4979,#5336,.T.);
#5336 = LINE('',#5337,#5338);
#5337 = CARTESIAN_POINT('',(10.847373495744,-3.080533744076,0.));
#5338 = VECTOR('',#5339,1.);
#5339 = DIRECTION('',(0.,0.,1.));
#5340 = ORIENTED_EDGE('',*,*,#4985,.T.);
#5341 = ORIENTED_EDGE('',*,*,#5299,.F.);
#5342 = ORIENTED_EDGE('',*,*,#2563,.F.);
#5343 = SURFACE_OF_LINEAR_EXTRUSION('',#5344,#5367);
#5344 = B_SPLINE_CURVE_WITH_KNOTS('',3,(#5345,#5346,#5347,#5348,#5349,
    #5350,#5351,#5352,#5353,#5354,#5355,#5356,#5357,#5358,#5359,#5360,
    #5361,#5362,#5363,#5364,#5365,#5366),.UNSPECIFIED.,.F.,.F.,(4,1,1,1,
    1,1,1,1,1,1,1,1,1,1,1,1,1,1,1,4),(0.,4.505803579075E-03,
    1.802308094653E-02,4.055185877624E-02,7.209214087878E-02,
    0.112643928524,0.16220722229,0.220782022487,0.288368329302,
    0.364966142856,0.450575463231,0.545196290485,0.648828624664,
    0.761472465799,0.883127813916,1.013794669037,1.153473031177,
    1.302162900351,1.459864276568,1.626577159839),.UNSPECIFIED.);
#5345 = CARTESIAN_POINT('',(10.847373495744,-3.080533744076,0.));
#5346 = CARTESIAN_POINT('',(10.84882296552,-3.080927720579,0.));
#5347 = CARTESIAN_POINT('',(10.854632221626,-3.082459086526,0.));
#5348 = CARTESIAN_POINT('',(10.867800805611,-3.085521485147,0.));
#5349 = CARTESIAN_POINT('',(10.889864832582,-3.090083431744,0.));
#5350 = CARTESIAN_POINT('',(10.920924575407,-3.095594867009,0.));
#5351 = CARTESIAN_POINT('',(10.961038051822,-3.101575250728,0.));
#5352 = CARTESIAN_POINT('',(11.010251920097,-3.107506097241,0.));
#5353 = CARTESIAN_POINT('',(11.068587334494,-3.112880842198,0.));
#5354 = CARTESIAN_POINT('',(11.136045334475,-3.117186605089,0.));
#5355 = CARTESIAN_POINT('',(11.212604803492,-3.119911997127,0.));
#5356 = CARTESIAN_POINT('',(11.298223144234,-3.120545545733,0.));
#5357 = CARTESIAN_POINT('',(11.392836066642,-3.118577317523,0.));
#5358 = CARTESIAN_POINT('',(11.496357709074,-3.11349947774,0.));
#5359 = CARTESIAN_POINT('',(11.608680692174,-3.104807183237,0.));
#5360 = CARTESIAN_POINT('',(11.7296762265,-3.091999385397,0.));
#5361 = CARTESIAN_POINT('',(11.859194264801,-3.074579572261,0.));
#5362 = CARTESIAN_POINT('',(11.997063579602,-3.05205687021,0.));
#5363 = CARTESIAN_POINT('',(12.143092306238,-3.023945596697,0.));
#5364 = CARTESIAN_POINT('',(12.297066718652,-2.989771144345,0.));
#5365 = CARTESIAN_POINT('',(12.401947130677,-2.963357437852,0.));
#5366 = CARTESIAN_POINT('',(12.455645008319,-2.949051953889,0.));
#5367 = VECTOR('',#5368,1.);
#5368 = DIRECTION('',(-0.,-0.,-1.));
#5369 = ADVANCED_FACE('',(#5370),#5381,.F.);
#5370 = FACE_BOUND('',#5371,.F.);
#5371 = EDGE_LOOP('',(#5372,#5373,#5374,#5380));
#5372 = ORIENTED_EDGE('',*,*,#5319,.T.);
#5373 = ORIENTED_EDGE('',*,*,#2723,.T.);
#5374 = ORIENTED_EDGE('',*,*,#5375,.F.);
#5375 = EDGE_CURVE('',#302,#2724,#5376,.T.);
#5376 = LINE('',#5377,#5378);
#5377 = CARTESIAN_POINT('',(10.847373495744,3.080533744076,0.));
#5378 = VECTOR('',#5379,1.);
#5379 = DIRECTION('',(0.,0.,1.));
#5380 = ORIENTED_EDGE('',*,*,#301,.F.);
#5381 = SURFACE_OF_LINEAR_EXTRUSION('',#5382,#5405);
#5382 = B_SPLINE_CURVE_WITH_KNOTS('',3,(#5383,#5384,#5385,#5386,#5387,
    #5388,#5389,#5390,#5391,#5392,#5393,#5394,#5395,#5396,#5397,#5398,
    #5399,#5400,#5401,#5402,#5403,#5404),.UNSPECIFIED.,.F.,.F.,(4,1,1,1,
    1,1,1,1,1,1,1,1,1,1,1,1,1,1,1,4),(0.,0.166712883271,0.324414259488,
    0.473104128661,0.612782490802,0.743449345922,0.86510469404,
    0.977748535175,1.081380869354,1.176001696608,1.261611016983,
    1.338208830536,1.405795137351,1.464369937549,1.513933231314,
    1.55448501896,1.586025301063,1.608554078892,1.62207135626,
    1.626577159839),.UNSPECIFIED.);
#5383 = CARTESIAN_POINT('',(12.455645008319,2.949051953889,0.));
#5384 = CARTESIAN_POINT('',(12.401947130677,2.963357437852,0.));
#5385 = CARTESIAN_POINT('',(12.297066718652,2.989771144344,0.));
#5386 = CARTESIAN_POINT('',(12.143092306238,3.023945596697,0.));
#5387 = CARTESIAN_POINT('',(11.997063579602,3.05205687021,0.));
#5388 = CARTESIAN_POINT('',(11.859194264801,3.074579572261,0.));
#5389 = CARTESIAN_POINT('',(11.7296762265,3.091999385397,0.));
#5390 = CARTESIAN_POINT('',(11.608680692174,3.104807183237,0.));
#5391 = CARTESIAN_POINT('',(11.496357709074,3.11349947774,0.));
#5392 = CARTESIAN_POINT('',(11.392836066642,3.118577317523,0.));
#5393 = CARTESIAN_POINT('',(11.298223144234,3.120545545733,0.));
#5394 = CARTESIAN_POINT('',(11.212604803492,3.119911997127,0.));
#5395 = CARTESIAN_POINT('',(11.136045334475,3.117186605089,0.));
#5396 = CARTESIAN_POINT('',(11.068587334494,3.112880842198,0.));
#5397 = CARTESIAN_POINT('',(11.010251920097,3.107506097241,0.));
#5398 = CARTESIAN_POINT('',(10.961038051822,3.101575250728,0.));
#5399 = CARTESIAN_POINT('',(10.920924575407,3.095594867009,0.));
#5400 = CARTESIAN_POINT('',(10.889864832582,3.090083431744,0.));
#5401 = CARTESIAN_POINT('',(10.867800805611,3.085521485147,0.));
#5402 = CARTESIAN_POINT('',(10.854632221626,3.082459086526,0.));
#5403 = CARTESIAN_POINT('',(10.84882296552,3.080927720579,0.));
#5404 = CARTESIAN_POINT('',(10.847373495744,3.080533744076,0.));
#5405 = VECTOR('',#5406,1.);
#5406 = DIRECTION('',(-0.,-0.,-1.));
#5407 = ADVANCED_FACE('',(#5408),#5419,.F.);
#5408 = FACE_BOUND('',#5409,.F.);
#5409 = EDGE_LOOP('',(#5410,#5416,#5417,#5418));
#5410 = ORIENTED_EDGE('',*,*,#5411,.T.);
#5411 = EDGE_CURVE('',#2550,#4972,#5412,.T.);
#5412 = LINE('',#5413,#5414);
#5413 = CARTESIAN_POINT('',(10.581572616922,-3.005049242991,0.));
#5414 = VECTOR('',#5415,1.);
#5415 = DIRECTION('',(0.,0.,1.));
#5416 = ORIENTED_EDGE('',*,*,#4978,.T.);
#5417 = ORIENTED_EDGE('',*,*,#5335,.F.);
#5418 = ORIENTED_EDGE('',*,*,#2556,.F.);
#5419 = SURFACE_OF_LINEAR_EXTRUSION('',#5420,#5423);
#5420 = B_SPLINE_CURVE_WITH_KNOTS('',1,(#5421,#5422),.UNSPECIFIED.,.F.,
  .F.,(2,2),(0.,0.276311449431),.PIECEWISE_BEZIER_KNOTS.);
#5421 = CARTESIAN_POINT('',(10.581572616922,-3.005049242991,0.));
#5422 = CARTESIAN_POINT('',(10.847373495744,-3.080533744076,0.));
#5423 = VECTOR('',#5424,1.);
#5424 = DIRECTION('',(-0.,-0.,-1.));
#5425 = ADVANCED_FACE('',(#5426),#5437,.F.);
#5426 = FACE_BOUND('',#5427,.F.);
#5427 = EDGE_LOOP('',(#5428,#5429,#5430,#5436));
#5428 = ORIENTED_EDGE('',*,*,#5375,.T.);
#5429 = ORIENTED_EDGE('',*,*,#2750,.T.);
#5430 = ORIENTED_EDGE('',*,*,#5431,.F.);
#5431 = EDGE_CURVE('',#329,#2751,#5432,.T.);
#5432 = LINE('',#5433,#5434);
#5433 = CARTESIAN_POINT('',(10.581572616922,3.005049242991,0.));
#5434 = VECTOR('',#5435,1.);
#5435 = DIRECTION('',(0.,0.,1.));
#5436 = ORIENTED_EDGE('',*,*,#328,.F.);
#5437 = SURFACE_OF_LINEAR_EXTRUSION('',#5438,#5441);
#5438 = B_SPLINE_CURVE_WITH_KNOTS('',1,(#5439,#5440),.UNSPECIFIED.,.F.,
  .F.,(2,2),(0.,0.276311449431),.PIECEWISE_BEZIER_KNOTS.);
#5439 = CARTESIAN_POINT('',(10.847373495744,3.080533744076,0.));
#5440 = CARTESIAN_POINT('',(10.581572616922,3.005049242991,0.));
#5441 = VECTOR('',#5442,1.);
#5442 = DIRECTION('',(-0.,-0.,-1.));
#5443 = ADVANCED_FACE('',(#5444),#5455,.F.);
#5444 = FACE_BOUND('',#5445,.F.);
#5445 = EDGE_LOOP('',(#5446,#5452,#5453,#5454));
#5446 = ORIENTED_EDGE('',*,*,#5447,.T.);
#5447 = EDGE_CURVE('',#2543,#4965,#5448,.T.);
#5448 = LINE('',#5449,#5450);
#5449 = CARTESIAN_POINT('',(10.326995701745,-3.788556423776,0.));
#5450 = VECTOR('',#5451,1.);
#5451 = DIRECTION('',(0.,0.,1.));
#5452 = ORIENTED_EDGE('',*,*,#4971,.T.);
#5453 = ORIENTED_EDGE('',*,*,#5411,.F.);
#5454 = ORIENTED_EDGE('',*,*,#2549,.F.);
#5455 = SURFACE_OF_LINEAR_EXTRUSION('',#5456,#5459);
#5456 = B_SPLINE_CURVE_WITH_KNOTS('',1,(#5457,#5458),.UNSPECIFIED.,.F.,
  .F.,(2,2),(0.,0.823828203015),.PIECEWISE_BEZIER_KNOTS.);
#5457 = CARTESIAN_POINT('',(10.326995701745,-3.788556423776,0.));
#5458 = CARTESIAN_POINT('',(10.581572616922,-3.005049242991,0.));
#5459 = VECTOR('',#5460,1.);
#5460 = DIRECTION('',(-0.,-0.,-1.));
#5461 = ADVANCED_FACE('',(#5462),#5473,.F.);
#5462 = FACE_BOUND('',#5463,.F.);
#5463 = EDGE_LOOP('',(#5464,#5465,#5466,#5472));
#5464 = ORIENTED_EDGE('',*,*,#5431,.T.);
#5465 = ORIENTED_EDGE('',*,*,#2757,.T.);
#5466 = ORIENTED_EDGE('',*,*,#5467,.F.);
#5467 = EDGE_CURVE('',#336,#2758,#5468,.T.);
#5468 = LINE('',#5469,#5470);
#5469 = CARTESIAN_POINT('',(10.326995701745,3.788556423776,0.));
#5470 = VECTOR('',#5471,1.);
#5471 = DIRECTION('',(0.,0.,1.));
#5472 = ORIENTED_EDGE('',*,*,#335,.F.);
#5473 = SURFACE_OF_LINEAR_EXTRUSION('',#5474,#5477);
#5474 = B_SPLINE_CURVE_WITH_KNOTS('',1,(#5475,#5476),.UNSPECIFIED.,.F.,
  .F.,(2,2),(0.,0.823828203015),.PIECEWISE_BEZIER_KNOTS.);
#5475 = CARTESIAN_POINT('',(10.581572616922,3.005049242991,0.));
#5476 = CARTESIAN_POINT('',(10.326995701745,3.788556423776,0.));
#5477 = VECTOR('',#5478,1.);
#5478 = DIRECTION('',(-0.,-0.,-1.));
#5479 = ADVANCED_FACE('',(#5480),#5491,.F.);
#5480 = FACE_BOUND('',#5481,.F.);
#5481 = EDGE_LOOP('',(#5482,#5488,#5489,#5490));
#5482 = ORIENTED_EDGE('',*,*,#5483,.T.);
#5483 = EDGE_CURVE('',#2516,#4938,#5484,.T.);
#5484 = LINE('',#5485,#5486);
#5485 = CARTESIAN_POINT('',(10.586401806347,-3.883722016203,0.));
#5486 = VECTOR('',#5487,1.);
#5487 = DIRECTION('',(0.,0.,1.));
#5488 = ORIENTED_EDGE('',*,*,#4964,.T.);
#5489 = ORIENTED_EDGE('',*,*,#5447,.F.);
#5490 = ORIENTED_EDGE('',*,*,#2542,.F.);
#5491 = SURFACE_OF_LINEAR_EXTRUSION('',#5492,#5495);
#5492 = B_SPLINE_CURVE_WITH_KNOTS('',1,(#5493,#5494),.UNSPECIFIED.,.F.,
  .F.,(2,2),(0.,0.276311449431),.PIECEWISE_BEZIER_KNOTS.);
#5493 = CARTESIAN_POINT('',(10.586401806347,-3.883722016203,0.));
#5494 = CARTESIAN_POINT('',(10.326995701745,-3.788556423776,0.));
#5495 = VECTOR('',#5496,1.);
#5496 = DIRECTION('',(-0.,-0.,-1.));
#5497 = ADVANCED_FACE('',(#5498),#5509,.F.);
#5498 = FACE_BOUND('',#5499,.F.);
#5499 = EDGE_LOOP('',(#5500,#5501,#5502,#5508));
#5500 = ORIENTED_EDGE('',*,*,#5467,.T.);
#5501 = ORIENTED_EDGE('',*,*,#2764,.T.);
#5502 = ORIENTED_EDGE('',*,*,#5503,.F.);
#5503 = EDGE_CURVE('',#343,#2765,#5504,.T.);
#5504 = LINE('',#5505,#5506);
#5505 = CARTESIAN_POINT('',(10.586401806347,3.883722016203,0.));
#5506 = VECTOR('',#5507,1.);
#5507 = DIRECTION('',(0.,0.,1.));
#5508 = ORIENTED_EDGE('',*,*,#342,.F.);
#5509 = SURFACE_OF_LINEAR_EXTRUSION('',#5510,#5513);
#5510 = B_SPLINE_CURVE_WITH_KNOTS('',1,(#5511,#5512),.UNSPECIFIED.,.F.,
  .F.,(2,2),(0.,0.276311449431),.PIECEWISE_BEZIER_KNOTS.);
#5511 = CARTESIAN_POINT('',(10.326995701745,3.788556423776,0.));
#5512 = CARTESIAN_POINT('',(10.586401806347,3.883722016203,0.));
#5513 = VECTOR('',#5514,1.);
#5514 = DIRECTION('',(-0.,-0.,-1.));
#5515 = ADVANCED_FACE('',(#5516),#5527,.F.);
#5516 = FACE_BOUND('',#5517,.F.);
#5517 = EDGE_LOOP('',(#5518,#5524,#5525,#5526));
#5518 = ORIENTED_EDGE('',*,*,#5519,.T.);
#5519 = EDGE_CURVE('',#2509,#4931,#5520,.T.);
#5520 = LINE('',#5521,#5522);
#5521 = CARTESIAN_POINT('',(11.810237734372,-4.93541129569,0.));
#5522 = VECTOR('',#5523,1.);
#5523 = DIRECTION('',(0.,0.,1.));
#5524 = ORIENTED_EDGE('',*,*,#4937,.T.);
#5525 = ORIENTED_EDGE('',*,*,#5483,.F.);
#5526 = ORIENTED_EDGE('',*,*,#2515,.F.);
#5527 = SURFACE_OF_LINEAR_EXTRUSION('',#5528,#5551);
#5528 = B_SPLINE_CURVE_WITH_KNOTS('',3,(#5529,#5530,#5531,#5532,#5533,
    #5534,#5535,#5536,#5537,#5538,#5539,#5540,#5541,#5542,#5543,#5544,
    #5545,#5546,#5547,#5548,#5549,#5550),.UNSPECIFIED.,.F.,.F.,(4,1,1,1,
    1,1,1,1,1,1,1,1,1,1,1,1,1,1,1,4),(0.,0.166712883271,0.324414259488,
    0.473104128661,0.612782490802,0.743449345922,0.86510469404,
    0.977748535175,1.081380869354,1.176001696608,1.261611016983,
    1.338208830536,1.405795137351,1.464369937549,1.513933231314,
    1.55448501896,1.586025301063,1.608554078892,1.62207135626,
    1.626577159839),.UNSPECIFIED.);
#5529 = CARTESIAN_POINT('',(11.810237734372,-4.93541129569,0.));
#5530 = CARTESIAN_POINT('',(11.775203791298,-4.892275095493,0.));
#5531 = CARTESIAN_POINT('',(11.705879342728,-4.809258798614,0.));
#5532 = CARTESIAN_POINT('',(11.601398665484,-4.69110719704,0.));
#5533 = CARTESIAN_POINT('',(11.499782335962,-4.582531167106,0.));
#5534 = CARTESIAN_POINT('',(11.401482229393,-4.483272368405,0.));
#5535 = CARTESIAN_POINT('',(11.306939044589,-4.393050650719,0.));
#5536 = CARTESIAN_POINT('',(11.21657983576,-4.311569533936,0.));
#5537 = CARTESIAN_POINT('',(11.13081783609,-4.238515527003,0.));
#5538 = CARTESIAN_POINT('',(11.050051747416,-4.17355897361,0.));
#5539 = CARTESIAN_POINT('',(10.974665180815,-4.116354563072,0.));
#5540 = CARTESIAN_POINT('',(10.905026097597,-4.066541916646,0.));
#5541 = CARTESIAN_POINT('',(10.841486240835,-4.02374627831,0.));
#5542 = CARTESIAN_POINT('',(10.784380708517,-3.987578896124,0.));
#5543 = CARTESIAN_POINT('',(10.734027171075,-3.957638459866,0.));
#5544 = CARTESIAN_POINT('',(10.690726251168,-3.933509429506,0.));
#5545 = CARTESIAN_POINT('',(10.654758585692,-3.914769551712,0.));
#5546 = CARTESIAN_POINT('',(10.626391185537,-3.900971937732,0.));
#5547 = CARTESIAN_POINT('',(10.605859567823,-3.891693720397,0.));
#5548 = CARTESIAN_POINT('',(10.59340592684,-3.886430953465,0.));
#5549 = CARTESIAN_POINT('',(10.587806025606,-3.884255259476,0.));
#5550 = CARTESIAN_POINT('',(10.586401806347,-3.883722016203,0.));
#5551 = VECTOR('',#5552,1.);
#5552 = DIRECTION('',(-0.,-0.,-1.));
#5553 = ADVANCED_FACE('',(#5554),#5565,.F.);
#5554 = FACE_BOUND('',#5555,.F.);
#5555 = EDGE_LOOP('',(#5556,#5557,#5558,#5564));
#5556 = ORIENTED_EDGE('',*,*,#5503,.T.);
#5557 = ORIENTED_EDGE('',*,*,#2771,.T.);
#5558 = ORIENTED_EDGE('',*,*,#5559,.F.);
#5559 = EDGE_CURVE('',#350,#2772,#5560,.T.);
#5560 = LINE('',#5561,#5562);
#5561 = CARTESIAN_POINT('',(11.810237734372,4.93541129569,0.));
#5562 = VECTOR('',#5563,1.);
#5563 = DIRECTION('',(0.,0.,1.));
#5564 = ORIENTED_EDGE('',*,*,#349,.F.);
#5565 = SURFACE_OF_LINEAR_EXTRUSION('',#5566,#5589);
#5566 = B_SPLINE_CURVE_WITH_KNOTS('',3,(#5567,#5568,#5569,#5570,#5571,
    #5572,#5573,#5574,#5575,#5576,#5577,#5578,#5579,#5580,#5581,#5582,
    #5583,#5584,#5585,#5586,#5587,#5588),.UNSPECIFIED.,.F.,.F.,(4,1,1,1,
    1,1,1,1,1,1,1,1,1,1,1,1,1,1,1,4),(0.,4.505803579075E-03,
    1.802308094653E-02,4.055185877624E-02,7.209214087878E-02,
    0.112643928524,0.16220722229,0.220782022487,0.288368329302,
    0.364966142856,0.450575463231,0.545196290485,0.648828624664,
    0.761472465799,0.883127813916,1.013794669037,1.153473031177,
    1.302162900351,1.459864276568,1.626577159839),.UNSPECIFIED.);
#5567 = CARTESIAN_POINT('',(10.586401806347,3.883722016203,0.));
#5568 = CARTESIAN_POINT('',(10.587806025606,3.884255259476,0.));
#5569 = CARTESIAN_POINT('',(10.59340592684,3.886430953465,0.));
#5570 = CARTESIAN_POINT('',(10.605859567823,3.891693720397,0.));
#5571 = CARTESIAN_POINT('',(10.626391185537,3.900971937732,0.));
#5572 = CARTESIAN_POINT('',(10.654758585692,3.914769551712,0.));
#5573 = CARTESIAN_POINT('',(10.690726251168,3.933509429506,0.));
#5574 = CARTESIAN_POINT('',(10.734027171075,3.957638459866,0.));
#5575 = CARTESIAN_POINT('',(10.784380708517,3.987578896124,0.));
#5576 = CARTESIAN_POINT('',(10.841486240835,4.02374627831,0.));
#5577 = CARTESIAN_POINT('',(10.905026097597,4.066541916646,0.));
#5578 = CARTESIAN_POINT('',(10.974665180815,4.116354563072,0.));
#5579 = CARTESIAN_POINT('',(11.050051747416,4.173558973609,0.));
#5580 = CARTESIAN_POINT('',(11.13081783609,4.238515527003,0.));
#5581 = CARTESIAN_POINT('',(11.21657983576,4.311569533936,0.));
#5582 = CARTESIAN_POINT('',(11.306939044589,4.393050650719,0.));
#5583 = CARTESIAN_POINT('',(11.401482229393,4.483272368405,0.));
#5584 = CARTESIAN_POINT('',(11.499782335962,4.582531167106,0.));
#5585 = CARTESIAN_POINT('',(11.601398665484,4.69110719704,0.));
#5586 = CARTESIAN_POINT('',(11.705879342728,4.809258798614,0.));
#5587 = CARTESIAN_POINT('',(11.775203791298,4.892275095493,0.));
#5588 = CARTESIAN_POINT('',(11.810237734372,4.93541129569,0.));
#5589 = VECTOR('',#5590,1.);
#5590 = DIRECTION('',(-0.,-0.,-1.));
#5591 = ADVANCED_FACE('',(#5592),#5603,.F.);
#5592 = FACE_BOUND('',#5593,.F.);
#5593 = EDGE_LOOP('',(#5594,#5600,#5601,#5602));
#5594 = ORIENTED_EDGE('',*,*,#5595,.T.);
#5595 = EDGE_CURVE('',#2482,#4904,#5596,.T.);
#5596 = LINE('',#5597,#5598);
#5597 = CARTESIAN_POINT('',(11.570316902437,-5.474282307041,0.));
#5598 = VECTOR('',#5599,1.);
#5599 = DIRECTION('',(0.,0.,1.));
#5600 = ORIENTED_EDGE('',*,*,#4930,.T.);
#5601 = ORIENTED_EDGE('',*,*,#5519,.F.);
#5602 = ORIENTED_EDGE('',*,*,#2508,.F.);
#5603 = SURFACE_OF_LINEAR_EXTRUSION('',#5604,#5607);
#5604 = B_SPLINE_CURVE_WITH_KNOTS('',1,(#5605,#5606),.UNSPECIFIED.,.F.,
  .F.,(2,2),(0.,0.58986775846),.PIECEWISE_BEZIER_KNOTS.);
#5605 = CARTESIAN_POINT('',(11.570316902437,-5.474282307041,0.));
#5606 = CARTESIAN_POINT('',(11.810237734372,-4.93541129569,0.));
#5607 = VECTOR('',#5608,1.);
#5608 = DIRECTION('',(-0.,-0.,-1.));
#5609 = ADVANCED_FACE('',(#5610),#5621,.F.);
#5610 = FACE_BOUND('',#5611,.F.);
#5611 = EDGE_LOOP('',(#5612,#5613,#5614,#5620));
#5612 = ORIENTED_EDGE('',*,*,#5559,.T.);
#5613 = ORIENTED_EDGE('',*,*,#2798,.T.);
#5614 = ORIENTED_EDGE('',*,*,#5615,.F.);
#5615 = EDGE_CURVE('',#377,#2799,#5616,.T.);
#5616 = LINE('',#5617,#5618);
#5617 = CARTESIAN_POINT('',(11.570316902437,5.474282307041,0.));
#5618 = VECTOR('',#5619,1.);
#5619 = DIRECTION('',(0.,0.,1.));
#5620 = ORIENTED_EDGE('',*,*,#376,.F.);
#5621 = SURFACE_OF_LINEAR_EXTRUSION('',#5622,#5625);
#5622 = B_SPLINE_CURVE_WITH_KNOTS('',1,(#5623,#5624),.UNSPECIFIED.,.F.,
  .F.,(2,2),(0.,0.58986775846),.PIECEWISE_BEZIER_KNOTS.);
#5623 = CARTESIAN_POINT('',(11.810237734372,4.93541129569,0.));
#5624 = CARTESIAN_POINT('',(11.570316902437,5.474282307041,0.));
#5625 = VECTOR('',#5626,1.);
#5626 = DIRECTION('',(-0.,-0.,-1.));
#5627 = ADVANCED_FACE('',(#5628),#5639,.F.);
#5628 = FACE_BOUND('',#5629,.F.);
#5629 = EDGE_LOOP('',(#5630,#5636,#5637,#5638));
#5630 = ORIENTED_EDGE('',*,*,#5631,.T.);
#5631 = EDGE_CURVE('',#2475,#4897,#5632,.T.);
#5632 = LINE('',#5633,#5634);
#5633 = CARTESIAN_POINT('',(9.969853379774,-5.26851245518,0.));
#5634 = VECTOR('',#5635,1.);
#5635 = DIRECTION('',(0.,0.,1.));
#5636 = ORIENTED_EDGE('',*,*,#4903,.T.);
#5637 = ORIENTED_EDGE('',*,*,#5595,.F.);
#5638 = ORIENTED_EDGE('',*,*,#2481,.F.);
#5639 = SURFACE_OF_LINEAR_EXTRUSION('',#5640,#5663);
#5640 = B_SPLINE_CURVE_WITH_KNOTS('',3,(#5641,#5642,#5643,#5644,#5645,
    #5646,#5647,#5648,#5649,#5650,#5651,#5652,#5653,#5654,#5655,#5656,
    #5657,#5658,#5659,#5660,#5661,#5662),.UNSPECIFIED.,.F.,.F.,(4,1,1,1,
    1,1,1,1,1,1,1,1,1,1,1,1,1,1,1,4),(0.,4.505803579075E-03,
    1.802308094653E-02,4.055185877624E-02,7.209214087878E-02,
    0.112643928524,0.16220722229,0.220782022487,0.288368329302,
    0.364966142856,0.450575463231,0.545196290485,0.648828624664,
    0.761472465799,0.883127813916,1.013794669037,1.153473031177,
    1.302162900351,1.459864276568,1.626577159839),.UNSPECIFIED.);
#5641 = CARTESIAN_POINT('',(9.969853379774,-5.26851245518,0.));
#5642 = CARTESIAN_POINT('',(9.971189262836,-5.269199184062,0.));
#5643 = CARTESIAN_POINT('',(9.976553183875,-5.271904898249,0.));
#5644 = CARTESIAN_POINT('',(9.98879729423,-5.277638278675,0.));
#5645 = CARTESIAN_POINT('',(10.009430687243,-5.286687904947,0.));
#5646 = CARTESIAN_POINT('',(10.038665808343,-5.298536585775,0.));
#5647 = CARTESIAN_POINT('',(10.076659317365,-5.312726344467,0.));
#5648 = CARTESIAN_POINT('',(10.123564652214,-5.328759726319,0.));
#5649 = CARTESIAN_POINT('',(10.179507825532,-5.346145634845,0.));
#5650 = CARTESIAN_POINT('',(10.244596487921,-5.364382613321,0.));
#5651 = CARTESIAN_POINT('',(10.318916307987,-5.382966057656,0.));
#5652 = CARTESIAN_POINT('',(10.402531960401,-5.401386815693,0.));
#5653 = CARTESIAN_POINT('',(10.495486581108,-5.419132730664,0.));
#5654 = CARTESIAN_POINT('',(10.597801769531,-5.435689213577,0.));
#5655 = CARTESIAN_POINT('',(10.709477455605,-5.450540127898,0.));
#5656 = CARTESIAN_POINT('',(10.83049183811,-5.463168597294,0.));
#5657 = CARTESIAN_POINT('',(10.960801379329,-5.473057763203,0.));
#5658 = CARTESIAN_POINT('',(11.100340651881,-5.479691878583,0.));
#5659 = CARTESIAN_POINT('',(11.249022962886,-5.482555983305,0.));
#5660 = CARTESIAN_POINT('',(11.406737933135,-5.481141405158,0.));
#5661 = CARTESIAN_POINT('',(11.514818174898,-5.477110765323,0.));
#5662 = CARTESIAN_POINT('',(11.570316902437,-5.474282307041,0.));
#5663 = VECTOR('',#5664,1.);
#5664 = DIRECTION('',(-0.,-0.,-1.));
#5665 = ADVANCED_FACE('',(#5666),#5677,.F.);
#5666 = FACE_BOUND('',#5667,.F.);
#5667 = EDGE_LOOP('',(#5668,#5669,#5670,#5676));
#5668 = ORIENTED_EDGE('',*,*,#5615,.T.);
#5669 = ORIENTED_EDGE('',*,*,#2805,.T.);
#5670 = ORIENTED_EDGE('',*,*,#5671,.F.);
#5671 = EDGE_CURVE('',#384,#2806,#5672,.T.);
#5672 = LINE('',#5673,#5674);
#5673 = CARTESIAN_POINT('',(9.969853379774,5.26851245518,0.));
#5674 = VECTOR('',#5675,1.);
#5675 = DIRECTION('',(0.,0.,1.));
#5676 = ORIENTED_EDGE('',*,*,#383,.F.);
#5677 = SURFACE_OF_LINEAR_EXTRUSION('',#5678,#5701);
#5678 = B_SPLINE_CURVE_WITH_KNOTS('',3,(#5679,#5680,#5681,#5682,#5683,
    #5684,#5685,#5686,#5687,#5688,#5689,#5690,#5691,#5692,#5693,#5694,
    #5695,#5696,#5697,#5698,#5699,#5700),.UNSPECIFIED.,.F.,.F.,(4,1,1,1,
    1,1,1,1,1,1,1,1,1,1,1,1,1,1,1,4),(0.,0.166712883271,0.324414259488,
    0.473104128661,0.612782490802,0.743449345922,0.86510469404,
    0.977748535175,1.081380869354,1.176001696608,1.261611016983,
    1.338208830536,1.405795137351,1.464369937549,1.513933231314,
    1.55448501896,1.586025301063,1.608554078892,1.62207135626,
    1.626577159839),.UNSPECIFIED.);
#5679 = CARTESIAN_POINT('',(11.570316902437,5.474282307041,0.));
#5680 = CARTESIAN_POINT('',(11.514818174898,5.477110765323,0.));
#5681 = CARTESIAN_POINT('',(11.406737933135,5.481141405158,0.));
#5682 = CARTESIAN_POINT('',(11.249022962886,5.482555983305,0.));
#5683 = CARTESIAN_POINT('',(11.100340651881,5.479691878582,0.));
#5684 = CARTESIAN_POINT('',(10.960801379329,5.473057763203,0.));
#5685 = CARTESIAN_POINT('',(10.83049183811,5.463168597294,0.));
#5686 = CARTESIAN_POINT('',(10.709477455605,5.450540127898,0.));
#5687 = CARTESIAN_POINT('',(10.597801769531,5.435689213577,0.));
#5688 = CARTESIAN_POINT('',(10.495486581108,5.419132730664,0.));
#5689 = CARTESIAN_POINT('',(10.402531960401,5.401386815693,0.));
#5690 = CARTESIAN_POINT('',(10.318916307987,5.382966057656,0.));
#5691 = CARTESIAN_POINT('',(10.244596487921,5.364382613321,0.));
#5692 = CARTESIAN_POINT('',(10.179507825532,5.346145634845,0.));
#5693 = CARTESIAN_POINT('',(10.123564652214,5.328759726319,0.));
#5694 = CARTESIAN_POINT('',(10.076659317365,5.312726344467,0.));
#5695 = CARTESIAN_POINT('',(10.038665808343,5.298536585775,0.));
#5696 = CARTESIAN_POINT('',(10.009430687243,5.286687904947,0.));
#5697 = CARTESIAN_POINT('',(9.98879729423,5.277638278675,0.));
#5698 = CARTESIAN_POINT('',(9.976553183875,5.271904898249,0.));
#5699 = CARTESIAN_POINT('',(9.971189262836,5.269199184062,0.));
#5700 = CARTESIAN_POINT('',(9.969853379774,5.26851245518,0.));
#5701 = VECTOR('',#5702,1.);
#5702 = DIRECTION('',(-0.,-0.,-1.));
#5703 = ADVANCED_FACE('',(#5704),#5715,.F.);
#5704 = FACE_BOUND('',#5705,.F.);
#5705 = EDGE_LOOP('',(#5706,#5712,#5713,#5714));
#5706 = ORIENTED_EDGE('',*,*,#5707,.T.);
#5707 = EDGE_CURVE('',#2468,#4890,#5708,.T.);
#5708 = LINE('',#5709,#5710);
#5709 = CARTESIAN_POINT('',(9.725554998132,-5.139414361414,0.));
#5710 = VECTOR('',#5711,1.);
#5711 = DIRECTION('',(0.,0.,1.));
#5712 = ORIENTED_EDGE('',*,*,#4896,.T.);
#5713 = ORIENTED_EDGE('',*,*,#5631,.F.);
#5714 = ORIENTED_EDGE('',*,*,#2474,.F.);
#5715 = SURFACE_OF_LINEAR_EXTRUSION('',#5716,#5719);
#5716 = B_SPLINE_CURVE_WITH_KNOTS('',1,(#5717,#5718),.UNSPECIFIED.,.F.,
  .F.,(2,2),(0.,0.276311449431),.PIECEWISE_BEZIER_KNOTS.);
#5717 = CARTESIAN_POINT('',(9.725554998132,-5.139414361414,0.));
#5718 = CARTESIAN_POINT('',(9.969853379774,-5.26851245518,0.));
#5719 = VECTOR('',#5720,1.);
#5720 = DIRECTION('',(-0.,-0.,-1.));
#5721 = ADVANCED_FACE('',(#5722),#5733,.F.);
#5722 = FACE_BOUND('',#5723,.F.);
#5723 = EDGE_LOOP('',(#5724,#5725,#5726,#5732));
#5724 = ORIENTED_EDGE('',*,*,#5671,.T.);
#5725 = ORIENTED_EDGE('',*,*,#2832,.T.);
#5726 = ORIENTED_EDGE('',*,*,#5727,.F.);
#5727 = EDGE_CURVE('',#411,#2833,#5728,.T.);
#5728 = LINE('',#5729,#5730);
#5729 = CARTESIAN_POINT('',(9.725554998132,5.139414361414,0.));
#5730 = VECTOR('',#5731,1.);
#5731 = DIRECTION('',(0.,0.,1.));
#5732 = ORIENTED_EDGE('',*,*,#410,.F.);
#5733 = SURFACE_OF_LINEAR_EXTRUSION('',#5734,#5737);
#5734 = B_SPLINE_CURVE_WITH_KNOTS('',1,(#5735,#5736),.UNSPECIFIED.,.F.,
  .F.,(2,2),(0.,0.276311449431),.PIECEWISE_BEZIER_KNOTS.);
#5735 = CARTESIAN_POINT('',(9.969853379774,5.26851245518,0.));
#5736 = CARTESIAN_POINT('',(9.725554998132,5.139414361414,0.));
#5737 = VECTOR('',#5738,1.);
#5738 = DIRECTION('',(-0.,-0.,-1.));
#5739 = ADVANCED_FACE('',(#5740),#5751,.F.);
#5740 = FACE_BOUND('',#5741,.F.);
#5741 = EDGE_LOOP('',(#5742,#5748,#5749,#5750));
#5742 = ORIENTED_EDGE('',*,*,#5743,.T.);
#5743 = EDGE_CURVE('',#2461,#4883,#5744,.T.);
#5744 = LINE('',#5745,#5746);
#5745 = CARTESIAN_POINT('',(9.313640896625,-5.852870513578,0.));
#5746 = VECTOR('',#5747,1.);
#5747 = DIRECTION('',(0.,0.,1.));
#5748 = ORIENTED_EDGE('',*,*,#4889,.T.);
#5749 = ORIENTED_EDGE('',*,*,#5707,.F.);
#5750 = ORIENTED_EDGE('',*,*,#2467,.F.);
#5751 = SURFACE_OF_LINEAR_EXTRUSION('',#5752,#5755);
#5752 = B_SPLINE_CURVE_WITH_KNOTS('',1,(#5753,#5754),.UNSPECIFIED.,.F.,
  .F.,(2,2),(0.,0.823828203015),.PIECEWISE_BEZIER_KNOTS.);
#5753 = CARTESIAN_POINT('',(9.313640896625,-5.852870513578,0.));
#5754 = CARTESIAN_POINT('',(9.725554998132,-5.139414361414,0.));
#5755 = VECTOR('',#5756,1.);
#5756 = DIRECTION('',(-0.,-0.,-1.));
#5757 = ADVANCED_FACE('',(#5758),#5769,.F.);
#5758 = FACE_BOUND('',#5759,.F.);
#5759 = EDGE_LOOP('',(#5760,#5761,#5762,#5768));
#5760 = ORIENTED_EDGE('',*,*,#5727,.T.);
#5761 = ORIENTED_EDGE('',*,*,#2839,.T.);
#5762 = ORIENTED_EDGE('',*,*,#5763,.F.);
#5763 = EDGE_CURVE('',#418,#2840,#5764,.T.);
#5764 = LINE('',#5765,#5766);
#5765 = CARTESIAN_POINT('',(9.313640896625,5.852870513578,0.));
#5766 = VECTOR('',#5767,1.);
#5767 = DIRECTION('',(0.,0.,1.));
#5768 = ORIENTED_EDGE('',*,*,#417,.F.);
#5769 = SURFACE_OF_LINEAR_EXTRUSION('',#5770,#5773);
#5770 = B_SPLINE_CURVE_WITH_KNOTS('',1,(#5771,#5772),.UNSPECIFIED.,.F.,
  .F.,(2,2),(0.,0.823828203015),.PIECEWISE_BEZIER_KNOTS.);
#5771 = CARTESIAN_POINT('',(9.725554998132,5.139414361414,0.));
#5772 = CARTESIAN_POINT('',(9.313640896625,5.852870513578,0.));
#5773 = VECTOR('',#5774,1.);
#5774 = DIRECTION('',(-0.,-0.,-1.));
#5775 = ADVANCED_FACE('',(#5776),#5787,.F.);
#5776 = FACE_BOUND('',#5777,.F.);
#5777 = EDGE_LOOP('',(#5778,#5784,#5785,#5786));
#5778 = ORIENTED_EDGE('',*,*,#5779,.T.);
#5779 = EDGE_CURVE('',#2434,#4856,#5780,.T.);
#5780 = LINE('',#5781,#5782);
#5781 = CARTESIAN_POINT('',(9.547592316227,-5.9998900713,0.));
#5782 = VECTOR('',#5783,1.);
#5783 = DIRECTION('',(0.,0.,1.));
#5784 = ORIENTED_EDGE('',*,*,#4882,.T.);
#5785 = ORIENTED_EDGE('',*,*,#5743,.F.);
#5786 = ORIENTED_EDGE('',*,*,#2460,.F.);
#5787 = SURFACE_OF_LINEAR_EXTRUSION('',#5788,#5791);
#5788 = B_SPLINE_CURVE_WITH_KNOTS('',1,(#5789,#5790),.UNSPECIFIED.,.F.,
  .F.,(2,2),(0.,0.276311449431),.PIECEWISE_BEZIER_KNOTS.);
#5789 = CARTESIAN_POINT('',(9.547592316227,-5.9998900713,0.));
#5790 = CARTESIAN_POINT('',(9.313640896625,-5.852870513578,0.));
#5791 = VECTOR('',#5792,1.);
#5792 = DIRECTION('',(-0.,-0.,-1.));
#5793 = ADVANCED_FACE('',(#5794),#5805,.F.);
#5794 = FACE_BOUND('',#5795,.F.);
#5795 = EDGE_LOOP('',(#5796,#5797,#5798,#5804));
#5796 = ORIENTED_EDGE('',*,*,#5763,.T.);
#5797 = ORIENTED_EDGE('',*,*,#2846,.T.);
#5798 = ORIENTED_EDGE('',*,*,#5799,.F.);
#5799 = EDGE_CURVE('',#425,#2847,#5800,.T.);
#5800 = LINE('',#5801,#5802);
#5801 = CARTESIAN_POINT('',(9.547592316227,5.9998900713,0.));
#5802 = VECTOR('',#5803,1.);
#5803 = DIRECTION('',(0.,0.,1.));
#5804 = ORIENTED_EDGE('',*,*,#424,.F.);
#5805 = SURFACE_OF_LINEAR_EXTRUSION('',#5806,#5809);
#5806 = B_SPLINE_CURVE_WITH_KNOTS('',1,(#5807,#5808),.UNSPECIFIED.,.F.,
  .F.,(2,2),(0.,0.276311449431),.PIECEWISE_BEZIER_KNOTS.);
#5807 = CARTESIAN_POINT('',(9.313640896625,5.852870513578,0.));
#5808 = CARTESIAN_POINT('',(9.547592316227,5.9998900713,0.));
#5809 = VECTOR('',#5810,1.);
#5810 = DIRECTION('',(-0.,-0.,-1.));
#5811 = ADVANCED_FACE('',(#5812),#5823,.F.);
#5812 = FACE_BOUND('',#5813,.F.);
#5813 = EDGE_LOOP('',(#5814,#5820,#5821,#5822));
#5814 = ORIENTED_EDGE('',*,*,#5815,.T.);
#5815 = EDGE_CURVE('',#2427,#4849,#5816,.T.);
#5816 = LINE('',#5817,#5818);
#5817 = CARTESIAN_POINT('',(10.526025996604,-7.283047213826,0.));
#5818 = VECTOR('',#5819,1.);
#5819 = DIRECTION('',(0.,0.,1.));
#5820 = ORIENTED_EDGE('',*,*,#4855,.T.);
#5821 = ORIENTED_EDGE('',*,*,#5779,.F.);
#5822 = ORIENTED_EDGE('',*,*,#2433,.F.);
#5823 = SURFACE_OF_LINEAR_EXTRUSION('',#5824,#5847);
#5824 = B_SPLINE_CURVE_WITH_KNOTS('',3,(#5825,#5826,#5827,#5828,#5829,
    #5830,#5831,#5832,#5833,#5834,#5835,#5836,#5837,#5838,#5839,#5840,
    #5841,#5842,#5843,#5844,#5845,#5846),.UNSPECIFIED.,.F.,.F.,(4,1,1,1,
    1,1,1,1,1,1,1,1,1,1,1,1,1,1,1,4),(0.,0.166712883271,0.324414259488,
    0.473104128661,0.612782490802,0.743449345922,0.86510469404,
    0.977748535175,1.081380869354,1.176001696608,1.261611016983,
    1.338208830536,1.405795137351,1.464369937549,1.513933231314,
    1.55448501896,1.586025301063,1.608554078892,1.62207135626,
    1.626577159839),.UNSPECIFIED.);
#5825 = CARTESIAN_POINT('',(10.526025996604,-7.283047213826,0.));
#5826 = CARTESIAN_POINT('',(10.50072614956,-7.233569676759,0.));
#5827 = CARTESIAN_POINT('',(10.450176665168,-7.137954121827,0.));
#5828 = CARTESIAN_POINT('',(10.372544240655,-7.000661661961,0.));
#5829 = CARTESIAN_POINT('',(10.295722697704,-6.873331055899,0.));
#5830 = CARTESIAN_POINT('',(10.220207748978,-6.755803558733,0.));
#5831 = CARTESIAN_POINT('',(10.146488709469,-6.647896768637,0.));
#5832 = CARTESIAN_POINT('',(10.075044942909,-6.549409473862,0.));
#5833 = CARTESIAN_POINT('',(10.0063458308,-6.460120949897,0.));
#5834 = CARTESIAN_POINT('',(9.940849901788,-6.379791638986,0.));
#5835 = CARTESIAN_POINT('',(9.879004178257,-6.30816353354,0.));
#5836 = CARTESIAN_POINT('',(9.821243507632,-6.244960633414,0.));
#5837 = CARTESIAN_POINT('',(9.767989862716,-6.1898895034,0.));
#5838 = CARTESIAN_POINT('',(9.719651844873,-6.142639557511,0.));
#5839 = CARTESIAN_POINT('',(9.676623619763,-6.102884302512,0.));
#5840 = CARTESIAN_POINT('',(9.639285636346,-6.070279781885,0.));
#5841 = CARTESIAN_POINT('',(9.608000190334,-6.044471317239,0.));
#5842 = CARTESIAN_POINT('',(9.583121371186,-6.025077300099,0.));
#5843 = CARTESIAN_POINT('',(9.564967468433,-6.011733070719,0.));
#5844 = CARTESIAN_POINT('',(9.553880160156,-6.003996050318,0.));
#5845 = CARTESIAN_POINT('',(9.548854982416,-6.000703615528,0.));
#5846 = CARTESIAN_POINT('',(9.547592316227,-5.9998900713,0.));
#5847 = VECTOR('',#5848,1.);
#5848 = DIRECTION('',(-0.,-0.,-1.));
#5849 = ADVANCED_FACE('',(#5850),#5861,.F.);
#5850 = FACE_BOUND('',#5851,.F.);
#5851 = EDGE_LOOP('',(#5852,#5853,#5854,#5860));
#5852 = ORIENTED_EDGE('',*,*,#5799,.T.);
#5853 = ORIENTED_EDGE('',*,*,#2853,.T.);
#5854 = ORIENTED_EDGE('',*,*,#5855,.F.);
#5855 = EDGE_CURVE('',#432,#2854,#5856,.T.);
#5856 = LINE('',#5857,#5858);
#5857 = CARTESIAN_POINT('',(10.526025996604,7.283047213826,0.));
#5858 = VECTOR('',#5859,1.);
#5859 = DIRECTION('',(0.,0.,1.));
#5860 = ORIENTED_EDGE('',*,*,#431,.F.);
#5861 = SURFACE_OF_LINEAR_EXTRUSION('',#5862,#5885);
#5862 = B_SPLINE_CURVE_WITH_KNOTS('',3,(#5863,#5864,#5865,#5866,#5867,
    #5868,#5869,#5870,#5871,#5872,#5873,#5874,#5875,#5876,#5877,#5878,
    #5879,#5880,#5881,#5882,#5883,#5884),.UNSPECIFIED.,.F.,.F.,(4,1,1,1,
    1,1,1,1,1,1,1,1,1,1,1,1,1,1,1,4),(0.,4.505803579075E-03,
    1.802308094653E-02,4.055185877624E-02,7.209214087878E-02,
    0.112643928524,0.16220722229,0.220782022487,0.288368329302,
    0.364966142856,0.450575463231,0.545196290485,0.648828624664,
    0.761472465799,0.883127813916,1.013794669037,1.153473031177,
    1.302162900351,1.459864276568,1.626577159839),.UNSPECIFIED.);
#5863 = CARTESIAN_POINT('',(9.547592316227,5.9998900713,0.));
#5864 = CARTESIAN_POINT('',(9.548854982416,6.000703615528,0.));
#5865 = CARTESIAN_POINT('',(9.553880160156,6.003996050318,0.));
#5866 = CARTESIAN_POINT('',(9.564967468433,6.011733070719,0.));
#5867 = CARTESIAN_POINT('',(9.583121371186,6.025077300099,0.));
#5868 = CARTESIAN_POINT('',(9.608000190334,6.044471317239,0.));
#5869 = CARTESIAN_POINT('',(9.639285636346,6.070279781885,0.));
#5870 = CARTESIAN_POINT('',(9.676623619763,6.102884302512,0.));
#5871 = CARTESIAN_POINT('',(9.719651844873,6.142639557511,0.));
#5872 = CARTESIAN_POINT('',(9.767989862716,6.1898895034,0.));
#5873 = CARTESIAN_POINT('',(9.821243507632,6.244960633414,0.));
#5874 = CARTESIAN_POINT('',(9.879004178257,6.30816353354,0.));
#5875 = CARTESIAN_POINT('',(9.940849901788,6.379791638986,0.));
#5876 = CARTESIAN_POINT('',(10.0063458308,6.460120949897,0.));
#5877 = CARTESIAN_POINT('',(10.075044942909,6.549409473862,0.));
#5878 = CARTESIAN_POINT('',(10.146488709469,6.647896768637,0.));
#5879 = CARTESIAN_POINT('',(10.220207748978,6.755803558733,0.));
#5880 = CARTESIAN_POINT('',(10.295722697704,6.873331055899,0.));
#5881 = CARTESIAN_POINT('',(10.372544240655,7.000661661961,0.));
#5882 = CARTESIAN_POINT('',(10.450176665168,7.137954121827,0.));
#5883 = CARTESIAN_POINT('',(10.50072614956,7.233569676759,0.));
#5884 = CARTESIAN_POINT('',(10.526025996604,7.283047213826,0.));
#5885 = VECTOR('',#5886,1.);
#5886 = DIRECTION('',(-0.,-0.,-1.));
#5887 = ADVANCED_FACE('',(#5888),#5899,.F.);
#5888 = FACE_BOUND('',#5889,.F.);
#5889 = EDGE_LOOP('',(#5890,#5896,#5897,#5898));
#5890 = ORIENTED_EDGE('',*,*,#5891,.T.);
#5891 = EDGE_CURVE('',#2400,#4822,#5892,.T.);
#5892 = LINE('',#5893,#5894);
#5893 = CARTESIAN_POINT('',(10.179310427378,-7.760260254855,0.));
#5894 = VECTOR('',#5895,1.);
#5895 = DIRECTION('',(0.,0.,1.));
#5896 = ORIENTED_EDGE('',*,*,#4848,.T.);
#5897 = ORIENTED_EDGE('',*,*,#5815,.F.);
#5898 = ORIENTED_EDGE('',*,*,#2426,.F.);
#5899 = SURFACE_OF_LINEAR_EXTRUSION('',#5900,#5903);
#5900 = B_SPLINE_CURVE_WITH_KNOTS('',1,(#5901,#5902),.UNSPECIFIED.,.F.,
  .F.,(2,2),(0.,0.58986775846),.PIECEWISE_BEZIER_KNOTS.);
#5901 = CARTESIAN_POINT('',(10.179310427378,-7.760260254855,0.));
#5902 = CARTESIAN_POINT('',(10.526025996604,-7.283047213826,0.));
#5903 = VECTOR('',#5904,1.);
#5904 = DIRECTION('',(-0.,-0.,-1.));
#5905 = ADVANCED_FACE('',(#5906),#5917,.F.);
#5906 = FACE_BOUND('',#5907,.F.);
#5907 = EDGE_LOOP('',(#5908,#5909,#5910,#5916));
#5908 = ORIENTED_EDGE('',*,*,#5855,.T.);
#5909 = ORIENTED_EDGE('',*,*,#2880,.T.);
#5910 = ORIENTED_EDGE('',*,*,#5911,.F.);
#5911 = EDGE_CURVE('',#459,#2881,#5912,.T.);
#5912 = LINE('',#5913,#5914);
#5913 = CARTESIAN_POINT('',(10.179310427378,7.760260254855,0.));
#5914 = VECTOR('',#5915,1.);
#5915 = DIRECTION('',(0.,0.,1.));
#5916 = ORIENTED_EDGE('',*,*,#458,.F.);
#5917 = SURFACE_OF_LINEAR_EXTRUSION('',#5918,#5921);
#5918 = B_SPLINE_CURVE_WITH_KNOTS('',1,(#5919,#5920),.UNSPECIFIED.,.F.,
  .F.,(2,2),(0.,0.58986775846),.PIECEWISE_BEZIER_KNOTS.);
#5919 = CARTESIAN_POINT('',(10.526025996604,7.283047213826,0.));
#5920 = CARTESIAN_POINT('',(10.179310427378,7.760260254855,0.));
#5921 = VECTOR('',#5922,1.);
#5922 = DIRECTION('',(-0.,-0.,-1.));
#5923 = ADVANCED_FACE('',(#5924),#5935,.F.);
#5924 = FACE_BOUND('',#5925,.F.);
#5925 = EDGE_LOOP('',(#5926,#5932,#5933,#5934));
#5926 = ORIENTED_EDGE('',*,*,#5927,.T.);
#5927 = EDGE_CURVE('',#2393,#4815,#5928,.T.);
#5928 = LINE('',#5929,#5930);
#5929 = CARTESIAN_POINT('',(8.656602830442,-7.226231890864,0.));
#5930 = VECTOR('',#5931,1.);
#5931 = DIRECTION('',(0.,0.,1.));
#5932 = ORIENTED_EDGE('',*,*,#4821,.T.);
#5933 = ORIENTED_EDGE('',*,*,#5891,.F.);
#5934 = ORIENTED_EDGE('',*,*,#2399,.F.);
#5935 = SURFACE_OF_LINEAR_EXTRUSION('',#5936,#5959);
#5936 = B_SPLINE_CURVE_WITH_KNOTS('',3,(#5937,#5938,#5939,#5940,#5941,
    #5942,#5943,#5944,#5945,#5946,#5947,#5948,#5949,#5950,#5951,#5952,
    #5953,#5954,#5955,#5956,#5957,#5958),.UNSPECIFIED.,.F.,.F.,(4,1,1,1,
    1,1,1,1,1,1,1,1,1,1,1,1,1,1,1,4),(0.,4.505803579075E-03,
    1.802308094653E-02,4.055185877624E-02,7.209214087878E-02,
    0.112643928524,0.16220722229,0.220782022487,0.288368329302,
    0.364966142856,0.450575463231,0.545196290485,0.648828624664,
    0.761472465799,0.883127813916,1.013794669037,1.153473031177,
    1.302162900351,1.459864276568,1.626577159839),.UNSPECIFIED.);
#5937 = CARTESIAN_POINT('',(8.656602830442,-7.226231890864,0.));
#5938 = CARTESIAN_POINT('',(8.657766742292,-7.227181358779,0.));
#5939 = CARTESIAN_POINT('',(8.662450899175,-7.230943168511,0.));
#5940 = CARTESIAN_POINT('',(8.673235409524,-7.239096954506,0.));
#5941 = CARTESIAN_POINT('',(8.691536390295,-7.25223874836,0.));
#5942 = CARTESIAN_POINT('',(8.717669174591,-7.269906830543,0.));
#5943 = CARTESIAN_POINT('',(8.751882217562,-7.291685803664,0.));
#5944 = CARTESIAN_POINT('',(8.794429030776,-7.317120985131,0.));
#5945 = CARTESIAN_POINT('',(8.845534977897,-7.345758209596,0.));
#5946 = CARTESIAN_POINT('',(8.905409615817,-7.377129360188,0.));
#5947 = CARTESIAN_POINT('',(8.974241654168,-7.410758671128,0.));
#5948 = CARTESIAN_POINT('',(9.052200213012,-7.446161563078,0.));
#5949 = CARTESIAN_POINT('',(9.139433969046,-7.48284603959,0.));
#5950 = CARTESIAN_POINT('',(9.236071038765,-7.52031324745,0.));
#5951 = CARTESIAN_POINT('',(9.342218664452,-7.558058314376,0.));
#5952 = CARTESIAN_POINT('',(9.457962985929,-7.595571126296,0.));
#5953 = CARTESIAN_POINT('',(9.58336887782,-7.632337067249,0.));
#5954 = CARTESIAN_POINT('',(9.718479572329,-7.667838057382,0.));
#5955 = CARTESIAN_POINT('',(9.863317337254,-7.70155236522,0.));
#5956 = CARTESIAN_POINT('',(10.017879964337,-7.732959485131,0.));
#5957 = CARTESIAN_POINT('',(10.124436410648,-7.751488070256,0.));
#5958 = CARTESIAN_POINT('',(10.179310427378,-7.760260254855,0.));
#5959 = VECTOR('',#5960,1.);
#5960 = DIRECTION('',(-0.,-0.,-1.));
#5961 = ADVANCED_FACE('',(#5962),#5973,.F.);
#5962 = FACE_BOUND('',#5963,.F.);
#5963 = EDGE_LOOP('',(#5964,#5965,#5966,#5972));
#5964 = ORIENTED_EDGE('',*,*,#5911,.T.);
#5965 = ORIENTED_EDGE('',*,*,#2887,.T.);
#5966 = ORIENTED_EDGE('',*,*,#5967,.F.);
#5967 = EDGE_CURVE('',#466,#2888,#5968,.T.);
#5968 = LINE('',#5969,#5970);
#5969 = CARTESIAN_POINT('',(8.656602830442,7.226231890864,0.));
#5970 = VECTOR('',#5971,1.);
#5971 = DIRECTION('',(0.,0.,1.));
#5972 = ORIENTED_EDGE('',*,*,#465,.F.);
#5973 = SURFACE_OF_LINEAR_EXTRUSION('',#5974,#5997);
#5974 = B_SPLINE_CURVE_WITH_KNOTS('',3,(#5975,#5976,#5977,#5978,#5979,
    #5980,#5981,#5982,#5983,#5984,#5985,#5986,#5987,#5988,#5989,#5990,
    #5991,#5992,#5993,#5994,#5995,#5996),.UNSPECIFIED.,.F.,.F.,(4,1,1,1,
    1,1,1,1,1,1,1,1,1,1,1,1,1,1,1,4),(0.,0.166712883271,0.324414259488,
    0.473104128661,0.612782490802,0.743449345922,0.86510469404,
    0.977748535175,1.081380869354,1.176001696608,1.261611016983,
    1.338208830536,1.405795137351,1.464369937549,1.513933231314,
    1.55448501896,1.586025301063,1.608554078892,1.62207135626,
    1.626577159839),.UNSPECIFIED.);
#5975 = CARTESIAN_POINT('',(10.179310427378,7.760260254855,0.));
#5976 = CARTESIAN_POINT('',(10.124436410648,7.751488070256,0.));
#5977 = CARTESIAN_POINT('',(10.017879964337,7.732959485131,0.));
#5978 = CARTESIAN_POINT('',(9.863317337254,7.70155236522,0.));
#5979 = CARTESIAN_POINT('',(9.718479572329,7.667838057382,0.));
#5980 = CARTESIAN_POINT('',(9.58336887782,7.632337067249,0.));
#5981 = CARTESIAN_POINT('',(9.457962985929,7.595571126296,0.));
#5982 = CARTESIAN_POINT('',(9.342218664452,7.558058314376,0.));
#5983 = CARTESIAN_POINT('',(9.236071038765,7.52031324745,0.));
#5984 = CARTESIAN_POINT('',(9.139433969046,7.48284603959,0.));
#5985 = CARTESIAN_POINT('',(9.052200213012,7.446161563078,0.));
#5986 = CARTESIAN_POINT('',(8.974241654168,7.410758671128,0.));
#5987 = CARTESIAN_POINT('',(8.905409615817,7.377129360188,0.));
#5988 = CARTESIAN_POINT('',(8.845534977897,7.345758209596,0.));
#5989 = CARTESIAN_POINT('',(8.794429030776,7.317120985131,0.));
#5990 = CARTESIAN_POINT('',(8.751882217562,7.291685803664,0.));
#5991 = CARTESIAN_POINT('',(8.717669174591,7.269906830543,0.));
#5992 = CARTESIAN_POINT('',(8.691536390295,7.25223874836,0.));
#5993 = CARTESIAN_POINT('',(8.673235409524,7.239096954506,0.));
#5994 = CARTESIAN_POINT('',(8.662450899175,7.230943168511,0.));
#5995 = CARTESIAN_POINT('',(8.657766742292,7.227181358779,0.));
#5996 = CARTESIAN_POINT('',(8.656602830442,7.226231890864,0.));
#5997 = VECTOR('',#5998,1.);
#5998 = DIRECTION('',(-0.,-0.,-1.));
#5999 = ADVANCED_FACE('',(#6000),#6011,.F.);
#6000 = FACE_BOUND('',#6001,.F.);
#6001 = EDGE_LOOP('',(#6002,#6008,#6009,#6010));
#6002 = ORIENTED_EDGE('',*,*,#6003,.T.);
#6003 = EDGE_CURVE('',#2386,#4808,#6004,.T.);
#6004 = LINE('',#6005,#6006);
#6005 = CARTESIAN_POINT('',(8.444483957533,-7.049162410596,0.));
#6006 = VECTOR('',#6007,1.);
#6007 = DIRECTION('',(0.,0.,1.));
#6008 = ORIENTED_EDGE('',*,*,#4814,.T.);
#6009 = ORIENTED_EDGE('',*,*,#5927,.F.);
#6010 = ORIENTED_EDGE('',*,*,#2392,.F.);
#6011 = SURFACE_OF_LINEAR_EXTRUSION('',#6012,#6015);
#6012 = B_SPLINE_CURVE_WITH_KNOTS('',1,(#6013,#6014),.UNSPECIFIED.,.F.,
  .F.,(2,2),(0.,0.276311449431),.PIECEWISE_BEZIER_KNOTS.);
#6013 = CARTESIAN_POINT('',(8.444483957533,-7.049162410596,0.));
#6014 = CARTESIAN_POINT('',(8.656602830442,-7.226231890864,0.));
#6015 = VECTOR('',#6016,1.);
#6016 = DIRECTION('',(-0.,-0.,-1.));
#6017 = ADVANCED_FACE('',(#6018),#6029,.F.);
#6018 = FACE_BOUND('',#6019,.F.);
#6019 = EDGE_LOOP('',(#6020,#6021,#6022,#6028));
#6020 = ORIENTED_EDGE('',*,*,#5967,.T.);
#6021 = ORIENTED_EDGE('',*,*,#2914,.T.);
#6022 = ORIENTED_EDGE('',*,*,#6023,.F.);
#6023 = EDGE_CURVE('',#493,#2915,#6024,.T.);
#6024 = LINE('',#6025,#6026);
#6025 = CARTESIAN_POINT('',(8.444483957533,7.049162410596,0.));
#6026 = VECTOR('',#6027,1.);
#6027 = DIRECTION('',(0.,0.,1.));
#6028 = ORIENTED_EDGE('',*,*,#492,.F.);
#6029 = SURFACE_OF_LINEAR_EXTRUSION('',#6030,#6033);
#6030 = B_SPLINE_CURVE_WITH_KNOTS('',1,(#6031,#6032),.UNSPECIFIED.,.F.,
  .F.,(2,2),(0.,0.276311449431),.PIECEWISE_BEZIER_KNOTS.);
#6031 = CARTESIAN_POINT('',(8.656602830442,7.226231890864,0.));
#6032 = CARTESIAN_POINT('',(8.444483957533,7.049162410596,0.));
#6033 = VECTOR('',#6034,1.);
#6034 = DIRECTION('',(-0.,-0.,-1.));
#6035 = ADVANCED_FACE('',(#6036),#6047,.F.);
#6036 = FACE_BOUND('',#6037,.F.);
#6037 = EDGE_LOOP('',(#6038,#6044,#6045,#6046));
#6038 = ORIENTED_EDGE('',*,*,#6039,.T.);
#6039 = EDGE_CURVE('',#2379,#4801,#6040,.T.);
#6040 = LINE('',#6041,#6042);
#6041 = CARTESIAN_POINT('',(7.893235292514,-7.661386076749,0.));
#6042 = VECTOR('',#6043,1.);
#6043 = DIRECTION('',(0.,0.,1.));
#6044 = ORIENTED_EDGE('',*,*,#4807,.T.);
#6045 = ORIENTED_EDGE('',*,*,#6003,.F.);
#6046 = ORIENTED_EDGE('',*,*,#2385,.F.);
#6047 = SURFACE_OF_LINEAR_EXTRUSION('',#6048,#6051);
#6048 = B_SPLINE_CURVE_WITH_KNOTS('',1,(#6049,#6050),.UNSPECIFIED.,.F.,
  .F.,(2,2),(0.,0.823828203015),.PIECEWISE_BEZIER_KNOTS.);
#6049 = CARTESIAN_POINT('',(7.893235292514,-7.661386076749,0.));
#6050 = CARTESIAN_POINT('',(8.444483957533,-7.049162410596,0.));
#6051 = VECTOR('',#6052,1.);
#6052 = DIRECTION('',(-0.,-0.,-1.));
#6053 = ADVANCED_FACE('',(#6054),#6065,.F.);
#6054 = FACE_BOUND('',#6055,.F.);
#6055 = EDGE_LOOP('',(#6056,#6057,#6058,#6064));
#6056 = ORIENTED_EDGE('',*,*,#6023,.T.);
#6057 = ORIENTED_EDGE('',*,*,#2921,.T.);
#6058 = ORIENTED_EDGE('',*,*,#6059,.F.);
#6059 = EDGE_CURVE('',#500,#2922,#6060,.T.);
#6060 = LINE('',#6061,#6062);
#6061 = CARTESIAN_POINT('',(7.893235292514,7.661386076749,0.));
#6062 = VECTOR('',#6063,1.);
#6063 = DIRECTION('',(0.,0.,1.));
#6064 = ORIENTED_EDGE('',*,*,#499,.F.);
#6065 = SURFACE_OF_LINEAR_EXTRUSION('',#6066,#6069);
#6066 = B_SPLINE_CURVE_WITH_KNOTS('',1,(#6067,#6068),.UNSPECIFIED.,.F.,
  .F.,(2,2),(0.,0.823828203015),.PIECEWISE_BEZIER_KNOTS.);
#6067 = CARTESIAN_POINT('',(8.444483957533,7.049162410596,0.));
#6068 = CARTESIAN_POINT('',(7.893235292514,7.661386076749,0.));
#6069 = VECTOR('',#6070,1.);
#6070 = DIRECTION('',(-0.,-0.,-1.));
#6071 = ADVANCED_FACE('',(#6072),#6083,.F.);
#6072 = FACE_BOUND('',#6073,.F.);
#6073 = EDGE_LOOP('',(#6074,#6080,#6081,#6082));
#6074 = ORIENTED_EDGE('',*,*,#6075,.T.);
#6075 = EDGE_CURVE('',#2352,#4774,#6076,.T.);
#6076 = LINE('',#6077,#6078);
#6077 = CARTESIAN_POINT('',(8.091507227457,-7.853834139614,0.));
#6078 = VECTOR('',#6079,1.);
#6079 = DIRECTION('',(0.,0.,1.));
#6080 = ORIENTED_EDGE('',*,*,#4800,.T.);
#6081 = ORIENTED_EDGE('',*,*,#6039,.F.);
#6082 = ORIENTED_EDGE('',*,*,#2378,.F.);
#6083 = SURFACE_OF_LINEAR_EXTRUSION('',#6084,#6087);
#6084 = B_SPLINE_CURVE_WITH_KNOTS('',1,(#6085,#6086),.UNSPECIFIED.,.F.,
  .F.,(2,2),(0.,0.276311449431),.PIECEWISE_BEZIER_KNOTS.);
#6085 = CARTESIAN_POINT('',(8.091507227457,-7.853834139614,0.));
#6086 = CARTESIAN_POINT('',(7.893235292514,-7.661386076749,0.));
#6087 = VECTOR('',#6088,1.);
#6088 = DIRECTION('',(-0.,-0.,-1.));
#6089 = ADVANCED_FACE('',(#6090),#6101,.F.);
#6090 = FACE_BOUND('',#6091,.F.);
#6091 = EDGE_LOOP('',(#6092,#6093,#6094,#6100));
#6092 = ORIENTED_EDGE('',*,*,#6059,.T.);
#6093 = ORIENTED_EDGE('',*,*,#2928,.T.);
#6094 = ORIENTED_EDGE('',*,*,#6095,.F.);
#6095 = EDGE_CURVE('',#507,#2929,#6096,.T.);
#6096 = LINE('',#6097,#6098);
#6097 = CARTESIAN_POINT('',(8.091507227457,7.853834139614,0.));
#6098 = VECTOR('',#6099,1.);
#6099 = DIRECTION('',(0.,0.,1.));
#6100 = ORIENTED_EDGE('',*,*,#506,.F.);
#6101 = SURFACE_OF_LINEAR_EXTRUSION('',#6102,#6105);
#6102 = B_SPLINE_CURVE_WITH_KNOTS('',1,(#6103,#6104),.UNSPECIFIED.,.F.,
  .F.,(2,2),(0.,0.276311449431),.PIECEWISE_BEZIER_KNOTS.);
#6103 = CARTESIAN_POINT('',(7.893235292514,7.661386076749,0.));
#6104 = CARTESIAN_POINT('',(8.091507227457,7.853834139614,0.));
#6105 = VECTOR('',#6106,1.);
#6106 = DIRECTION('',(-0.,-0.,-1.));
#6107 = ADVANCED_FACE('',(#6108),#6119,.F.);
#6108 = FACE_BOUND('',#6109,.F.);
#6109 = EDGE_LOOP('',(#6110,#6116,#6117,#6118));
#6110 = ORIENTED_EDGE('',*,*,#6111,.T.);
#6111 = EDGE_CURVE('',#2345,#4767,#6112,.T.);
#6112 = LINE('',#6113,#6114);
#6113 = CARTESIAN_POINT('',(8.781776413307,-9.312379020781,0.));
#6114 = VECTOR('',#6115,1.);
#6115 = DIRECTION('',(0.,0.,1.));
#6116 = ORIENTED_EDGE('',*,*,#4773,.T.);
#6117 = ORIENTED_EDGE('',*,*,#6075,.F.);
#6118 = ORIENTED_EDGE('',*,*,#2351,.F.);
#6119 = SURFACE_OF_LINEAR_EXTRUSION('',#6120,#6143);
#6120 = B_SPLINE_CURVE_WITH_KNOTS('',3,(#6121,#6122,#6123,#6124,#6125,
    #6126,#6127,#6128,#6129,#6130,#6131,#6132,#6133,#6134,#6135,#6136,
    #6137,#6138,#6139,#6140,#6141,#6142),.UNSPECIFIED.,.F.,.F.,(4,1,1,1,
    1,1,1,1,1,1,1,1,1,1,1,1,1,1,1,4),(0.,0.166712883271,0.324414259488,
    0.473104128661,0.612782490802,0.743449345922,0.86510469404,
    0.977748535175,1.081380869354,1.176001696608,1.261611016983,
    1.338208830536,1.405795137351,1.464369937549,1.513933231314,
    1.55448501896,1.586025301063,1.608554078892,1.62207135626,
    1.626577159839),.UNSPECIFIED.);
#6121 = CARTESIAN_POINT('',(8.781776413307,-9.312379020781,0.));
#6122 = CARTESIAN_POINT('',(8.767316387012,-9.258722552632,0.));
#6123 = CARTESIAN_POINT('',(8.73775112183,-9.154686598213,0.));
#6124 = CARTESIAN_POINT('',(8.690359859521,-9.004253619353,0.));
#6125 = CARTESIAN_POINT('',(8.641690573198,-8.863733395647,0.));
#6126 = CARTESIAN_POINT('',(8.592261147935,-8.733073715602,0.));
#6127 = CARTESIAN_POINT('',(8.54258812949,-8.612197897617,0.));
#6128 = CARTESIAN_POINT('',(8.493182240623,-8.501008792227,0.));
#6129 = CARTESIAN_POINT('',(8.44454849693,-8.399388088181,0.));
#6130 = CARTESIAN_POINT('',(8.397185213962,-8.307196796102,0.));
#6131 = CARTESIAN_POINT('',(8.351583288388,-8.224275487666,0.));
#6132 = CARTESIAN_POINT('',(8.30822544883,-8.150444603856,0.));
#6133 = CARTESIAN_POINT('',(8.267585455581,-8.085504854806,0.));
#6134 = CARTESIAN_POINT('',(8.230127555544,-8.029237394579,0.));
#6135 = CARTESIAN_POINT('',(8.196305182675,-7.98140481625,0.));
#6136 = CARTESIAN_POINT('',(8.166561984791,-7.941749779362,0.));
#6137 = CARTESIAN_POINT('',(8.141326082358,-7.910000681612,0.));
#6138 = CARTESIAN_POINT('',(8.121023167995,-7.885857872922,0.));
#6139 = CARTESIAN_POINT('',(8.106040392866,-7.869030838355,0.));
#6140 = CARTESIAN_POINT('',(8.09680398587,-7.859157709402,0.));
#6141 = CARTESIAN_POINT('',(8.092573156005,-7.854892429011,0.));
#6142 = CARTESIAN_POINT('',(8.091507227457,-7.853834139614,0.));
#6143 = VECTOR('',#6144,1.);
#6144 = DIRECTION('',(-0.,-0.,-1.));
#6145 = ADVANCED_FACE('',(#6146),#6157,.F.);
#6146 = FACE_BOUND('',#6147,.F.);
#6147 = EDGE_LOOP('',(#6148,#6149,#6150,#6156));
#6148 = ORIENTED_EDGE('',*,*,#6095,.T.);
#6149 = ORIENTED_EDGE('',*,*,#2935,.T.);
#6150 = ORIENTED_EDGE('',*,*,#6151,.F.);
#6151 = EDGE_CURVE('',#514,#2936,#6152,.T.);
#6152 = LINE('',#6153,#6154);
#6153 = CARTESIAN_POINT('',(8.781776413307,9.312379020781,0.));
#6154 = VECTOR('',#6155,1.);
#6155 = DIRECTION('',(0.,0.,1.));
#6156 = ORIENTED_EDGE('',*,*,#513,.F.);
#6157 = SURFACE_OF_LINEAR_EXTRUSION('',#6158,#6181);
#6158 = B_SPLINE_CURVE_WITH_KNOTS('',3,(#6159,#6160,#6161,#6162,#6163,
    #6164,#6165,#6166,#6167,#6168,#6169,#6170,#6171,#6172,#6173,#6174,
    #6175,#6176,#6177,#6178,#6179,#6180),.UNSPECIFIED.,.F.,.F.,(4,1,1,1,
    1,1,1,1,1,1,1,1,1,1,1,1,1,1,1,4),(0.,4.505803579075E-03,
    1.802308094653E-02,4.055185877624E-02,7.209214087878E-02,
    0.112643928524,0.16220722229,0.220782022487,0.288368329302,
    0.364966142856,0.450575463231,0.545196290485,0.648828624664,
    0.761472465799,0.883127813916,1.013794669037,1.153473031177,
    1.302162900351,1.459864276568,1.626577159839),.UNSPECIFIED.);
#6159 = CARTESIAN_POINT('',(8.091507227457,7.853834139614,0.));
#6160 = CARTESIAN_POINT('',(8.092573156005,7.854892429011,0.));
#6161 = CARTESIAN_POINT('',(8.09680398587,7.859157709402,0.));
#6162 = CARTESIAN_POINT('',(8.106040392866,7.869030838355,0.));
#6163 = CARTESIAN_POINT('',(8.121023167995,7.885857872922,0.));
#6164 = CARTESIAN_POINT('',(8.141326082358,7.910000681612,0.));
#6165 = CARTESIAN_POINT('',(8.166561984791,7.941749779362,0.));
#6166 = CARTESIAN_POINT('',(8.196305182675,7.98140481625,0.));
#6167 = CARTESIAN_POINT('',(8.230127555544,8.029237394579,0.));
#6168 = CARTESIAN_POINT('',(8.267585455581,8.085504854806,0.));
#6169 = CARTESIAN_POINT('',(8.30822544883,8.150444603856,0.));
#6170 = CARTESIAN_POINT('',(8.351583288388,8.224275487666,0.));
#6171 = CARTESIAN_POINT('',(8.397185213962,8.307196796102,0.));
#6172 = CARTESIAN_POINT('',(8.44454849693,8.399388088181,0.));
#6173 = CARTESIAN_POINT('',(8.493182240623,8.501008792227,0.));
#6174 = CARTESIAN_POINT('',(8.54258812949,8.612197897617,0.));
#6175 = CARTESIAN_POINT('',(8.592261147935,8.733073715602,0.));
#6176 = CARTESIAN_POINT('',(8.641690573198,8.863733395647,0.));
#6177 = CARTESIAN_POINT('',(8.690359859521,9.004253619353,0.));
#6178 = CARTESIAN_POINT('',(8.73775112183,9.154686598213,0.));
#6179 = CARTESIAN_POINT('',(8.767316387012,9.258722552632,0.));
#6180 = CARTESIAN_POINT('',(8.781776413307,9.312379020781,0.));
#6181 = VECTOR('',#6182,1.);
#6182 = DIRECTION('',(-0.,-0.,-1.));
#6183 = ADVANCED_FACE('',(#6184),#6195,.F.);
#6184 = FACE_BOUND('',#6185,.F.);
#6185 = EDGE_LOOP('',(#6186,#6192,#6193,#6194));
#6186 = ORIENTED_EDGE('',*,*,#6187,.T.);
#6187 = EDGE_CURVE('',#2318,#4740,#6188,.T.);
#6188 = LINE('',#6189,#6190);
#6189 = CARTESIAN_POINT('',(8.343419240892,-9.707077591671,0.));
#6190 = VECTOR('',#6191,1.);
#6191 = DIRECTION('',(0.,0.,1.));
#6192 = ORIENTED_EDGE('',*,*,#4766,.T.);
#6193 = ORIENTED_EDGE('',*,*,#6111,.F.);
#6194 = ORIENTED_EDGE('',*,*,#2344,.F.);
#6195 = SURFACE_OF_LINEAR_EXTRUSION('',#6196,#6199);
#6196 = B_SPLINE_CURVE_WITH_KNOTS('',1,(#6197,#6198),.UNSPECIFIED.,.F.,
  .F.,(2,2),(0.,0.58986775846),.PIECEWISE_BEZIER_KNOTS.);
#6197 = CARTESIAN_POINT('',(8.343419240892,-9.707077591671,0.));
#6198 = CARTESIAN_POINT('',(8.781776413307,-9.312379020781,0.));
#6199 = VECTOR('',#6200,1.);
#6200 = DIRECTION('',(-0.,-0.,-1.));
#6201 = ADVANCED_FACE('',(#6202),#6213,.F.);
#6202 = FACE_BOUND('',#6203,.F.);
#6203 = EDGE_LOOP('',(#6204,#6205,#6206,#6212));
#6204 = ORIENTED_EDGE('',*,*,#6151,.T.);
#6205 = ORIENTED_EDGE('',*,*,#2962,.T.);
#6206 = ORIENTED_EDGE('',*,*,#6207,.F.);
#6207 = EDGE_CURVE('',#541,#2963,#6208,.T.);
#6208 = LINE('',#6209,#6210);
#6209 = CARTESIAN_POINT('',(8.343419240892,9.707077591671,0.));
#6210 = VECTOR('',#6211,1.);
#6211 = DIRECTION('',(0.,0.,1.));
#6212 = ORIENTED_EDGE('',*,*,#540,.F.);
#6213 = SURFACE_OF_LINEAR_EXTRUSION('',#6214,#6217);
#6214 = B_SPLINE_CURVE_WITH_KNOTS('',1,(#6215,#6216),.UNSPECIFIED.,.F.,
  .F.,(2,2),(0.,0.58986775846),.PIECEWISE_BEZIER_KNOTS.);
#6215 = CARTESIAN_POINT('',(8.781776413307,9.312379020781,0.));
#6216 = CARTESIAN_POINT('',(8.343419240892,9.707077591671,0.));
#6217 = VECTOR('',#6218,1.);
#6218 = DIRECTION('',(-0.,-0.,-1.));
#6219 = ADVANCED_FACE('',(#6220),#6231,.F.);
#6220 = FACE_BOUND('',#6221,.F.);
#6221 = EDGE_LOOP('',(#6222,#6228,#6229,#6230));
#6222 = ORIENTED_EDGE('',*,*,#6223,.T.);
#6223 = EDGE_CURVE('',#2311,#4733,#6224,.T.);
#6224 = LINE('',#6225,#6226);
#6225 = CARTESIAN_POINT('',(6.965017198432,-8.86813031761,0.));
#6226 = VECTOR('',#6227,1.);
#6227 = DIRECTION('',(0.,0.,1.));
#6228 = ORIENTED_EDGE('',*,*,#4739,.T.);
#6229 = ORIENTED_EDGE('',*,*,#6187,.F.);
#6230 = ORIENTED_EDGE('',*,*,#2317,.F.);
#6231 = SURFACE_OF_LINEAR_EXTRUSION('',#6232,#6255);
#6232 = B_SPLINE_CURVE_WITH_KNOTS('',3,(#6233,#6234,#6235,#6236,#6237,
    #6238,#6239,#6240,#6241,#6242,#6243,#6244,#6245,#6246,#6247,#6248,
    #6249,#6250,#6251,#6252,#6253,#6254),.UNSPECIFIED.,.F.,.F.,(4,1,1,1,
    1,1,1,1,1,1,1,1,1,1,1,1,1,1,1,4),(0.,4.505803579075E-03,
    1.802308094653E-02,4.055185877624E-02,7.209214087878E-02,
    0.112643928524,0.16220722229,0.220782022487,0.288368329302,
    0.364966142856,0.450575463231,0.545196290485,0.648828624664,
    0.761472465799,0.883127813916,1.013794669037,1.153473031177,
    1.302162900351,1.459864276568,1.626577159839),.UNSPECIFIED.);
#6233 = CARTESIAN_POINT('',(6.965017198432,-8.86813031761,0.));
#6234 = CARTESIAN_POINT('',(6.965958270536,-8.869301028254,0.));
#6235 = CARTESIAN_POINT('',(6.96975794313,-8.873954524395,0.));
#6236 = CARTESIAN_POINT('',(6.97861151862,-8.884172356384,0.));
#6237 = CARTESIAN_POINT('',(6.993780246472,-8.900831958368,0.));
#6238 = CARTESIAN_POINT('',(7.015668565891,-8.923547261933,0.));
#6239 = CARTESIAN_POINT('',(7.044605868662,-8.951963603849,0.));
#6240 = CARTESIAN_POINT('',(7.080934660341,-8.98568894545,0.));
#6241 = CARTESIAN_POINT('',(7.124969806141,-9.024325901729,0.));
#6242 = CARTESIAN_POINT('',(7.177013610605,-9.06746015462,0.));
#6243 = CARTESIAN_POINT('',(7.237349576874,-9.114665569906,0.));
#6244 = CARTESIAN_POINT('',(7.306243879037,-9.165503319509,0.));
#6245 = CARTESIAN_POINT('',(7.383944236667,-9.219523069907,0.));
#6246 = CARTESIAN_POINT('',(7.470679684019,-9.276263505942,0.));
#6247 = CARTESIAN_POINT('',(7.566660088723,-9.335253084929,0.));
#6248 = CARTESIAN_POINT('',(7.672075766921,-9.396010749486,0.));
#6249 = CARTESIAN_POINT('',(7.787097170244,-9.458046617439,0.));
#6250 = CARTESIAN_POINT('',(7.911874301027,-9.520862918704,0.));
#6251 = CARTESIAN_POINT('',(8.046537414537,-9.583953952626,0.));
#6252 = CARTESIAN_POINT('',(8.191192569977,-9.646810128747,0.));
#6253 = CARTESIAN_POINT('',(8.291568192816,-9.687088150752,0.));
#6254 = CARTESIAN_POINT('',(8.343419240892,-9.707077591671,0.));
#6255 = VECTOR('',#6256,1.);
#6256 = DIRECTION('',(-0.,-0.,-1.));
#6257 = ADVANCED_FACE('',(#6258),#6269,.F.);
#6258 = FACE_BOUND('',#6259,.F.);
#6259 = EDGE_LOOP('',(#6260,#6261,#6262,#6268));
#6260 = ORIENTED_EDGE('',*,*,#6207,.T.);
#6261 = ORIENTED_EDGE('',*,*,#2969,.T.);
#6262 = ORIENTED_EDGE('',*,*,#6263,.F.);
#6263 = EDGE_CURVE('',#548,#2970,#6264,.T.);
#6264 = LINE('',#6265,#6266);
#6265 = CARTESIAN_POINT('',(6.965017198432,8.86813031761,0.));
#6266 = VECTOR('',#6267,1.);
#6267 = DIRECTION('',(0.,0.,1.));
#6268 = ORIENTED_EDGE('',*,*,#547,.F.);
#6269 = SURFACE_OF_LINEAR_EXTRUSION('',#6270,#6293);
#6270 = B_SPLINE_CURVE_WITH_KNOTS('',3,(#6271,#6272,#6273,#6274,#6275,
    #6276,#6277,#6278,#6279,#6280,#6281,#6282,#6283,#6284,#6285,#6286,
    #6287,#6288,#6289,#6290,#6291,#6292),.UNSPECIFIED.,.F.,.F.,(4,1,1,1,
    1,1,1,1,1,1,1,1,1,1,1,1,1,1,1,4),(0.,0.166712883271,0.324414259488,
    0.473104128661,0.612782490802,0.743449345922,0.86510469404,
    0.977748535175,1.081380869354,1.176001696608,1.261611016983,
    1.338208830536,1.405795137351,1.464369937549,1.513933231314,
    1.55448501896,1.586025301063,1.608554078892,1.62207135626,
    1.626577159839),.UNSPECIFIED.);
#6271 = CARTESIAN_POINT('',(8.343419240892,9.707077591671,0.));
#6272 = CARTESIAN_POINT('',(8.291568192816,9.687088150752,0.));
#6273 = CARTESIAN_POINT('',(8.191192569977,9.646810128747,0.));
#6274 = CARTESIAN_POINT('',(8.046537414537,9.583953952626,0.));
#6275 = CARTESIAN_POINT('',(7.911874301027,9.520862918704,0.));
#6276 = CARTESIAN_POINT('',(7.787097170244,9.458046617439,0.));
#6277 = CARTESIAN_POINT('',(7.672075766921,9.396010749486,0.));
#6278 = CARTESIAN_POINT('',(7.566660088723,9.335253084928,0.));
#6279 = CARTESIAN_POINT('',(7.470679684019,9.276263505942,0.));
#6280 = CARTESIAN_POINT('',(7.383944236667,9.219523069907,0.));
#6281 = CARTESIAN_POINT('',(7.306243879037,9.165503319509,0.));
#6282 = CARTESIAN_POINT('',(7.237349576874,9.114665569906,0.));
#6283 = CARTESIAN_POINT('',(7.177013610605,9.06746015462,0.));
#6284 = CARTESIAN_POINT('',(7.124969806141,9.024325901729,0.));
#6285 = CARTESIAN_POINT('',(7.080934660341,8.98568894545,0.));
#6286 = CARTESIAN_POINT('',(7.044605868662,8.951963603849,0.));
#6287 = CARTESIAN_POINT('',(7.015668565891,8.923547261933,0.));
#6288 = CARTESIAN_POINT('',(6.993780246472,8.900831958368,0.));
#6289 = CARTESIAN_POINT('',(6.97861151862,8.884172356384,0.));
#6290 = CARTESIAN_POINT('',(6.96975794313,8.873954524395,0.));
#6291 = CARTESIAN_POINT('',(6.965958270536,8.869301028254,0.));
#6292 = CARTESIAN_POINT('',(6.965017198432,8.86813031761,0.));
#6293 = VECTOR('',#6294,1.);
#6294 = DIRECTION('',(-0.,-0.,-1.));
#6295 = ADVANCED_FACE('',(#6296),#6307,.F.);
#6296 = FACE_BOUND('',#6297,.F.);
#6297 = EDGE_LOOP('',(#6298,#6304,#6305,#6306));
#6298 = ORIENTED_EDGE('',*,*,#6299,.T.);
#6299 = EDGE_CURVE('',#2304,#4726,#6300,.T.);
#6300 = LINE('',#6301,#6302);
#6301 = CARTESIAN_POINT('',(6.79434844686,-8.650828236802,0.));
#6302 = VECTOR('',#6303,1.);
#6303 = DIRECTION('',(0.,0.,1.));
#6304 = ORIENTED_EDGE('',*,*,#4732,.T.);
#6305 = ORIENTED_EDGE('',*,*,#6223,.F.);
#6306 = ORIENTED_EDGE('',*,*,#2310,.F.);
#6307 = SURFACE_OF_LINEAR_EXTRUSION('',#6308,#6311);
#6308 = B_SPLINE_CURVE_WITH_KNOTS('',1,(#6309,#6310),.UNSPECIFIED.,.F.,
  .F.,(2,2),(0.,0.276311449431),.PIECEWISE_BEZIER_KNOTS.);
#6309 = CARTESIAN_POINT('',(6.79434844686,-8.650828236802,0.));
#6310 = CARTESIAN_POINT('',(6.965017198432,-8.86813031761,0.));
#6311 = VECTOR('',#6312,1.);
#6312 = DIRECTION('',(-0.,-0.,-1.));
#6313 = ADVANCED_FACE('',(#6314),#6325,.F.);
#6314 = FACE_BOUND('',#6315,.F.);
#6315 = EDGE_LOOP('',(#6316,#6317,#6318,#6324));
#6316 = ORIENTED_EDGE('',*,*,#6263,.T.);
#6317 = ORIENTED_EDGE('',*,*,#2996,.T.);
#6318 = ORIENTED_EDGE('',*,*,#6319,.F.);
#6319 = EDGE_CURVE('',#575,#2997,#6320,.T.);
#6320 = LINE('',#6321,#6322);
#6321 = CARTESIAN_POINT('',(6.79434844686,8.650828236802,0.));
#6322 = VECTOR('',#6323,1.);
#6323 = DIRECTION('',(0.,0.,1.));
#6324 = ORIENTED_EDGE('',*,*,#574,.F.);
#6325 = SURFACE_OF_LINEAR_EXTRUSION('',#6326,#6329);
#6326 = B_SPLINE_CURVE_WITH_KNOTS('',1,(#6327,#6328),.UNSPECIFIED.,.F.,
  .F.,(2,2),(0.,0.276311449431),.PIECEWISE_BEZIER_KNOTS.);
#6327 = CARTESIAN_POINT('',(6.965017198432,8.86813031761,0.));
#6328 = CARTESIAN_POINT('',(6.79434844686,8.650828236802,0.));
#6329 = VECTOR('',#6330,1.);
#6330 = DIRECTION('',(-0.,-0.,-1.));
#6331 = ADVANCED_FACE('',(#6332),#6343,.F.);
#6332 = FACE_BOUND('',#6333,.F.);
#6333 = EDGE_LOOP('',(#6334,#6340,#6341,#6342));
#6334 = ORIENTED_EDGE('',*,*,#6335,.T.);
#6335 = EDGE_CURVE('',#2297,#4719,#6336,.T.);
#6336 = LINE('',#6337,#6338);
#6337 = CARTESIAN_POINT('',(6.127857430176,-9.135062304957,0.));
#6338 = VECTOR('',#6339,1.);
#6339 = DIRECTION('',(0.,0.,1.));
#6340 = ORIENTED_EDGE('',*,*,#4725,.T.);
#6341 = ORIENTED_EDGE('',*,*,#6299,.F.);
#6342 = ORIENTED_EDGE('',*,*,#2303,.F.);
#6343 = SURFACE_OF_LINEAR_EXTRUSION('',#6344,#6347);
#6344 = B_SPLINE_CURVE_WITH_KNOTS('',1,(#6345,#6346),.UNSPECIFIED.,.F.,
  .F.,(2,2),(0.,0.823828203015),.PIECEWISE_BEZIER_KNOTS.);
#6345 = CARTESIAN_POINT('',(6.127857430176,-9.135062304957,0.));
#6346 = CARTESIAN_POINT('',(6.79434844686,-8.650828236802,0.));
#6347 = VECTOR('',#6348,1.);
#6348 = DIRECTION('',(-0.,-0.,-1.));
#6349 = ADVANCED_FACE('',(#6350),#6361,.F.);
#6350 = FACE_BOUND('',#6351,.F.);
#6351 = EDGE_LOOP('',(#6352,#6353,#6354,#6360));
#6352 = ORIENTED_EDGE('',*,*,#6319,.T.);
#6353 = ORIENTED_EDGE('',*,*,#3003,.T.);
#6354 = ORIENTED_EDGE('',*,*,#6355,.F.);
#6355 = EDGE_CURVE('',#582,#3004,#6356,.T.);
#6356 = LINE('',#6357,#6358);
#6357 = CARTESIAN_POINT('',(6.127857430176,9.135062304957,0.));
#6358 = VECTOR('',#6359,1.);
#6359 = DIRECTION('',(0.,0.,1.));
#6360 = ORIENTED_EDGE('',*,*,#581,.F.);
#6361 = SURFACE_OF_LINEAR_EXTRUSION('',#6362,#6365);
#6362 = B_SPLINE_CURVE_WITH_KNOTS('',1,(#6363,#6364),.UNSPECIFIED.,.F.,
  .F.,(2,2),(0.,0.823828203015),.PIECEWISE_BEZIER_KNOTS.);
#6363 = CARTESIAN_POINT('',(6.79434844686,8.650828236802,0.));
#6364 = CARTESIAN_POINT('',(6.127857430176,9.135062304957,0.));
#6365 = VECTOR('',#6366,1.);
#6366 = DIRECTION('',(-0.,-0.,-1.));
#6367 = ADVANCED_FACE('',(#6368),#6379,.F.);
#6368 = FACE_BOUND('',#6369,.F.);
#6369 = EDGE_LOOP('',(#6370,#6376,#6377,#6378));
#6370 = ORIENTED_EDGE('',*,*,#6371,.T.);
#6371 = EDGE_CURVE('',#2270,#4692,#6372,.T.);
#6372 = LINE('',#6373,#6374);
#6373 = CARTESIAN_POINT('',(6.281784445488,-9.36452796915,0.));
#6374 = VECTOR('',#6375,1.);
#6375 = DIRECTION('',(0.,0.,1.));
#6376 = ORIENTED_EDGE('',*,*,#4718,.T.);
#6377 = ORIENTED_EDGE('',*,*,#6335,.F.);
#6378 = ORIENTED_EDGE('',*,*,#2296,.F.);
#6379 = SURFACE_OF_LINEAR_EXTRUSION('',#6380,#6383);
#6380 = B_SPLINE_CURVE_WITH_KNOTS('',1,(#6381,#6382),.UNSPECIFIED.,.F.,
  .F.,(2,2),(0.,0.276311449431),.PIECEWISE_BEZIER_KNOTS.);
#6381 = CARTESIAN_POINT('',(6.281784445488,-9.36452796915,0.));
#6382 = CARTESIAN_POINT('',(6.127857430176,-9.135062304957,0.));
#6383 = VECTOR('',#6384,1.);
#6384 = DIRECTION('',(-0.,-0.,-1.));
#6385 = ADVANCED_FACE('',(#6386),#6397,.F.);
#6386 = FACE_BOUND('',#6387,.F.);
#6387 = EDGE_LOOP('',(#6388,#6389,#6390,#6396));
#6388 = ORIENTED_EDGE('',*,*,#6355,.T.);
#6389 = ORIENTED_EDGE('',*,*,#3010,.T.);
#6390 = ORIENTED_EDGE('',*,*,#6391,.F.);
#6391 = EDGE_CURVE('',#589,#3011,#6392,.T.);
#6392 = LINE('',#6393,#6394);
#6393 = CARTESIAN_POINT('',(6.281784445488,9.36452796915,0.));
#6394 = VECTOR('',#6395,1.);
#6395 = DIRECTION('',(0.,0.,1.));
#6396 = ORIENTED_EDGE('',*,*,#588,.F.);
#6397 = SURFACE_OF_LINEAR_EXTRUSION('',#6398,#6401);
#6398 = B_SPLINE_CURVE_WITH_KNOTS('',1,(#6399,#6400),.UNSPECIFIED.,.F.,
  .F.,(2,2),(0.,0.276311449431),.PIECEWISE_BEZIER_KNOTS.);
#6399 = CARTESIAN_POINT('',(6.127857430176,9.135062304957,0.));
#6400 = CARTESIAN_POINT('',(6.281784445488,9.36452796915,0.));
#6401 = VECTOR('',#6402,1.);
#6402 = DIRECTION('',(-0.,-0.,-1.));
#6403 = ADVANCED_FACE('',(#6404),#6415,.F.);
#6404 = FACE_BOUND('',#6405,.F.);
#6405 = EDGE_LOOP('',(#6406,#6412,#6413,#6414));
#6406 = ORIENTED_EDGE('',*,*,#6407,.T.);
#6407 = EDGE_CURVE('',#2263,#4685,#6408,.T.);
#6408 = LINE('',#6409,#6410);
#6409 = CARTESIAN_POINT('',(6.653721061111,-10.93471517877,0.));
#6410 = VECTOR('',#6411,1.);
#6411 = DIRECTION('',(0.,0.,1.));
#6412 = ORIENTED_EDGE('',*,*,#4691,.T.);
#6413 = ORIENTED_EDGE('',*,*,#6371,.F.);
#6414 = ORIENTED_EDGE('',*,*,#2269,.F.);
#6415 = SURFACE_OF_LINEAR_EXTRUSION('',#6416,#6439);
#6416 = B_SPLINE_CURVE_WITH_KNOTS('',3,(#6417,#6418,#6419,#6420,#6421,
    #6422,#6423,#6424,#6425,#6426,#6427,#6428,#6429,#6430,#6431,#6432,
    #6433,#6434,#6435,#6436,#6437,#6438),.UNSPECIFIED.,.F.,.F.,(4,1,1,1,
    1,1,1,1,1,1,1,1,1,1,1,1,1,1,1,4),(0.,0.166712883271,0.324414259488,
    0.473104128661,0.612782490802,0.743449345922,0.86510469404,
    0.977748535175,1.081380869354,1.176001696608,1.261611016983,
    1.338208830536,1.405795137351,1.464369937549,1.513933231314,
    1.55448501896,1.586025301063,1.608554078892,1.62207135626,
    1.626577159839),.UNSPECIFIED.);
#6417 = CARTESIAN_POINT('',(6.653721061111,-10.93471517877,0.));
#6418 = CARTESIAN_POINT('',(6.6507328281,-10.87922482467,0.));
#6419 = CARTESIAN_POINT('',(6.643443926086,-10.77131534119,0.));
#6420 = CARTESIAN_POINT('',(6.628365051552,-10.61431648637,0.));
#6421 = CARTESIAN_POINT('',(6.609975103211,-10.46674805309,0.));
#6422 = CARTESIAN_POINT('',(6.588791504484,-10.32866664516,0.));
#6423 = CARTESIAN_POINT('',(6.565335456367,-10.20010465256,0.));
#6424 = CARTESIAN_POINT('',(6.540126719612,-10.081073234,0.));
#6425 = CARTESIAN_POINT('',(6.513683872304,-9.971561662276,0.));
#6426 = CARTESIAN_POINT('',(6.486523238121,-9.871537590876,0.));
#6427 = CARTESIAN_POINT('',(6.459158133474,-9.780947138529,0.));
#6428 = CARTESIAN_POINT('',(6.432098070624,-9.699715034937,0.));
#6429 = CARTESIAN_POINT('',(6.40584789176,-9.627744845501,0.));
#6430 = CARTESIAN_POINT('',(6.380907199505,-9.564919028949,0.));
#6431 = CARTESIAN_POINT('',(6.357768878868,-9.511099640488,0.));
#6432 = CARTESIAN_POINT('',(6.336920386988,-9.466127202737,0.));
#6433 = CARTESIAN_POINT('',(6.318836958167,-9.429825059803,0.));
#6434 = CARTESIAN_POINT('',(6.30399728337,-9.401988616155,0.));
#6435 = CARTESIAN_POINT('',(6.292840455034,-9.382414198555,0.));
#6436 = CARTESIAN_POINT('',(6.285858624626,-9.370836464162,0.));
#6437 = CARTESIAN_POINT('',(6.282607050202,-9.365784751391,0.));
#6438 = CARTESIAN_POINT('',(6.281784445488,-9.36452796915,0.));
#6439 = VECTOR('',#6440,1.);
#6440 = DIRECTION('',(-0.,-0.,-1.));
#6441 = ADVANCED_FACE('',(#6442),#6453,.F.);
#6442 = FACE_BOUND('',#6443,.F.);
#6443 = EDGE_LOOP('',(#6444,#6445,#6446,#6452));
#6444 = ORIENTED_EDGE('',*,*,#6391,.T.);
#6445 = ORIENTED_EDGE('',*,*,#3017,.T.);
#6446 = ORIENTED_EDGE('',*,*,#6447,.F.);
#6447 = EDGE_CURVE('',#596,#3018,#6448,.T.);
#6448 = LINE('',#6449,#6450);
#6449 = CARTESIAN_POINT('',(6.653721061111,10.934715178775,0.));
#6450 = VECTOR('',#6451,1.);
#6451 = DIRECTION('',(0.,0.,1.));
#6452 = ORIENTED_EDGE('',*,*,#595,.F.);
#6453 = SURFACE_OF_LINEAR_EXTRUSION('',#6454,#6477);
#6454 = B_SPLINE_CURVE_WITH_KNOTS('',3,(#6455,#6456,#6457,#6458,#6459,
    #6460,#6461,#6462,#6463,#6464,#6465,#6466,#6467,#6468,#6469,#6470,
    #6471,#6472,#6473,#6474,#6475,#6476),.UNSPECIFIED.,.F.,.F.,(4,1,1,1,
    1,1,1,1,1,1,1,1,1,1,1,1,1,1,1,4),(0.,4.505803579075E-03,
    1.802308094653E-02,4.055185877624E-02,7.209214087878E-02,
    0.112643928524,0.16220722229,0.220782022487,0.288368329302,
    0.364966142856,0.450575463231,0.545196290485,0.648828624664,
    0.761472465799,0.883127813916,1.013794669037,1.153473031177,
    1.302162900351,1.459864276568,1.626577159839),.UNSPECIFIED.);
#6455 = CARTESIAN_POINT('',(6.281784445488,9.36452796915,0.));
#6456 = CARTESIAN_POINT('',(6.282607050202,9.365784751391,0.));
#6457 = CARTESIAN_POINT('',(6.285858624626,9.370836464162,0.));
#6458 = CARTESIAN_POINT('',(6.292840455034,9.382414198555,0.));
#6459 = CARTESIAN_POINT('',(6.30399728337,9.401988616155,0.));
#6460 = CARTESIAN_POINT('',(6.318836958167,9.429825059803,0.));
#6461 = CARTESIAN_POINT('',(6.336920386988,9.466127202737,0.));
#6462 = CARTESIAN_POINT('',(6.357768878868,9.511099640488,0.));
#6463 = CARTESIAN_POINT('',(6.380907199505,9.564919028949,0.));
#6464 = CARTESIAN_POINT('',(6.40584789176,9.6277448455,0.));
#6465 = CARTESIAN_POINT('',(6.432098070624,9.699715034937,0.));
#6466 = CARTESIAN_POINT('',(6.459158133474,9.780947138529,0.));
#6467 = CARTESIAN_POINT('',(6.486523238121,9.871537590876,0.));
#6468 = CARTESIAN_POINT('',(6.513683872304,9.971561662276,0.));
#6469 = CARTESIAN_POINT('',(6.540126719612,10.081073234005,0.));
#6470 = CARTESIAN_POINT('',(6.565335456367,10.200104652561,0.));
#6471 = CARTESIAN_POINT('',(6.588791504484,10.328666645163,0.));
#6472 = CARTESIAN_POINT('',(6.609975103211,10.466748053094,0.));
#6473 = CARTESIAN_POINT('',(6.628365051552,10.614316486377,0.));
#6474 = CARTESIAN_POINT('',(6.643443926086,10.771315341196,0.));
#6475 = CARTESIAN_POINT('',(6.6507328281,10.879224824674,0.));
#6476 = CARTESIAN_POINT('',(6.653721061111,10.934715178775,0.));
#6477 = VECTOR('',#6478,1.);
#6478 = DIRECTION('',(-0.,-0.,-1.));
#6479 = ADVANCED_FACE('',(#6480),#6491,.F.);
#6480 = FACE_BOUND('',#6481,.F.);
#6481 = EDGE_LOOP('',(#6482,#6488,#6489,#6490));
#6482 = ORIENTED_EDGE('',*,*,#6483,.T.);
#6483 = EDGE_CURVE('',#2236,#4658,#6484,.T.);
#6484 = LINE('',#6485,#6486);
#6485 = CARTESIAN_POINT('',(6.142880597411,-11.229649058,0.));
#6486 = VECTOR('',#6487,1.);
#6487 = DIRECTION('',(0.,0.,1.));
#6488 = ORIENTED_EDGE('',*,*,#4684,.T.);
#6489 = ORIENTED_EDGE('',*,*,#6407,.F.);
#6490 = ORIENTED_EDGE('',*,*,#2262,.F.);
#6491 = SURFACE_OF_LINEAR_EXTRUSION('',#6492,#6495);
#6492 = B_SPLINE_CURVE_WITH_KNOTS('',1,(#6493,#6494),.UNSPECIFIED.,.F.,
  .F.,(2,2),(0.,0.58986775846),.PIECEWISE_BEZIER_KNOTS.);
#6493 = CARTESIAN_POINT('',(6.142880597411,-11.229649058,0.));
#6494 = CARTESIAN_POINT('',(6.653721061111,-10.93471517877,0.));
#6495 = VECTOR('',#6496,1.);
#6496 = DIRECTION('',(-0.,-0.,-1.));
#6497 = ADVANCED_FACE('',(#6498),#6509,.F.);
#6498 = FACE_BOUND('',#6499,.F.);
#6499 = EDGE_LOOP('',(#6500,#6501,#6502,#6508));
#6500 = ORIENTED_EDGE('',*,*,#6447,.T.);
#6501 = ORIENTED_EDGE('',*,*,#3044,.T.);
#6502 = ORIENTED_EDGE('',*,*,#6503,.F.);
#6503 = EDGE_CURVE('',#623,#3045,#6504,.T.);
#6504 = LINE('',#6505,#6506);
#6505 = CARTESIAN_POINT('',(6.142880597411,11.229649058005,0.));
#6506 = VECTOR('',#6507,1.);
#6507 = DIRECTION('',(0.,0.,1.));
#6508 = ORIENTED_EDGE('',*,*,#622,.F.);
#6509 = SURFACE_OF_LINEAR_EXTRUSION('',#6510,#6513);
#6510 = B_SPLINE_CURVE_WITH_KNOTS('',1,(#6511,#6512),.UNSPECIFIED.,.F.,
  .F.,(2,2),(0.,0.58986775846),.PIECEWISE_BEZIER_KNOTS.);
#6511 = CARTESIAN_POINT('',(6.653721061111,10.934715178775,0.));
#6512 = CARTESIAN_POINT('',(6.142880597411,11.229649058005,0.));
#6513 = VECTOR('',#6514,1.);
#6514 = DIRECTION('',(-0.,-0.,-1.));
#6515 = ADVANCED_FACE('',(#6516),#6527,.F.);
#6516 = FACE_BOUND('',#6517,.F.);
#6517 = EDGE_LOOP('',(#6518,#6524,#6525,#6526));
#6518 = ORIENTED_EDGE('',*,*,#6519,.T.);
#6519 = EDGE_CURVE('',#2229,#4651,#6520,.T.);
#6520 = LINE('',#6521,#6522);
#6521 = CARTESIAN_POINT('',(4.969026892989,-10.12244889546,0.));
#6522 = VECTOR('',#6523,1.);
#6523 = DIRECTION('',(0.,0.,1.));
#6524 = ORIENTED_EDGE('',*,*,#4657,.T.);
#6525 = ORIENTED_EDGE('',*,*,#6483,.F.);
#6526 = ORIENTED_EDGE('',*,*,#2235,.F.);
#6527 = SURFACE_OF_LINEAR_EXTRUSION('',#6528,#6551);
#6528 = B_SPLINE_CURVE_WITH_KNOTS('',3,(#6529,#6530,#6531,#6532,#6533,
    #6534,#6535,#6536,#6537,#6538,#6539,#6540,#6541,#6542,#6543,#6544,
    #6545,#6546,#6547,#6548,#6549,#6550),.UNSPECIFIED.,.F.,.F.,(4,1,1,1,
    1,1,1,1,1,1,1,1,1,1,1,1,1,1,1,4),(0.,4.505803579075E-03,
    1.802308094653E-02,4.055185877624E-02,7.209214087878E-02,
    0.112643928524,0.16220722229,0.220782022487,0.288368329302,
    0.364966142856,0.450575463231,0.545196290485,0.648828624664,
    0.761472465799,0.883127813916,1.013794669037,1.153473031177,
    1.302162900351,1.459864276568,1.626577159839),.UNSPECIFIED.);
#6529 = CARTESIAN_POINT('',(4.969026892989,-10.12244889546,0.));
#6530 = CARTESIAN_POINT('',(4.96970399598,-10.12378968316,0.));
#6531 = CARTESIAN_POINT('',(4.972453120361,-10.1291314856,0.));
#6532 = CARTESIAN_POINT('',(4.978988817259,-10.14096679529,0.));
#6533 = CARTESIAN_POINT('',(4.990362345997,-10.16041610086,0.));
#6534 = CARTESIAN_POINT('',(5.007049575949,-10.18718585804,0.));
#6535 = CARTESIAN_POINT('',(5.029446439531,-10.22099763826,0.));
#6536 = CARTESIAN_POINT('',(5.057969467154,-10.26153918073,0.));
#6537 = CARTESIAN_POINT('',(5.093009264459,-10.30848724843,0.));
#6538 = CARTESIAN_POINT('',(5.134947671478,-10.36149942979,0.));
#6539 = CARTESIAN_POINT('',(5.184150594413,-10.42021784626,0.));
#6540 = CARTESIAN_POINT('',(5.240969628302,-10.48426859991,0.));
#6541 = CARTESIAN_POINT('',(5.305740709051,-10.55326270188,0.));
#6542 = CARTESIAN_POINT('',(5.378783778782,-10.62679653677,0.));
#6543 = CARTESIAN_POINT('',(5.460402158254,-10.70445250015,0.));
#6544 = CARTESIAN_POINT('',(5.550882022194,-10.78579961586,0.));
#6545 = CARTESIAN_POINT('',(5.65049194969,-10.8703941457,0.));
#6546 = CARTESIAN_POINT('',(5.759482157385,-10.95778038431,0.));
#6547 = CARTESIAN_POINT('',(5.878085195234,-11.04749076338,0.));
#6548 = CARTESIAN_POINT('',(6.006510754606,-11.1390488792,0.));
#6549 = CARTESIAN_POINT('',(6.0963186576,-11.19931599525,0.));
#6550 = CARTESIAN_POINT('',(6.142880597411,-11.229649058,0.));
#6551 = VECTOR('',#6552,1.);
#6552 = DIRECTION('',(-0.,-0.,-1.));
#6553 = ADVANCED_FACE('',(#6554),#6565,.F.);
#6554 = FACE_BOUND('',#6555,.F.);
#6555 = EDGE_LOOP('',(#6556,#6557,#6558,#6564));
#6556 = ORIENTED_EDGE('',*,*,#6503,.T.);
#6557 = ORIENTED_EDGE('',*,*,#3051,.T.);
#6558 = ORIENTED_EDGE('',*,*,#6559,.F.);
#6559 = EDGE_CURVE('',#630,#3052,#6560,.T.);
#6560 = LINE('',#6561,#6562);
#6561 = CARTESIAN_POINT('',(4.969026892989,10.122448895466,0.));
#6562 = VECTOR('',#6563,1.);
#6563 = DIRECTION('',(0.,0.,1.));
#6564 = ORIENTED_EDGE('',*,*,#629,.F.);
#6565 = SURFACE_OF_LINEAR_EXTRUSION('',#6566,#6589);
#6566 = B_SPLINE_CURVE_WITH_KNOTS('',3,(#6567,#6568,#6569,#6570,#6571,
    #6572,#6573,#6574,#6575,#6576,#6577,#6578,#6579,#6580,#6581,#6582,
    #6583,#6584,#6585,#6586,#6587,#6588),.UNSPECIFIED.,.F.,.F.,(4,1,1,1,
    1,1,1,1,1,1,1,1,1,1,1,1,1,1,1,4),(0.,0.166712883271,0.324414259488,
    0.473104128661,0.612782490802,0.743449345922,0.86510469404,
    0.977748535175,1.081380869354,1.176001696608,1.261611016983,
    1.338208830536,1.405795137351,1.464369937549,1.513933231314,
    1.55448501896,1.586025301063,1.608554078892,1.62207135626,
    1.626577159839),.UNSPECIFIED.);
#6567 = CARTESIAN_POINT('',(6.142880597411,11.229649058005,0.));
#6568 = CARTESIAN_POINT('',(6.096318657601,11.199315995255,0.));
#6569 = CARTESIAN_POINT('',(6.006510754606,11.139048879206,0.));
#6570 = CARTESIAN_POINT('',(5.878085195234,11.047490763389,0.));
#6571 = CARTESIAN_POINT('',(5.759482157385,10.95778038431,0.));
#6572 = CARTESIAN_POINT('',(5.65049194969,10.870394145704,0.));
#6573 = CARTESIAN_POINT('',(5.550882022194,10.785799615861,0.));
#6574 = CARTESIAN_POINT('',(5.460402158254,10.704452500155,0.));
#6575 = CARTESIAN_POINT('',(5.378783778782,10.626796536774,0.));
#6576 = CARTESIAN_POINT('',(5.305740709051,10.553262701889,0.));
#6577 = CARTESIAN_POINT('',(5.240969628302,10.484268599913,0.));
#6578 = CARTESIAN_POINT('',(5.184150594413,10.420217846262,0.));
#6579 = CARTESIAN_POINT('',(5.134947671478,10.361499429794,0.));
#6580 = CARTESIAN_POINT('',(5.093009264459,10.308487248437,0.));
#6581 = CARTESIAN_POINT('',(5.057969467154,10.261539180734,0.));
#6582 = CARTESIAN_POINT('',(5.029446439531,10.22099763826,0.));
#6583 = CARTESIAN_POINT('',(5.007049575949,10.187185858046,0.));
#6584 = CARTESIAN_POINT('',(4.990362345997,10.160416100864,0.));
#6585 = CARTESIAN_POINT('',(4.978988817259,10.140966795299,0.));
#6586 = CARTESIAN_POINT('',(4.972453120361,10.129131485605,0.));
#6587 = CARTESIAN_POINT('',(4.96970399598,10.123789683165,0.));
#6588 = CARTESIAN_POINT('',(4.969026892989,10.122448895466,0.));
#6589 = VECTOR('',#6590,1.);
#6590 = DIRECTION('',(-0.,-0.,-1.));
#6591 = ADVANCED_FACE('',(#6592),#6603,.F.);
#6592 = FACE_BOUND('',#6593,.F.);
#6593 = EDGE_LOOP('',(#6594,#6600,#6601,#6602));
#6594 = ORIENTED_EDGE('',*,*,#6595,.T.);
#6595 = EDGE_CURVE('',#2222,#4644,#6596,.T.);
#6596 = LINE('',#6597,#6598);
#6597 = CARTESIAN_POINT('',(4.847267306158,-9.87441135778,0.));
#6598 = VECTOR('',#6599,1.);
#6599 = DIRECTION('',(0.,0.,1.));
#6600 = ORIENTED_EDGE('',*,*,#4650,.T.);
#6601 = ORIENTED_EDGE('',*,*,#6519,.F.);
#6602 = ORIENTED_EDGE('',*,*,#2228,.F.);
#6603 = SURFACE_OF_LINEAR_EXTRUSION('',#6604,#6607);
#6604 = B_SPLINE_CURVE_WITH_KNOTS('',1,(#6605,#6606),.UNSPECIFIED.,.F.,
  .F.,(2,2),(0.,0.276311449431),.PIECEWISE_BEZIER_KNOTS.);
#6605 = CARTESIAN_POINT('',(4.847267306158,-9.87441135778,0.));
#6606 = CARTESIAN_POINT('',(4.969026892989,-10.12244889546,0.));
#6607 = VECTOR('',#6608,1.);
#6608 = DIRECTION('',(-0.,-0.,-1.));
#6609 = ADVANCED_FACE('',(#6610),#6621,.F.);
#6610 = FACE_BOUND('',#6611,.F.);
#6611 = EDGE_LOOP('',(#6612,#6613,#6614,#6620));
#6612 = ORIENTED_EDGE('',*,*,#6559,.T.);
#6613 = ORIENTED_EDGE('',*,*,#3078,.T.);
#6614 = ORIENTED_EDGE('',*,*,#6615,.F.);
#6615 = EDGE_CURVE('',#657,#3079,#6616,.T.);
#6616 = LINE('',#6617,#6618);
#6617 = CARTESIAN_POINT('',(4.847267306158,9.87441135778,0.));
#6618 = VECTOR('',#6619,1.);
#6619 = DIRECTION('',(0.,0.,1.));
#6620 = ORIENTED_EDGE('',*,*,#656,.F.);
#6621 = SURFACE_OF_LINEAR_EXTRUSION('',#6622,#6625);
#6622 = B_SPLINE_CURVE_WITH_KNOTS('',1,(#6623,#6624),.UNSPECIFIED.,.F.,
  .F.,(2,2),(0.,0.276311449431),.PIECEWISE_BEZIER_KNOTS.);
#6623 = CARTESIAN_POINT('',(4.969026892989,10.122448895466,0.));
#6624 = CARTESIAN_POINT('',(4.847267306158,9.87441135778,0.));
#6625 = VECTOR('',#6626,1.);
#6626 = DIRECTION('',(-0.,-0.,-1.));
#6627 = ADVANCED_FACE('',(#6628),#6639,.F.);
#6628 = FACE_BOUND('',#6629,.F.);
#6629 = EDGE_LOOP('',(#6630,#6636,#6637,#6638));
#6630 = ORIENTED_EDGE('',*,*,#6631,.T.);
#6631 = EDGE_CURVE('',#2215,#4637,#6632,.T.);
#6632 = LINE('',#6633,#6634);
#6633 = CARTESIAN_POINT('',(4.094662793416,-10.20949247554,0.));
#6634 = VECTOR('',#6635,1.);
#6635 = DIRECTION('',(0.,0.,1.));
#6636 = ORIENTED_EDGE('',*,*,#4643,.T.);
#6637 = ORIENTED_EDGE('',*,*,#6595,.F.);
#6638 = ORIENTED_EDGE('',*,*,#2221,.F.);
#6639 = SURFACE_OF_LINEAR_EXTRUSION('',#6640,#6643);
#6640 = B_SPLINE_CURVE_WITH_KNOTS('',1,(#6641,#6642),.UNSPECIFIED.,.F.,
  .F.,(2,2),(0.,0.823828203015),.PIECEWISE_BEZIER_KNOTS.);
#6641 = CARTESIAN_POINT('',(4.094662793416,-10.20949247554,0.));
#6642 = CARTESIAN_POINT('',(4.847267306158,-9.87441135778,0.));
#6643 = VECTOR('',#6644,1.);
#6644 = DIRECTION('',(-0.,-0.,-1.));
#6645 = ADVANCED_FACE('',(#6646),#6657,.F.);
#6646 = FACE_BOUND('',#6647,.F.);
#6647 = EDGE_LOOP('',(#6648,#6649,#6650,#6656));
#6648 = ORIENTED_EDGE('',*,*,#6615,.T.);
#6649 = ORIENTED_EDGE('',*,*,#3085,.T.);
#6650 = ORIENTED_EDGE('',*,*,#6651,.F.);
#6651 = EDGE_CURVE('',#664,#3086,#6652,.T.);
#6652 = LINE('',#6653,#6654);
#6653 = CARTESIAN_POINT('',(4.094662793416,10.209492475545,0.));
#6654 = VECTOR('',#6655,1.);
#6655 = DIRECTION('',(0.,0.,1.));
#6656 = ORIENTED_EDGE('',*,*,#663,.F.);
#6657 = SURFACE_OF_LINEAR_EXTRUSION('',#6658,#6661);
#6658 = B_SPLINE_CURVE_WITH_KNOTS('',1,(#6659,#6660),.UNSPECIFIED.,.F.,
  .F.,(2,2),(0.,0.823828203015),.PIECEWISE_BEZIER_KNOTS.);
#6659 = CARTESIAN_POINT('',(4.847267306158,9.87441135778,0.));
#6660 = CARTESIAN_POINT('',(4.094662793416,10.209492475545,0.));
#6661 = VECTOR('',#6662,1.);
#6662 = DIRECTION('',(-0.,-0.,-1.));
#6663 = ADVANCED_FACE('',(#6664),#6675,.F.);
#6664 = FACE_BOUND('',#6665,.F.);
#6665 = EDGE_LOOP('',(#6666,#6672,#6673,#6674));
#6666 = ORIENTED_EDGE('',*,*,#6667,.T.);
#6667 = EDGE_CURVE('',#2188,#4610,#6668,.T.);
#6668 = LINE('',#6669,#6670);
#6669 = CARTESIAN_POINT('',(4.197517539905,-10.46594699044,0.));
#6670 = VECTOR('',#6671,1.);
#6671 = DIRECTION('',(0.,0.,1.));
#6672 = ORIENTED_EDGE('',*,*,#4636,.T.);
#6673 = ORIENTED_EDGE('',*,*,#6631,.F.);
#6674 = ORIENTED_EDGE('',*,*,#2214,.F.);
#6675 = SURFACE_OF_LINEAR_EXTRUSION('',#6676,#6679);
#6676 = B_SPLINE_CURVE_WITH_KNOTS('',1,(#6677,#6678),.UNSPECIFIED.,.F.,
  .F.,(2,2),(0.,0.276311449431),.PIECEWISE_BEZIER_KNOTS.);
#6677 = CARTESIAN_POINT('',(4.197517539905,-10.46594699044,0.));
#6678 = CARTESIAN_POINT('',(4.094662793416,-10.20949247554,0.));
#6679 = VECTOR('',#6680,1.);
#6680 = DIRECTION('',(-0.,-0.,-1.));
#6681 = ADVANCED_FACE('',(#6682),#6693,.F.);
#6682 = FACE_BOUND('',#6683,.F.);
#6683 = EDGE_LOOP('',(#6684,#6685,#6686,#6692));
#6684 = ORIENTED_EDGE('',*,*,#6651,.T.);
#6685 = ORIENTED_EDGE('',*,*,#3092,.T.);
#6686 = ORIENTED_EDGE('',*,*,#6687,.F.);
#6687 = EDGE_CURVE('',#671,#3093,#6688,.T.);
#6688 = LINE('',#6689,#6690);
#6689 = CARTESIAN_POINT('',(4.197517539905,10.465946990443,0.));
#6690 = VECTOR('',#6691,1.);
#6691 = DIRECTION('',(0.,0.,1.));
#6692 = ORIENTED_EDGE('',*,*,#670,.F.);
#6693 = SURFACE_OF_LINEAR_EXTRUSION('',#6694,#6697);
#6694 = B_SPLINE_CURVE_WITH_KNOTS('',1,(#6695,#6696),.UNSPECIFIED.,.F.,
  .F.,(2,2),(0.,0.276311449431),.PIECEWISE_BEZIER_KNOTS.);
#6695 = CARTESIAN_POINT('',(4.094662793416,10.209492475545,0.));
#6696 = CARTESIAN_POINT('',(4.197517539905,10.465946990443,0.));
#6697 = VECTOR('',#6698,1.);
#6698 = DIRECTION('',(-0.,-0.,-1.));
#6699 = ADVANCED_FACE('',(#6700),#6711,.F.);
#6700 = FACE_BOUND('',#6701,.F.);
#6701 = EDGE_LOOP('',(#6702,#6708,#6709,#6710));
#6702 = ORIENTED_EDGE('',*,*,#6703,.T.);
#6703 = EDGE_CURVE('',#2181,#4603,#6704,.T.);
#6704 = LINE('',#6705,#6706);
#6705 = CARTESIAN_POINT('',(4.234866170448,-12.07915181287,0.));
#6706 = VECTOR('',#6707,1.);
#6707 = DIRECTION('',(0.,0.,1.));
#6708 = ORIENTED_EDGE('',*,*,#4609,.T.);
#6709 = ORIENTED_EDGE('',*,*,#6667,.F.);
#6710 = ORIENTED_EDGE('',*,*,#2187,.F.);
#6711 = SURFACE_OF_LINEAR_EXTRUSION('',#6712,#6735);
#6712 = B_SPLINE_CURVE_WITH_KNOTS('',3,(#6713,#6714,#6715,#6716,#6717,
    #6718,#6719,#6720,#6721,#6722,#6723,#6724,#6725,#6726,#6727,#6728,
    #6729,#6730,#6731,#6732,#6733,#6734),.UNSPECIFIED.,.F.,.F.,(4,1,1,1,
    1,1,1,1,1,1,1,1,1,1,1,1,1,1,1,4),(0.,0.166712883271,0.324414259488,
    0.473104128661,0.612782490802,0.743449345922,0.86510469404,
    0.977748535175,1.081380869354,1.176001696608,1.261611016983,
    1.338208830536,1.405795137351,1.464369937549,1.513933231314,
    1.55448501896,1.586025301063,1.608554078892,1.62207135626,
    1.626577159839),.UNSPECIFIED.);
#6713 = CARTESIAN_POINT('',(4.234866170448,-12.07915181287,0.));
#6714 = CARTESIAN_POINT('',(4.243480330843,-12.02425276756,0.));
#6715 = CARTESIAN_POINT('',(4.258786351991,-11.91718591726,0.));
#6716 = CARTESIAN_POINT('',(4.276678884406,-11.7604827898,0.));
#6717 = CARTESIAN_POINT('',(4.289372003033,-11.61231559559,0.));
#6718 = CARTESIAN_POINT('',(4.297360055758,-11.47284727988,0.));
#6719 = CARTESIAN_POINT('',(4.301146119826,-11.34221788865,0.));
#6720 = CARTESIAN_POINT('',(4.301236277944,-11.2205464011,0.));
#6721 = CARTESIAN_POINT('',(4.298140006335,-11.10793014286,0.));
#6722 = CARTESIAN_POINT('',(4.292369070982,-11.00444482403,0.));
#6723 = CARTESIAN_POINT('',(4.284436773647,-10.91014446524,0.));
#6724 = CARTESIAN_POINT('',(4.274857142101,-10.82506137459,0.));
#6725 = CARTESIAN_POINT('',(4.264144036401,-10.7492061874,0.));
#6726 = CARTESIAN_POINT('',(4.252810579857,-10.68256780418,0.));
#6727 = CARTESIAN_POINT('',(4.241367567094,-10.62511377111,0.));
#6728 = CARTESIAN_POINT('',(4.230324960357,-10.57678944383,0.));
#6729 = CARTESIAN_POINT('',(4.22018433776,-10.53752083356,0.));
#6730 = CARTESIAN_POINT('',(4.211456467527,-10.50720734111,0.));
#6731 = CARTESIAN_POINT('',(4.204613192918,-10.48574103646,0.));
#6732 = CARTESIAN_POINT('',(4.200191078589,-10.47296469917,0.));
#6733 = CARTESIAN_POINT('',(4.198060869011,-10.46734733811,0.));
#6734 = CARTESIAN_POINT('',(4.197517539905,-10.46594699044,0.));
#6735 = VECTOR('',#6736,1.);
#6736 = DIRECTION('',(-0.,-0.,-1.));
#6737 = ADVANCED_FACE('',(#6738),#6749,.F.);
#6738 = FACE_BOUND('',#6739,.F.);
#6739 = EDGE_LOOP('',(#6740,#6741,#6742,#6748));
#6740 = ORIENTED_EDGE('',*,*,#6687,.T.);
#6741 = ORIENTED_EDGE('',*,*,#3099,.T.);
#6742 = ORIENTED_EDGE('',*,*,#6743,.F.);
#6743 = EDGE_CURVE('',#678,#3100,#6744,.T.);
#6744 = LINE('',#6745,#6746);
#6745 = CARTESIAN_POINT('',(4.234866170448,12.079151812871,0.));
#6746 = VECTOR('',#6747,1.);
#6747 = DIRECTION('',(0.,0.,1.));
#6748 = ORIENTED_EDGE('',*,*,#677,.F.);
#6749 = SURFACE_OF_LINEAR_EXTRUSION('',#6750,#6773);
#6750 = B_SPLINE_CURVE_WITH_KNOTS('',3,(#6751,#6752,#6753,#6754,#6755,
    #6756,#6757,#6758,#6759,#6760,#6761,#6762,#6763,#6764,#6765,#6766,
    #6767,#6768,#6769,#6770,#6771,#6772),.UNSPECIFIED.,.F.,.F.,(4,1,1,1,
    1,1,1,1,1,1,1,1,1,1,1,1,1,1,1,4),(0.,4.505803579075E-03,
    1.802308094653E-02,4.055185877624E-02,7.209214087878E-02,
    0.112643928524,0.16220722229,0.220782022487,0.288368329302,
    0.364966142856,0.450575463231,0.545196290485,0.648828624664,
    0.761472465799,0.883127813916,1.013794669037,1.153473031177,
    1.302162900351,1.459864276568,1.626577159839),.UNSPECIFIED.);
#6751 = CARTESIAN_POINT('',(4.197517539905,10.465946990443,0.));
#6752 = CARTESIAN_POINT('',(4.198060869011,10.467347338113,0.));
#6753 = CARTESIAN_POINT('',(4.200191078589,10.472964699177,0.));
#6754 = CARTESIAN_POINT('',(4.204613192918,10.48574103646,0.));
#6755 = CARTESIAN_POINT('',(4.211456467527,10.507207341114,0.));
#6756 = CARTESIAN_POINT('',(4.22018433776,10.53752083356,0.));
#6757 = CARTESIAN_POINT('',(4.230324960357,10.576789443835,0.));
#6758 = CARTESIAN_POINT('',(4.241367567094,10.625113771118,0.));
#6759 = CARTESIAN_POINT('',(4.252810579857,10.68256780418,0.));
#6760 = CARTESIAN_POINT('',(4.264144036401,10.749206187401,0.));
#6761 = CARTESIAN_POINT('',(4.274857142101,10.825061374594,0.));
#6762 = CARTESIAN_POINT('',(4.284436773647,10.910144465246,0.));
#6763 = CARTESIAN_POINT('',(4.292369070982,11.004444824035,0.));
#6764 = CARTESIAN_POINT('',(4.298140006335,11.107930142867,0.));
#6765 = CARTESIAN_POINT('',(4.301236277944,11.2205464011,0.));
#6766 = CARTESIAN_POINT('',(4.301146119826,11.342217888655,0.));
#6767 = CARTESIAN_POINT('',(4.297360055758,11.472847279888,0.));
#6768 = CARTESIAN_POINT('',(4.289372003033,11.612315595591,0.));
#6769 = CARTESIAN_POINT('',(4.276678884406,11.760482789804,0.));
#6770 = CARTESIAN_POINT('',(4.258786351991,11.917185917264,0.));
#6771 = CARTESIAN_POINT('',(4.243480330843,12.024252767566,0.));
#6772 = CARTESIAN_POINT('',(4.234866170448,12.079151812871,0.));
#6773 = VECTOR('',#6774,1.);
#6774 = DIRECTION('',(-0.,-0.,-1.));
#6775 = ADVANCED_FACE('',(#6776),#6787,.F.);
#6776 = FACE_BOUND('',#6777,.F.);
#6777 = EDGE_LOOP('',(#6778,#6784,#6785,#6786));
#6778 = ORIENTED_EDGE('',*,*,#6779,.T.);
#6779 = EDGE_CURVE('',#2154,#4576,#6780,.T.);
#6780 = LINE('',#6781,#6782);
#6781 = CARTESIAN_POINT('',(3.673868595012,-12.26143097467,0.));
#6782 = VECTOR('',#6783,1.);
#6783 = DIRECTION('',(0.,0.,1.));
#6784 = ORIENTED_EDGE('',*,*,#4602,.T.);
#6785 = ORIENTED_EDGE('',*,*,#6703,.F.);
#6786 = ORIENTED_EDGE('',*,*,#2180,.F.);
#6787 = SURFACE_OF_LINEAR_EXTRUSION('',#6788,#6791);
#6788 = B_SPLINE_CURVE_WITH_KNOTS('',1,(#6789,#6790),.UNSPECIFIED.,.F.,
  .F.,(2,2),(0.,0.58986775846),.PIECEWISE_BEZIER_KNOTS.);
#6789 = CARTESIAN_POINT('',(3.673868595012,-12.26143097467,0.));
#6790 = CARTESIAN_POINT('',(4.234866170448,-12.07915181287,0.));
#6791 = VECTOR('',#6792,1.);
#6792 = DIRECTION('',(-0.,-0.,-1.));
#6793 = ADVANCED_FACE('',(#6794),#6805,.F.);
#6794 = FACE_BOUND('',#6795,.F.);
#6795 = EDGE_LOOP('',(#6796,#6797,#6798,#6804));
#6796 = ORIENTED_EDGE('',*,*,#6743,.T.);
#6797 = ORIENTED_EDGE('',*,*,#3126,.T.);
#6798 = ORIENTED_EDGE('',*,*,#6799,.F.);
#6799 = EDGE_CURVE('',#705,#3127,#6800,.T.);
#6800 = LINE('',#6801,#6802);
#6801 = CARTESIAN_POINT('',(3.673868595012,12.26143097467,0.));
#6802 = VECTOR('',#6803,1.);
#6803 = DIRECTION('',(0.,0.,1.));
#6804 = ORIENTED_EDGE('',*,*,#704,.F.);
#6805 = SURFACE_OF_LINEAR_EXTRUSION('',#6806,#6809);
#6806 = B_SPLINE_CURVE_WITH_KNOTS('',1,(#6807,#6808),.UNSPECIFIED.,.F.,
  .F.,(2,2),(0.,0.58986775846),.PIECEWISE_BEZIER_KNOTS.);
#6807 = CARTESIAN_POINT('',(4.234866170448,12.079151812871,0.));
#6808 = CARTESIAN_POINT('',(3.673868595012,12.26143097467,0.));
#6809 = VECTOR('',#6810,1.);
#6810 = DIRECTION('',(-0.,-0.,-1.));
#6811 = ADVANCED_FACE('',(#6812),#6823,.F.);
#6812 = FACE_BOUND('',#6813,.F.);
#6813 = EDGE_LOOP('',(#6814,#6820,#6821,#6822));
#6814 = ORIENTED_EDGE('',*,*,#6815,.T.);
#6815 = EDGE_CURVE('',#2147,#4569,#6816,.T.);
#6816 = LINE('',#6817,#6818);
#6817 = CARTESIAN_POINT('',(2.755866268287,-10.93436788369,0.));
#6818 = VECTOR('',#6819,1.);
#6819 = DIRECTION('',(0.,0.,1.));
#6820 = ORIENTED_EDGE('',*,*,#4575,.T.);
#6821 = ORIENTED_EDGE('',*,*,#6779,.F.);
#6822 = ORIENTED_EDGE('',*,*,#2153,.F.);
#6823 = SURFACE_OF_LINEAR_EXTRUSION('',#6824,#6847);
#6824 = B_SPLINE_CURVE_WITH_KNOTS('',3,(#6825,#6826,#6827,#6828,#6829,
    #6830,#6831,#6832,#6833,#6834,#6835,#6836,#6837,#6838,#6839,#6840,
    #6841,#6842,#6843,#6844,#6845,#6846),.UNSPECIFIED.,.F.,.F.,(4,1,1,1,
    1,1,1,1,1,1,1,1,1,1,1,1,1,1,1,4),(0.,4.505803579075E-03,
    1.802308094653E-02,4.055185877624E-02,7.209214087878E-02,
    0.112643928524,0.16220722229,0.220782022487,0.288368329302,
    0.364966142856,0.450575463231,0.545196290485,0.648828624664,
    0.761472465799,0.883127813916,1.013794669037,1.153473031177,
    1.302162900351,1.459864276568,1.626577159839),.UNSPECIFIED.);
#6825 = CARTESIAN_POINT('',(2.755866268287,-10.93436788369,0.));
#6826 = CARTESIAN_POINT('',(2.756249809515,-10.93582014959,0.));
#6827 = CARTESIAN_POINT('',(2.757828235755,-10.94161679592,0.));
#6828 = CARTESIAN_POINT('',(2.761760412745,-10.9545523235,0.));
#6829 = CARTESIAN_POINT('',(2.768841664587,-10.97594130466,0.));
#6830 = CARTESIAN_POINT('',(2.779598493049,-11.00559554862,0.));
#6831 = CARTESIAN_POINT('',(2.794476067032,-11.04332503009,0.));
#6832 = CARTESIAN_POINT('',(2.813946737423,-11.08891091349,0.));
#6833 = CARTESIAN_POINT('',(2.83845977895,-11.14211823677,0.));
#6834 = CARTESIAN_POINT('',(2.868459878894,-11.20269145989,0.));
#6835 = CARTESIAN_POINT('',(2.904379354662,-11.27035660098,0.));
#6836 = CARTESIAN_POINT('',(2.946639855846,-11.34482103339,0.));
#6837 = CARTESIAN_POINT('',(2.99565085268,-11.42577411362,0.));
#6838 = CARTESIAN_POINT('',(3.051809212145,-11.51288756592,0.));
#6839 = CARTESIAN_POINT('',(3.115498451552,-11.60581597546,0.));
#6840 = CARTESIAN_POINT('',(3.18708809701,-11.70419728301,0.));
#6841 = CARTESIAN_POINT('',(3.266933116866,-11.80765328786,0.));
#6842 = CARTESIAN_POINT('',(3.355373006404,-11.91579026585,0.));
#6843 = CARTESIAN_POINT('',(3.452732446717,-12.02819921605,0.));
#6844 = CARTESIAN_POINT('',(3.559315596822,-12.14445774255,0.));
#6845 = CARTESIAN_POINT('',(3.634630743665,-12.22207999048,0.));
#6846 = CARTESIAN_POINT('',(3.673868595012,-12.26143097467,0.));
#6847 = VECTOR('',#6848,1.);
#6848 = DIRECTION('',(-0.,-0.,-1.));
#6849 = ADVANCED_FACE('',(#6850),#6861,.F.);
#6850 = FACE_BOUND('',#6851,.F.);
#6851 = EDGE_LOOP('',(#6852,#6853,#6854,#6860));
#6852 = ORIENTED_EDGE('',*,*,#6799,.T.);
#6853 = ORIENTED_EDGE('',*,*,#3133,.T.);
#6854 = ORIENTED_EDGE('',*,*,#6855,.F.);
#6855 = EDGE_CURVE('',#712,#3134,#6856,.T.);
#6856 = LINE('',#6857,#6858);
#6857 = CARTESIAN_POINT('',(2.755866268287,10.934367883691,0.));
#6858 = VECTOR('',#6859,1.);
#6859 = DIRECTION('',(0.,0.,1.));
#6860 = ORIENTED_EDGE('',*,*,#711,.F.);
#6861 = SURFACE_OF_LINEAR_EXTRUSION('',#6862,#6885);
#6862 = B_SPLINE_CURVE_WITH_KNOTS('',3,(#6863,#6864,#6865,#6866,#6867,
    #6868,#6869,#6870,#6871,#6872,#6873,#6874,#6875,#6876,#6877,#6878,
    #6879,#6880,#6881,#6882,#6883,#6884),.UNSPECIFIED.,.F.,.F.,(4,1,1,1,
    1,1,1,1,1,1,1,1,1,1,1,1,1,1,1,4),(0.,0.166712883271,0.324414259488,
    0.473104128661,0.612782490802,0.743449345922,0.86510469404,
    0.977748535175,1.081380869354,1.176001696608,1.261611016983,
    1.338208830536,1.405795137351,1.464369937549,1.513933231314,
    1.55448501896,1.586025301063,1.608554078892,1.62207135626,
    1.626577159839),.UNSPECIFIED.);
#6863 = CARTESIAN_POINT('',(3.673868595012,12.26143097467,0.));
#6864 = CARTESIAN_POINT('',(3.634630743665,12.222079990484,0.));
#6865 = CARTESIAN_POINT('',(3.559315596822,12.144457742557,0.));
#6866 = CARTESIAN_POINT('',(3.452732446717,12.02819921605,0.));
#6867 = CARTESIAN_POINT('',(3.355373006404,11.915790265857,0.));
#6868 = CARTESIAN_POINT('',(3.266933116866,11.807653287863,0.));
#6869 = CARTESIAN_POINT('',(3.18708809701,11.704197283015,0.));
#6870 = CARTESIAN_POINT('',(3.115498451552,11.605815975463,0.));
#6871 = CARTESIAN_POINT('',(3.051809212145,11.512887565921,0.));
#6872 = CARTESIAN_POINT('',(2.99565085268,11.425774113626,0.));
#6873 = CARTESIAN_POINT('',(2.946639855846,11.344821033399,0.));
#6874 = CARTESIAN_POINT('',(2.904379354662,11.270356600983,0.));
#6875 = CARTESIAN_POINT('',(2.868459878894,11.202691459895,0.));
#6876 = CARTESIAN_POINT('',(2.83845977895,11.142118236777,0.));
#6877 = CARTESIAN_POINT('',(2.813946737423,11.088910913491,0.));
#6878 = CARTESIAN_POINT('',(2.794476067032,11.04332503009,0.));
#6879 = CARTESIAN_POINT('',(2.779598493049,11.005595548621,0.));
#6880 = CARTESIAN_POINT('',(2.768841664587,10.975941304667,0.));
#6881 = CARTESIAN_POINT('',(2.761760412745,10.954552323502,0.));
#6882 = CARTESIAN_POINT('',(2.757828235755,10.941616795928,0.));
#6883 = CARTESIAN_POINT('',(2.756249809515,10.93582014959,0.));
#6884 = CARTESIAN_POINT('',(2.755866268287,10.934367883691,0.));
#6885 = VECTOR('',#6886,1.);
#6886 = DIRECTION('',(-0.,-0.,-1.));
#6887 = ADVANCED_FACE('',(#6888),#6899,.F.);
#6888 = FACE_BOUND('',#6889,.F.);
#6889 = EDGE_LOOP('',(#6890,#6896,#6897,#6898));
#6890 = ORIENTED_EDGE('',*,*,#6891,.T.);
#6891 = EDGE_CURVE('',#2140,#4562,#6892,.T.);
#6892 = LINE('',#6893,#6894);
#6893 = CARTESIAN_POINT('',(2.688337324408,-10.66643531974,0.));
#6894 = VECTOR('',#6895,1.);
#6895 = DIRECTION('',(0.,0.,1.));
#6896 = ORIENTED_EDGE('',*,*,#4568,.T.);
#6897 = ORIENTED_EDGE('',*,*,#6815,.F.);
#6898 = ORIENTED_EDGE('',*,*,#2146,.F.);
#6899 = SURFACE_OF_LINEAR_EXTRUSION('',#6900,#6903);
#6900 = B_SPLINE_CURVE_WITH_KNOTS('',1,(#6901,#6902),.UNSPECIFIED.,.F.,
  .F.,(2,2),(0.,0.276311449431),.PIECEWISE_BEZIER_KNOTS.);
#6901 = CARTESIAN_POINT('',(2.688337324408,-10.66643531974,0.));
#6902 = CARTESIAN_POINT('',(2.755866268287,-10.93436788369,0.));
#6903 = VECTOR('',#6904,1.);
#6904 = DIRECTION('',(-0.,-0.,-1.));
#6905 = ADVANCED_FACE('',(#6906),#6917,.F.);
#6906 = FACE_BOUND('',#6907,.F.);
#6907 = EDGE_LOOP('',(#6908,#6909,#6910,#6916));
#6908 = ORIENTED_EDGE('',*,*,#6855,.T.);
#6909 = ORIENTED_EDGE('',*,*,#3160,.T.);
#6910 = ORIENTED_EDGE('',*,*,#6911,.F.);
#6911 = EDGE_CURVE('',#739,#3161,#6912,.T.);
#6912 = LINE('',#6913,#6914);
#6913 = CARTESIAN_POINT('',(2.688337324408,10.66643531974,0.));
#6914 = VECTOR('',#6915,1.);
#6915 = DIRECTION('',(0.,0.,1.));
#6916 = ORIENTED_EDGE('',*,*,#738,.F.);
#6917 = SURFACE_OF_LINEAR_EXTRUSION('',#6918,#6921);
#6918 = B_SPLINE_CURVE_WITH_KNOTS('',1,(#6919,#6920),.UNSPECIFIED.,.F.,
  .F.,(2,2),(0.,0.276311449431),.PIECEWISE_BEZIER_KNOTS.);
#6919 = CARTESIAN_POINT('',(2.755866268287,10.934367883691,0.));
#6920 = CARTESIAN_POINT('',(2.688337324408,10.66643531974,0.));
#6921 = VECTOR('',#6922,1.);
#6922 = DIRECTION('',(-0.,-0.,-1.));
#6923 = ADVANCED_FACE('',(#6924),#6935,.F.);
#6924 = FACE_BOUND('',#6925,.F.);
#6925 = EDGE_LOOP('',(#6926,#6932,#6933,#6934));
#6926 = ORIENTED_EDGE('',*,*,#6927,.T.);
#6927 = EDGE_CURVE('',#2133,#4555,#6928,.T.);
#6928 = LINE('',#6929,#6930);
#6929 = CARTESIAN_POINT('',(1.882511744212,-10.83771883437,0.));
#6930 = VECTOR('',#6931,1.);
#6931 = DIRECTION('',(0.,0.,1.));
#6932 = ORIENTED_EDGE('',*,*,#4561,.T.);
#6933 = ORIENTED_EDGE('',*,*,#6891,.F.);
#6934 = ORIENTED_EDGE('',*,*,#2139,.F.);
#6935 = SURFACE_OF_LINEAR_EXTRUSION('',#6936,#6939);
#6936 = B_SPLINE_CURVE_WITH_KNOTS('',1,(#6937,#6938),.UNSPECIFIED.,.F.,
  .F.,(2,2),(0.,0.823828203015),.PIECEWISE_BEZIER_KNOTS.);
#6937 = CARTESIAN_POINT('',(1.882511744212,-10.83771883437,0.));
#6938 = CARTESIAN_POINT('',(2.688337324408,-10.66643531974,0.));
#6939 = VECTOR('',#6940,1.);
#6940 = DIRECTION('',(-0.,-0.,-1.));
#6941 = ADVANCED_FACE('',(#6942),#6953,.F.);
#6942 = FACE_BOUND('',#6943,.F.);
#6943 = EDGE_LOOP('',(#6944,#6945,#6946,#6952));
#6944 = ORIENTED_EDGE('',*,*,#6911,.T.);
#6945 = ORIENTED_EDGE('',*,*,#3167,.T.);
#6946 = ORIENTED_EDGE('',*,*,#6947,.F.);
#6947 = EDGE_CURVE('',#746,#3168,#6948,.T.);
#6948 = LINE('',#6949,#6950);
#6949 = CARTESIAN_POINT('',(1.882511744212,10.837718834372,0.));
#6950 = VECTOR('',#6951,1.);
#6951 = DIRECTION('',(0.,0.,1.));
#6952 = ORIENTED_EDGE('',*,*,#745,.F.);
#6953 = SURFACE_OF_LINEAR_EXTRUSION('',#6954,#6957);
#6954 = B_SPLINE_CURVE_WITH_KNOTS('',1,(#6955,#6956),.UNSPECIFIED.,.F.,
  .F.,(2,2),(0.,0.823828203015),.PIECEWISE_BEZIER_KNOTS.);
#6955 = CARTESIAN_POINT('',(2.688337324408,10.66643531974,0.));
#6956 = CARTESIAN_POINT('',(1.882511744212,10.837718834372,0.));
#6957 = VECTOR('',#6958,1.);
#6958 = DIRECTION('',(-0.,-0.,-1.));
#6959 = ADVANCED_FACE('',(#6960),#6971,.F.);
#6960 = FACE_BOUND('',#6961,.F.);
#6961 = EDGE_LOOP('',(#6962,#6968,#6969,#6970));
#6962 = ORIENTED_EDGE('',*,*,#6963,.T.);
#6963 = EDGE_CURVE('',#2106,#4528,#6964,.T.);
#6964 = LINE('',#6965,#6966);
#6965 = CARTESIAN_POINT('',(1.929798975904,-11.10995390706,0.));
#6966 = VECTOR('',#6967,1.);
#6967 = DIRECTION('',(0.,0.,1.));
#6968 = ORIENTED_EDGE('',*,*,#4554,.T.);
#6969 = ORIENTED_EDGE('',*,*,#6927,.F.);
#6970 = ORIENTED_EDGE('',*,*,#2132,.F.);
#6971 = SURFACE_OF_LINEAR_EXTRUSION('',#6972,#6975);
#6972 = B_SPLINE_CURVE_WITH_KNOTS('',1,(#6973,#6974),.UNSPECIFIED.,.F.,
  .F.,(2,2),(0.,0.276311449431),.PIECEWISE_BEZIER_KNOTS.);
#6973 = CARTESIAN_POINT('',(1.929798975904,-11.10995390706,0.));
#6974 = CARTESIAN_POINT('',(1.882511744212,-10.83771883437,0.));
#6975 = VECTOR('',#6976,1.);
#6976 = DIRECTION('',(-0.,-0.,-1.));
#6977 = ADVANCED_FACE('',(#6978),#6989,.F.);
#6978 = FACE_BOUND('',#6979,.F.);
#6979 = EDGE_LOOP('',(#6980,#6981,#6982,#6988));
#6980 = ORIENTED_EDGE('',*,*,#6947,.T.);
#6981 = ORIENTED_EDGE('',*,*,#3174,.T.);
#6982 = ORIENTED_EDGE('',*,*,#6983,.F.);
#6983 = EDGE_CURVE('',#753,#3175,#6984,.T.);
#6984 = LINE('',#6985,#6986);
#6985 = CARTESIAN_POINT('',(1.929798975904,11.109953907068,0.));
#6986 = VECTOR('',#6987,1.);
#6987 = DIRECTION('',(0.,0.,1.));
#6988 = ORIENTED_EDGE('',*,*,#752,.F.);
#6989 = SURFACE_OF_LINEAR_EXTRUSION('',#6990,#6993);
#6990 = B_SPLINE_CURVE_WITH_KNOTS('',1,(#6991,#6992),.UNSPECIFIED.,.F.,
  .F.,(2,2),(0.,0.276311449431),.PIECEWISE_BEZIER_KNOTS.);
#6991 = CARTESIAN_POINT('',(1.882511744212,10.837718834372,0.));
#6992 = CARTESIAN_POINT('',(1.929798975904,11.109953907068,0.));
#6993 = VECTOR('',#6994,1.);
#6994 = DIRECTION('',(-0.,-0.,-1.));
#6995 = ADVANCED_FACE('',(#6996),#7007,.F.);
#6996 = FACE_BOUND('',#6997,.F.);
#6997 = EDGE_LOOP('',(#6998,#7004,#7005,#7006));
#6998 = ORIENTED_EDGE('',*,*,#6999,.T.);
#6999 = EDGE_CURVE('',#2099,#4521,#7000,.T.);
#7000 = LINE('',#7001,#7002);
#7001 = CARTESIAN_POINT('',(1.630927306994,-12.69567155054,0.));
#7002 = VECTOR('',#7003,1.);
#7003 = DIRECTION('',(0.,0.,1.));
#7004 = ORIENTED_EDGE('',*,*,#4527,.T.);
#7005 = ORIENTED_EDGE('',*,*,#6963,.F.);
#7006 = ORIENTED_EDGE('',*,*,#2105,.F.);
#7007 = SURFACE_OF_LINEAR_EXTRUSION('',#7008,#7031);
#7008 = B_SPLINE_CURVE_WITH_KNOTS('',3,(#7009,#7010,#7011,#7012,#7013,
    #7014,#7015,#7016,#7017,#7018,#7019,#7020,#7021,#7022,#7023,#7024,
    #7025,#7026,#7027,#7028,#7029,#7030),.UNSPECIFIED.,.F.,.F.,(4,1,1,1,
    1,1,1,1,1,1,1,1,1,1,1,1,1,1,1,4),(0.,0.166712883271,0.324414259488,
    0.473104128661,0.612782490802,0.743449345922,0.86510469404,
    0.977748535175,1.081380869354,1.176001696608,1.261611016983,
    1.338208830536,1.405795137351,1.464369937549,1.513933231314,
    1.55448501896,1.586025301063,1.608554078892,1.62207135626,
    1.626577159839),.UNSPECIFIED.);
#7009 = CARTESIAN_POINT('',(1.630927306994,-12.69567155054,0.));
#7010 = CARTESIAN_POINT('',(1.65076738065,-12.64376316574,0.));
#7011 = CARTESIAN_POINT('',(1.68799937839,-12.54221828374,0.));
#7012 = CARTESIAN_POINT('',(1.73808132823,-12.39265956226,0.));
#7013 = CARTESIAN_POINT('',(1.781302763633,-12.25036922448,0.));
#7014 = CARTESIAN_POINT('',(1.818113351573,-12.11560943565,0.));
#7015 = CARTESIAN_POINT('',(1.84897605866,-11.98862177701,0.));
#7016 = CARTESIAN_POINT('',(1.874361171308,-11.86962784831,0.));
#7017 = CARTESIAN_POINT('',(1.894746797325,-11.75882877445,0.));
#7018 = CARTESIAN_POINT('',(1.910617778369,-11.65640501319,0.));
#7019 = CARTESIAN_POINT('',(1.922464967803,-11.56251612615,0.));
#7020 = CARTESIAN_POINT('',(1.930784443428,-11.47730058777,0.));
#7021 = CARTESIAN_POINT('',(1.936076625018,-11.40087563849,0.));
#7022 = CARTESIAN_POINT('',(1.93884573062,-11.33333710572,0.));
#7023 = CARTESIAN_POINT('',(1.939598140299,-11.27475944499,0.));
#7024 = CARTESIAN_POINT('',(1.938844033606,-11.22519523317,0.));
#7025 = CARTESIAN_POINT('',(1.937089411101,-11.18467638225,0.));
#7026 = CARTESIAN_POINT('',(1.934854795242,-11.15321068609,0.));
#7027 = CARTESIAN_POINT('',(1.932624158299,-11.1307906749,0.));
#7028 = CARTESIAN_POINT('',(1.930955027665,-11.11737412197,0.));
#7029 = CARTESIAN_POINT('',(1.930039283314,-11.11143661825,0.));
#7030 = CARTESIAN_POINT('',(1.929798975904,-11.10995390706,0.));
#7031 = VECTOR('',#7032,1.);
#7032 = DIRECTION('',(-0.,-0.,-1.));
#7033 = ADVANCED_FACE('',(#7034),#7045,.F.);
#7034 = FACE_BOUND('',#7035,.F.);
#7035 = EDGE_LOOP('',(#7036,#7037,#7038,#7044));
#7036 = ORIENTED_EDGE('',*,*,#6983,.T.);
#7037 = ORIENTED_EDGE('',*,*,#3181,.T.);
#7038 = ORIENTED_EDGE('',*,*,#7039,.F.);
#7039 = EDGE_CURVE('',#760,#3182,#7040,.T.);
#7040 = LINE('',#7041,#7042);
#7041 = CARTESIAN_POINT('',(1.630927306994,12.695671550544,0.));
#7042 = VECTOR('',#7043,1.);
#7043 = DIRECTION('',(0.,0.,1.));
#7044 = ORIENTED_EDGE('',*,*,#759,.F.);
#7045 = SURFACE_OF_LINEAR_EXTRUSION('',#7046,#7069);
#7046 = B_SPLINE_CURVE_WITH_KNOTS('',3,(#7047,#7048,#7049,#7050,#7051,
    #7052,#7053,#7054,#7055,#7056,#7057,#7058,#7059,#7060,#7061,#7062,
    #7063,#7064,#7065,#7066,#7067,#7068),.UNSPECIFIED.,.F.,.F.,(4,1,1,1,
    1,1,1,1,1,1,1,1,1,1,1,1,1,1,1,4),(0.,4.505803579075E-03,
    1.802308094653E-02,4.055185877624E-02,7.209214087878E-02,
    0.112643928524,0.16220722229,0.220782022487,0.288368329302,
    0.364966142856,0.450575463231,0.545196290485,0.648828624664,
    0.761472465799,0.883127813916,1.013794669037,1.153473031177,
    1.302162900351,1.459864276568,1.626577159839),.UNSPECIFIED.);
#7047 = CARTESIAN_POINT('',(1.929798975904,11.109953907068,0.));
#7048 = CARTESIAN_POINT('',(1.930039283314,11.111436618255,0.));
#7049 = CARTESIAN_POINT('',(1.930955027665,11.117374121977,0.));
#7050 = CARTESIAN_POINT('',(1.932624158299,11.130790674903,0.));
#7051 = CARTESIAN_POINT('',(1.934854795242,11.153210686093,0.));
#7052 = CARTESIAN_POINT('',(1.937089411101,11.184676382256,0.));
#7053 = CARTESIAN_POINT('',(1.938844033606,11.22519523317,0.));
#7054 = CARTESIAN_POINT('',(1.939598140299,11.274759444997,0.));
#7055 = CARTESIAN_POINT('',(1.93884573062,11.33333710572,0.));
#7056 = CARTESIAN_POINT('',(1.936076625018,11.400875638498,0.));
#7057 = CARTESIAN_POINT('',(1.930784443428,11.477300587774,0.));
#7058 = CARTESIAN_POINT('',(1.922464967803,11.56251612615,0.));
#7059 = CARTESIAN_POINT('',(1.910617778369,11.656405013199,0.));
#7060 = CARTESIAN_POINT('',(1.894746797325,11.758828774453,0.));
#7061 = CARTESIAN_POINT('',(1.874361171308,11.869627848312,0.));
#7062 = CARTESIAN_POINT('',(1.84897605866,11.988621777016,0.));
#7063 = CARTESIAN_POINT('',(1.818113351573,12.115609435653,0.));
#7064 = CARTESIAN_POINT('',(1.781302763633,12.250369224488,0.));
#7065 = CARTESIAN_POINT('',(1.73808132823,12.39265956226,0.));
#7066 = CARTESIAN_POINT('',(1.68799937839,12.542218283745,0.));
#7067 = CARTESIAN_POINT('',(1.65076738065,12.643763165749,0.));
#7068 = CARTESIAN_POINT('',(1.630927306994,12.695671550544,0.));
#7069 = VECTOR('',#7070,1.);
#7070 = DIRECTION('',(-0.,-0.,-1.));
#7071 = ADVANCED_FACE('',(#7072),#7083,.F.);
#7072 = FACE_BOUND('',#7073,.F.);
#7073 = EDGE_LOOP('',(#7074,#7080,#7081,#7082));
#7074 = ORIENTED_EDGE('',*,*,#7075,.T.);
#7075 = EDGE_CURVE('',#2072,#4494,#7076,.T.);
#7076 = LINE('',#7077,#7078);
#7077 = CARTESIAN_POINT('',(1.044290905833,-12.75732952086,0.));
#7078 = VECTOR('',#7079,1.);
#7079 = DIRECTION('',(0.,0.,1.));
#7080 = ORIENTED_EDGE('',*,*,#4520,.T.);
#7081 = ORIENTED_EDGE('',*,*,#6999,.F.);
#7082 = ORIENTED_EDGE('',*,*,#2098,.F.);
#7083 = SURFACE_OF_LINEAR_EXTRUSION('',#7084,#7087);
#7084 = B_SPLINE_CURVE_WITH_KNOTS('',1,(#7085,#7086),.UNSPECIFIED.,.F.,
  .F.,(2,2),(0.,0.58986775846),.PIECEWISE_BEZIER_KNOTS.);
#7085 = CARTESIAN_POINT('',(1.044290905833,-12.75732952086,0.));
#7086 = CARTESIAN_POINT('',(1.630927306994,-12.69567155054,0.));
#7087 = VECTOR('',#7088,1.);
#7088 = DIRECTION('',(-0.,-0.,-1.));
#7089 = ADVANCED_FACE('',(#7090),#7101,.F.);
#7090 = FACE_BOUND('',#7091,.F.);
#7091 = EDGE_LOOP('',(#7092,#7093,#7094,#7100));
#7092 = ORIENTED_EDGE('',*,*,#7039,.T.);
#7093 = ORIENTED_EDGE('',*,*,#3208,.T.);
#7094 = ORIENTED_EDGE('',*,*,#7095,.F.);
#7095 = EDGE_CURVE('',#787,#3209,#7096,.T.);
#7096 = LINE('',#7097,#7098);
#7097 = CARTESIAN_POINT('',(1.044290905833,12.757329520867,0.));
#7098 = VECTOR('',#7099,1.);
#7099 = DIRECTION('',(0.,0.,1.));
#7100 = ORIENTED_EDGE('',*,*,#786,.F.);
#7101 = SURFACE_OF_LINEAR_EXTRUSION('',#7102,#7105);
#7102 = B_SPLINE_CURVE_WITH_KNOTS('',1,(#7103,#7104),.UNSPECIFIED.,.F.,
  .F.,(2,2),(0.,0.58986775846),.PIECEWISE_BEZIER_KNOTS.);
#7103 = CARTESIAN_POINT('',(1.630927306994,12.695671550544,0.));
#7104 = CARTESIAN_POINT('',(1.044290905833,12.757329520867,0.));
#7105 = VECTOR('',#7106,1.);
#7106 = DIRECTION('',(-0.,-0.,-1.));
#7107 = ADVANCED_FACE('',(#7108),#7119,.F.);
#7108 = FACE_BOUND('',#7109,.F.);
#7109 = EDGE_LOOP('',(#7110,#7116,#7117,#7118));
#7110 = ORIENTED_EDGE('',*,*,#7111,.T.);
#7111 = EDGE_CURVE('',#2065,#4487,#7112,.T.);
#7112 = LINE('',#7113,#7114);
#7113 = CARTESIAN_POINT('',(0.422261063546,-11.26840252648,0.));
#7114 = VECTOR('',#7115,1.);
#7115 = DIRECTION('',(0.,0.,1.));
#7116 = ORIENTED_EDGE('',*,*,#4493,.T.);
#7117 = ORIENTED_EDGE('',*,*,#7075,.F.);
#7118 = ORIENTED_EDGE('',*,*,#2071,.F.);
#7119 = SURFACE_OF_LINEAR_EXTRUSION('',#7120,#7143);
#7120 = B_SPLINE_CURVE_WITH_KNOTS('',3,(#7121,#7122,#7123,#7124,#7125,
    #7126,#7127,#7128,#7129,#7130,#7131,#7132,#7133,#7134,#7135,#7136,
    #7137,#7138,#7139,#7140,#7141,#7142),.UNSPECIFIED.,.F.,.F.,(4,1,1,1,
    1,1,1,1,1,1,1,1,1,1,1,1,1,1,1,4),(0.,4.505803579075E-03,
    1.802308094653E-02,4.055185877624E-02,7.209214087878E-02,
    0.112643928524,0.16220722229,0.220782022487,0.288368329302,
    0.364966142856,0.450575463231,0.545196290485,0.648828624664,
    0.761472465799,0.883127813916,1.013794669037,1.153473031177,
    1.302162900351,1.459864276568,1.626577159839),.UNSPECIFIED.);
#7121 = CARTESIAN_POINT('',(0.422261063546,-11.26840252648,0.));
#7122 = CARTESIAN_POINT('',(0.42233428042,-11.26990279959,0.));
#7123 = CARTESIAN_POINT('',(0.422673023719,-11.27590094856,0.));
#7124 = CARTESIAN_POINT('',(0.423829825797,-11.28937134939,0.));
#7125 = CARTESIAN_POINT('',(0.426309316058,-11.31176520504,0.));
#7126 = CARTESIAN_POINT('',(0.430665618009,-11.34300790301,0.));
#7127 = CARTESIAN_POINT('',(0.437373681019,-11.38300612635,0.));
#7128 = CARTESIAN_POINT('',(0.446941032451,-11.43164402883,0.));
#7129 = CARTESIAN_POINT('',(0.459855980659,-11.48878519235,0.));
#7130 = CARTESIAN_POINT('',(0.476606625205,-11.55427211672,0.));
#7131 = CARTESIAN_POINT('',(0.497672800354,-11.62792669107,0.));
#7132 = CARTESIAN_POINT('',(0.523527782144,-11.70955034923,0.));
#7133 = CARTESIAN_POINT('',(0.554636679319,-11.79892436965,0.));
#7134 = CARTESIAN_POINT('',(0.591455938731,-11.89581016347,0.));
#7135 = CARTESIAN_POINT('',(0.634432512697,-11.99994960176,0.));
#7136 = CARTESIAN_POINT('',(0.684003128642,-12.11106536593,0.));
#7137 = CARTESIAN_POINT('',(0.740593630351,-12.22886132193,0.));
#7138 = CARTESIAN_POINT('',(0.804617954177,-12.35302293448,0.));
#7139 = CARTESIAN_POINT('',(0.87647872223,-12.48321764526,0.));
#7140 = CARTESIAN_POINT('',(0.956561267966,-12.61909552698,0.));
#7141 = CARTESIAN_POINT('',(1.014092025338,-12.71068044208,0.));
#7142 = CARTESIAN_POINT('',(1.044290905833,-12.75732952086,0.));
#7143 = VECTOR('',#7144,1.);
#7144 = DIRECTION('',(-0.,-0.,-1.));
#7145 = ADVANCED_FACE('',(#7146),#7157,.F.);
#7146 = FACE_BOUND('',#7147,.F.);
#7147 = EDGE_LOOP('',(#7148,#7149,#7150,#7156));
#7148 = ORIENTED_EDGE('',*,*,#7095,.T.);
#7149 = ORIENTED_EDGE('',*,*,#3215,.T.);
#7150 = ORIENTED_EDGE('',*,*,#7151,.F.);
#7151 = EDGE_CURVE('',#794,#3216,#7152,.T.);
#7152 = LINE('',#7153,#7154);
#7153 = CARTESIAN_POINT('',(0.422261063546,11.26840252648,0.));
#7154 = VECTOR('',#7155,1.);
#7155 = DIRECTION('',(0.,0.,1.));
#7156 = ORIENTED_EDGE('',*,*,#793,.F.);
#7157 = SURFACE_OF_LINEAR_EXTRUSION('',#7158,#7181);
#7158 = B_SPLINE_CURVE_WITH_KNOTS('',3,(#7159,#7160,#7161,#7162,#7163,
    #7164,#7165,#7166,#7167,#7168,#7169,#7170,#7171,#7172,#7173,#7174,
    #7175,#7176,#7177,#7178,#7179,#7180),.UNSPECIFIED.,.F.,.F.,(4,1,1,1,
    1,1,1,1,1,1,1,1,1,1,1,1,1,1,1,4),(0.,0.166712883271,0.324414259488,
    0.473104128661,0.612782490802,0.743449345922,0.86510469404,
    0.977748535175,1.081380869354,1.176001696608,1.261611016983,
    1.338208830536,1.405795137351,1.464369937549,1.513933231314,
    1.55448501896,1.586025301063,1.608554078892,1.62207135626,
    1.626577159839),.UNSPECIFIED.);
#7159 = CARTESIAN_POINT('',(1.044290905833,12.757329520867,0.));
#7160 = CARTESIAN_POINT('',(1.014092025338,12.710680442082,0.));
#7161 = CARTESIAN_POINT('',(0.956561267966,12.619095526985,0.));
#7162 = CARTESIAN_POINT('',(0.87647872223,12.483217645266,0.));
#7163 = CARTESIAN_POINT('',(0.804617954177,12.353022934481,0.));
#7164 = CARTESIAN_POINT('',(0.740593630351,12.228861321936,0.));
#7165 = CARTESIAN_POINT('',(0.684003128642,12.11106536593,0.));
#7166 = CARTESIAN_POINT('',(0.634432512697,11.99994960176,0.));
#7167 = CARTESIAN_POINT('',(0.591455938731,11.895810163474,0.));
#7168 = CARTESIAN_POINT('',(0.554636679319,11.79892436965,0.));
#7169 = CARTESIAN_POINT('',(0.523527782144,11.709550349233,0.));
#7170 = CARTESIAN_POINT('',(0.497672800354,11.62792669107,0.));
#7171 = CARTESIAN_POINT('',(0.476606625205,11.554272116721,0.));
#7172 = CARTESIAN_POINT('',(0.459855980659,11.488785192356,0.));
#7173 = CARTESIAN_POINT('',(0.446941032451,11.431644028831,0.));
#7174 = CARTESIAN_POINT('',(0.437373681019,11.383006126353,0.));
#7175 = CARTESIAN_POINT('',(0.430665618009,11.343007903015,0.));
#7176 = CARTESIAN_POINT('',(0.426309316058,11.311765205046,0.));
#7177 = CARTESIAN_POINT('',(0.423829825797,11.289371349394,0.));
#7178 = CARTESIAN_POINT('',(0.422673023719,11.275900948566,0.));
#7179 = CARTESIAN_POINT('',(0.42233428042,11.26990279959,0.));
#7180 = CARTESIAN_POINT('',(0.422261063546,11.26840252648,0.));
#7181 = VECTOR('',#7182,1.);
#7182 = DIRECTION('',(-0.,-0.,-1.));
#7183 = ADVANCED_FACE('',(#7184),#7195,.F.);
#7184 = FACE_BOUND('',#7185,.F.);
#7185 = EDGE_LOOP('',(#7186,#7192,#7193,#7194));
#7186 = ORIENTED_EDGE('',*,*,#7187,.T.);
#7187 = EDGE_CURVE('',#2058,#4480,#7188,.T.);
#7188 = LINE('',#7189,#7190);
#7189 = CARTESIAN_POINT('',(0.411914101507,-10.99228487499,0.));
#7190 = VECTOR('',#7191,1.);
#7191 = DIRECTION('',(0.,0.,1.));
#7192 = ORIENTED_EDGE('',*,*,#4486,.T.);
#7193 = ORIENTED_EDGE('',*,*,#7111,.F.);
#7194 = ORIENTED_EDGE('',*,*,#2064,.F.);
#7195 = SURFACE_OF_LINEAR_EXTRUSION('',#7196,#7199);
#7196 = B_SPLINE_CURVE_WITH_KNOTS('',1,(#7197,#7198),.UNSPECIFIED.,.F.,
  .F.,(2,2),(0.,0.276311449431),.PIECEWISE_BEZIER_KNOTS.);
#7197 = CARTESIAN_POINT('',(0.411914101507,-10.99228487499,0.));
#7198 = CARTESIAN_POINT('',(0.422261063546,-11.26840252648,0.));
#7199 = VECTOR('',#7200,1.);
#7200 = DIRECTION('',(-0.,-0.,-1.));
#7201 = ADVANCED_FACE('',(#7202),#7213,.F.);
#7202 = FACE_BOUND('',#7203,.F.);
#7203 = EDGE_LOOP('',(#7204,#7205,#7206,#7212));
#7204 = ORIENTED_EDGE('',*,*,#7151,.T.);
#7205 = ORIENTED_EDGE('',*,*,#3242,.T.);
#7206 = ORIENTED_EDGE('',*,*,#7207,.F.);
#7207 = EDGE_CURVE('',#821,#3243,#7208,.T.);
#7208 = LINE('',#7209,#7210);
#7209 = CARTESIAN_POINT('',(0.411914101507,10.992284874992,0.));
#7210 = VECTOR('',#7211,1.);
#7211 = DIRECTION('',(0.,0.,1.));
#7212 = ORIENTED_EDGE('',*,*,#820,.F.);
#7213 = SURFACE_OF_LINEAR_EXTRUSION('',#7214,#7217);
#7214 = B_SPLINE_CURVE_WITH_KNOTS('',1,(#7215,#7216),.UNSPECIFIED.,.F.,
  .F.,(2,2),(0.,0.276311449431),.PIECEWISE_BEZIER_KNOTS.);
#7215 = CARTESIAN_POINT('',(0.422261063546,11.26840252648,0.));
#7216 = CARTESIAN_POINT('',(0.411914101507,10.992284874992,0.));
#7217 = VECTOR('',#7218,1.);
#7218 = DIRECTION('',(-0.,-0.,-1.));
#7219 = ADVANCED_FACE('',(#7220),#7231,.F.);
#7220 = FACE_BOUND('',#7221,.F.);
#7221 = EDGE_LOOP('',(#7222,#7228,#7229,#7230));
#7222 = ORIENTED_EDGE('',*,*,#7223,.T.);
#7223 = EDGE_CURVE('',#2051,#4473,#7224,.T.);
#7224 = LINE('',#7225,#7226);
#7225 = CARTESIAN_POINT('',(-0.411914101507,-10.99228487499,0.));
#7226 = VECTOR('',#7227,1.);
#7227 = DIRECTION('',(0.,0.,1.));
#7228 = ORIENTED_EDGE('',*,*,#4479,.T.);
#7229 = ORIENTED_EDGE('',*,*,#7187,.F.);
#7230 = ORIENTED_EDGE('',*,*,#2057,.F.);
#7231 = SURFACE_OF_LINEAR_EXTRUSION('',#7232,#7235);
#7232 = B_SPLINE_CURVE_WITH_KNOTS('',1,(#7233,#7234),.UNSPECIFIED.,.F.,
  .F.,(2,2),(0.,0.823828203015),.PIECEWISE_BEZIER_KNOTS.);
#7233 = CARTESIAN_POINT('',(-0.411914101507,-10.99228487499,0.));
#7234 = CARTESIAN_POINT('',(0.411914101507,-10.99228487499,0.));
#7235 = VECTOR('',#7236,1.);
#7236 = DIRECTION('',(-0.,-0.,-1.));
#7237 = ADVANCED_FACE('',(#7238),#7249,.F.);
#7238 = FACE_BOUND('',#7239,.F.);
#7239 = EDGE_LOOP('',(#7240,#7241,#7242,#7248));
#7240 = ORIENTED_EDGE('',*,*,#7207,.T.);
#7241 = ORIENTED_EDGE('',*,*,#3249,.T.);
#7242 = ORIENTED_EDGE('',*,*,#7243,.F.);
#7243 = EDGE_CURVE('',#828,#3250,#7244,.T.);
#7244 = LINE('',#7245,#7246);
#7245 = CARTESIAN_POINT('',(-0.411914101507,10.992284874992,0.));
#7246 = VECTOR('',#7247,1.);
#7247 = DIRECTION('',(0.,0.,1.));
#7248 = ORIENTED_EDGE('',*,*,#827,.F.);
#7249 = SURFACE_OF_LINEAR_EXTRUSION('',#7250,#7253);
#7250 = B_SPLINE_CURVE_WITH_KNOTS('',1,(#7251,#7252),.UNSPECIFIED.,.F.,
  .F.,(2,2),(0.,0.823828203015),.PIECEWISE_BEZIER_KNOTS.);
#7251 = CARTESIAN_POINT('',(0.411914101507,10.992284874992,0.));
#7252 = CARTESIAN_POINT('',(-0.411914101507,10.992284874992,0.));
#7253 = VECTOR('',#7254,1.);
#7254 = DIRECTION('',(-0.,-0.,-1.));
#7255 = ADVANCED_FACE('',(#7256),#7267,.F.);
#7256 = FACE_BOUND('',#7257,.F.);
#7257 = EDGE_LOOP('',(#7258,#7264,#7265,#7266));
#7258 = ORIENTED_EDGE('',*,*,#7259,.T.);
#7259 = EDGE_CURVE('',#2024,#4446,#7260,.T.);
#7260 = LINE('',#7261,#7262);
#7261 = CARTESIAN_POINT('',(-0.422261063546,-11.26840252648,0.));
#7262 = VECTOR('',#7263,1.);
#7263 = DIRECTION('',(0.,0.,1.));
#7264 = ORIENTED_EDGE('',*,*,#4472,.T.);
#7265 = ORIENTED_EDGE('',*,*,#7223,.F.);
#7266 = ORIENTED_EDGE('',*,*,#2050,.F.);
#7267 = SURFACE_OF_LINEAR_EXTRUSION('',#7268,#7271);
#7268 = B_SPLINE_CURVE_WITH_KNOTS('',1,(#7269,#7270),.UNSPECIFIED.,.F.,
  .F.,(2,2),(0.,0.276311449431),.PIECEWISE_BEZIER_KNOTS.);
#7269 = CARTESIAN_POINT('',(-0.422261063546,-11.26840252648,0.));
#7270 = CARTESIAN_POINT('',(-0.411914101507,-10.99228487499,0.));
#7271 = VECTOR('',#7272,1.);
#7272 = DIRECTION('',(-0.,-0.,-1.));
#7273 = ADVANCED_FACE('',(#7274),#7285,.F.);
#7274 = FACE_BOUND('',#7275,.F.);
#7275 = EDGE_LOOP('',(#7276,#7277,#7278,#7284));
#7276 = ORIENTED_EDGE('',*,*,#7243,.T.);
#7277 = ORIENTED_EDGE('',*,*,#3256,.T.);
#7278 = ORIENTED_EDGE('',*,*,#7279,.F.);
#7279 = EDGE_CURVE('',#835,#3257,#7280,.T.);
#7280 = LINE('',#7281,#7282);
#7281 = CARTESIAN_POINT('',(-0.422261063546,11.26840252648,0.));
#7282 = VECTOR('',#7283,1.);
#7283 = DIRECTION('',(0.,0.,1.));
#7284 = ORIENTED_EDGE('',*,*,#834,.F.);
#7285 = SURFACE_OF_LINEAR_EXTRUSION('',#7286,#7289);
#7286 = B_SPLINE_CURVE_WITH_KNOTS('',1,(#7287,#7288),.UNSPECIFIED.,.F.,
  .F.,(2,2),(0.,0.276311449431),.PIECEWISE_BEZIER_KNOTS.);
#7287 = CARTESIAN_POINT('',(-0.411914101507,10.992284874992,0.));
#7288 = CARTESIAN_POINT('',(-0.422261063546,11.26840252648,0.));
#7289 = VECTOR('',#7290,1.);
#7290 = DIRECTION('',(-0.,-0.,-1.));
#7291 = ADVANCED_FACE('',(#7292),#7303,.F.);
#7292 = FACE_BOUND('',#7293,.F.);
#7293 = EDGE_LOOP('',(#7294,#7300,#7301,#7302));
#7294 = ORIENTED_EDGE('',*,*,#7295,.T.);
#7295 = EDGE_CURVE('',#2017,#4439,#7296,.T.);
#7296 = LINE('',#7297,#7298);
#7297 = CARTESIAN_POINT('',(-1.044290905833,-12.75732952086,0.));
#7298 = VECTOR('',#7299,1.);
#7299 = DIRECTION('',(0.,0.,1.));
#7300 = ORIENTED_EDGE('',*,*,#4445,.T.);
#7301 = ORIENTED_EDGE('',*,*,#7259,.F.);
#7302 = ORIENTED_EDGE('',*,*,#2023,.F.);
#7303 = SURFACE_OF_LINEAR_EXTRUSION('',#7304,#7327);
#7304 = B_SPLINE_CURVE_WITH_KNOTS('',3,(#7305,#7306,#7307,#7308,#7309,
    #7310,#7311,#7312,#7313,#7314,#7315,#7316,#7317,#7318,#7319,#7320,
    #7321,#7322,#7323,#7324,#7325,#7326),.UNSPECIFIED.,.F.,.F.,(4,1,1,1,
    1,1,1,1,1,1,1,1,1,1,1,1,1,1,1,4),(0.,0.166712883271,0.324414259488,
    0.473104128661,0.612782490802,0.743449345922,0.86510469404,
    0.977748535175,1.081380869354,1.176001696608,1.261611016983,
    1.338208830536,1.405795137351,1.464369937549,1.513933231314,
    1.55448501896,1.586025301063,1.608554078892,1.62207135626,
    1.626577159839),.UNSPECIFIED.);
#7305 = CARTESIAN_POINT('',(-1.044290905833,-12.75732952086,0.));
#7306 = CARTESIAN_POINT('',(-1.014092025338,-12.71068044208,0.));
#7307 = CARTESIAN_POINT('',(-0.956561267966,-12.61909552698,0.));
#7308 = CARTESIAN_POINT('',(-0.87647872223,-12.48321764526,0.));
#7309 = CARTESIAN_POINT('',(-0.804617954177,-12.35302293448,0.));
#7310 = CARTESIAN_POINT('',(-0.740593630351,-12.22886132193,0.));
#7311 = CARTESIAN_POINT('',(-0.684003128642,-12.11106536593,0.));
#7312 = CARTESIAN_POINT('',(-0.634432512697,-11.99994960176,0.));
#7313 = CARTESIAN_POINT('',(-0.591455938731,-11.89581016347,0.));
#7314 = CARTESIAN_POINT('',(-0.554636679319,-11.79892436965,0.));
#7315 = CARTESIAN_POINT('',(-0.523527782144,-11.70955034923,0.));
#7316 = CARTESIAN_POINT('',(-0.497672800354,-11.62792669107,0.));
#7317 = CARTESIAN_POINT('',(-0.476606625205,-11.55427211672,0.));
#7318 = CARTESIAN_POINT('',(-0.459855980659,-11.48878519235,0.));
#7319 = CARTESIAN_POINT('',(-0.446941032451,-11.43164402883,0.));
#7320 = CARTESIAN_POINT('',(-0.437373681019,-11.38300612635,0.));
#7321 = CARTESIAN_POINT('',(-0.430665618009,-11.34300790301,0.));
#7322 = CARTESIAN_POINT('',(-0.426309316058,-11.31176520504,0.));
#7323 = CARTESIAN_POINT('',(-0.423829825797,-11.28937134939,0.));
#7324 = CARTESIAN_POINT('',(-0.422673023719,-11.27590094856,0.));
#7325 = CARTESIAN_POINT('',(-0.42233428042,-11.26990279959,0.));
#7326 = CARTESIAN_POINT('',(-0.422261063546,-11.26840252648,0.));
#7327 = VECTOR('',#7328,1.);
#7328 = DIRECTION('',(-0.,-0.,-1.));
#7329 = ADVANCED_FACE('',(#7330),#7341,.F.);
#7330 = FACE_BOUND('',#7331,.F.);
#7331 = EDGE_LOOP('',(#7332,#7333,#7334,#7340));
#7332 = ORIENTED_EDGE('',*,*,#7279,.T.);
#7333 = ORIENTED_EDGE('',*,*,#3263,.T.);
#7334 = ORIENTED_EDGE('',*,*,#7335,.F.);
#7335 = EDGE_CURVE('',#842,#3264,#7336,.T.);
#7336 = LINE('',#7337,#7338);
#7337 = CARTESIAN_POINT('',(-1.044290905833,12.757329520867,0.));
#7338 = VECTOR('',#7339,1.);
#7339 = DIRECTION('',(0.,0.,1.));
#7340 = ORIENTED_EDGE('',*,*,#841,.F.);
#7341 = SURFACE_OF_LINEAR_EXTRUSION('',#7342,#7365);
#7342 = B_SPLINE_CURVE_WITH_KNOTS('',3,(#7343,#7344,#7345,#7346,#7347,
    #7348,#7349,#7350,#7351,#7352,#7353,#7354,#7355,#7356,#7357,#7358,
    #7359,#7360,#7361,#7362,#7363,#7364),.UNSPECIFIED.,.F.,.F.,(4,1,1,1,
    1,1,1,1,1,1,1,1,1,1,1,1,1,1,1,4),(0.,4.505803579075E-03,
    1.802308094653E-02,4.055185877624E-02,7.209214087878E-02,
    0.112643928524,0.16220722229,0.220782022487,0.288368329302,
    0.364966142856,0.450575463231,0.545196290485,0.648828624664,
    0.761472465799,0.883127813916,1.013794669037,1.153473031177,
    1.302162900351,1.459864276568,1.626577159839),.UNSPECIFIED.);
#7343 = CARTESIAN_POINT('',(-0.422261063546,11.26840252648,0.));
#7344 = CARTESIAN_POINT('',(-0.42233428042,11.26990279959,0.));
#7345 = CARTESIAN_POINT('',(-0.422673023719,11.275900948566,0.));
#7346 = CARTESIAN_POINT('',(-0.423829825797,11.289371349394,0.));
#7347 = CARTESIAN_POINT('',(-0.426309316058,11.311765205046,0.));
#7348 = CARTESIAN_POINT('',(-0.430665618009,11.343007903015,0.));
#7349 = CARTESIAN_POINT('',(-0.437373681019,11.383006126353,0.));
#7350 = CARTESIAN_POINT('',(-0.446941032451,11.431644028831,0.));
#7351 = CARTESIAN_POINT('',(-0.459855980659,11.488785192356,0.));
#7352 = CARTESIAN_POINT('',(-0.476606625205,11.554272116721,0.));
#7353 = CARTESIAN_POINT('',(-0.497672800354,11.62792669107,0.));
#7354 = CARTESIAN_POINT('',(-0.523527782144,11.709550349233,0.));
#7355 = CARTESIAN_POINT('',(-0.554636679319,11.79892436965,0.));
#7356 = CARTESIAN_POINT('',(-0.591455938731,11.895810163474,0.));
#7357 = CARTESIAN_POINT('',(-0.634432512697,11.99994960176,0.));
#7358 = CARTESIAN_POINT('',(-0.684003128642,12.11106536593,0.));
#7359 = CARTESIAN_POINT('',(-0.740593630351,12.228861321936,0.));
#7360 = CARTESIAN_POINT('',(-0.804617954177,12.353022934481,0.));
#7361 = CARTESIAN_POINT('',(-0.87647872223,12.483217645266,0.));
#7362 = CARTESIAN_POINT('',(-0.956561267966,12.619095526985,0.));
#7363 = CARTESIAN_POINT('',(-1.014092025338,12.710680442082,0.));
#7364 = CARTESIAN_POINT('',(-1.044290905833,12.757329520867,0.));
#7365 = VECTOR('',#7366,1.);
#7366 = DIRECTION('',(-0.,-0.,-1.));
#7367 = ADVANCED_FACE('',(#7368),#7379,.F.);
#7368 = FACE_BOUND('',#7369,.F.);
#7369 = EDGE_LOOP('',(#7370,#7376,#7377,#7378));
#7370 = ORIENTED_EDGE('',*,*,#7371,.T.);
#7371 = EDGE_CURVE('',#1990,#4412,#7372,.T.);
#7372 = LINE('',#7373,#7374);
#7373 = CARTESIAN_POINT('',(-1.630927306994,-12.69567155054,0.));
#7374 = VECTOR('',#7375,1.);
#7375 = DIRECTION('',(0.,0.,1.));
#7376 = ORIENTED_EDGE('',*,*,#4438,.T.);
#7377 = ORIENTED_EDGE('',*,*,#7295,.F.);
#7378 = ORIENTED_EDGE('',*,*,#2016,.F.);
#7379 = SURFACE_OF_LINEAR_EXTRUSION('',#7380,#7383);
#7380 = B_SPLINE_CURVE_WITH_KNOTS('',1,(#7381,#7382),.UNSPECIFIED.,.F.,
  .F.,(2,2),(0.,0.58986775846),.PIECEWISE_BEZIER_KNOTS.);
#7381 = CARTESIAN_POINT('',(-1.630927306994,-12.69567155054,0.));
#7382 = CARTESIAN_POINT('',(-1.044290905833,-12.75732952086,0.));
#7383 = VECTOR('',#7384,1.);
#7384 = DIRECTION('',(-0.,-0.,-1.));
#7385 = ADVANCED_FACE('',(#7386),#7397,.F.);
#7386 = FACE_BOUND('',#7387,.F.);
#7387 = EDGE_LOOP('',(#7388,#7389,#7390,#7396));
#7388 = ORIENTED_EDGE('',*,*,#7335,.T.);
#7389 = ORIENTED_EDGE('',*,*,#3290,.T.);
#7390 = ORIENTED_EDGE('',*,*,#7391,.F.);
#7391 = EDGE_CURVE('',#869,#3291,#7392,.T.);
#7392 = LINE('',#7393,#7394);
#7393 = CARTESIAN_POINT('',(-1.630927306994,12.695671550544,0.));
#7394 = VECTOR('',#7395,1.);
#7395 = DIRECTION('',(0.,0.,1.));
#7396 = ORIENTED_EDGE('',*,*,#868,.F.);
#7397 = SURFACE_OF_LINEAR_EXTRUSION('',#7398,#7401);
#7398 = B_SPLINE_CURVE_WITH_KNOTS('',1,(#7399,#7400),.UNSPECIFIED.,.F.,
  .F.,(2,2),(0.,0.58986775846),.PIECEWISE_BEZIER_KNOTS.);
#7399 = CARTESIAN_POINT('',(-1.044290905833,12.757329520867,0.));
#7400 = CARTESIAN_POINT('',(-1.630927306994,12.695671550544,0.));
#7401 = VECTOR('',#7402,1.);
#7402 = DIRECTION('',(-0.,-0.,-1.));
#7403 = ADVANCED_FACE('',(#7404),#7415,.F.);
#7404 = FACE_BOUND('',#7405,.F.);
#7405 = EDGE_LOOP('',(#7406,#7412,#7413,#7414));
#7406 = ORIENTED_EDGE('',*,*,#7407,.T.);
#7407 = EDGE_CURVE('',#1983,#4405,#7408,.T.);
#7408 = LINE('',#7409,#7410);
#7409 = CARTESIAN_POINT('',(-1.929798975904,-11.10995390706,0.));
#7410 = VECTOR('',#7411,1.);
#7411 = DIRECTION('',(0.,0.,1.));
#7412 = ORIENTED_EDGE('',*,*,#4411,.T.);
#7413 = ORIENTED_EDGE('',*,*,#7371,.F.);
#7414 = ORIENTED_EDGE('',*,*,#1989,.F.);
#7415 = SURFACE_OF_LINEAR_EXTRUSION('',#7416,#7439);
#7416 = B_SPLINE_CURVE_WITH_KNOTS('',3,(#7417,#7418,#7419,#7420,#7421,
    #7422,#7423,#7424,#7425,#7426,#7427,#7428,#7429,#7430,#7431,#7432,
    #7433,#7434,#7435,#7436,#7437,#7438),.UNSPECIFIED.,.F.,.F.,(4,1,1,1,
    1,1,1,1,1,1,1,1,1,1,1,1,1,1,1,4),(0.,4.505803579075E-03,
    1.802308094653E-02,4.055185877624E-02,7.209214087878E-02,
    0.112643928524,0.16220722229,0.220782022487,0.288368329302,
    0.364966142856,0.450575463231,0.545196290485,0.648828624664,
    0.761472465799,0.883127813916,1.013794669037,1.153473031177,
    1.302162900351,1.459864276568,1.626577159839),.UNSPECIFIED.);
#7417 = CARTESIAN_POINT('',(-1.929798975904,-11.10995390706,0.));
#7418 = CARTESIAN_POINT('',(-1.930039283314,-11.11143661825,0.));
#7419 = CARTESIAN_POINT('',(-1.930955027665,-11.11737412197,0.));
#7420 = CARTESIAN_POINT('',(-1.932624158299,-11.1307906749,0.));
#7421 = CARTESIAN_POINT('',(-1.934854795242,-11.15321068609,0.));
#7422 = CARTESIAN_POINT('',(-1.937089411101,-11.18467638225,0.));
#7423 = CARTESIAN_POINT('',(-1.938844033606,-11.22519523317,0.));
#7424 = CARTESIAN_POINT('',(-1.939598140299,-11.27475944499,0.));
#7425 = CARTESIAN_POINT('',(-1.93884573062,-11.33333710572,0.));
#7426 = CARTESIAN_POINT('',(-1.936076625018,-11.40087563849,0.));
#7427 = CARTESIAN_POINT('',(-1.930784443428,-11.47730058777,0.));
#7428 = CARTESIAN_POINT('',(-1.922464967803,-11.56251612615,0.));
#7429 = CARTESIAN_POINT('',(-1.910617778369,-11.65640501319,0.));
#7430 = CARTESIAN_POINT('',(-1.894746797325,-11.75882877445,0.));
#7431 = CARTESIAN_POINT('',(-1.874361171308,-11.86962784831,0.));
#7432 = CARTESIAN_POINT('',(-1.84897605866,-11.98862177701,0.));
#7433 = CARTESIAN_POINT('',(-1.818113351573,-12.11560943565,0.));
#7434 = CARTESIAN_POINT('',(-1.781302763633,-12.25036922448,0.));
#7435 = CARTESIAN_POINT('',(-1.73808132823,-12.39265956226,0.));
#7436 = CARTESIAN_POINT('',(-1.68799937839,-12.54221828374,0.));
#7437 = CARTESIAN_POINT('',(-1.65076738065,-12.64376316574,0.));
#7438 = CARTESIAN_POINT('',(-1.630927306994,-12.69567155054,0.));
#7439 = VECTOR('',#7440,1.);
#7440 = DIRECTION('',(-0.,-0.,-1.));
#7441 = ADVANCED_FACE('',(#7442),#7453,.F.);
#7442 = FACE_BOUND('',#7443,.F.);
#7443 = EDGE_LOOP('',(#7444,#7445,#7446,#7452));
#7444 = ORIENTED_EDGE('',*,*,#7391,.T.);
#7445 = ORIENTED_EDGE('',*,*,#3297,.T.);
#7446 = ORIENTED_EDGE('',*,*,#7447,.F.);
#7447 = EDGE_CURVE('',#876,#3298,#7448,.T.);
#7448 = LINE('',#7449,#7450);
#7449 = CARTESIAN_POINT('',(-1.929798975904,11.109953907068,0.));
#7450 = VECTOR('',#7451,1.);
#7451 = DIRECTION('',(0.,0.,1.));
#7452 = ORIENTED_EDGE('',*,*,#875,.F.);
#7453 = SURFACE_OF_LINEAR_EXTRUSION('',#7454,#7477);
#7454 = B_SPLINE_CURVE_WITH_KNOTS('',3,(#7455,#7456,#7457,#7458,#7459,
    #7460,#7461,#7462,#7463,#7464,#7465,#7466,#7467,#7468,#7469,#7470,
    #7471,#7472,#7473,#7474,#7475,#7476),.UNSPECIFIED.,.F.,.F.,(4,1,1,1,
    1,1,1,1,1,1,1,1,1,1,1,1,1,1,1,4),(0.,0.166712883271,0.324414259488,
    0.473104128661,0.612782490802,0.743449345922,0.86510469404,
    0.977748535175,1.081380869354,1.176001696608,1.261611016983,
    1.338208830536,1.405795137351,1.464369937549,1.513933231314,
    1.55448501896,1.586025301063,1.608554078892,1.62207135626,
    1.626577159839),.UNSPECIFIED.);
#7455 = CARTESIAN_POINT('',(-1.630927306994,12.695671550544,0.));
#7456 = CARTESIAN_POINT('',(-1.65076738065,12.643763165749,0.));
#7457 = CARTESIAN_POINT('',(-1.68799937839,12.542218283745,0.));
#7458 = CARTESIAN_POINT('',(-1.73808132823,12.39265956226,0.));
#7459 = CARTESIAN_POINT('',(-1.781302763633,12.250369224488,0.));
#7460 = CARTESIAN_POINT('',(-1.818113351573,12.115609435653,0.));
#7461 = CARTESIAN_POINT('',(-1.84897605866,11.988621777016,0.));
#7462 = CARTESIAN_POINT('',(-1.874361171308,11.869627848312,0.));
#7463 = CARTESIAN_POINT('',(-1.894746797325,11.758828774453,0.));
#7464 = CARTESIAN_POINT('',(-1.910617778369,11.656405013199,0.));
#7465 = CARTESIAN_POINT('',(-1.922464967803,11.56251612615,0.));
#7466 = CARTESIAN_POINT('',(-1.930784443428,11.477300587774,0.));
#7467 = CARTESIAN_POINT('',(-1.936076625018,11.400875638498,0.));
#7468 = CARTESIAN_POINT('',(-1.93884573062,11.33333710572,0.));
#7469 = CARTESIAN_POINT('',(-1.939598140299,11.274759444997,0.));
#7470 = CARTESIAN_POINT('',(-1.938844033606,11.22519523317,0.));
#7471 = CARTESIAN_POINT('',(-1.937089411101,11.184676382256,0.));
#7472 = CARTESIAN_POINT('',(-1.934854795242,11.153210686093,0.));
#7473 = CARTESIAN_POINT('',(-1.932624158299,11.130790674903,0.));
#7474 = CARTESIAN_POINT('',(-1.930955027665,11.117374121977,0.));
#7475 = CARTESIAN_POINT('',(-1.930039283314,11.111436618255,0.));
#7476 = CARTESIAN_POINT('',(-1.929798975904,11.109953907068,0.));
#7477 = VECTOR('',#7478,1.);
#7478 = DIRECTION('',(-0.,-0.,-1.));
#7479 = ADVANCED_FACE('',(#7480),#7491,.F.);
#7480 = FACE_BOUND('',#7481,.F.);
#7481 = EDGE_LOOP('',(#7482,#7488,#7489,#7490));
#7482 = ORIENTED_EDGE('',*,*,#7483,.T.);
#7483 = EDGE_CURVE('',#1976,#4398,#7484,.T.);
#7484 = LINE('',#7485,#7486);
#7485 = CARTESIAN_POINT('',(-1.882511744212,-10.83771883437,0.));
#7486 = VECTOR('',#7487,1.);
#7487 = DIRECTION('',(0.,0.,1.));
#7488 = ORIENTED_EDGE('',*,*,#4404,.T.);
#7489 = ORIENTED_EDGE('',*,*,#7407,.F.);
#7490 = ORIENTED_EDGE('',*,*,#1982,.F.);
#7491 = SURFACE_OF_LINEAR_EXTRUSION('',#7492,#7495);
#7492 = B_SPLINE_CURVE_WITH_KNOTS('',1,(#7493,#7494),.UNSPECIFIED.,.F.,
  .F.,(2,2),(0.,0.276311449431),.PIECEWISE_BEZIER_KNOTS.);
#7493 = CARTESIAN_POINT('',(-1.882511744212,-10.83771883437,0.));
#7494 = CARTESIAN_POINT('',(-1.929798975904,-11.10995390706,0.));
#7495 = VECTOR('',#7496,1.);
#7496 = DIRECTION('',(-0.,-0.,-1.));
#7497 = ADVANCED_FACE('',(#7498),#7509,.F.);
#7498 = FACE_BOUND('',#7499,.F.);
#7499 = EDGE_LOOP('',(#7500,#7501,#7502,#7508));
#7500 = ORIENTED_EDGE('',*,*,#7447,.T.);
#7501 = ORIENTED_EDGE('',*,*,#3324,.T.);
#7502 = ORIENTED_EDGE('',*,*,#7503,.F.);
#7503 = EDGE_CURVE('',#903,#3325,#7504,.T.);
#7504 = LINE('',#7505,#7506);
#7505 = CARTESIAN_POINT('',(-1.882511744212,10.837718834372,0.));
#7506 = VECTOR('',#7507,1.);
#7507 = DIRECTION('',(0.,0.,1.));
#7508 = ORIENTED_EDGE('',*,*,#902,.F.);
#7509 = SURFACE_OF_LINEAR_EXTRUSION('',#7510,#7513);
#7510 = B_SPLINE_CURVE_WITH_KNOTS('',1,(#7511,#7512),.UNSPECIFIED.,.F.,
  .F.,(2,2),(0.,0.276311449431),.PIECEWISE_BEZIER_KNOTS.);
#7511 = CARTESIAN_POINT('',(-1.929798975904,11.109953907068,0.));
#7512 = CARTESIAN_POINT('',(-1.882511744212,10.837718834372,0.));
#7513 = VECTOR('',#7514,1.);
#7514 = DIRECTION('',(-0.,-0.,-1.));
#7515 = ADVANCED_FACE('',(#7516),#7527,.F.);
#7516 = FACE_BOUND('',#7517,.F.);
#7517 = EDGE_LOOP('',(#7518,#7524,#7525,#7526));
#7518 = ORIENTED_EDGE('',*,*,#7519,.T.);
#7519 = EDGE_CURVE('',#1969,#4391,#7520,.T.);
#7520 = LINE('',#7521,#7522);
#7521 = CARTESIAN_POINT('',(-2.688337324408,-10.66643531974,0.));
#7522 = VECTOR('',#7523,1.);
#7523 = DIRECTION('',(0.,0.,1.));
#7524 = ORIENTED_EDGE('',*,*,#4397,.T.);
#7525 = ORIENTED_EDGE('',*,*,#7483,.F.);
#7526 = ORIENTED_EDGE('',*,*,#1975,.F.);
#7527 = SURFACE_OF_LINEAR_EXTRUSION('',#7528,#7531);
#7528 = B_SPLINE_CURVE_WITH_KNOTS('',1,(#7529,#7530),.UNSPECIFIED.,.F.,
  .F.,(2,2),(0.,0.823828203015),.PIECEWISE_BEZIER_KNOTS.);
#7529 = CARTESIAN_POINT('',(-2.688337324408,-10.66643531974,0.));
#7530 = CARTESIAN_POINT('',(-1.882511744212,-10.83771883437,0.));
#7531 = VECTOR('',#7532,1.);
#7532 = DIRECTION('',(-0.,-0.,-1.));
#7533 = ADVANCED_FACE('',(#7534),#7545,.F.);
#7534 = FACE_BOUND('',#7535,.F.);
#7535 = EDGE_LOOP('',(#7536,#7537,#7538,#7544));
#7536 = ORIENTED_EDGE('',*,*,#7503,.T.);
#7537 = ORIENTED_EDGE('',*,*,#3331,.T.);
#7538 = ORIENTED_EDGE('',*,*,#7539,.F.);
#7539 = EDGE_CURVE('',#910,#3332,#7540,.T.);
#7540 = LINE('',#7541,#7542);
#7541 = CARTESIAN_POINT('',(-2.688337324408,10.66643531974,0.));
#7542 = VECTOR('',#7543,1.);
#7543 = DIRECTION('',(0.,0.,1.));
#7544 = ORIENTED_EDGE('',*,*,#909,.F.);
#7545 = SURFACE_OF_LINEAR_EXTRUSION('',#7546,#7549);
#7546 = B_SPLINE_CURVE_WITH_KNOTS('',1,(#7547,#7548),.UNSPECIFIED.,.F.,
  .F.,(2,2),(0.,0.823828203015),.PIECEWISE_BEZIER_KNOTS.);
#7547 = CARTESIAN_POINT('',(-1.882511744212,10.837718834372,0.));
#7548 = CARTESIAN_POINT('',(-2.688337324408,10.66643531974,0.));
#7549 = VECTOR('',#7550,1.);
#7550 = DIRECTION('',(-0.,-0.,-1.));
#7551 = ADVANCED_FACE('',(#7552),#7563,.F.);
#7552 = FACE_BOUND('',#7553,.F.);
#7553 = EDGE_LOOP('',(#7554,#7560,#7561,#7562));
#7554 = ORIENTED_EDGE('',*,*,#7555,.T.);
#7555 = EDGE_CURVE('',#1942,#4364,#7556,.T.);
#7556 = LINE('',#7557,#7558);
#7557 = CARTESIAN_POINT('',(-2.755866268287,-10.93436788369,0.));
#7558 = VECTOR('',#7559,1.);
#7559 = DIRECTION('',(0.,0.,1.));
#7560 = ORIENTED_EDGE('',*,*,#4390,.T.);
#7561 = ORIENTED_EDGE('',*,*,#7519,.F.);
#7562 = ORIENTED_EDGE('',*,*,#1968,.F.);
#7563 = SURFACE_OF_LINEAR_EXTRUSION('',#7564,#7567);
#7564 = B_SPLINE_CURVE_WITH_KNOTS('',1,(#7565,#7566),.UNSPECIFIED.,.F.,
  .F.,(2,2),(0.,0.276311449431),.PIECEWISE_BEZIER_KNOTS.);
#7565 = CARTESIAN_POINT('',(-2.755866268287,-10.93436788369,0.));
#7566 = CARTESIAN_POINT('',(-2.688337324408,-10.66643531974,0.));
#7567 = VECTOR('',#7568,1.);
#7568 = DIRECTION('',(-0.,-0.,-1.));
#7569 = ADVANCED_FACE('',(#7570),#7581,.F.);
#7570 = FACE_BOUND('',#7571,.F.);
#7571 = EDGE_LOOP('',(#7572,#7573,#7574,#7580));
#7572 = ORIENTED_EDGE('',*,*,#7539,.T.);
#7573 = ORIENTED_EDGE('',*,*,#3338,.T.);
#7574 = ORIENTED_EDGE('',*,*,#7575,.F.);
#7575 = EDGE_CURVE('',#917,#3339,#7576,.T.);
#7576 = LINE('',#7577,#7578);
#7577 = CARTESIAN_POINT('',(-2.755866268287,10.934367883691,0.));
#7578 = VECTOR('',#7579,1.);
#7579 = DIRECTION('',(0.,0.,1.));
#7580 = ORIENTED_EDGE('',*,*,#916,.F.);
#7581 = SURFACE_OF_LINEAR_EXTRUSION('',#7582,#7585);
#7582 = B_SPLINE_CURVE_WITH_KNOTS('',1,(#7583,#7584),.UNSPECIFIED.,.F.,
  .F.,(2,2),(0.,0.276311449431),.PIECEWISE_BEZIER_KNOTS.);
#7583 = CARTESIAN_POINT('',(-2.688337324408,10.66643531974,0.));
#7584 = CARTESIAN_POINT('',(-2.755866268287,10.934367883691,0.));
#7585 = VECTOR('',#7586,1.);
#7586 = DIRECTION('',(-0.,-0.,-1.));
#7587 = ADVANCED_FACE('',(#7588),#7599,.F.);
#7588 = FACE_BOUND('',#7589,.F.);
#7589 = EDGE_LOOP('',(#7590,#7596,#7597,#7598));
#7590 = ORIENTED_EDGE('',*,*,#7591,.T.);
#7591 = EDGE_CURVE('',#1935,#4357,#7592,.T.);
#7592 = LINE('',#7593,#7594);
#7593 = CARTESIAN_POINT('',(-3.673868595012,-12.26143097467,0.));
#7594 = VECTOR('',#7595,1.);
#7595 = DIRECTION('',(0.,0.,1.));
#7596 = ORIENTED_EDGE('',*,*,#4363,.T.);
#7597 = ORIENTED_EDGE('',*,*,#7555,.F.);
#7598 = ORIENTED_EDGE('',*,*,#1941,.F.);
#7599 = SURFACE_OF_LINEAR_EXTRUSION('',#7600,#7623);
#7600 = B_SPLINE_CURVE_WITH_KNOTS('',3,(#7601,#7602,#7603,#7604,#7605,
    #7606,#7607,#7608,#7609,#7610,#7611,#7612,#7613,#7614,#7615,#7616,
    #7617,#7618,#7619,#7620,#7621,#7622),.UNSPECIFIED.,.F.,.F.,(4,1,1,1,
    1,1,1,1,1,1,1,1,1,1,1,1,1,1,1,4),(0.,0.166712883271,0.324414259488,
    0.473104128661,0.612782490802,0.743449345922,0.86510469404,
    0.977748535175,1.081380869354,1.176001696608,1.261611016983,
    1.338208830536,1.405795137351,1.464369937549,1.513933231314,
    1.55448501896,1.586025301063,1.608554078892,1.62207135626,
    1.626577159839),.UNSPECIFIED.);
#7601 = CARTESIAN_POINT('',(-3.673868595012,-12.26143097467,0.));
#7602 = CARTESIAN_POINT('',(-3.634630743665,-12.22207999048,0.));
#7603 = CARTESIAN_POINT('',(-3.559315596822,-12.14445774255,0.));
#7604 = CARTESIAN_POINT('',(-3.452732446717,-12.02819921605,0.));
#7605 = CARTESIAN_POINT('',(-3.355373006404,-11.91579026585,0.));
#7606 = CARTESIAN_POINT('',(-3.266933116866,-11.80765328786,0.));
#7607 = CARTESIAN_POINT('',(-3.18708809701,-11.70419728301,0.));
#7608 = CARTESIAN_POINT('',(-3.115498451552,-11.60581597546,0.));
#7609 = CARTESIAN_POINT('',(-3.051809212145,-11.51288756592,0.));
#7610 = CARTESIAN_POINT('',(-2.99565085268,-11.42577411362,0.));
#7611 = CARTESIAN_POINT('',(-2.946639855846,-11.34482103339,0.));
#7612 = CARTESIAN_POINT('',(-2.904379354662,-11.27035660098,0.));
#7613 = CARTESIAN_POINT('',(-2.868459878894,-11.20269145989,0.));
#7614 = CARTESIAN_POINT('',(-2.83845977895,-11.14211823677,0.));
#7615 = CARTESIAN_POINT('',(-2.813946737423,-11.08891091349,0.));
#7616 = CARTESIAN_POINT('',(-2.794476067032,-11.04332503009,0.));
#7617 = CARTESIAN_POINT('',(-2.779598493049,-11.00559554862,0.));
#7618 = CARTESIAN_POINT('',(-2.768841664587,-10.97594130466,0.));
#7619 = CARTESIAN_POINT('',(-2.761760412745,-10.9545523235,0.));
#7620 = CARTESIAN_POINT('',(-2.757828235755,-10.94161679592,0.));
#7621 = CARTESIAN_POINT('',(-2.756249809515,-10.93582014959,0.));
#7622 = CARTESIAN_POINT('',(-2.755866268287,-10.93436788369,0.));
#7623 = VECTOR('',#7624,1.);
#7624 = DIRECTION('',(-0.,-0.,-1.));
#7625 = ADVANCED_FACE('',(#7626),#7637,.F.);
#7626 = FACE_BOUND('',#7627,.F.);
#7627 = EDGE_LOOP('',(#7628,#7629,#7630,#7636));
#7628 = ORIENTED_EDGE('',*,*,#7575,.T.);
#7629 = ORIENTED_EDGE('',*,*,#3345,.T.);
#7630 = ORIENTED_EDGE('',*,*,#7631,.F.);
#7631 = EDGE_CURVE('',#924,#3346,#7632,.T.);
#7632 = LINE('',#7633,#7634);
#7633 = CARTESIAN_POINT('',(-3.673868595012,12.26143097467,0.));
#7634 = VECTOR('',#7635,1.);
#7635 = DIRECTION('',(0.,0.,1.));
#7636 = ORIENTED_EDGE('',*,*,#923,.F.);
#7637 = SURFACE_OF_LINEAR_EXTRUSION('',#7638,#7661);
#7638 = B_SPLINE_CURVE_WITH_KNOTS('',3,(#7639,#7640,#7641,#7642,#7643,
    #7644,#7645,#7646,#7647,#7648,#7649,#7650,#7651,#7652,#7653,#7654,
    #7655,#7656,#7657,#7658,#7659,#7660),.UNSPECIFIED.,.F.,.F.,(4,1,1,1,
    1,1,1,1,1,1,1,1,1,1,1,1,1,1,1,4),(0.,4.505803579075E-03,
    1.802308094653E-02,4.055185877624E-02,7.209214087878E-02,
    0.112643928524,0.16220722229,0.220782022487,0.288368329302,
    0.364966142856,0.450575463231,0.545196290485,0.648828624664,
    0.761472465799,0.883127813916,1.013794669037,1.153473031177,
    1.302162900351,1.459864276568,1.626577159839),.UNSPECIFIED.);
#7639 = CARTESIAN_POINT('',(-2.755866268287,10.934367883691,0.));
#7640 = CARTESIAN_POINT('',(-2.756249809515,10.93582014959,0.));
#7641 = CARTESIAN_POINT('',(-2.757828235755,10.941616795928,0.));
#7642 = CARTESIAN_POINT('',(-2.761760412745,10.954552323502,0.));
#7643 = CARTESIAN_POINT('',(-2.768841664587,10.975941304667,0.));
#7644 = CARTESIAN_POINT('',(-2.779598493049,11.005595548621,0.));
#7645 = CARTESIAN_POINT('',(-2.794476067032,11.04332503009,0.));
#7646 = CARTESIAN_POINT('',(-2.813946737423,11.088910913491,0.));
#7647 = CARTESIAN_POINT('',(-2.83845977895,11.142118236777,0.));
#7648 = CARTESIAN_POINT('',(-2.868459878894,11.202691459895,0.));
#7649 = CARTESIAN_POINT('',(-2.904379354662,11.270356600983,0.));
#7650 = CARTESIAN_POINT('',(-2.946639855846,11.344821033399,0.));
#7651 = CARTESIAN_POINT('',(-2.99565085268,11.425774113626,0.));
#7652 = CARTESIAN_POINT('',(-3.051809212145,11.512887565921,0.));
#7653 = CARTESIAN_POINT('',(-3.115498451552,11.605815975463,0.));
#7654 = CARTESIAN_POINT('',(-3.18708809701,11.704197283015,0.));
#7655 = CARTESIAN_POINT('',(-3.266933116866,11.807653287863,0.));
#7656 = CARTESIAN_POINT('',(-3.355373006404,11.915790265857,0.));
#7657 = CARTESIAN_POINT('',(-3.452732446717,12.02819921605,0.));
#7658 = CARTESIAN_POINT('',(-3.559315596822,12.144457742557,0.));
#7659 = CARTESIAN_POINT('',(-3.634630743665,12.222079990484,0.));
#7660 = CARTESIAN_POINT('',(-3.673868595012,12.26143097467,0.));
#7661 = VECTOR('',#7662,1.);
#7662 = DIRECTION('',(-0.,-0.,-1.));
#7663 = ADVANCED_FACE('',(#7664),#7675,.F.);
#7664 = FACE_BOUND('',#7665,.F.);
#7665 = EDGE_LOOP('',(#7666,#7672,#7673,#7674));
#7666 = ORIENTED_EDGE('',*,*,#7667,.T.);
#7667 = EDGE_CURVE('',#1908,#4330,#7668,.T.);
#7668 = LINE('',#7669,#7670);
#7669 = CARTESIAN_POINT('',(-4.234866170448,-12.07915181287,0.));
#7670 = VECTOR('',#7671,1.);
#7671 = DIRECTION('',(0.,0.,1.));
#7672 = ORIENTED_EDGE('',*,*,#4356,.T.);
#7673 = ORIENTED_EDGE('',*,*,#7591,.F.);
#7674 = ORIENTED_EDGE('',*,*,#1934,.F.);
#7675 = SURFACE_OF_LINEAR_EXTRUSION('',#7676,#7679);
#7676 = B_SPLINE_CURVE_WITH_KNOTS('',1,(#7677,#7678),.UNSPECIFIED.,.F.,
  .F.,(2,2),(0.,0.58986775846),.PIECEWISE_BEZIER_KNOTS.);
#7677 = CARTESIAN_POINT('',(-4.234866170448,-12.07915181287,0.));
#7678 = CARTESIAN_POINT('',(-3.673868595012,-12.26143097467,0.));
#7679 = VECTOR('',#7680,1.);
#7680 = DIRECTION('',(-0.,-0.,-1.));
#7681 = ADVANCED_FACE('',(#7682),#7693,.F.);
#7682 = FACE_BOUND('',#7683,.F.);
#7683 = EDGE_LOOP('',(#7684,#7685,#7686,#7692));
#7684 = ORIENTED_EDGE('',*,*,#7631,.T.);
#7685 = ORIENTED_EDGE('',*,*,#3372,.T.);
#7686 = ORIENTED_EDGE('',*,*,#7687,.F.);
#7687 = EDGE_CURVE('',#951,#3373,#7688,.T.);
#7688 = LINE('',#7689,#7690);
#7689 = CARTESIAN_POINT('',(-4.234866170448,12.079151812871,0.));
#7690 = VECTOR('',#7691,1.);
#7691 = DIRECTION('',(0.,0.,1.));
#7692 = ORIENTED_EDGE('',*,*,#950,.F.);
#7693 = SURFACE_OF_LINEAR_EXTRUSION('',#7694,#7697);
#7694 = B_SPLINE_CURVE_WITH_KNOTS('',1,(#7695,#7696),.UNSPECIFIED.,.F.,
  .F.,(2,2),(0.,0.58986775846),.PIECEWISE_BEZIER_KNOTS.);
#7695 = CARTESIAN_POINT('',(-3.673868595012,12.26143097467,0.));
#7696 = CARTESIAN_POINT('',(-4.234866170448,12.079151812871,0.));
#7697 = VECTOR('',#7698,1.);
#7698 = DIRECTION('',(-0.,-0.,-1.));
#7699 = ADVANCED_FACE('',(#7700),#7711,.F.);
#7700 = FACE_BOUND('',#7701,.F.);
#7701 = EDGE_LOOP('',(#7702,#7708,#7709,#7710));
#7702 = ORIENTED_EDGE('',*,*,#7703,.T.);
#7703 = EDGE_CURVE('',#1901,#4323,#7704,.T.);
#7704 = LINE('',#7705,#7706);
#7705 = CARTESIAN_POINT('',(-4.197517539905,-10.46594699044,0.));
#7706 = VECTOR('',#7707,1.);
#7707 = DIRECTION('',(0.,0.,1.));
#7708 = ORIENTED_EDGE('',*,*,#4329,.T.);
#7709 = ORIENTED_EDGE('',*,*,#7667,.F.);
#7710 = ORIENTED_EDGE('',*,*,#1907,.F.);
#7711 = SURFACE_OF_LINEAR_EXTRUSION('',#7712,#7735);
#7712 = B_SPLINE_CURVE_WITH_KNOTS('',3,(#7713,#7714,#7715,#7716,#7717,
    #7718,#7719,#7720,#7721,#7722,#7723,#7724,#7725,#7726,#7727,#7728,
    #7729,#7730,#7731,#7732,#7733,#7734),.UNSPECIFIED.,.F.,.F.,(4,1,1,1,
    1,1,1,1,1,1,1,1,1,1,1,1,1,1,1,4),(0.,4.505803579075E-03,
    1.802308094653E-02,4.055185877624E-02,7.209214087878E-02,
    0.112643928524,0.16220722229,0.220782022487,0.288368329302,
    0.364966142856,0.450575463231,0.545196290485,0.648828624664,
    0.761472465799,0.883127813916,1.013794669037,1.153473031177,
    1.302162900351,1.459864276568,1.626577159839),.UNSPECIFIED.);
#7713 = CARTESIAN_POINT('',(-4.197517539905,-10.46594699044,0.));
#7714 = CARTESIAN_POINT('',(-4.198060869011,-10.46734733811,0.));
#7715 = CARTESIAN_POINT('',(-4.200191078589,-10.47296469917,0.));
#7716 = CARTESIAN_POINT('',(-4.204613192918,-10.48574103646,0.));
#7717 = CARTESIAN_POINT('',(-4.211456467527,-10.50720734111,0.));
#7718 = CARTESIAN_POINT('',(-4.22018433776,-10.53752083356,0.));
#7719 = CARTESIAN_POINT('',(-4.230324960357,-10.57678944383,0.));
#7720 = CARTESIAN_POINT('',(-4.241367567094,-10.62511377111,0.));
#7721 = CARTESIAN_POINT('',(-4.252810579857,-10.68256780418,0.));
#7722 = CARTESIAN_POINT('',(-4.264144036401,-10.7492061874,0.));
#7723 = CARTESIAN_POINT('',(-4.274857142101,-10.82506137459,0.));
#7724 = CARTESIAN_POINT('',(-4.284436773647,-10.91014446524,0.));
#7725 = CARTESIAN_POINT('',(-4.292369070982,-11.00444482403,0.));
#7726 = CARTESIAN_POINT('',(-4.298140006335,-11.10793014286,0.));
#7727 = CARTESIAN_POINT('',(-4.301236277944,-11.2205464011,0.));
#7728 = CARTESIAN_POINT('',(-4.301146119826,-11.34221788865,0.));
#7729 = CARTESIAN_POINT('',(-4.297360055758,-11.47284727988,0.));
#7730 = CARTESIAN_POINT('',(-4.289372003033,-11.61231559559,0.));
#7731 = CARTESIAN_POINT('',(-4.276678884406,-11.7604827898,0.));
#7732 = CARTESIAN_POINT('',(-4.258786351991,-11.91718591726,0.));
#7733 = CARTESIAN_POINT('',(-4.243480330843,-12.02425276756,0.));
#7734 = CARTESIAN_POINT('',(-4.234866170448,-12.07915181287,0.));
#7735 = VECTOR('',#7736,1.);
#7736 = DIRECTION('',(-0.,-0.,-1.));
#7737 = ADVANCED_FACE('',(#7738),#7749,.F.);
#7738 = FACE_BOUND('',#7739,.F.);
#7739 = EDGE_LOOP('',(#7740,#7741,#7742,#7748));
#7740 = ORIENTED_EDGE('',*,*,#7687,.T.);
#7741 = ORIENTED_EDGE('',*,*,#3379,.T.);
#7742 = ORIENTED_EDGE('',*,*,#7743,.F.);
#7743 = EDGE_CURVE('',#958,#3380,#7744,.T.);
#7744 = LINE('',#7745,#7746);
#7745 = CARTESIAN_POINT('',(-4.197517539905,10.465946990443,0.));
#7746 = VECTOR('',#7747,1.);
#7747 = DIRECTION('',(0.,0.,1.));
#7748 = ORIENTED_EDGE('',*,*,#957,.F.);
#7749 = SURFACE_OF_LINEAR_EXTRUSION('',#7750,#7773);
#7750 = B_SPLINE_CURVE_WITH_KNOTS('',3,(#7751,#7752,#7753,#7754,#7755,
    #7756,#7757,#7758,#7759,#7760,#7761,#7762,#7763,#7764,#7765,#7766,
    #7767,#7768,#7769,#7770,#7771,#7772),.UNSPECIFIED.,.F.,.F.,(4,1,1,1,
    1,1,1,1,1,1,1,1,1,1,1,1,1,1,1,4),(0.,0.166712883271,0.324414259488,
    0.473104128661,0.612782490802,0.743449345922,0.86510469404,
    0.977748535175,1.081380869354,1.176001696608,1.261611016983,
    1.338208830536,1.405795137351,1.464369937549,1.513933231314,
    1.55448501896,1.586025301063,1.608554078892,1.62207135626,
    1.626577159839),.UNSPECIFIED.);
#7751 = CARTESIAN_POINT('',(-4.234866170448,12.079151812871,0.));
#7752 = CARTESIAN_POINT('',(-4.243480330843,12.024252767566,0.));
#7753 = CARTESIAN_POINT('',(-4.258786351991,11.917185917264,0.));
#7754 = CARTESIAN_POINT('',(-4.276678884406,11.760482789804,0.));
#7755 = CARTESIAN_POINT('',(-4.289372003033,11.612315595591,0.));
#7756 = CARTESIAN_POINT('',(-4.297360055758,11.472847279888,0.));
#7757 = CARTESIAN_POINT('',(-4.301146119826,11.342217888655,0.));
#7758 = CARTESIAN_POINT('',(-4.301236277944,11.2205464011,0.));
#7759 = CARTESIAN_POINT('',(-4.298140006335,11.107930142867,0.));
#7760 = CARTESIAN_POINT('',(-4.292369070982,11.004444824035,0.));
#7761 = CARTESIAN_POINT('',(-4.284436773647,10.910144465246,0.));
#7762 = CARTESIAN_POINT('',(-4.274857142101,10.825061374594,0.));
#7763 = CARTESIAN_POINT('',(-4.264144036401,10.749206187401,0.));
#7764 = CARTESIAN_POINT('',(-4.252810579857,10.68256780418,0.));
#7765 = CARTESIAN_POINT('',(-4.241367567094,10.625113771118,0.));
#7766 = CARTESIAN_POINT('',(-4.230324960357,10.576789443835,0.));
#7767 = CARTESIAN_POINT('',(-4.22018433776,10.53752083356,0.));
#7768 = CARTESIAN_POINT('',(-4.211456467527,10.507207341114,0.));
#7769 = CARTESIAN_POINT('',(-4.204613192918,10.48574103646,0.));
#7770 = CARTESIAN_POINT('',(-4.200191078589,10.472964699177,0.));
#7771 = CARTESIAN_POINT('',(-4.198060869011,10.467347338113,0.));
#7772 = CARTESIAN_POINT('',(-4.197517539905,10.465946990443,0.));
#7773 = VECTOR('',#7774,1.);
#7774 = DIRECTION('',(-0.,-0.,-1.));
#7775 = ADVANCED_FACE('',(#7776),#7787,.F.);
#7776 = FACE_BOUND('',#7777,.F.);
#7777 = EDGE_LOOP('',(#7778,#7784,#7785,#7786));
#7778 = ORIENTED_EDGE('',*,*,#7779,.T.);
#7779 = EDGE_CURVE('',#1894,#4316,#7780,.T.);
#7780 = LINE('',#7781,#7782);
#7781 = CARTESIAN_POINT('',(-4.094662793416,-10.20949247554,0.));
#7782 = VECTOR('',#7783,1.);
#7783 = DIRECTION('',(0.,0.,1.));
#7784 = ORIENTED_EDGE('',*,*,#4322,.T.);
#7785 = ORIENTED_EDGE('',*,*,#7703,.F.);
#7786 = ORIENTED_EDGE('',*,*,#1900,.F.);
#7787 = SURFACE_OF_LINEAR_EXTRUSION('',#7788,#7791);
#7788 = B_SPLINE_CURVE_WITH_KNOTS('',1,(#7789,#7790),.UNSPECIFIED.,.F.,
  .F.,(2,2),(0.,0.276311449431),.PIECEWISE_BEZIER_KNOTS.);
#7789 = CARTESIAN_POINT('',(-4.094662793416,-10.20949247554,0.));
#7790 = CARTESIAN_POINT('',(-4.197517539905,-10.46594699044,0.));
#7791 = VECTOR('',#7792,1.);
#7792 = DIRECTION('',(-0.,-0.,-1.));
#7793 = ADVANCED_FACE('',(#7794),#7805,.F.);
#7794 = FACE_BOUND('',#7795,.F.);
#7795 = EDGE_LOOP('',(#7796,#7797,#7798,#7804));
#7796 = ORIENTED_EDGE('',*,*,#7743,.T.);
#7797 = ORIENTED_EDGE('',*,*,#3406,.T.);
#7798 = ORIENTED_EDGE('',*,*,#7799,.F.);
#7799 = EDGE_CURVE('',#985,#3407,#7800,.T.);
#7800 = LINE('',#7801,#7802);
#7801 = CARTESIAN_POINT('',(-4.094662793416,10.209492475545,0.));
#7802 = VECTOR('',#7803,1.);
#7803 = DIRECTION('',(0.,0.,1.));
#7804 = ORIENTED_EDGE('',*,*,#984,.F.);
#7805 = SURFACE_OF_LINEAR_EXTRUSION('',#7806,#7809);
#7806 = B_SPLINE_CURVE_WITH_KNOTS('',1,(#7807,#7808),.UNSPECIFIED.,.F.,
  .F.,(2,2),(0.,0.276311449431),.PIECEWISE_BEZIER_KNOTS.);
#7807 = CARTESIAN_POINT('',(-4.197517539905,10.465946990443,0.));
#7808 = CARTESIAN_POINT('',(-4.094662793416,10.209492475545,0.));
#7809 = VECTOR('',#7810,1.);
#7810 = DIRECTION('',(-0.,-0.,-1.));
#7811 = ADVANCED_FACE('',(#7812),#7823,.F.);
#7812 = FACE_BOUND('',#7813,.F.);
#7813 = EDGE_LOOP('',(#7814,#7820,#7821,#7822));
#7814 = ORIENTED_EDGE('',*,*,#7815,.T.);
#7815 = EDGE_CURVE('',#1887,#4309,#7816,.T.);
#7816 = LINE('',#7817,#7818);
#7817 = CARTESIAN_POINT('',(-4.847267306158,-9.87441135778,0.));
#7818 = VECTOR('',#7819,1.);
#7819 = DIRECTION('',(0.,0.,1.));
#7820 = ORIENTED_EDGE('',*,*,#4315,.T.);
#7821 = ORIENTED_EDGE('',*,*,#7779,.F.);
#7822 = ORIENTED_EDGE('',*,*,#1893,.F.);
#7823 = SURFACE_OF_LINEAR_EXTRUSION('',#7824,#7827);
#7824 = B_SPLINE_CURVE_WITH_KNOTS('',1,(#7825,#7826),.UNSPECIFIED.,.F.,
  .F.,(2,2),(0.,0.823828203015),.PIECEWISE_BEZIER_KNOTS.);
#7825 = CARTESIAN_POINT('',(-4.847267306158,-9.87441135778,0.));
#7826 = CARTESIAN_POINT('',(-4.094662793416,-10.20949247554,0.));
#7827 = VECTOR('',#7828,1.);
#7828 = DIRECTION('',(-0.,-0.,-1.));
#7829 = ADVANCED_FACE('',(#7830),#7841,.F.);
#7830 = FACE_BOUND('',#7831,.F.);
#7831 = EDGE_LOOP('',(#7832,#7833,#7834,#7840));
#7832 = ORIENTED_EDGE('',*,*,#7799,.T.);
#7833 = ORIENTED_EDGE('',*,*,#3413,.T.);
#7834 = ORIENTED_EDGE('',*,*,#7835,.F.);
#7835 = EDGE_CURVE('',#992,#3414,#7836,.T.);
#7836 = LINE('',#7837,#7838);
#7837 = CARTESIAN_POINT('',(-4.847267306158,9.87441135778,0.));
#7838 = VECTOR('',#7839,1.);
#7839 = DIRECTION('',(0.,0.,1.));
#7840 = ORIENTED_EDGE('',*,*,#991,.F.);
#7841 = SURFACE_OF_LINEAR_EXTRUSION('',#7842,#7845);
#7842 = B_SPLINE_CURVE_WITH_KNOTS('',1,(#7843,#7844),.UNSPECIFIED.,.F.,
  .F.,(2,2),(0.,0.823828203015),.PIECEWISE_BEZIER_KNOTS.);
#7843 = CARTESIAN_POINT('',(-4.094662793416,10.209492475545,0.));
#7844 = CARTESIAN_POINT('',(-4.847267306158,9.87441135778,0.));
#7845 = VECTOR('',#7846,1.);
#7846 = DIRECTION('',(-0.,-0.,-1.));
#7847 = ADVANCED_FACE('',(#7848),#7859,.F.);
#7848 = FACE_BOUND('',#7849,.F.);
#7849 = EDGE_LOOP('',(#7850,#7856,#7857,#7858));
#7850 = ORIENTED_EDGE('',*,*,#7851,.T.);
#7851 = EDGE_CURVE('',#1860,#4282,#7852,.T.);
#7852 = LINE('',#7853,#7854);
#7853 = CARTESIAN_POINT('',(-4.969026892989,-10.12244889546,0.));
#7854 = VECTOR('',#7855,1.);
#7855 = DIRECTION('',(0.,0.,1.));
#7856 = ORIENTED_EDGE('',*,*,#4308,.T.);
#7857 = ORIENTED_EDGE('',*,*,#7815,.F.);
#7858 = ORIENTED_EDGE('',*,*,#1886,.F.);
#7859 = SURFACE_OF_LINEAR_EXTRUSION('',#7860,#7863);
#7860 = B_SPLINE_CURVE_WITH_KNOTS('',1,(#7861,#7862),.UNSPECIFIED.,.F.,
  .F.,(2,2),(0.,0.276311449431),.PIECEWISE_BEZIER_KNOTS.);
#7861 = CARTESIAN_POINT('',(-4.969026892989,-10.12244889546,0.));
#7862 = CARTESIAN_POINT('',(-4.847267306158,-9.87441135778,0.));
#7863 = VECTOR('',#7864,1.);
#7864 = DIRECTION('',(-0.,-0.,-1.));
#7865 = ADVANCED_FACE('',(#7866),#7877,.F.);
#7866 = FACE_BOUND('',#7867,.F.);
#7867 = EDGE_LOOP('',(#7868,#7869,#7870,#7876));
#7868 = ORIENTED_EDGE('',*,*,#7835,.T.);
#7869 = ORIENTED_EDGE('',*,*,#3420,.T.);
#7870 = ORIENTED_EDGE('',*,*,#7871,.F.);
#7871 = EDGE_CURVE('',#999,#3421,#7872,.T.);
#7872 = LINE('',#7873,#7874);
#7873 = CARTESIAN_POINT('',(-4.969026892989,10.122448895466,0.));
#7874 = VECTOR('',#7875,1.);
#7875 = DIRECTION('',(0.,0.,1.));
#7876 = ORIENTED_EDGE('',*,*,#998,.F.);
#7877 = SURFACE_OF_LINEAR_EXTRUSION('',#7878,#7881);
#7878 = B_SPLINE_CURVE_WITH_KNOTS('',1,(#7879,#7880),.UNSPECIFIED.,.F.,
  .F.,(2,2),(0.,0.276311449431),.PIECEWISE_BEZIER_KNOTS.);
#7879 = CARTESIAN_POINT('',(-4.847267306158,9.87441135778,0.));
#7880 = CARTESIAN_POINT('',(-4.969026892989,10.122448895466,0.));
#7881 = VECTOR('',#7882,1.);
#7882 = DIRECTION('',(-0.,-0.,-1.));
#7883 = ADVANCED_FACE('',(#7884),#7895,.F.);
#7884 = FACE_BOUND('',#7885,.F.);
#7885 = EDGE_LOOP('',(#7886,#7892,#7893,#7894));
#7886 = ORIENTED_EDGE('',*,*,#7887,.T.);
#7887 = EDGE_CURVE('',#1853,#4275,#7888,.T.);
#7888 = LINE('',#7889,#7890);
#7889 = CARTESIAN_POINT('',(-6.142880597411,-11.229649058,0.));
#7890 = VECTOR('',#7891,1.);
#7891 = DIRECTION('',(0.,0.,1.));
#7892 = ORIENTED_EDGE('',*,*,#4281,.T.);
#7893 = ORIENTED_EDGE('',*,*,#7851,.F.);
#7894 = ORIENTED_EDGE('',*,*,#1859,.F.);
#7895 = SURFACE_OF_LINEAR_EXTRUSION('',#7896,#7919);
#7896 = B_SPLINE_CURVE_WITH_KNOTS('',3,(#7897,#7898,#7899,#7900,#7901,
    #7902,#7903,#7904,#7905,#7906,#7907,#7908,#7909,#7910,#7911,#7912,
    #7913,#7914,#7915,#7916,#7917,#7918),.UNSPECIFIED.,.F.,.F.,(4,1,1,1,
    1,1,1,1,1,1,1,1,1,1,1,1,1,1,1,4),(0.,0.166712883271,0.324414259488,
    0.473104128661,0.612782490802,0.743449345922,0.86510469404,
    0.977748535175,1.081380869354,1.176001696608,1.261611016983,
    1.338208830536,1.405795137351,1.464369937549,1.513933231314,
    1.55448501896,1.586025301063,1.608554078892,1.62207135626,
    1.626577159839),.UNSPECIFIED.);
#7897 = CARTESIAN_POINT('',(-6.142880597411,-11.229649058,0.));
#7898 = CARTESIAN_POINT('',(-6.096318657601,-11.19931599525,0.));
#7899 = CARTESIAN_POINT('',(-6.006510754606,-11.1390488792,0.));
#7900 = CARTESIAN_POINT('',(-5.878085195234,-11.04749076338,0.));
#7901 = CARTESIAN_POINT('',(-5.759482157385,-10.95778038431,0.));
#7902 = CARTESIAN_POINT('',(-5.65049194969,-10.8703941457,0.));
#7903 = CARTESIAN_POINT('',(-5.550882022194,-10.78579961586,0.));
#7904 = CARTESIAN_POINT('',(-5.460402158254,-10.70445250015,0.));
#7905 = CARTESIAN_POINT('',(-5.378783778782,-10.62679653677,0.));
#7906 = CARTESIAN_POINT('',(-5.305740709051,-10.55326270188,0.));
#7907 = CARTESIAN_POINT('',(-5.240969628302,-10.48426859991,0.));
#7908 = CARTESIAN_POINT('',(-5.184150594413,-10.42021784626,0.));
#7909 = CARTESIAN_POINT('',(-5.134947671478,-10.36149942979,0.));
#7910 = CARTESIAN_POINT('',(-5.093009264459,-10.30848724843,0.));
#7911 = CARTESIAN_POINT('',(-5.057969467154,-10.26153918073,0.));
#7912 = CARTESIAN_POINT('',(-5.029446439531,-10.22099763826,0.));
#7913 = CARTESIAN_POINT('',(-5.007049575949,-10.18718585804,0.));
#7914 = CARTESIAN_POINT('',(-4.990362345997,-10.16041610086,0.));
#7915 = CARTESIAN_POINT('',(-4.978988817259,-10.14096679529,0.));
#7916 = CARTESIAN_POINT('',(-4.972453120361,-10.1291314856,0.));
#7917 = CARTESIAN_POINT('',(-4.96970399598,-10.12378968316,0.));
#7918 = CARTESIAN_POINT('',(-4.969026892989,-10.12244889546,0.));
#7919 = VECTOR('',#7920,1.);
#7920 = DIRECTION('',(-0.,-0.,-1.));
#7921 = ADVANCED_FACE('',(#7922),#7933,.F.);
#7922 = FACE_BOUND('',#7923,.F.);
#7923 = EDGE_LOOP('',(#7924,#7925,#7926,#7932));
#7924 = ORIENTED_EDGE('',*,*,#7871,.T.);
#7925 = ORIENTED_EDGE('',*,*,#3427,.T.);
#7926 = ORIENTED_EDGE('',*,*,#7927,.F.);
#7927 = EDGE_CURVE('',#1006,#3428,#7928,.T.);
#7928 = LINE('',#7929,#7930);
#7929 = CARTESIAN_POINT('',(-6.142880597411,11.229649058005,0.));
#7930 = VECTOR('',#7931,1.);
#7931 = DIRECTION('',(0.,0.,1.));
#7932 = ORIENTED_EDGE('',*,*,#1005,.F.);
#7933 = SURFACE_OF_LINEAR_EXTRUSION('',#7934,#7957);
#7934 = B_SPLINE_CURVE_WITH_KNOTS('',3,(#7935,#7936,#7937,#7938,#7939,
    #7940,#7941,#7942,#7943,#7944,#7945,#7946,#7947,#7948,#7949,#7950,
    #7951,#7952,#7953,#7954,#7955,#7956),.UNSPECIFIED.,.F.,.F.,(4,1,1,1,
    1,1,1,1,1,1,1,1,1,1,1,1,1,1,1,4),(0.,4.505803579075E-03,
    1.802308094653E-02,4.055185877624E-02,7.209214087878E-02,
    0.112643928524,0.16220722229,0.220782022487,0.288368329302,
    0.364966142856,0.450575463231,0.545196290485,0.648828624664,
    0.761472465799,0.883127813916,1.013794669037,1.153473031177,
    1.302162900351,1.459864276568,1.626577159839),.UNSPECIFIED.);
#7935 = CARTESIAN_POINT('',(-4.969026892989,10.122448895466,0.));
#7936 = CARTESIAN_POINT('',(-4.96970399598,10.123789683165,0.));
#7937 = CARTESIAN_POINT('',(-4.972453120361,10.129131485605,0.));
#7938 = CARTESIAN_POINT('',(-4.978988817259,10.140966795299,0.));
#7939 = CARTESIAN_POINT('',(-4.990362345997,10.160416100864,0.));
#7940 = CARTESIAN_POINT('',(-5.007049575949,10.187185858046,0.));
#7941 = CARTESIAN_POINT('',(-5.029446439531,10.22099763826,0.));
#7942 = CARTESIAN_POINT('',(-5.057969467154,10.261539180734,0.));
#7943 = CARTESIAN_POINT('',(-5.093009264459,10.308487248437,0.));
#7944 = CARTESIAN_POINT('',(-5.134947671478,10.361499429794,0.));
#7945 = CARTESIAN_POINT('',(-5.184150594413,10.420217846262,0.));
#7946 = CARTESIAN_POINT('',(-5.240969628302,10.484268599913,0.));
#7947 = CARTESIAN_POINT('',(-5.305740709051,10.553262701889,0.));
#7948 = CARTESIAN_POINT('',(-5.378783778782,10.626796536774,0.));
#7949 = CARTESIAN_POINT('',(-5.460402158254,10.704452500155,0.));
#7950 = CARTESIAN_POINT('',(-5.550882022194,10.785799615861,0.));
#7951 = CARTESIAN_POINT('',(-5.65049194969,10.870394145704,0.));
#7952 = CARTESIAN_POINT('',(-5.759482157385,10.95778038431,0.));
#7953 = CARTESIAN_POINT('',(-5.878085195234,11.047490763389,0.));
#7954 = CARTESIAN_POINT('',(-6.006510754606,11.139048879206,0.));
#7955 = CARTESIAN_POINT('',(-6.0963186576,11.199315995255,0.));
#7956 = CARTESIAN_POINT('',(-6.142880597411,11.229649058005,0.));
#7957 = VECTOR('',#7958,1.);
#7958 = DIRECTION('',(-0.,-0.,-1.));
#7959 = ADVANCED_FACE('',(#7960),#7971,.F.);
#7960 = FACE_BOUND('',#7961,.F.);
#7961 = EDGE_LOOP('',(#7962,#7968,#7969,#7970));
#7962 = ORIENTED_EDGE('',*,*,#7963,.T.);
#7963 = EDGE_CURVE('',#1826,#4248,#7964,.T.);
#7964 = LINE('',#7965,#7966);
#7965 = CARTESIAN_POINT('',(-6.653721061111,-10.93471517877,0.));
#7966 = VECTOR('',#7967,1.);
#7967 = DIRECTION('',(0.,0.,1.));
#7968 = ORIENTED_EDGE('',*,*,#4274,.T.);
#7969 = ORIENTED_EDGE('',*,*,#7887,.F.);
#7970 = ORIENTED_EDGE('',*,*,#1852,.F.);
#7971 = SURFACE_OF_LINEAR_EXTRUSION('',#7972,#7975);
#7972 = B_SPLINE_CURVE_WITH_KNOTS('',1,(#7973,#7974),.UNSPECIFIED.,.F.,
  .F.,(2,2),(0.,0.58986775846),.PIECEWISE_BEZIER_KNOTS.);
#7973 = CARTESIAN_POINT('',(-6.653721061111,-10.93471517877,0.));
#7974 = CARTESIAN_POINT('',(-6.142880597411,-11.229649058,0.));
#7975 = VECTOR('',#7976,1.);
#7976 = DIRECTION('',(-0.,-0.,-1.));
#7977 = ADVANCED_FACE('',(#7978),#7989,.F.);
#7978 = FACE_BOUND('',#7979,.F.);
#7979 = EDGE_LOOP('',(#7980,#7981,#7982,#7988));
#7980 = ORIENTED_EDGE('',*,*,#7927,.T.);
#7981 = ORIENTED_EDGE('',*,*,#3454,.T.);
#7982 = ORIENTED_EDGE('',*,*,#7983,.F.);
#7983 = EDGE_CURVE('',#1033,#3455,#7984,.T.);
#7984 = LINE('',#7985,#7986);
#7985 = CARTESIAN_POINT('',(-6.653721061111,10.934715178775,0.));
#7986 = VECTOR('',#7987,1.);
#7987 = DIRECTION('',(0.,0.,1.));
#7988 = ORIENTED_EDGE('',*,*,#1032,.F.);
#7989 = SURFACE_OF_LINEAR_EXTRUSION('',#7990,#7993);
#7990 = B_SPLINE_CURVE_WITH_KNOTS('',1,(#7991,#7992),.UNSPECIFIED.,.F.,
  .F.,(2,2),(0.,0.58986775846),.PIECEWISE_BEZIER_KNOTS.);
#7991 = CARTESIAN_POINT('',(-6.142880597411,11.229649058005,0.));
#7992 = CARTESIAN_POINT('',(-6.653721061111,10.934715178775,0.));
#7993 = VECTOR('',#7994,1.);
#7994 = DIRECTION('',(-0.,-0.,-1.));
#7995 = ADVANCED_FACE('',(#7996),#8007,.F.);
#7996 = FACE_BOUND('',#7997,.F.);
#7997 = EDGE_LOOP('',(#7998,#8004,#8005,#8006));
#7998 = ORIENTED_EDGE('',*,*,#7999,.T.);
#7999 = EDGE_CURVE('',#1819,#4241,#8000,.T.);
#8000 = LINE('',#8001,#8002);
#8001 = CARTESIAN_POINT('',(-6.281784445488,-9.36452796915,0.));
#8002 = VECTOR('',#8003,1.);
#8003 = DIRECTION('',(0.,0.,1.));
#8004 = ORIENTED_EDGE('',*,*,#4247,.T.);
#8005 = ORIENTED_EDGE('',*,*,#7963,.F.);
#8006 = ORIENTED_EDGE('',*,*,#1825,.F.);
#8007 = SURFACE_OF_LINEAR_EXTRUSION('',#8008,#8031);
#8008 = B_SPLINE_CURVE_WITH_KNOTS('',3,(#8009,#8010,#8011,#8012,#8013,
    #8014,#8015,#8016,#8017,#8018,#8019,#8020,#8021,#8022,#8023,#8024,
    #8025,#8026,#8027,#8028,#8029,#8030),.UNSPECIFIED.,.F.,.F.,(4,1,1,1,
    1,1,1,1,1,1,1,1,1,1,1,1,1,1,1,4),(0.,4.505803579075E-03,
    1.802308094653E-02,4.055185877624E-02,7.209214087878E-02,
    0.112643928524,0.16220722229,0.220782022487,0.288368329302,
    0.364966142856,0.450575463231,0.545196290485,0.648828624664,
    0.761472465799,0.883127813916,1.013794669037,1.153473031177,
    1.302162900351,1.459864276568,1.626577159839),.UNSPECIFIED.);
#8009 = CARTESIAN_POINT('',(-6.281784445488,-9.36452796915,0.));
#8010 = CARTESIAN_POINT('',(-6.282607050202,-9.365784751391,0.));
#8011 = CARTESIAN_POINT('',(-6.285858624626,-9.370836464162,0.));
#8012 = CARTESIAN_POINT('',(-6.292840455034,-9.382414198555,0.));
#8013 = CARTESIAN_POINT('',(-6.30399728337,-9.401988616155,0.));
#8014 = CARTESIAN_POINT('',(-6.318836958167,-9.429825059803,0.));
#8015 = CARTESIAN_POINT('',(-6.336920386988,-9.466127202737,0.));
#8016 = CARTESIAN_POINT('',(-6.357768878868,-9.511099640488,0.));
#8017 = CARTESIAN_POINT('',(-6.380907199505,-9.564919028949,0.));
#8018 = CARTESIAN_POINT('',(-6.40584789176,-9.627744845501,0.));
#8019 = CARTESIAN_POINT('',(-6.432098070624,-9.699715034937,0.));
#8020 = CARTESIAN_POINT('',(-6.459158133474,-9.780947138529,0.));
#8021 = CARTESIAN_POINT('',(-6.486523238121,-9.871537590876,0.));
#8022 = CARTESIAN_POINT('',(-6.513683872304,-9.971561662276,0.));
#8023 = CARTESIAN_POINT('',(-6.540126719612,-10.081073234,0.));
#8024 = CARTESIAN_POINT('',(-6.565335456367,-10.20010465256,0.));
#8025 = CARTESIAN_POINT('',(-6.588791504484,-10.32866664516,0.));
#8026 = CARTESIAN_POINT('',(-6.609975103211,-10.46674805309,0.));
#8027 = CARTESIAN_POINT('',(-6.628365051552,-10.61431648637,0.));
#8028 = CARTESIAN_POINT('',(-6.643443926086,-10.77131534119,0.));
#8029 = CARTESIAN_POINT('',(-6.6507328281,-10.87922482467,0.));
#8030 = CARTESIAN_POINT('',(-6.653721061111,-10.93471517877,0.));
#8031 = VECTOR('',#8032,1.);
#8032 = DIRECTION('',(-0.,-0.,-1.));
#8033 = ADVANCED_FACE('',(#8034),#8045,.F.);
#8034 = FACE_BOUND('',#8035,.F.);
#8035 = EDGE_LOOP('',(#8036,#8037,#8038,#8044));
#8036 = ORIENTED_EDGE('',*,*,#7983,.T.);
#8037 = ORIENTED_EDGE('',*,*,#3461,.T.);
#8038 = ORIENTED_EDGE('',*,*,#8039,.F.);
#8039 = EDGE_CURVE('',#1040,#3462,#8040,.T.);
#8040 = LINE('',#8041,#8042);
#8041 = CARTESIAN_POINT('',(-6.281784445488,9.36452796915,0.));
#8042 = VECTOR('',#8043,1.);
#8043 = DIRECTION('',(0.,0.,1.));
#8044 = ORIENTED_EDGE('',*,*,#1039,.F.);
#8045 = SURFACE_OF_LINEAR_EXTRUSION('',#8046,#8069);
#8046 = B_SPLINE_CURVE_WITH_KNOTS('',3,(#8047,#8048,#8049,#8050,#8051,
    #8052,#8053,#8054,#8055,#8056,#8057,#8058,#8059,#8060,#8061,#8062,
    #8063,#8064,#8065,#8066,#8067,#8068),.UNSPECIFIED.,.F.,.F.,(4,1,1,1,
    1,1,1,1,1,1,1,1,1,1,1,1,1,1,1,4),(0.,0.166712883271,0.324414259488,
    0.473104128661,0.612782490802,0.743449345922,0.86510469404,
    0.977748535175,1.081380869354,1.176001696608,1.261611016983,
    1.338208830536,1.405795137351,1.464369937549,1.513933231314,
    1.55448501896,1.586025301063,1.608554078892,1.62207135626,
    1.626577159839),.UNSPECIFIED.);
#8047 = CARTESIAN_POINT('',(-6.653721061111,10.934715178775,0.));
#8048 = CARTESIAN_POINT('',(-6.6507328281,10.879224824674,0.));
#8049 = CARTESIAN_POINT('',(-6.643443926086,10.771315341196,0.));
#8050 = CARTESIAN_POINT('',(-6.628365051552,10.614316486377,0.));
#8051 = CARTESIAN_POINT('',(-6.609975103211,10.466748053094,0.));
#8052 = CARTESIAN_POINT('',(-6.588791504484,10.328666645163,0.));
#8053 = CARTESIAN_POINT('',(-6.565335456367,10.200104652561,0.));
#8054 = CARTESIAN_POINT('',(-6.540126719612,10.081073234005,0.));
#8055 = CARTESIAN_POINT('',(-6.513683872304,9.971561662276,0.));
#8056 = CARTESIAN_POINT('',(-6.486523238121,9.871537590876,0.));
#8057 = CARTESIAN_POINT('',(-6.459158133474,9.780947138529,0.));
#8058 = CARTESIAN_POINT('',(-6.432098070624,9.699715034937,0.));
#8059 = CARTESIAN_POINT('',(-6.40584789176,9.6277448455,0.));
#8060 = CARTESIAN_POINT('',(-6.380907199505,9.564919028949,0.));
#8061 = CARTESIAN_POINT('',(-6.357768878868,9.511099640488,0.));
#8062 = CARTESIAN_POINT('',(-6.336920386988,9.466127202737,0.));
#8063 = CARTESIAN_POINT('',(-6.318836958167,9.429825059803,0.));
#8064 = CARTESIAN_POINT('',(-6.30399728337,9.401988616155,0.));
#8065 = CARTESIAN_POINT('',(-6.292840455034,9.382414198555,0.));
#8066 = CARTESIAN_POINT('',(-6.285858624626,9.370836464162,0.));
#8067 = CARTESIAN_POINT('',(-6.282607050202,9.365784751391,0.));
#8068 = CARTESIAN_POINT('',(-6.281784445488,9.36452796915,0.));
#8069 = VECTOR('',#8070,1.);
#8070 = DIRECTION('',(-0.,-0.,-1.));
#8071 = ADVANCED_FACE('',(#8072),#8083,.F.);
#8072 = FACE_BOUND('',#8073,.F.);
#8073 = EDGE_LOOP('',(#8074,#8080,#8081,#8082));
#8074 = ORIENTED_EDGE('',*,*,#8075,.T.);
#8075 = EDGE_CURVE('',#1812,#4234,#8076,.T.);
#8076 = LINE('',#8077,#8078);
#8077 = CARTESIAN_POINT('',(-6.127857430176,-9.135062304957,0.));
#8078 = VECTOR('',#8079,1.);
#8079 = DIRECTION('',(0.,0.,1.));
#8080 = ORIENTED_EDGE('',*,*,#4240,.T.);
#8081 = ORIENTED_EDGE('',*,*,#7999,.F.);
#8082 = ORIENTED_EDGE('',*,*,#1818,.F.);
#8083 = SURFACE_OF_LINEAR_EXTRUSION('',#8084,#8087);
#8084 = B_SPLINE_CURVE_WITH_KNOTS('',1,(#8085,#8086),.UNSPECIFIED.,.F.,
  .F.,(2,2),(0.,0.276311449431),.PIECEWISE_BEZIER_KNOTS.);
#8085 = CARTESIAN_POINT('',(-6.127857430176,-9.135062304957,0.));
#8086 = CARTESIAN_POINT('',(-6.281784445488,-9.36452796915,0.));
#8087 = VECTOR('',#8088,1.);
#8088 = DIRECTION('',(-0.,-0.,-1.));
#8089 = ADVANCED_FACE('',(#8090),#8101,.F.);
#8090 = FACE_BOUND('',#8091,.F.);
#8091 = EDGE_LOOP('',(#8092,#8093,#8094,#8100));
#8092 = ORIENTED_EDGE('',*,*,#8039,.T.);
#8093 = ORIENTED_EDGE('',*,*,#3488,.T.);
#8094 = ORIENTED_EDGE('',*,*,#8095,.F.);
#8095 = EDGE_CURVE('',#1067,#3489,#8096,.T.);
#8096 = LINE('',#8097,#8098);
#8097 = CARTESIAN_POINT('',(-6.127857430176,9.135062304957,0.));
#8098 = VECTOR('',#8099,1.);
#8099 = DIRECTION('',(0.,0.,1.));
#8100 = ORIENTED_EDGE('',*,*,#1066,.F.);
#8101 = SURFACE_OF_LINEAR_EXTRUSION('',#8102,#8105);
#8102 = B_SPLINE_CURVE_WITH_KNOTS('',1,(#8103,#8104),.UNSPECIFIED.,.F.,
  .F.,(2,2),(0.,0.276311449431),.PIECEWISE_BEZIER_KNOTS.);
#8103 = CARTESIAN_POINT('',(-6.281784445488,9.36452796915,0.));
#8104 = CARTESIAN_POINT('',(-6.127857430176,9.135062304957,0.));
#8105 = VECTOR('',#8106,1.);
#8106 = DIRECTION('',(-0.,-0.,-1.));
#8107 = ADVANCED_FACE('',(#8108),#8119,.F.);
#8108 = FACE_BOUND('',#8109,.F.);
#8109 = EDGE_LOOP('',(#8110,#8116,#8117,#8118));
#8110 = ORIENTED_EDGE('',*,*,#8111,.T.);
#8111 = EDGE_CURVE('',#1805,#4227,#8112,.T.);
#8112 = LINE('',#8113,#8114);
#8113 = CARTESIAN_POINT('',(-6.79434844686,-8.650828236802,0.));
#8114 = VECTOR('',#8115,1.);
#8115 = DIRECTION('',(0.,0.,1.));
#8116 = ORIENTED_EDGE('',*,*,#4233,.T.);
#8117 = ORIENTED_EDGE('',*,*,#8075,.F.);
#8118 = ORIENTED_EDGE('',*,*,#1811,.F.);
#8119 = SURFACE_OF_LINEAR_EXTRUSION('',#8120,#8123);
#8120 = B_SPLINE_CURVE_WITH_KNOTS('',1,(#8121,#8122),.UNSPECIFIED.,.F.,
  .F.,(2,2),(0.,0.823828203015),.PIECEWISE_BEZIER_KNOTS.);
#8121 = CARTESIAN_POINT('',(-6.79434844686,-8.650828236802,0.));
#8122 = CARTESIAN_POINT('',(-6.127857430176,-9.135062304957,0.));
#8123 = VECTOR('',#8124,1.);
#8124 = DIRECTION('',(-0.,-0.,-1.));
#8125 = ADVANCED_FACE('',(#8126),#8137,.F.);
#8126 = FACE_BOUND('',#8127,.F.);
#8127 = EDGE_LOOP('',(#8128,#8129,#8130,#8136));
#8128 = ORIENTED_EDGE('',*,*,#8095,.T.);
#8129 = ORIENTED_EDGE('',*,*,#3495,.T.);
#8130 = ORIENTED_EDGE('',*,*,#8131,.F.);
#8131 = EDGE_CURVE('',#1074,#3496,#8132,.T.);
#8132 = LINE('',#8133,#8134);
#8133 = CARTESIAN_POINT('',(-6.79434844686,8.650828236802,0.));
#8134 = VECTOR('',#8135,1.);
#8135 = DIRECTION('',(0.,0.,1.));
#8136 = ORIENTED_EDGE('',*,*,#1073,.F.);
#8137 = SURFACE_OF_LINEAR_EXTRUSION('',#8138,#8141);
#8138 = B_SPLINE_CURVE_WITH_KNOTS('',1,(#8139,#8140),.UNSPECIFIED.,.F.,
  .F.,(2,2),(0.,0.823828203015),.PIECEWISE_BEZIER_KNOTS.);
#8139 = CARTESIAN_POINT('',(-6.127857430176,9.135062304957,0.));
#8140 = CARTESIAN_POINT('',(-6.79434844686,8.650828236802,0.));
#8141 = VECTOR('',#8142,1.);
#8142 = DIRECTION('',(-0.,-0.,-1.));
#8143 = ADVANCED_FACE('',(#8144),#8155,.F.);
#8144 = FACE_BOUND('',#8145,.F.);
#8145 = EDGE_LOOP('',(#8146,#8152,#8153,#8154));
#8146 = ORIENTED_EDGE('',*,*,#8147,.T.);
#8147 = EDGE_CURVE('',#1778,#4200,#8148,.T.);
#8148 = LINE('',#8149,#8150);
#8149 = CARTESIAN_POINT('',(-6.965017198432,-8.86813031761,0.));
#8150 = VECTOR('',#8151,1.);
#8151 = DIRECTION('',(0.,0.,1.));
#8152 = ORIENTED_EDGE('',*,*,#4226,.T.);
#8153 = ORIENTED_EDGE('',*,*,#8111,.F.);
#8154 = ORIENTED_EDGE('',*,*,#1804,.F.);
#8155 = SURFACE_OF_LINEAR_EXTRUSION('',#8156,#8159);
#8156 = B_SPLINE_CURVE_WITH_KNOTS('',1,(#8157,#8158),.UNSPECIFIED.,.F.,
  .F.,(2,2),(0.,0.276311449431),.PIECEWISE_BEZIER_KNOTS.);
#8157 = CARTESIAN_POINT('',(-6.965017198432,-8.86813031761,0.));
#8158 = CARTESIAN_POINT('',(-6.79434844686,-8.650828236802,0.));
#8159 = VECTOR('',#8160,1.);
#8160 = DIRECTION('',(-0.,-0.,-1.));
#8161 = ADVANCED_FACE('',(#8162),#8173,.F.);
#8162 = FACE_BOUND('',#8163,.F.);
#8163 = EDGE_LOOP('',(#8164,#8165,#8166,#8172));
#8164 = ORIENTED_EDGE('',*,*,#8131,.T.);
#8165 = ORIENTED_EDGE('',*,*,#3502,.T.);
#8166 = ORIENTED_EDGE('',*,*,#8167,.F.);
#8167 = EDGE_CURVE('',#1081,#3503,#8168,.T.);
#8168 = LINE('',#8169,#8170);
#8169 = CARTESIAN_POINT('',(-6.965017198432,8.86813031761,0.));
#8170 = VECTOR('',#8171,1.);
#8171 = DIRECTION('',(0.,0.,1.));
#8172 = ORIENTED_EDGE('',*,*,#1080,.F.);
#8173 = SURFACE_OF_LINEAR_EXTRUSION('',#8174,#8177);
#8174 = B_SPLINE_CURVE_WITH_KNOTS('',1,(#8175,#8176),.UNSPECIFIED.,.F.,
  .F.,(2,2),(0.,0.276311449431),.PIECEWISE_BEZIER_KNOTS.);
#8175 = CARTESIAN_POINT('',(-6.79434844686,8.650828236802,0.));
#8176 = CARTESIAN_POINT('',(-6.965017198432,8.86813031761,0.));
#8177 = VECTOR('',#8178,1.);
#8178 = DIRECTION('',(-0.,-0.,-1.));
#8179 = ADVANCED_FACE('',(#8180),#8191,.F.);
#8180 = FACE_BOUND('',#8181,.F.);
#8181 = EDGE_LOOP('',(#8182,#8188,#8189,#8190));
#8182 = ORIENTED_EDGE('',*,*,#8183,.T.);
#8183 = EDGE_CURVE('',#1771,#4193,#8184,.T.);
#8184 = LINE('',#8185,#8186);
#8185 = CARTESIAN_POINT('',(-8.343419240892,-9.707077591671,0.));
#8186 = VECTOR('',#8187,1.);
#8187 = DIRECTION('',(0.,0.,1.));
#8188 = ORIENTED_EDGE('',*,*,#4199,.T.);
#8189 = ORIENTED_EDGE('',*,*,#8147,.F.);
#8190 = ORIENTED_EDGE('',*,*,#1777,.F.);
#8191 = SURFACE_OF_LINEAR_EXTRUSION('',#8192,#8215);
#8192 = B_SPLINE_CURVE_WITH_KNOTS('',3,(#8193,#8194,#8195,#8196,#8197,
    #8198,#8199,#8200,#8201,#8202,#8203,#8204,#8205,#8206,#8207,#8208,
    #8209,#8210,#8211,#8212,#8213,#8214),.UNSPECIFIED.,.F.,.F.,(4,1,1,1,
    1,1,1,1,1,1,1,1,1,1,1,1,1,1,1,4),(0.,0.166712883271,0.324414259488,
    0.473104128661,0.612782490802,0.743449345922,0.86510469404,
    0.977748535175,1.081380869354,1.176001696608,1.261611016983,
    1.338208830536,1.405795137351,1.464369937549,1.513933231314,
    1.55448501896,1.586025301063,1.608554078892,1.62207135626,
    1.626577159839),.UNSPECIFIED.);
#8193 = CARTESIAN_POINT('',(-8.343419240892,-9.707077591671,0.));
#8194 = CARTESIAN_POINT('',(-8.291568192816,-9.687088150752,0.));
#8195 = CARTESIAN_POINT('',(-8.191192569977,-9.646810128747,0.));
#8196 = CARTESIAN_POINT('',(-8.046537414537,-9.583953952626,0.));
#8197 = CARTESIAN_POINT('',(-7.911874301027,-9.520862918704,0.));
#8198 = CARTESIAN_POINT('',(-7.787097170244,-9.458046617439,0.));
#8199 = CARTESIAN_POINT('',(-7.672075766921,-9.396010749486,0.));
#8200 = CARTESIAN_POINT('',(-7.566660088723,-9.335253084928,0.));
#8201 = CARTESIAN_POINT('',(-7.470679684019,-9.276263505942,0.));
#8202 = CARTESIAN_POINT('',(-7.383944236667,-9.219523069907,0.));
#8203 = CARTESIAN_POINT('',(-7.306243879037,-9.165503319509,0.));
#8204 = CARTESIAN_POINT('',(-7.237349576874,-9.114665569906,0.));
#8205 = CARTESIAN_POINT('',(-7.177013610605,-9.06746015462,0.));
#8206 = CARTESIAN_POINT('',(-7.124969806141,-9.024325901729,0.));
#8207 = CARTESIAN_POINT('',(-7.080934660341,-8.98568894545,0.));
#8208 = CARTESIAN_POINT('',(-7.044605868662,-8.951963603849,0.));
#8209 = CARTESIAN_POINT('',(-7.015668565891,-8.923547261933,0.));
#8210 = CARTESIAN_POINT('',(-6.993780246472,-8.900831958368,0.));
#8211 = CARTESIAN_POINT('',(-6.97861151862,-8.884172356384,0.));
#8212 = CARTESIAN_POINT('',(-6.96975794313,-8.873954524395,0.));
#8213 = CARTESIAN_POINT('',(-6.965958270536,-8.869301028254,0.));
#8214 = CARTESIAN_POINT('',(-6.965017198432,-8.86813031761,0.));
#8215 = VECTOR('',#8216,1.);
#8216 = DIRECTION('',(-0.,-0.,-1.));
#8217 = ADVANCED_FACE('',(#8218),#8229,.F.);
#8218 = FACE_BOUND('',#8219,.F.);
#8219 = EDGE_LOOP('',(#8220,#8221,#8222,#8228));
#8220 = ORIENTED_EDGE('',*,*,#8167,.T.);
#8221 = ORIENTED_EDGE('',*,*,#3509,.T.);
#8222 = ORIENTED_EDGE('',*,*,#8223,.F.);
#8223 = EDGE_CURVE('',#1088,#3510,#8224,.T.);
#8224 = LINE('',#8225,#8226);
#8225 = CARTESIAN_POINT('',(-8.343419240892,9.707077591671,0.));
#8226 = VECTOR('',#8227,1.);
#8227 = DIRECTION('',(0.,0.,1.));
#8228 = ORIENTED_EDGE('',*,*,#1087,.F.);
#8229 = SURFACE_OF_LINEAR_EXTRUSION('',#8230,#8253);
#8230 = B_SPLINE_CURVE_WITH_KNOTS('',3,(#8231,#8232,#8233,#8234,#8235,
    #8236,#8237,#8238,#8239,#8240,#8241,#8242,#8243,#8244,#8245,#8246,
    #8247,#8248,#8249,#8250,#8251,#8252),.UNSPECIFIED.,.F.,.F.,(4,1,1,1,
    1,1,1,1,1,1,1,1,1,1,1,1,1,1,1,4),(0.,4.505803579075E-03,
    1.802308094653E-02,4.055185877624E-02,7.209214087878E-02,
    0.112643928524,0.16220722229,0.220782022487,0.288368329302,
    0.364966142856,0.450575463231,0.545196290485,0.648828624664,
    0.761472465799,0.883127813916,1.013794669037,1.153473031177,
    1.302162900351,1.459864276568,1.626577159839),.UNSPECIFIED.);
#8231 = CARTESIAN_POINT('',(-6.965017198432,8.86813031761,0.));
#8232 = CARTESIAN_POINT('',(-6.965958270536,8.869301028254,0.));
#8233 = CARTESIAN_POINT('',(-6.96975794313,8.873954524395,0.));
#8234 = CARTESIAN_POINT('',(-6.97861151862,8.884172356384,0.));
#8235 = CARTESIAN_POINT('',(-6.993780246472,8.900831958368,0.));
#8236 = CARTESIAN_POINT('',(-7.015668565891,8.923547261933,0.));
#8237 = CARTESIAN_POINT('',(-7.044605868662,8.951963603849,0.));
#8238 = CARTESIAN_POINT('',(-7.080934660341,8.98568894545,0.));
#8239 = CARTESIAN_POINT('',(-7.124969806141,9.024325901729,0.));
#8240 = CARTESIAN_POINT('',(-7.177013610605,9.06746015462,0.));
#8241 = CARTESIAN_POINT('',(-7.237349576874,9.114665569906,0.));
#8242 = CARTESIAN_POINT('',(-7.306243879037,9.165503319509,0.));
#8243 = CARTESIAN_POINT('',(-7.383944236667,9.219523069907,0.));
#8244 = CARTESIAN_POINT('',(-7.470679684019,9.276263505942,0.));
#8245 = CARTESIAN_POINT('',(-7.566660088723,9.335253084929,0.));
#8246 = CARTESIAN_POINT('',(-7.672075766921,9.396010749486,0.));
#8247 = CARTESIAN_POINT('',(-7.787097170244,9.458046617439,0.));
#8248 = CARTESIAN_POINT('',(-7.911874301027,9.520862918704,0.));
#8249 = CARTESIAN_POINT('',(-8.046537414537,9.583953952626,0.));
#8250 = CARTESIAN_POINT('',(-8.191192569977,9.646810128747,0.));
#8251 = CARTESIAN_POINT('',(-8.291568192816,9.687088150752,0.));
#8252 = CARTESIAN_POINT('',(-8.343419240892,9.707077591671,0.));
#8253 = VECTOR('',#8254,1.);
#8254 = DIRECTION('',(-0.,-0.,-1.));
#8255 = ADVANCED_FACE('',(#8256),#8267,.F.);
#8256 = FACE_BOUND('',#8257,.F.);
#8257 = EDGE_LOOP('',(#8258,#8264,#8265,#8266));
#8258 = ORIENTED_EDGE('',*,*,#8259,.T.);
#8259 = EDGE_CURVE('',#1744,#4166,#8260,.T.);
#8260 = LINE('',#8261,#8262);
#8261 = CARTESIAN_POINT('',(-8.781776413307,-9.312379020781,0.));
#8262 = VECTOR('',#8263,1.);
#8263 = DIRECTION('',(0.,0.,1.));
#8264 = ORIENTED_EDGE('',*,*,#4192,.T.);
#8265 = ORIENTED_EDGE('',*,*,#8183,.F.);
#8266 = ORIENTED_EDGE('',*,*,#1770,.F.);
#8267 = SURFACE_OF_LINEAR_EXTRUSION('',#8268,#8271);
#8268 = B_SPLINE_CURVE_WITH_KNOTS('',1,(#8269,#8270),.UNSPECIFIED.,.F.,
  .F.,(2,2),(0.,0.58986775846),.PIECEWISE_BEZIER_KNOTS.);
#8269 = CARTESIAN_POINT('',(-8.781776413307,-9.312379020781,0.));
#8270 = CARTESIAN_POINT('',(-8.343419240892,-9.707077591671,0.));
#8271 = VECTOR('',#8272,1.);
#8272 = DIRECTION('',(-0.,-0.,-1.));
#8273 = ADVANCED_FACE('',(#8274),#8285,.F.);
#8274 = FACE_BOUND('',#8275,.F.);
#8275 = EDGE_LOOP('',(#8276,#8277,#8278,#8284));
#8276 = ORIENTED_EDGE('',*,*,#8223,.T.);
#8277 = ORIENTED_EDGE('',*,*,#3536,.T.);
#8278 = ORIENTED_EDGE('',*,*,#8279,.F.);
#8279 = EDGE_CURVE('',#1115,#3537,#8280,.T.);
#8280 = LINE('',#8281,#8282);
#8281 = CARTESIAN_POINT('',(-8.781776413307,9.312379020781,0.));
#8282 = VECTOR('',#8283,1.);
#8283 = DIRECTION('',(0.,0.,1.));
#8284 = ORIENTED_EDGE('',*,*,#1114,.F.);
#8285 = SURFACE_OF_LINEAR_EXTRUSION('',#8286,#8289);
#8286 = B_SPLINE_CURVE_WITH_KNOTS('',1,(#8287,#8288),.UNSPECIFIED.,.F.,
  .F.,(2,2),(0.,0.58986775846),.PIECEWISE_BEZIER_KNOTS.);
#8287 = CARTESIAN_POINT('',(-8.343419240892,9.707077591671,0.));
#8288 = CARTESIAN_POINT('',(-8.781776413307,9.312379020781,0.));
#8289 = VECTOR('',#8290,1.);
#8290 = DIRECTION('',(-0.,-0.,-1.));
#8291 = ADVANCED_FACE('',(#8292),#8303,.F.);
#8292 = FACE_BOUND('',#8293,.F.);
#8293 = EDGE_LOOP('',(#8294,#8300,#8301,#8302));
#8294 = ORIENTED_EDGE('',*,*,#8295,.T.);
#8295 = EDGE_CURVE('',#1737,#4159,#8296,.T.);
#8296 = LINE('',#8297,#8298);
#8297 = CARTESIAN_POINT('',(-8.091507227457,-7.853834139614,0.));
#8298 = VECTOR('',#8299,1.);
#8299 = DIRECTION('',(0.,0.,1.));
#8300 = ORIENTED_EDGE('',*,*,#4165,.T.);
#8301 = ORIENTED_EDGE('',*,*,#8259,.F.);
#8302 = ORIENTED_EDGE('',*,*,#1743,.F.);
#8303 = SURFACE_OF_LINEAR_EXTRUSION('',#8304,#8327);
#8304 = B_SPLINE_CURVE_WITH_KNOTS('',3,(#8305,#8306,#8307,#8308,#8309,
    #8310,#8311,#8312,#8313,#8314,#8315,#8316,#8317,#8318,#8319,#8320,
    #8321,#8322,#8323,#8324,#8325,#8326),.UNSPECIFIED.,.F.,.F.,(4,1,1,1,
    1,1,1,1,1,1,1,1,1,1,1,1,1,1,1,4),(0.,4.505803579075E-03,
    1.802308094653E-02,4.055185877624E-02,7.209214087878E-02,
    0.112643928524,0.16220722229,0.220782022487,0.288368329302,
    0.364966142856,0.450575463231,0.545196290485,0.648828624664,
    0.761472465799,0.883127813916,1.013794669037,1.153473031177,
    1.302162900351,1.459864276568,1.626577159839),.UNSPECIFIED.);
#8305 = CARTESIAN_POINT('',(-8.091507227457,-7.853834139614,0.));
#8306 = CARTESIAN_POINT('',(-8.092573156005,-7.854892429011,0.));
#8307 = CARTESIAN_POINT('',(-8.09680398587,-7.859157709402,0.));
#8308 = CARTESIAN_POINT('',(-8.106040392866,-7.869030838355,0.));
#8309 = CARTESIAN_POINT('',(-8.121023167995,-7.885857872922,0.));
#8310 = CARTESIAN_POINT('',(-8.141326082358,-7.910000681612,0.));
#8311 = CARTESIAN_POINT('',(-8.166561984791,-7.941749779362,0.));
#8312 = CARTESIAN_POINT('',(-8.196305182675,-7.98140481625,0.));
#8313 = CARTESIAN_POINT('',(-8.230127555544,-8.029237394579,0.));
#8314 = CARTESIAN_POINT('',(-8.267585455581,-8.085504854806,0.));
#8315 = CARTESIAN_POINT('',(-8.30822544883,-8.150444603856,0.));
#8316 = CARTESIAN_POINT('',(-8.351583288388,-8.224275487666,0.));
#8317 = CARTESIAN_POINT('',(-8.397185213962,-8.307196796102,0.));
#8318 = CARTESIAN_POINT('',(-8.44454849693,-8.399388088181,0.));
#8319 = CARTESIAN_POINT('',(-8.493182240623,-8.501008792227,0.));
#8320 = CARTESIAN_POINT('',(-8.54258812949,-8.612197897617,0.));
#8321 = CARTESIAN_POINT('',(-8.592261147935,-8.733073715602,0.));
#8322 = CARTESIAN_POINT('',(-8.641690573198,-8.863733395647,0.));
#8323 = CARTESIAN_POINT('',(-8.690359859521,-9.004253619353,0.));
#8324 = CARTESIAN_POINT('',(-8.73775112183,-9.154686598213,0.));
#8325 = CARTESIAN_POINT('',(-8.767316387012,-9.258722552632,0.));
#8326 = CARTESIAN_POINT('',(-8.781776413307,-9.312379020781,0.));
#8327 = VECTOR('',#8328,1.);
#8328 = DIRECTION('',(-0.,-0.,-1.));
#8329 = ADVANCED_FACE('',(#8330),#8341,.F.);
#8330 = FACE_BOUND('',#8331,.F.);
#8331 = EDGE_LOOP('',(#8332,#8333,#8334,#8340));
#8332 = ORIENTED_EDGE('',*,*,#8279,.T.);
#8333 = ORIENTED_EDGE('',*,*,#3543,.T.);
#8334 = ORIENTED_EDGE('',*,*,#8335,.F.);
#8335 = EDGE_CURVE('',#1122,#3544,#8336,.T.);
#8336 = LINE('',#8337,#8338);
#8337 = CARTESIAN_POINT('',(-8.091507227457,7.853834139614,0.));
#8338 = VECTOR('',#8339,1.);
#8339 = DIRECTION('',(0.,0.,1.));
#8340 = ORIENTED_EDGE('',*,*,#1121,.F.);
#8341 = SURFACE_OF_LINEAR_EXTRUSION('',#8342,#8365);
#8342 = B_SPLINE_CURVE_WITH_KNOTS('',3,(#8343,#8344,#8345,#8346,#8347,
    #8348,#8349,#8350,#8351,#8352,#8353,#8354,#8355,#8356,#8357,#8358,
    #8359,#8360,#8361,#8362,#8363,#8364),.UNSPECIFIED.,.F.,.F.,(4,1,1,1,
    1,1,1,1,1,1,1,1,1,1,1,1,1,1,1,4),(0.,0.166712883271,0.324414259488,
    0.473104128661,0.612782490802,0.743449345922,0.86510469404,
    0.977748535175,1.081380869354,1.176001696608,1.261611016983,
    1.338208830536,1.405795137351,1.464369937549,1.513933231314,
    1.55448501896,1.586025301063,1.608554078892,1.62207135626,
    1.626577159839),.UNSPECIFIED.);
#8343 = CARTESIAN_POINT('',(-8.781776413307,9.312379020781,0.));
#8344 = CARTESIAN_POINT('',(-8.767316387012,9.258722552632,0.));
#8345 = CARTESIAN_POINT('',(-8.73775112183,9.154686598213,0.));
#8346 = CARTESIAN_POINT('',(-8.690359859521,9.004253619353,0.));
#8347 = CARTESIAN_POINT('',(-8.641690573198,8.863733395647,0.));
#8348 = CARTESIAN_POINT('',(-8.592261147935,8.733073715602,0.));
#8349 = CARTESIAN_POINT('',(-8.54258812949,8.612197897617,0.));
#8350 = CARTESIAN_POINT('',(-8.493182240623,8.501008792227,0.));
#8351 = CARTESIAN_POINT('',(-8.44454849693,8.399388088181,0.));
#8352 = CARTESIAN_POINT('',(-8.397185213962,8.307196796102,0.));
#8353 = CARTESIAN_POINT('',(-8.351583288388,8.224275487666,0.));
#8354 = CARTESIAN_POINT('',(-8.30822544883,8.150444603856,0.));
#8355 = CARTESIAN_POINT('',(-8.267585455581,8.085504854806,0.));
#8356 = CARTESIAN_POINT('',(-8.230127555544,8.029237394579,0.));
#8357 = CARTESIAN_POINT('',(-8.196305182675,7.98140481625,0.));
#8358 = CARTESIAN_POINT('',(-8.166561984791,7.941749779362,0.));
#8359 = CARTESIAN_POINT('',(-8.141326082358,7.910000681612,0.));
#8360 = CARTESIAN_POINT('',(-8.121023167995,7.885857872922,0.));
#8361 = CARTESIAN_POINT('',(-8.106040392866,7.869030838355,0.));
#8362 = CARTESIAN_POINT('',(-8.09680398587,7.859157709402,0.));
#8363 = CARTESIAN_POINT('',(-8.092573156005,7.854892429011,0.));
#8364 = CARTESIAN_POINT('',(-8.091507227457,7.853834139614,0.));
#8365 = VECTOR('',#8366,1.);
#8366 = DIRECTION('',(-0.,-0.,-1.));
#8367 = ADVANCED_FACE('',(#8368),#8379,.F.);
#8368 = FACE_BOUND('',#8369,.F.);
#8369 = EDGE_LOOP('',(#8370,#8376,#8377,#8378));
#8370 = ORIENTED_EDGE('',*,*,#8371,.T.);
#8371 = EDGE_CURVE('',#1730,#4152,#8372,.T.);
#8372 = LINE('',#8373,#8374);
#8373 = CARTESIAN_POINT('',(-7.893235292514,-7.661386076749,0.));
#8374 = VECTOR('',#8375,1.);
#8375 = DIRECTION('',(0.,0.,1.));
#8376 = ORIENTED_EDGE('',*,*,#4158,.T.);
#8377 = ORIENTED_EDGE('',*,*,#8295,.F.);
#8378 = ORIENTED_EDGE('',*,*,#1736,.F.);
#8379 = SURFACE_OF_LINEAR_EXTRUSION('',#8380,#8383);
#8380 = B_SPLINE_CURVE_WITH_KNOTS('',1,(#8381,#8382),.UNSPECIFIED.,.F.,
  .F.,(2,2),(0.,0.276311449431),.PIECEWISE_BEZIER_KNOTS.);
#8381 = CARTESIAN_POINT('',(-7.893235292514,-7.661386076749,0.));
#8382 = CARTESIAN_POINT('',(-8.091507227457,-7.853834139614,0.));
#8383 = VECTOR('',#8384,1.);
#8384 = DIRECTION('',(-0.,-0.,-1.));
#8385 = ADVANCED_FACE('',(#8386),#8397,.F.);
#8386 = FACE_BOUND('',#8387,.F.);
#8387 = EDGE_LOOP('',(#8388,#8389,#8390,#8396));
#8388 = ORIENTED_EDGE('',*,*,#8335,.T.);
#8389 = ORIENTED_EDGE('',*,*,#3570,.T.);
#8390 = ORIENTED_EDGE('',*,*,#8391,.F.);
#8391 = EDGE_CURVE('',#1149,#3571,#8392,.T.);
#8392 = LINE('',#8393,#8394);
#8393 = CARTESIAN_POINT('',(-7.893235292514,7.661386076749,0.));
#8394 = VECTOR('',#8395,1.);
#8395 = DIRECTION('',(0.,0.,1.));
#8396 = ORIENTED_EDGE('',*,*,#1148,.F.);
#8397 = SURFACE_OF_LINEAR_EXTRUSION('',#8398,#8401);
#8398 = B_SPLINE_CURVE_WITH_KNOTS('',1,(#8399,#8400),.UNSPECIFIED.,.F.,
  .F.,(2,2),(0.,0.276311449431),.PIECEWISE_BEZIER_KNOTS.);
#8399 = CARTESIAN_POINT('',(-8.091507227457,7.853834139614,0.));
#8400 = CARTESIAN_POINT('',(-7.893235292514,7.661386076749,0.));
#8401 = VECTOR('',#8402,1.);
#8402 = DIRECTION('',(-0.,-0.,-1.));
#8403 = ADVANCED_FACE('',(#8404),#8415,.F.);
#8404 = FACE_BOUND('',#8405,.F.);
#8405 = EDGE_LOOP('',(#8406,#8412,#8413,#8414));
#8406 = ORIENTED_EDGE('',*,*,#8407,.T.);
#8407 = EDGE_CURVE('',#1723,#4145,#8408,.T.);
#8408 = LINE('',#8409,#8410);
#8409 = CARTESIAN_POINT('',(-8.444483957533,-7.049162410596,0.));
#8410 = VECTOR('',#8411,1.);
#8411 = DIRECTION('',(0.,0.,1.));
#8412 = ORIENTED_EDGE('',*,*,#4151,.T.);
#8413 = ORIENTED_EDGE('',*,*,#8371,.F.);
#8414 = ORIENTED_EDGE('',*,*,#1729,.F.);
#8415 = SURFACE_OF_LINEAR_EXTRUSION('',#8416,#8419);
#8416 = B_SPLINE_CURVE_WITH_KNOTS('',1,(#8417,#8418),.UNSPECIFIED.,.F.,
  .F.,(2,2),(0.,0.823828203015),.PIECEWISE_BEZIER_KNOTS.);
#8417 = CARTESIAN_POINT('',(-8.444483957533,-7.049162410596,0.));
#8418 = CARTESIAN_POINT('',(-7.893235292514,-7.661386076749,0.));
#8419 = VECTOR('',#8420,1.);
#8420 = DIRECTION('',(-0.,-0.,-1.));
#8421 = ADVANCED_FACE('',(#8422),#8433,.F.);
#8422 = FACE_BOUND('',#8423,.F.);
#8423 = EDGE_LOOP('',(#8424,#8425,#8426,#8432));
#8424 = ORIENTED_EDGE('',*,*,#8391,.T.);
#8425 = ORIENTED_EDGE('',*,*,#3577,.T.);
#8426 = ORIENTED_EDGE('',*,*,#8427,.F.);
#8427 = EDGE_CURVE('',#1156,#3578,#8428,.T.);
#8428 = LINE('',#8429,#8430);
#8429 = CARTESIAN_POINT('',(-8.444483957533,7.049162410596,0.));
#8430 = VECTOR('',#8431,1.);
#8431 = DIRECTION('',(0.,0.,1.));
#8432 = ORIENTED_EDGE('',*,*,#1155,.F.);
#8433 = SURFACE_OF_LINEAR_EXTRUSION('',#8434,#8437);
#8434 = B_SPLINE_CURVE_WITH_KNOTS('',1,(#8435,#8436),.UNSPECIFIED.,.F.,
  .F.,(2,2),(0.,0.823828203015),.PIECEWISE_BEZIER_KNOTS.);
#8435 = CARTESIAN_POINT('',(-7.893235292514,7.661386076749,0.));
#8436 = CARTESIAN_POINT('',(-8.444483957533,7.049162410596,0.));
#8437 = VECTOR('',#8438,1.);
#8438 = DIRECTION('',(-0.,-0.,-1.));
#8439 = ADVANCED_FACE('',(#8440),#8451,.F.);
#8440 = FACE_BOUND('',#8441,.F.);
#8441 = EDGE_LOOP('',(#8442,#8448,#8449,#8450));
#8442 = ORIENTED_EDGE('',*,*,#8443,.T.);
#8443 = EDGE_CURVE('',#1696,#4118,#8444,.T.);
#8444 = LINE('',#8445,#8446);
#8445 = CARTESIAN_POINT('',(-8.656602830442,-7.226231890864,0.));
#8446 = VECTOR('',#8447,1.);
#8447 = DIRECTION('',(0.,0.,1.));
#8448 = ORIENTED_EDGE('',*,*,#4144,.T.);
#8449 = ORIENTED_EDGE('',*,*,#8407,.F.);
#8450 = ORIENTED_EDGE('',*,*,#1722,.F.);
#8451 = SURFACE_OF_LINEAR_EXTRUSION('',#8452,#8455);
#8452 = B_SPLINE_CURVE_WITH_KNOTS('',1,(#8453,#8454),.UNSPECIFIED.,.F.,
  .F.,(2,2),(0.,0.276311449431),.PIECEWISE_BEZIER_KNOTS.);
#8453 = CARTESIAN_POINT('',(-8.656602830442,-7.226231890864,0.));
#8454 = CARTESIAN_POINT('',(-8.444483957533,-7.049162410596,0.));
#8455 = VECTOR('',#8456,1.);
#8456 = DIRECTION('',(-0.,-0.,-1.));
#8457 = ADVANCED_FACE('',(#8458),#8469,.F.);
#8458 = FACE_BOUND('',#8459,.F.);
#8459 = EDGE_LOOP('',(#8460,#8461,#8462,#8468));
#8460 = ORIENTED_EDGE('',*,*,#8427,.T.);
#8461 = ORIENTED_EDGE('',*,*,#3584,.T.);
#8462 = ORIENTED_EDGE('',*,*,#8463,.F.);
#8463 = EDGE_CURVE('',#1163,#3585,#8464,.T.);
#8464 = LINE('',#8465,#8466);
#8465 = CARTESIAN_POINT('',(-8.656602830442,7.226231890864,0.));
#8466 = VECTOR('',#8467,1.);
#8467 = DIRECTION('',(0.,0.,1.));
#8468 = ORIENTED_EDGE('',*,*,#1162,.F.);
#8469 = SURFACE_OF_LINEAR_EXTRUSION('',#8470,#8473);
#8470 = B_SPLINE_CURVE_WITH_KNOTS('',1,(#8471,#8472),.UNSPECIFIED.,.F.,
  .F.,(2,2),(0.,0.276311449431),.PIECEWISE_BEZIER_KNOTS.);
#8471 = CARTESIAN_POINT('',(-8.444483957533,7.049162410596,0.));
#8472 = CARTESIAN_POINT('',(-8.656602830442,7.226231890864,0.));
#8473 = VECTOR('',#8474,1.);
#8474 = DIRECTION('',(-0.,-0.,-1.));
#8475 = ADVANCED_FACE('',(#8476),#8487,.F.);
#8476 = FACE_BOUND('',#8477,.F.);
#8477 = EDGE_LOOP('',(#8478,#8484,#8485,#8486));
#8478 = ORIENTED_EDGE('',*,*,#8479,.T.);
#8479 = EDGE_CURVE('',#1689,#4111,#8480,.T.);
#8480 = LINE('',#8481,#8482);
#8481 = CARTESIAN_POINT('',(-10.17931042737,-7.760260254855,0.));
#8482 = VECTOR('',#8483,1.);
#8483 = DIRECTION('',(0.,0.,1.));
#8484 = ORIENTED_EDGE('',*,*,#4117,.T.);
#8485 = ORIENTED_EDGE('',*,*,#8443,.F.);
#8486 = ORIENTED_EDGE('',*,*,#1695,.F.);
#8487 = SURFACE_OF_LINEAR_EXTRUSION('',#8488,#8511);
#8488 = B_SPLINE_CURVE_WITH_KNOTS('',3,(#8489,#8490,#8491,#8492,#8493,
    #8494,#8495,#8496,#8497,#8498,#8499,#8500,#8501,#8502,#8503,#8504,
    #8505,#8506,#8507,#8508,#8509,#8510),.UNSPECIFIED.,.F.,.F.,(4,1,1,1,
    1,1,1,1,1,1,1,1,1,1,1,1,1,1,1,4),(0.,0.166712883271,0.324414259488,
    0.473104128661,0.612782490802,0.743449345922,0.86510469404,
    0.977748535175,1.081380869354,1.176001696608,1.261611016983,
    1.338208830536,1.405795137351,1.464369937549,1.513933231314,
    1.55448501896,1.586025301063,1.608554078892,1.62207135626,
    1.626577159839),.UNSPECIFIED.);
#8489 = CARTESIAN_POINT('',(-10.17931042737,-7.760260254855,0.));
#8490 = CARTESIAN_POINT('',(-10.12443641064,-7.751488070256,0.));
#8491 = CARTESIAN_POINT('',(-10.01787996433,-7.732959485131,0.));
#8492 = CARTESIAN_POINT('',(-9.863317337254,-7.70155236522,0.));
#8493 = CARTESIAN_POINT('',(-9.718479572329,-7.667838057382,0.));
#8494 = CARTESIAN_POINT('',(-9.58336887782,-7.632337067249,0.));
#8495 = CARTESIAN_POINT('',(-9.457962985929,-7.595571126296,0.));
#8496 = CARTESIAN_POINT('',(-9.342218664452,-7.558058314376,0.));
#8497 = CARTESIAN_POINT('',(-9.236071038765,-7.52031324745,0.));
#8498 = CARTESIAN_POINT('',(-9.139433969046,-7.48284603959,0.));
#8499 = CARTESIAN_POINT('',(-9.052200213012,-7.446161563078,0.));
#8500 = CARTESIAN_POINT('',(-8.974241654168,-7.410758671128,0.));
#8501 = CARTESIAN_POINT('',(-8.905409615817,-7.377129360188,0.));
#8502 = CARTESIAN_POINT('',(-8.845534977897,-7.345758209596,0.));
#8503 = CARTESIAN_POINT('',(-8.794429030776,-7.317120985131,0.));
#8504 = CARTESIAN_POINT('',(-8.751882217562,-7.291685803664,0.));
#8505 = CARTESIAN_POINT('',(-8.717669174591,-7.269906830543,0.));
#8506 = CARTESIAN_POINT('',(-8.691536390295,-7.25223874836,0.));
#8507 = CARTESIAN_POINT('',(-8.673235409524,-7.239096954506,0.));
#8508 = CARTESIAN_POINT('',(-8.662450899175,-7.230943168511,0.));
#8509 = CARTESIAN_POINT('',(-8.657766742292,-7.227181358779,0.));
#8510 = CARTESIAN_POINT('',(-8.656602830442,-7.226231890864,0.));
#8511 = VECTOR('',#8512,1.);
#8512 = DIRECTION('',(-0.,-0.,-1.));
#8513 = ADVANCED_FACE('',(#8514),#8525,.F.);
#8514 = FACE_BOUND('',#8515,.F.);
#8515 = EDGE_LOOP('',(#8516,#8517,#8518,#8524));
#8516 = ORIENTED_EDGE('',*,*,#8463,.T.);
#8517 = ORIENTED_EDGE('',*,*,#3591,.T.);
#8518 = ORIENTED_EDGE('',*,*,#8519,.F.);
#8519 = EDGE_CURVE('',#1170,#3592,#8520,.T.);
#8520 = LINE('',#8521,#8522);
#8521 = CARTESIAN_POINT('',(-10.17931042737,7.760260254855,0.));
#8522 = VECTOR('',#8523,1.);
#8523 = DIRECTION('',(0.,0.,1.));
#8524 = ORIENTED_EDGE('',*,*,#1169,.F.);
#8525 = SURFACE_OF_LINEAR_EXTRUSION('',#8526,#8549);
#8526 = B_SPLINE_CURVE_WITH_KNOTS('',3,(#8527,#8528,#8529,#8530,#8531,
    #8532,#8533,#8534,#8535,#8536,#8537,#8538,#8539,#8540,#8541,#8542,
    #8543,#8544,#8545,#8546,#8547,#8548),.UNSPECIFIED.,.F.,.F.,(4,1,1,1,
    1,1,1,1,1,1,1,1,1,1,1,1,1,1,1,4),(0.,4.505803579075E-03,
    1.802308094653E-02,4.055185877624E-02,7.209214087878E-02,
    0.112643928524,0.16220722229,0.220782022487,0.288368329302,
    0.364966142856,0.450575463231,0.545196290485,0.648828624664,
    0.761472465799,0.883127813916,1.013794669037,1.153473031177,
    1.302162900351,1.459864276568,1.626577159839),.UNSPECIFIED.);
#8527 = CARTESIAN_POINT('',(-8.656602830442,7.226231890864,0.));
#8528 = CARTESIAN_POINT('',(-8.657766742292,7.227181358779,0.));
#8529 = CARTESIAN_POINT('',(-8.662450899175,7.230943168511,0.));
#8530 = CARTESIAN_POINT('',(-8.673235409524,7.239096954506,0.));
#8531 = CARTESIAN_POINT('',(-8.691536390295,7.25223874836,0.));
#8532 = CARTESIAN_POINT('',(-8.717669174591,7.269906830543,0.));
#8533 = CARTESIAN_POINT('',(-8.751882217562,7.291685803664,0.));
#8534 = CARTESIAN_POINT('',(-8.794429030776,7.317120985131,0.));
#8535 = CARTESIAN_POINT('',(-8.845534977897,7.345758209596,0.));
#8536 = CARTESIAN_POINT('',(-8.905409615817,7.377129360188,0.));
#8537 = CARTESIAN_POINT('',(-8.974241654168,7.410758671128,0.));
#8538 = CARTESIAN_POINT('',(-9.052200213012,7.446161563078,0.));
#8539 = CARTESIAN_POINT('',(-9.139433969046,7.48284603959,0.));
#8540 = CARTESIAN_POINT('',(-9.236071038765,7.52031324745,0.));
#8541 = CARTESIAN_POINT('',(-9.342218664452,7.558058314376,0.));
#8542 = CARTESIAN_POINT('',(-9.457962985929,7.595571126296,0.));
#8543 = CARTESIAN_POINT('',(-9.58336887782,7.632337067249,0.));
#8544 = CARTESIAN_POINT('',(-9.718479572329,7.667838057382,0.));
#8545 = CARTESIAN_POINT('',(-9.863317337254,7.70155236522,0.));
#8546 = CARTESIAN_POINT('',(-10.01787996433,7.732959485131,0.));
#8547 = CARTESIAN_POINT('',(-10.12443641064,7.751488070256,0.));
#8548 = CARTESIAN_POINT('',(-10.17931042737,7.760260254855,0.));
#8549 = VECTOR('',#8550,1.);
#8550 = DIRECTION('',(-0.,-0.,-1.));
#8551 = ADVANCED_FACE('',(#8552),#8563,.F.);
#8552 = FACE_BOUND('',#8553,.F.);
#8553 = EDGE_LOOP('',(#8554,#8560,#8561,#8562));
#8554 = ORIENTED_EDGE('',*,*,#8555,.T.);
#8555 = EDGE_CURVE('',#1662,#4084,#8556,.T.);
#8556 = LINE('',#8557,#8558);
#8557 = CARTESIAN_POINT('',(-10.5260259966,-7.283047213826,0.));
#8558 = VECTOR('',#8559,1.);
#8559 = DIRECTION('',(0.,0.,1.));
#8560 = ORIENTED_EDGE('',*,*,#4110,.T.);
#8561 = ORIENTED_EDGE('',*,*,#8479,.F.);
#8562 = ORIENTED_EDGE('',*,*,#1688,.F.);
#8563 = SURFACE_OF_LINEAR_EXTRUSION('',#8564,#8567);
#8564 = B_SPLINE_CURVE_WITH_KNOTS('',1,(#8565,#8566),.UNSPECIFIED.,.F.,
  .F.,(2,2),(0.,0.58986775846),.PIECEWISE_BEZIER_KNOTS.);
#8565 = CARTESIAN_POINT('',(-10.5260259966,-7.283047213826,0.));
#8566 = CARTESIAN_POINT('',(-10.17931042737,-7.760260254855,0.));
#8567 = VECTOR('',#8568,1.);
#8568 = DIRECTION('',(-0.,-0.,-1.));
#8569 = ADVANCED_FACE('',(#8570),#8581,.F.);
#8570 = FACE_BOUND('',#8571,.F.);
#8571 = EDGE_LOOP('',(#8572,#8573,#8574,#8580));
#8572 = ORIENTED_EDGE('',*,*,#8519,.T.);
#8573 = ORIENTED_EDGE('',*,*,#3618,.T.);
#8574 = ORIENTED_EDGE('',*,*,#8575,.F.);
#8575 = EDGE_CURVE('',#1197,#3619,#8576,.T.);
#8576 = LINE('',#8577,#8578);
#8577 = CARTESIAN_POINT('',(-10.5260259966,7.283047213826,0.));
#8578 = VECTOR('',#8579,1.);
#8579 = DIRECTION('',(0.,0.,1.));
#8580 = ORIENTED_EDGE('',*,*,#1196,.F.);
#8581 = SURFACE_OF_LINEAR_EXTRUSION('',#8582,#8585);
#8582 = B_SPLINE_CURVE_WITH_KNOTS('',1,(#8583,#8584),.UNSPECIFIED.,.F.,
  .F.,(2,2),(0.,0.58986775846),.PIECEWISE_BEZIER_KNOTS.);
#8583 = CARTESIAN_POINT('',(-10.17931042737,7.760260254855,0.));
#8584 = CARTESIAN_POINT('',(-10.5260259966,7.283047213826,0.));
#8585 = VECTOR('',#8586,1.);
#8586 = DIRECTION('',(-0.,-0.,-1.));
#8587 = ADVANCED_FACE('',(#8588),#8599,.F.);
#8588 = FACE_BOUND('',#8589,.F.);
#8589 = EDGE_LOOP('',(#8590,#8596,#8597,#8598));
#8590 = ORIENTED_EDGE('',*,*,#8591,.T.);
#8591 = EDGE_CURVE('',#1655,#4077,#8592,.T.);
#8592 = LINE('',#8593,#8594);
#8593 = CARTESIAN_POINT('',(-9.547592316227,-5.9998900713,0.));
#8594 = VECTOR('',#8595,1.);
#8595 = DIRECTION('',(0.,0.,1.));
#8596 = ORIENTED_EDGE('',*,*,#4083,.T.);
#8597 = ORIENTED_EDGE('',*,*,#8555,.F.);
#8598 = ORIENTED_EDGE('',*,*,#1661,.F.);
#8599 = SURFACE_OF_LINEAR_EXTRUSION('',#8600,#8623);
#8600 = B_SPLINE_CURVE_WITH_KNOTS('',3,(#8601,#8602,#8603,#8604,#8605,
    #8606,#8607,#8608,#8609,#8610,#8611,#8612,#8613,#8614,#8615,#8616,
    #8617,#8618,#8619,#8620,#8621,#8622),.UNSPECIFIED.,.F.,.F.,(4,1,1,1,
    1,1,1,1,1,1,1,1,1,1,1,1,1,1,1,4),(0.,4.505803579075E-03,
    1.802308094653E-02,4.055185877624E-02,7.209214087878E-02,
    0.112643928524,0.16220722229,0.220782022487,0.288368329302,
    0.364966142856,0.450575463231,0.545196290485,0.648828624664,
    0.761472465799,0.883127813916,1.013794669037,1.153473031177,
    1.302162900351,1.459864276568,1.626577159839),.UNSPECIFIED.);
#8601 = CARTESIAN_POINT('',(-9.547592316227,-5.9998900713,0.));
#8602 = CARTESIAN_POINT('',(-9.548854982416,-6.000703615528,0.));
#8603 = CARTESIAN_POINT('',(-9.553880160156,-6.003996050318,0.));
#8604 = CARTESIAN_POINT('',(-9.564967468433,-6.011733070719,0.));
#8605 = CARTESIAN_POINT('',(-9.583121371186,-6.025077300099,0.));
#8606 = CARTESIAN_POINT('',(-9.608000190334,-6.044471317239,0.));
#8607 = CARTESIAN_POINT('',(-9.639285636346,-6.070279781885,0.));
#8608 = CARTESIAN_POINT('',(-9.676623619763,-6.102884302512,0.));
#8609 = CARTESIAN_POINT('',(-9.719651844873,-6.142639557511,0.));
#8610 = CARTESIAN_POINT('',(-9.767989862716,-6.1898895034,0.));
#8611 = CARTESIAN_POINT('',(-9.821243507632,-6.244960633414,0.));
#8612 = CARTESIAN_POINT('',(-9.879004178257,-6.30816353354,0.));
#8613 = CARTESIAN_POINT('',(-9.940849901788,-6.379791638986,0.));
#8614 = CARTESIAN_POINT('',(-10.0063458308,-6.460120949897,0.));
#8615 = CARTESIAN_POINT('',(-10.0750449429,-6.549409473862,0.));
#8616 = CARTESIAN_POINT('',(-10.14648870946,-6.647896768637,0.));
#8617 = CARTESIAN_POINT('',(-10.22020774897,-6.755803558733,0.));
#8618 = CARTESIAN_POINT('',(-10.2957226977,-6.873331055899,0.));
#8619 = CARTESIAN_POINT('',(-10.37254424065,-7.000661661961,0.));
#8620 = CARTESIAN_POINT('',(-10.45017666516,-7.137954121827,0.));
#8621 = CARTESIAN_POINT('',(-10.50072614956,-7.233569676759,0.));
#8622 = CARTESIAN_POINT('',(-10.5260259966,-7.283047213826,0.));
#8623 = VECTOR('',#8624,1.);
#8624 = DIRECTION('',(-0.,-0.,-1.));
#8625 = ADVANCED_FACE('',(#8626),#8637,.F.);
#8626 = FACE_BOUND('',#8627,.F.);
#8627 = EDGE_LOOP('',(#8628,#8629,#8630,#8636));
#8628 = ORIENTED_EDGE('',*,*,#8575,.T.);
#8629 = ORIENTED_EDGE('',*,*,#3625,.T.);
#8630 = ORIENTED_EDGE('',*,*,#8631,.F.);
#8631 = EDGE_CURVE('',#1204,#3626,#8632,.T.);
#8632 = LINE('',#8633,#8634);
#8633 = CARTESIAN_POINT('',(-9.547592316227,5.9998900713,0.));
#8634 = VECTOR('',#8635,1.);
#8635 = DIRECTION('',(0.,0.,1.));
#8636 = ORIENTED_EDGE('',*,*,#1203,.F.);
#8637 = SURFACE_OF_LINEAR_EXTRUSION('',#8638,#8661);
#8638 = B_SPLINE_CURVE_WITH_KNOTS('',3,(#8639,#8640,#8641,#8642,#8643,
    #8644,#8645,#8646,#8647,#8648,#8649,#8650,#8651,#8652,#8653,#8654,
    #8655,#8656,#8657,#8658,#8659,#8660),.UNSPECIFIED.,.F.,.F.,(4,1,1,1,
    1,1,1,1,1,1,1,1,1,1,1,1,1,1,1,4),(0.,0.166712883271,0.324414259488,
    0.473104128661,0.612782490802,0.743449345922,0.86510469404,
    0.977748535175,1.081380869354,1.176001696608,1.261611016983,
    1.338208830536,1.405795137351,1.464369937549,1.513933231314,
    1.55448501896,1.586025301063,1.608554078892,1.62207135626,
    1.626577159839),.UNSPECIFIED.);
#8639 = CARTESIAN_POINT('',(-10.5260259966,7.283047213826,0.));
#8640 = CARTESIAN_POINT('',(-10.50072614956,7.233569676759,0.));
#8641 = CARTESIAN_POINT('',(-10.45017666516,7.137954121827,0.));
#8642 = CARTESIAN_POINT('',(-10.37254424065,7.000661661961,0.));
#8643 = CARTESIAN_POINT('',(-10.2957226977,6.873331055899,0.));
#8644 = CARTESIAN_POINT('',(-10.22020774897,6.755803558733,0.));
#8645 = CARTESIAN_POINT('',(-10.14648870946,6.647896768637,0.));
#8646 = CARTESIAN_POINT('',(-10.0750449429,6.549409473862,0.));
#8647 = CARTESIAN_POINT('',(-10.0063458308,6.460120949897,0.));
#8648 = CARTESIAN_POINT('',(-9.940849901788,6.379791638986,0.));
#8649 = CARTESIAN_POINT('',(-9.879004178257,6.30816353354,0.));
#8650 = CARTESIAN_POINT('',(-9.821243507632,6.244960633414,0.));
#8651 = CARTESIAN_POINT('',(-9.767989862716,6.1898895034,0.));
#8652 = CARTESIAN_POINT('',(-9.719651844873,6.142639557511,0.));
#8653 = CARTESIAN_POINT('',(-9.676623619763,6.102884302512,0.));
#8654 = CARTESIAN_POINT('',(-9.639285636346,6.070279781885,0.));
#8655 = CARTESIAN_POINT('',(-9.608000190334,6.044471317239,0.));
#8656 = CARTESIAN_POINT('',(-9.583121371186,6.025077300099,0.));
#8657 = CARTESIAN_POINT('',(-9.564967468433,6.011733070719,0.));
#8658 = CARTESIAN_POINT('',(-9.553880160156,6.003996050318,0.));
#8659 = CARTESIAN_POINT('',(-9.548854982416,6.000703615528,0.));
#8660 = CARTESIAN_POINT('',(-9.547592316227,5.9998900713,0.));
#8661 = VECTOR('',#8662,1.);
#8662 = DIRECTION('',(-0.,-0.,-1.));
#8663 = ADVANCED_FACE('',(#8664),#8675,.F.);
#8664 = FACE_BOUND('',#8665,.F.);
#8665 = EDGE_LOOP('',(#8666,#8672,#8673,#8674));
#8666 = ORIENTED_EDGE('',*,*,#8667,.T.);
#8667 = EDGE_CURVE('',#1648,#4070,#8668,.T.);
#8668 = LINE('',#8669,#8670);
#8669 = CARTESIAN_POINT('',(-9.313640896625,-5.852870513578,0.));
#8670 = VECTOR('',#8671,1.);
#8671 = DIRECTION('',(0.,0.,1.));
#8672 = ORIENTED_EDGE('',*,*,#4076,.T.);
#8673 = ORIENTED_EDGE('',*,*,#8591,.F.);
#8674 = ORIENTED_EDGE('',*,*,#1654,.F.);
#8675 = SURFACE_OF_LINEAR_EXTRUSION('',#8676,#8679);
#8676 = B_SPLINE_CURVE_WITH_KNOTS('',1,(#8677,#8678),.UNSPECIFIED.,.F.,
  .F.,(2,2),(0.,0.276311449431),.PIECEWISE_BEZIER_KNOTS.);
#8677 = CARTESIAN_POINT('',(-9.313640896625,-5.852870513578,0.));
#8678 = CARTESIAN_POINT('',(-9.547592316227,-5.9998900713,0.));
#8679 = VECTOR('',#8680,1.);
#8680 = DIRECTION('',(-0.,-0.,-1.));
#8681 = ADVANCED_FACE('',(#8682),#8693,.F.);
#8682 = FACE_BOUND('',#8683,.F.);
#8683 = EDGE_LOOP('',(#8684,#8685,#8686,#8692));
#8684 = ORIENTED_EDGE('',*,*,#8631,.T.);
#8685 = ORIENTED_EDGE('',*,*,#3652,.T.);
#8686 = ORIENTED_EDGE('',*,*,#8687,.F.);
#8687 = EDGE_CURVE('',#1231,#3653,#8688,.T.);
#8688 = LINE('',#8689,#8690);
#8689 = CARTESIAN_POINT('',(-9.313640896625,5.852870513578,0.));
#8690 = VECTOR('',#8691,1.);
#8691 = DIRECTION('',(0.,0.,1.));
#8692 = ORIENTED_EDGE('',*,*,#1230,.F.);
#8693 = SURFACE_OF_LINEAR_EXTRUSION('',#8694,#8697);
#8694 = B_SPLINE_CURVE_WITH_KNOTS('',1,(#8695,#8696),.UNSPECIFIED.,.F.,
  .F.,(2,2),(0.,0.276311449431),.PIECEWISE_BEZIER_KNOTS.);
#8695 = CARTESIAN_POINT('',(-9.547592316227,5.9998900713,0.));
#8696 = CARTESIAN_POINT('',(-9.313640896625,5.852870513578,0.));
#8697 = VECTOR('',#8698,1.);
#8698 = DIRECTION('',(-0.,-0.,-1.));
#8699 = ADVANCED_FACE('',(#8700),#8711,.F.);
#8700 = FACE_BOUND('',#8701,.F.);
#8701 = EDGE_LOOP('',(#8702,#8708,#8709,#8710));
#8702 = ORIENTED_EDGE('',*,*,#8703,.T.);
#8703 = EDGE_CURVE('',#1641,#4063,#8704,.T.);
#8704 = LINE('',#8705,#8706);
#8705 = CARTESIAN_POINT('',(-9.725554998132,-5.139414361414,0.));
#8706 = VECTOR('',#8707,1.);
#8707 = DIRECTION('',(0.,0.,1.));
#8708 = ORIENTED_EDGE('',*,*,#4069,.T.);
#8709 = ORIENTED_EDGE('',*,*,#8667,.F.);
#8710 = ORIENTED_EDGE('',*,*,#1647,.F.);
#8711 = SURFACE_OF_LINEAR_EXTRUSION('',#8712,#8715);
#8712 = B_SPLINE_CURVE_WITH_KNOTS('',1,(#8713,#8714),.UNSPECIFIED.,.F.,
  .F.,(2,2),(0.,0.823828203015),.PIECEWISE_BEZIER_KNOTS.);
#8713 = CARTESIAN_POINT('',(-9.725554998132,-5.139414361414,0.));
#8714 = CARTESIAN_POINT('',(-9.313640896625,-5.852870513578,0.));
#8715 = VECTOR('',#8716,1.);
#8716 = DIRECTION('',(-0.,-0.,-1.));
#8717 = ADVANCED_FACE('',(#8718),#8729,.F.);
#8718 = FACE_BOUND('',#8719,.F.);
#8719 = EDGE_LOOP('',(#8720,#8721,#8722,#8728));
#8720 = ORIENTED_EDGE('',*,*,#8687,.T.);
#8721 = ORIENTED_EDGE('',*,*,#3659,.T.);
#8722 = ORIENTED_EDGE('',*,*,#8723,.F.);
#8723 = EDGE_CURVE('',#1238,#3660,#8724,.T.);
#8724 = LINE('',#8725,#8726);
#8725 = CARTESIAN_POINT('',(-9.725554998132,5.139414361414,0.));
#8726 = VECTOR('',#8727,1.);
#8727 = DIRECTION('',(0.,0.,1.));
#8728 = ORIENTED_EDGE('',*,*,#1237,.F.);
#8729 = SURFACE_OF_LINEAR_EXTRUSION('',#8730,#8733);
#8730 = B_SPLINE_CURVE_WITH_KNOTS('',1,(#8731,#8732),.UNSPECIFIED.,.F.,
  .F.,(2,2),(0.,0.823828203015),.PIECEWISE_BEZIER_KNOTS.);
#8731 = CARTESIAN_POINT('',(-9.313640896625,5.852870513578,0.));
#8732 = CARTESIAN_POINT('',(-9.725554998132,5.139414361414,0.));
#8733 = VECTOR('',#8734,1.);
#8734 = DIRECTION('',(-0.,-0.,-1.));
#8735 = ADVANCED_FACE('',(#8736),#8747,.F.);
#8736 = FACE_BOUND('',#8737,.F.);
#8737 = EDGE_LOOP('',(#8738,#8744,#8745,#8746));
#8738 = ORIENTED_EDGE('',*,*,#8739,.T.);
#8739 = EDGE_CURVE('',#1614,#4036,#8740,.T.);
#8740 = LINE('',#8741,#8742);
#8741 = CARTESIAN_POINT('',(-9.969853379774,-5.26851245518,0.));
#8742 = VECTOR('',#8743,1.);
#8743 = DIRECTION('',(0.,0.,1.));
#8744 = ORIENTED_EDGE('',*,*,#4062,.T.);
#8745 = ORIENTED_EDGE('',*,*,#8703,.F.);
#8746 = ORIENTED_EDGE('',*,*,#1640,.F.);
#8747 = SURFACE_OF_LINEAR_EXTRUSION('',#8748,#8751);
#8748 = B_SPLINE_CURVE_WITH_KNOTS('',1,(#8749,#8750),.UNSPECIFIED.,.F.,
  .F.,(2,2),(0.,0.276311449431),.PIECEWISE_BEZIER_KNOTS.);
#8749 = CARTESIAN_POINT('',(-9.969853379774,-5.26851245518,0.));
#8750 = CARTESIAN_POINT('',(-9.725554998132,-5.139414361414,0.));
#8751 = VECTOR('',#8752,1.);
#8752 = DIRECTION('',(-0.,-0.,-1.));
#8753 = ADVANCED_FACE('',(#8754),#8765,.F.);
#8754 = FACE_BOUND('',#8755,.F.);
#8755 = EDGE_LOOP('',(#8756,#8757,#8758,#8764));
#8756 = ORIENTED_EDGE('',*,*,#8723,.T.);
#8757 = ORIENTED_EDGE('',*,*,#3666,.T.);
#8758 = ORIENTED_EDGE('',*,*,#8759,.F.);
#8759 = EDGE_CURVE('',#1245,#3667,#8760,.T.);
#8760 = LINE('',#8761,#8762);
#8761 = CARTESIAN_POINT('',(-9.969853379774,5.26851245518,0.));
#8762 = VECTOR('',#8763,1.);
#8763 = DIRECTION('',(0.,0.,1.));
#8764 = ORIENTED_EDGE('',*,*,#1244,.F.);
#8765 = SURFACE_OF_LINEAR_EXTRUSION('',#8766,#8769);
#8766 = B_SPLINE_CURVE_WITH_KNOTS('',1,(#8767,#8768),.UNSPECIFIED.,.F.,
  .F.,(2,2),(0.,0.276311449431),.PIECEWISE_BEZIER_KNOTS.);
#8767 = CARTESIAN_POINT('',(-9.725554998132,5.139414361414,0.));
#8768 = CARTESIAN_POINT('',(-9.969853379774,5.26851245518,0.));
#8769 = VECTOR('',#8770,1.);
#8770 = DIRECTION('',(-0.,-0.,-1.));
#8771 = ADVANCED_FACE('',(#8772),#8783,.F.);
#8772 = FACE_BOUND('',#8773,.F.);
#8773 = EDGE_LOOP('',(#8774,#8780,#8781,#8782));
#8774 = ORIENTED_EDGE('',*,*,#8775,.T.);
#8775 = EDGE_CURVE('',#1607,#4029,#8776,.T.);
#8776 = LINE('',#8777,#8778);
#8777 = CARTESIAN_POINT('',(-11.57031690243,-5.474282307041,0.));
#8778 = VECTOR('',#8779,1.);
#8779 = DIRECTION('',(0.,0.,1.));
#8780 = ORIENTED_EDGE('',*,*,#4035,.T.);
#8781 = ORIENTED_EDGE('',*,*,#8739,.F.);
#8782 = ORIENTED_EDGE('',*,*,#1613,.F.);
#8783 = SURFACE_OF_LINEAR_EXTRUSION('',#8784,#8807);
#8784 = B_SPLINE_CURVE_WITH_KNOTS('',3,(#8785,#8786,#8787,#8788,#8789,
    #8790,#8791,#8792,#8793,#8794,#8795,#8796,#8797,#8798,#8799,#8800,
    #8801,#8802,#8803,#8804,#8805,#8806),.UNSPECIFIED.,.F.,.F.,(4,1,1,1,
    1,1,1,1,1,1,1,1,1,1,1,1,1,1,1,4),(0.,0.166712883271,0.324414259488,
    0.473104128661,0.612782490802,0.743449345922,0.86510469404,
    0.977748535175,1.081380869354,1.176001696608,1.261611016983,
    1.338208830536,1.405795137351,1.464369937549,1.513933231314,
    1.55448501896,1.586025301063,1.608554078892,1.62207135626,
    1.626577159839),.UNSPECIFIED.);
#8785 = CARTESIAN_POINT('',(-11.57031690243,-5.474282307041,0.));
#8786 = CARTESIAN_POINT('',(-11.51481817489,-5.477110765323,0.));
#8787 = CARTESIAN_POINT('',(-11.40673793313,-5.481141405158,0.));
#8788 = CARTESIAN_POINT('',(-11.24902296288,-5.482555983305,0.));
#8789 = CARTESIAN_POINT('',(-11.10034065188,-5.479691878582,0.));
#8790 = CARTESIAN_POINT('',(-10.96080137932,-5.473057763203,0.));
#8791 = CARTESIAN_POINT('',(-10.83049183811,-5.463168597294,0.));
#8792 = CARTESIAN_POINT('',(-10.7094774556,-5.450540127898,0.));
#8793 = CARTESIAN_POINT('',(-10.59780176953,-5.435689213577,0.));
#8794 = CARTESIAN_POINT('',(-10.4954865811,-5.419132730664,0.));
#8795 = CARTESIAN_POINT('',(-10.4025319604,-5.401386815693,0.));
#8796 = CARTESIAN_POINT('',(-10.31891630798,-5.382966057656,0.));
#8797 = CARTESIAN_POINT('',(-10.24459648792,-5.364382613321,0.));
#8798 = CARTESIAN_POINT('',(-10.17950782553,-5.346145634845,0.));
#8799 = CARTESIAN_POINT('',(-10.12356465221,-5.328759726319,0.));
#8800 = CARTESIAN_POINT('',(-10.07665931736,-5.312726344467,0.));
#8801 = CARTESIAN_POINT('',(-10.03866580834,-5.298536585775,0.));
#8802 = CARTESIAN_POINT('',(-10.00943068724,-5.286687904947,0.));
#8803 = CARTESIAN_POINT('',(-9.98879729423,-5.277638278675,0.));
#8804 = CARTESIAN_POINT('',(-9.976553183875,-5.271904898249,0.));
#8805 = CARTESIAN_POINT('',(-9.971189262836,-5.269199184062,0.));
#8806 = CARTESIAN_POINT('',(-9.969853379774,-5.26851245518,0.));
#8807 = VECTOR('',#8808,1.);
#8808 = DIRECTION('',(-0.,-0.,-1.));
#8809 = ADVANCED_FACE('',(#8810),#8821,.F.);
#8810 = FACE_BOUND('',#8811,.F.);
#8811 = EDGE_LOOP('',(#8812,#8813,#8814,#8820));
#8812 = ORIENTED_EDGE('',*,*,#8759,.T.);
#8813 = ORIENTED_EDGE('',*,*,#3673,.T.);
#8814 = ORIENTED_EDGE('',*,*,#8815,.F.);
#8815 = EDGE_CURVE('',#1252,#3674,#8816,.T.);
#8816 = LINE('',#8817,#8818);
#8817 = CARTESIAN_POINT('',(-11.57031690243,5.474282307041,0.));
#8818 = VECTOR('',#8819,1.);
#8819 = DIRECTION('',(0.,0.,1.));
#8820 = ORIENTED_EDGE('',*,*,#1251,.F.);
#8821 = SURFACE_OF_LINEAR_EXTRUSION('',#8822,#8845);
#8822 = B_SPLINE_CURVE_WITH_KNOTS('',3,(#8823,#8824,#8825,#8826,#8827,
    #8828,#8829,#8830,#8831,#8832,#8833,#8834,#8835,#8836,#8837,#8838,
    #8839,#8840,#8841,#8842,#8843,#8844),.UNSPECIFIED.,.F.,.F.,(4,1,1,1,
    1,1,1,1,1,1,1,1,1,1,1,1,1,1,1,4),(0.,4.505803579075E-03,
    1.802308094653E-02,4.055185877624E-02,7.209214087878E-02,
    0.112643928524,0.16220722229,0.220782022487,0.288368329302,
    0.364966142856,0.450575463231,0.545196290485,0.648828624664,
    0.761472465799,0.883127813916,1.013794669037,1.153473031177,
    1.302162900351,1.459864276568,1.626577159839),.UNSPECIFIED.);
#8823 = CARTESIAN_POINT('',(-9.969853379774,5.26851245518,0.));
#8824 = CARTESIAN_POINT('',(-9.971189262836,5.269199184062,0.));
#8825 = CARTESIAN_POINT('',(-9.976553183875,5.271904898249,0.));
#8826 = CARTESIAN_POINT('',(-9.98879729423,5.277638278675,0.));
#8827 = CARTESIAN_POINT('',(-10.00943068724,5.286687904947,0.));
#8828 = CARTESIAN_POINT('',(-10.03866580834,5.298536585775,0.));
#8829 = CARTESIAN_POINT('',(-10.07665931736,5.312726344467,0.));
#8830 = CARTESIAN_POINT('',(-10.12356465221,5.328759726319,0.));
#8831 = CARTESIAN_POINT('',(-10.17950782553,5.346145634845,0.));
#8832 = CARTESIAN_POINT('',(-10.24459648792,5.364382613321,0.));
#8833 = CARTESIAN_POINT('',(-10.31891630798,5.382966057656,0.));
#8834 = CARTESIAN_POINT('',(-10.4025319604,5.401386815693,0.));
#8835 = CARTESIAN_POINT('',(-10.4954865811,5.419132730664,0.));
#8836 = CARTESIAN_POINT('',(-10.59780176953,5.435689213577,0.));
#8837 = CARTESIAN_POINT('',(-10.7094774556,5.450540127898,0.));
#8838 = CARTESIAN_POINT('',(-10.83049183811,5.463168597294,0.));
#8839 = CARTESIAN_POINT('',(-10.96080137932,5.473057763203,0.));
#8840 = CARTESIAN_POINT('',(-11.10034065188,5.479691878583,0.));
#8841 = CARTESIAN_POINT('',(-11.24902296288,5.482555983305,0.));
#8842 = CARTESIAN_POINT('',(-11.40673793313,5.481141405158,0.));
#8843 = CARTESIAN_POINT('',(-11.51481817489,5.477110765323,0.));
#8844 = CARTESIAN_POINT('',(-11.57031690243,5.474282307041,0.));
#8845 = VECTOR('',#8846,1.);
#8846 = DIRECTION('',(-0.,-0.,-1.));
#8847 = ADVANCED_FACE('',(#8848),#8859,.F.);
#8848 = FACE_BOUND('',#8849,.F.);
#8849 = EDGE_LOOP('',(#8850,#8856,#8857,#8858));
#8850 = ORIENTED_EDGE('',*,*,#8851,.T.);
#8851 = EDGE_CURVE('',#1580,#4002,#8852,.T.);
#8852 = LINE('',#8853,#8854);
#8853 = CARTESIAN_POINT('',(-11.81023773437,-4.93541129569,0.));
#8854 = VECTOR('',#8855,1.);
#8855 = DIRECTION('',(0.,0.,1.));
#8856 = ORIENTED_EDGE('',*,*,#4028,.T.);
#8857 = ORIENTED_EDGE('',*,*,#8775,.F.);
#8858 = ORIENTED_EDGE('',*,*,#1606,.F.);
#8859 = SURFACE_OF_LINEAR_EXTRUSION('',#8860,#8863);
#8860 = B_SPLINE_CURVE_WITH_KNOTS('',1,(#8861,#8862),.UNSPECIFIED.,.F.,
  .F.,(2,2),(0.,0.58986775846),.PIECEWISE_BEZIER_KNOTS.);
#8861 = CARTESIAN_POINT('',(-11.81023773437,-4.93541129569,0.));
#8862 = CARTESIAN_POINT('',(-11.57031690243,-5.474282307041,0.));
#8863 = VECTOR('',#8864,1.);
#8864 = DIRECTION('',(-0.,-0.,-1.));
#8865 = ADVANCED_FACE('',(#8866),#8877,.F.);
#8866 = FACE_BOUND('',#8867,.F.);
#8867 = EDGE_LOOP('',(#8868,#8869,#8870,#8876));
#8868 = ORIENTED_EDGE('',*,*,#8815,.T.);
#8869 = ORIENTED_EDGE('',*,*,#3700,.T.);
#8870 = ORIENTED_EDGE('',*,*,#8871,.F.);
#8871 = EDGE_CURVE('',#1279,#3701,#8872,.T.);
#8872 = LINE('',#8873,#8874);
#8873 = CARTESIAN_POINT('',(-11.81023773437,4.93541129569,0.));
#8874 = VECTOR('',#8875,1.);
#8875 = DIRECTION('',(0.,0.,1.));
#8876 = ORIENTED_EDGE('',*,*,#1278,.F.);
#8877 = SURFACE_OF_LINEAR_EXTRUSION('',#8878,#8881);
#8878 = B_SPLINE_CURVE_WITH_KNOTS('',1,(#8879,#8880),.UNSPECIFIED.,.F.,
  .F.,(2,2),(0.,0.58986775846),.PIECEWISE_BEZIER_KNOTS.);
#8879 = CARTESIAN_POINT('',(-11.57031690243,5.474282307041,0.));
#8880 = CARTESIAN_POINT('',(-11.81023773437,4.93541129569,0.));
#8881 = VECTOR('',#8882,1.);
#8882 = DIRECTION('',(-0.,-0.,-1.));
#8883 = ADVANCED_FACE('',(#8884),#8895,.F.);
#8884 = FACE_BOUND('',#8885,.F.);
#8885 = EDGE_LOOP('',(#8886,#8892,#8893,#8894));
#8886 = ORIENTED_EDGE('',*,*,#8887,.T.);
#8887 = EDGE_CURVE('',#1573,#3995,#8888,.T.);
#8888 = LINE('',#8889,#8890);
#8889 = CARTESIAN_POINT('',(-10.58640180634,-3.883722016203,0.));
#8890 = VECTOR('',#8891,1.);
#8891 = DIRECTION('',(0.,0.,1.));
#8892 = ORIENTED_EDGE('',*,*,#4001,.T.);
#8893 = ORIENTED_EDGE('',*,*,#8851,.F.);
#8894 = ORIENTED_EDGE('',*,*,#1579,.F.);
#8895 = SURFACE_OF_LINEAR_EXTRUSION('',#8896,#8919);
#8896 = B_SPLINE_CURVE_WITH_KNOTS('',3,(#8897,#8898,#8899,#8900,#8901,
    #8902,#8903,#8904,#8905,#8906,#8907,#8908,#8909,#8910,#8911,#8912,
    #8913,#8914,#8915,#8916,#8917,#8918),.UNSPECIFIED.,.F.,.F.,(4,1,1,1,
    1,1,1,1,1,1,1,1,1,1,1,1,1,1,1,4),(0.,4.505803579075E-03,
    1.802308094653E-02,4.055185877624E-02,7.209214087878E-02,
    0.112643928524,0.16220722229,0.220782022487,0.288368329302,
    0.364966142856,0.450575463231,0.545196290485,0.648828624664,
    0.761472465799,0.883127813916,1.013794669037,1.153473031177,
    1.302162900351,1.459864276568,1.626577159839),.UNSPECIFIED.);
#8897 = CARTESIAN_POINT('',(-10.58640180634,-3.883722016203,0.));
#8898 = CARTESIAN_POINT('',(-10.5878060256,-3.884255259476,0.));
#8899 = CARTESIAN_POINT('',(-10.59340592684,-3.886430953465,0.));
#8900 = CARTESIAN_POINT('',(-10.60585956782,-3.891693720397,0.));
#8901 = CARTESIAN_POINT('',(-10.62639118553,-3.900971937732,0.));
#8902 = CARTESIAN_POINT('',(-10.65475858569,-3.914769551712,0.));
#8903 = CARTESIAN_POINT('',(-10.69072625116,-3.933509429506,0.));
#8904 = CARTESIAN_POINT('',(-10.73402717107,-3.957638459866,0.));
#8905 = CARTESIAN_POINT('',(-10.78438070851,-3.987578896124,0.));
#8906 = CARTESIAN_POINT('',(-10.84148624083,-4.02374627831,0.));
#8907 = CARTESIAN_POINT('',(-10.90502609759,-4.066541916646,0.));
#8908 = CARTESIAN_POINT('',(-10.97466518081,-4.116354563072,0.));
#8909 = CARTESIAN_POINT('',(-11.05005174741,-4.173558973609,0.));
#8910 = CARTESIAN_POINT('',(-11.13081783609,-4.238515527003,0.));
#8911 = CARTESIAN_POINT('',(-11.21657983576,-4.311569533936,0.));
#8912 = CARTESIAN_POINT('',(-11.30693904458,-4.393050650719,0.));
#8913 = CARTESIAN_POINT('',(-11.40148222939,-4.483272368405,0.));
#8914 = CARTESIAN_POINT('',(-11.49978233596,-4.582531167106,0.));
#8915 = CARTESIAN_POINT('',(-11.60139866548,-4.69110719704,0.));
#8916 = CARTESIAN_POINT('',(-11.70587934272,-4.809258798614,0.));
#8917 = CARTESIAN_POINT('',(-11.77520379129,-4.892275095493,0.));
#8918 = CARTESIAN_POINT('',(-11.81023773437,-4.93541129569,0.));
#8919 = VECTOR('',#8920,1.);
#8920 = DIRECTION('',(-0.,-0.,-1.));
#8921 = ADVANCED_FACE('',(#8922),#8933,.F.);
#8922 = FACE_BOUND('',#8923,.F.);
#8923 = EDGE_LOOP('',(#8924,#8925,#8926,#8932));
#8924 = ORIENTED_EDGE('',*,*,#8871,.T.);
#8925 = ORIENTED_EDGE('',*,*,#3707,.T.);
#8926 = ORIENTED_EDGE('',*,*,#8927,.F.);
#8927 = EDGE_CURVE('',#1286,#3708,#8928,.T.);
#8928 = LINE('',#8929,#8930);
#8929 = CARTESIAN_POINT('',(-10.58640180634,3.883722016203,0.));
#8930 = VECTOR('',#8931,1.);
#8931 = DIRECTION('',(0.,0.,1.));
#8932 = ORIENTED_EDGE('',*,*,#1285,.F.);
#8933 = SURFACE_OF_LINEAR_EXTRUSION('',#8934,#8957);
#8934 = B_SPLINE_CURVE_WITH_KNOTS('',3,(#8935,#8936,#8937,#8938,#8939,
    #8940,#8941,#8942,#8943,#8944,#8945,#8946,#8947,#8948,#8949,#8950,
    #8951,#8952,#8953,#8954,#8955,#8956),.UNSPECIFIED.,.F.,.F.,(4,1,1,1,
    1,1,1,1,1,1,1,1,1,1,1,1,1,1,1,4),(0.,0.166712883271,0.324414259488,
    0.473104128661,0.612782490802,0.743449345922,0.86510469404,
    0.977748535175,1.081380869354,1.176001696608,1.261611016983,
    1.338208830536,1.405795137351,1.464369937549,1.513933231314,
    1.55448501896,1.586025301063,1.608554078892,1.62207135626,
    1.626577159839),.UNSPECIFIED.);
#8935 = CARTESIAN_POINT('',(-11.81023773437,4.93541129569,0.));
#8936 = CARTESIAN_POINT('',(-11.77520379129,4.892275095493,0.));
#8937 = CARTESIAN_POINT('',(-11.70587934272,4.809258798614,0.));
#8938 = CARTESIAN_POINT('',(-11.60139866548,4.69110719704,0.));
#8939 = CARTESIAN_POINT('',(-11.49978233596,4.582531167106,0.));
#8940 = CARTESIAN_POINT('',(-11.40148222939,4.483272368405,0.));
#8941 = CARTESIAN_POINT('',(-11.30693904458,4.393050650719,0.));
#8942 = CARTESIAN_POINT('',(-11.21657983576,4.311569533936,0.));
#8943 = CARTESIAN_POINT('',(-11.13081783609,4.238515527003,0.));
#8944 = CARTESIAN_POINT('',(-11.05005174741,4.17355897361,0.));
#8945 = CARTESIAN_POINT('',(-10.97466518081,4.116354563072,0.));
#8946 = CARTESIAN_POINT('',(-10.90502609759,4.066541916646,0.));
#8947 = CARTESIAN_POINT('',(-10.84148624083,4.02374627831,0.));
#8948 = CARTESIAN_POINT('',(-10.78438070851,3.987578896124,0.));
#8949 = CARTESIAN_POINT('',(-10.73402717107,3.957638459866,0.));
#8950 = CARTESIAN_POINT('',(-10.69072625116,3.933509429506,0.));
#8951 = CARTESIAN_POINT('',(-10.65475858569,3.914769551712,0.));
#8952 = CARTESIAN_POINT('',(-10.62639118553,3.900971937732,0.));
#8953 = CARTESIAN_POINT('',(-10.60585956782,3.891693720397,0.));
#8954 = CARTESIAN_POINT('',(-10.59340592684,3.886430953465,0.));
#8955 = CARTESIAN_POINT('',(-10.5878060256,3.884255259476,0.));
#8956 = CARTESIAN_POINT('',(-10.58640180634,3.883722016203,0.));
#8957 = VECTOR('',#8958,1.);
#8958 = DIRECTION('',(-0.,-0.,-1.));
#8959 = ADVANCED_FACE('',(#8960),#8971,.F.);
#8960 = FACE_BOUND('',#8961,.F.);
#8961 = EDGE_LOOP('',(#8962,#8968,#8969,#8970));
#8962 = ORIENTED_EDGE('',*,*,#8963,.T.);
#8963 = EDGE_CURVE('',#1566,#3988,#8964,.T.);
#8964 = LINE('',#8965,#8966);
#8965 = CARTESIAN_POINT('',(-10.32699570174,-3.788556423776,0.));
#8966 = VECTOR('',#8967,1.);
#8967 = DIRECTION('',(0.,0.,1.));
#8968 = ORIENTED_EDGE('',*,*,#3994,.T.);
#8969 = ORIENTED_EDGE('',*,*,#8887,.F.);
#8970 = ORIENTED_EDGE('',*,*,#1572,.F.);
#8971 = SURFACE_OF_LINEAR_EXTRUSION('',#8972,#8975);
#8972 = B_SPLINE_CURVE_WITH_KNOTS('',1,(#8973,#8974),.UNSPECIFIED.,.F.,
  .F.,(2,2),(0.,0.276311449431),.PIECEWISE_BEZIER_KNOTS.);
#8973 = CARTESIAN_POINT('',(-10.32699570174,-3.788556423776,0.));
#8974 = CARTESIAN_POINT('',(-10.58640180634,-3.883722016203,0.));
#8975 = VECTOR('',#8976,1.);
#8976 = DIRECTION('',(-0.,-0.,-1.));
#8977 = ADVANCED_FACE('',(#8978),#8989,.F.);
#8978 = FACE_BOUND('',#8979,.F.);
#8979 = EDGE_LOOP('',(#8980,#8981,#8982,#8988));
#8980 = ORIENTED_EDGE('',*,*,#8927,.T.);
#8981 = ORIENTED_EDGE('',*,*,#3734,.T.);
#8982 = ORIENTED_EDGE('',*,*,#8983,.F.);
#8983 = EDGE_CURVE('',#1313,#3735,#8984,.T.);
#8984 = LINE('',#8985,#8986);
#8985 = CARTESIAN_POINT('',(-10.32699570174,3.788556423776,0.));
#8986 = VECTOR('',#8987,1.);
#8987 = DIRECTION('',(0.,0.,1.));
#8988 = ORIENTED_EDGE('',*,*,#1312,.F.);
#8989 = SURFACE_OF_LINEAR_EXTRUSION('',#8990,#8993);
#8990 = B_SPLINE_CURVE_WITH_KNOTS('',1,(#8991,#8992),.UNSPECIFIED.,.F.,
  .F.,(2,2),(0.,0.276311449431),.PIECEWISE_BEZIER_KNOTS.);
#8991 = CARTESIAN_POINT('',(-10.58640180634,3.883722016203,0.));
#8992 = CARTESIAN_POINT('',(-10.32699570174,3.788556423776,0.));
#8993 = VECTOR('',#8994,1.);
#8994 = DIRECTION('',(-0.,-0.,-1.));
#8995 = ADVANCED_FACE('',(#8996),#9007,.F.);
#8996 = FACE_BOUND('',#8997,.F.);
#8997 = EDGE_LOOP('',(#8998,#9004,#9005,#9006));
#8998 = ORIENTED_EDGE('',*,*,#8999,.T.);
#8999 = EDGE_CURVE('',#1559,#3981,#9000,.T.);
#9000 = LINE('',#9001,#9002);
#9001 = CARTESIAN_POINT('',(-10.58157261692,-3.005049242991,0.));
#9002 = VECTOR('',#9003,1.);
#9003 = DIRECTION('',(0.,0.,1.));
#9004 = ORIENTED_EDGE('',*,*,#3987,.T.);
#9005 = ORIENTED_EDGE('',*,*,#8963,.F.);
#9006 = ORIENTED_EDGE('',*,*,#1565,.F.);
#9007 = SURFACE_OF_LINEAR_EXTRUSION('',#9008,#9011);
#9008 = B_SPLINE_CURVE_WITH_KNOTS('',1,(#9009,#9010),.UNSPECIFIED.,.F.,
  .F.,(2,2),(0.,0.823828203015),.PIECEWISE_BEZIER_KNOTS.);
#9009 = CARTESIAN_POINT('',(-10.58157261692,-3.005049242991,0.));
#9010 = CARTESIAN_POINT('',(-10.32699570174,-3.788556423776,0.));
#9011 = VECTOR('',#9012,1.);
#9012 = DIRECTION('',(-0.,-0.,-1.));
#9013 = ADVANCED_FACE('',(#9014),#9025,.F.);
#9014 = FACE_BOUND('',#9015,.F.);
#9015 = EDGE_LOOP('',(#9016,#9017,#9018,#9024));
#9016 = ORIENTED_EDGE('',*,*,#8983,.T.);
#9017 = ORIENTED_EDGE('',*,*,#3741,.T.);
#9018 = ORIENTED_EDGE('',*,*,#9019,.F.);
#9019 = EDGE_CURVE('',#1320,#3742,#9020,.T.);
#9020 = LINE('',#9021,#9022);
#9021 = CARTESIAN_POINT('',(-10.58157261692,3.005049242991,0.));
#9022 = VECTOR('',#9023,1.);
#9023 = DIRECTION('',(0.,0.,1.));
#9024 = ORIENTED_EDGE('',*,*,#1319,.F.);
#9025 = SURFACE_OF_LINEAR_EXTRUSION('',#9026,#9029);
#9026 = B_SPLINE_CURVE_WITH_KNOTS('',1,(#9027,#9028),.UNSPECIFIED.,.F.,
  .F.,(2,2),(0.,0.823828203015),.PIECEWISE_BEZIER_KNOTS.);
#9027 = CARTESIAN_POINT('',(-10.32699570174,3.788556423776,0.));
#9028 = CARTESIAN_POINT('',(-10.58157261692,3.005049242991,0.));
#9029 = VECTOR('',#9030,1.);
#9030 = DIRECTION('',(-0.,-0.,-1.));
#9031 = ADVANCED_FACE('',(#9032),#9043,.F.);
#9032 = FACE_BOUND('',#9033,.F.);
#9033 = EDGE_LOOP('',(#9034,#9040,#9041,#9042));
#9034 = ORIENTED_EDGE('',*,*,#9035,.T.);
#9035 = EDGE_CURVE('',#1532,#3954,#9036,.T.);
#9036 = LINE('',#9037,#9038);
#9037 = CARTESIAN_POINT('',(-10.84737349574,-3.080533744076,0.));
#9038 = VECTOR('',#9039,1.);
#9039 = DIRECTION('',(0.,0.,1.));
#9040 = ORIENTED_EDGE('',*,*,#3980,.T.);
#9041 = ORIENTED_EDGE('',*,*,#8999,.F.);
#9042 = ORIENTED_EDGE('',*,*,#1558,.F.);
#9043 = SURFACE_OF_LINEAR_EXTRUSION('',#9044,#9047);
#9044 = B_SPLINE_CURVE_WITH_KNOTS('',1,(#9045,#9046),.UNSPECIFIED.,.F.,
  .F.,(2,2),(0.,0.276311449431),.PIECEWISE_BEZIER_KNOTS.);
#9045 = CARTESIAN_POINT('',(-10.84737349574,-3.080533744076,0.));
#9046 = CARTESIAN_POINT('',(-10.58157261692,-3.005049242991,0.));
#9047 = VECTOR('',#9048,1.);
#9048 = DIRECTION('',(-0.,-0.,-1.));
#9049 = ADVANCED_FACE('',(#9050),#9061,.F.);
#9050 = FACE_BOUND('',#9051,.F.);
#9051 = EDGE_LOOP('',(#9052,#9053,#9054,#9060));
#9052 = ORIENTED_EDGE('',*,*,#9019,.T.);
#9053 = ORIENTED_EDGE('',*,*,#3748,.T.);
#9054 = ORIENTED_EDGE('',*,*,#9055,.F.);
#9055 = EDGE_CURVE('',#1327,#3749,#9056,.T.);
#9056 = LINE('',#9057,#9058);
#9057 = CARTESIAN_POINT('',(-10.84737349574,3.080533744076,0.));
#9058 = VECTOR('',#9059,1.);
#9059 = DIRECTION('',(0.,0.,1.));
#9060 = ORIENTED_EDGE('',*,*,#1326,.F.);
#9061 = SURFACE_OF_LINEAR_EXTRUSION('',#9062,#9065);
#9062 = B_SPLINE_CURVE_WITH_KNOTS('',1,(#9063,#9064),.UNSPECIFIED.,.F.,
  .F.,(2,2),(0.,0.276311449431),.PIECEWISE_BEZIER_KNOTS.);
#9063 = CARTESIAN_POINT('',(-10.58157261692,3.005049242991,0.));
#9064 = CARTESIAN_POINT('',(-10.84737349574,3.080533744076,0.));
#9065 = VECTOR('',#9066,1.);
#9066 = DIRECTION('',(-0.,-0.,-1.));
#9067 = ADVANCED_FACE('',(#9068),#9079,.F.);
#9068 = FACE_BOUND('',#9069,.F.);
#9069 = EDGE_LOOP('',(#9070,#9076,#9077,#9078));
#9070 = ORIENTED_EDGE('',*,*,#9071,.T.);
#9071 = EDGE_CURVE('',#1525,#3947,#9072,.T.);
#9072 = LINE('',#9073,#9074);
#9073 = CARTESIAN_POINT('',(-12.45564500831,-2.949051953889,0.));
#9074 = VECTOR('',#9075,1.);
#9075 = DIRECTION('',(0.,0.,1.));
#9076 = ORIENTED_EDGE('',*,*,#3953,.T.);
#9077 = ORIENTED_EDGE('',*,*,#9035,.F.);
#9078 = ORIENTED_EDGE('',*,*,#1531,.F.);
#9079 = SURFACE_OF_LINEAR_EXTRUSION('',#9080,#9103);
#9080 = B_SPLINE_CURVE_WITH_KNOTS('',3,(#9081,#9082,#9083,#9084,#9085,
    #9086,#9087,#9088,#9089,#9090,#9091,#9092,#9093,#9094,#9095,#9096,
    #9097,#9098,#9099,#9100,#9101,#9102),.UNSPECIFIED.,.F.,.F.,(4,1,1,1,
    1,1,1,1,1,1,1,1,1,1,1,1,1,1,1,4),(0.,0.166712883271,0.324414259488,
    0.473104128661,0.612782490802,0.743449345922,0.86510469404,
    0.977748535175,1.081380869354,1.176001696608,1.261611016983,
    1.338208830536,1.405795137351,1.464369937549,1.513933231314,
    1.55448501896,1.586025301063,1.608554078892,1.62207135626,
    1.626577159839),.UNSPECIFIED.);
#9081 = CARTESIAN_POINT('',(-12.45564500831,-2.949051953889,0.));
#9082 = CARTESIAN_POINT('',(-12.40194713067,-2.963357437852,0.));
#9083 = CARTESIAN_POINT('',(-12.29706671865,-2.989771144344,0.));
#9084 = CARTESIAN_POINT('',(-12.14309230623,-3.023945596697,0.));
#9085 = CARTESIAN_POINT('',(-11.9970635796,-3.05205687021,0.));
#9086 = CARTESIAN_POINT('',(-11.8591942648,-3.074579572261,0.));
#9087 = CARTESIAN_POINT('',(-11.7296762265,-3.091999385397,0.));
#9088 = CARTESIAN_POINT('',(-11.60868069217,-3.104807183237,0.));
#9089 = CARTESIAN_POINT('',(-11.49635770907,-3.11349947774,0.));
#9090 = CARTESIAN_POINT('',(-11.39283606664,-3.118577317523,0.));
#9091 = CARTESIAN_POINT('',(-11.29822314423,-3.120545545733,0.));
#9092 = CARTESIAN_POINT('',(-11.21260480349,-3.119911997127,0.));
#9093 = CARTESIAN_POINT('',(-11.13604533447,-3.117186605089,0.));
#9094 = CARTESIAN_POINT('',(-11.06858733449,-3.112880842198,0.));
#9095 = CARTESIAN_POINT('',(-11.01025192009,-3.107506097241,0.));
#9096 = CARTESIAN_POINT('',(-10.96103805182,-3.101575250728,0.));
#9097 = CARTESIAN_POINT('',(-10.9209245754,-3.095594867009,0.));
#9098 = CARTESIAN_POINT('',(-10.88986483258,-3.090083431744,0.));
#9099 = CARTESIAN_POINT('',(-10.86780080561,-3.085521485147,0.));
#9100 = CARTESIAN_POINT('',(-10.85463222162,-3.082459086526,0.));
#9101 = CARTESIAN_POINT('',(-10.84882296552,-3.080927720579,0.));
#9102 = CARTESIAN_POINT('',(-10.84737349574,-3.080533744076,0.));
#9103 = VECTOR('',#9104,1.);
#9104 = DIRECTION('',(-0.,-0.,-1.));
#9105 = ADVANCED_FACE('',(#9106),#9117,.F.);
#9106 = FACE_BOUND('',#9107,.F.);
#9107 = EDGE_LOOP('',(#9108,#9109,#9110,#9116));
#9108 = ORIENTED_EDGE('',*,*,#9055,.T.);
#9109 = ORIENTED_EDGE('',*,*,#3755,.T.);
#9110 = ORIENTED_EDGE('',*,*,#9111,.F.);
#9111 = EDGE_CURVE('',#1334,#3756,#9112,.T.);
#9112 = LINE('',#9113,#9114);
#9113 = CARTESIAN_POINT('',(-12.45564500831,2.949051953889,0.));
#9114 = VECTOR('',#9115,1.);
#9115 = DIRECTION('',(0.,0.,1.));
#9116 = ORIENTED_EDGE('',*,*,#1333,.F.);
#9117 = SURFACE_OF_LINEAR_EXTRUSION('',#9118,#9141);
#9118 = B_SPLINE_CURVE_WITH_KNOTS('',3,(#9119,#9120,#9121,#9122,#9123,
    #9124,#9125,#9126,#9127,#9128,#9129,#9130,#9131,#9132,#9133,#9134,
    #9135,#9136,#9137,#9138,#9139,#9140),.UNSPECIFIED.,.F.,.F.,(4,1,1,1,
    1,1,1,1,1,1,1,1,1,1,1,1,1,1,1,4),(0.,4.505803579075E-03,
    1.802308094653E-02,4.055185877624E-02,7.209214087878E-02,
    0.112643928524,0.16220722229,0.220782022487,0.288368329302,
    0.364966142856,0.450575463231,0.545196290485,0.648828624664,
    0.761472465799,0.883127813916,1.013794669037,1.153473031177,
    1.302162900351,1.459864276568,1.626577159839),.UNSPECIFIED.);
#9119 = CARTESIAN_POINT('',(-10.84737349574,3.080533744076,0.));
#9120 = CARTESIAN_POINT('',(-10.84882296552,3.080927720579,0.));
#9121 = CARTESIAN_POINT('',(-10.85463222162,3.082459086526,0.));
#9122 = CARTESIAN_POINT('',(-10.86780080561,3.085521485147,0.));
#9123 = CARTESIAN_POINT('',(-10.88986483258,3.090083431744,0.));
#9124 = CARTESIAN_POINT('',(-10.9209245754,3.095594867009,0.));
#9125 = CARTESIAN_POINT('',(-10.96103805182,3.101575250728,0.));
#9126 = CARTESIAN_POINT('',(-11.01025192009,3.107506097241,0.));
#9127 = CARTESIAN_POINT('',(-11.06858733449,3.112880842198,0.));
#9128 = CARTESIAN_POINT('',(-11.13604533447,3.117186605089,0.));
#9129 = CARTESIAN_POINT('',(-11.21260480349,3.119911997127,0.));
#9130 = CARTESIAN_POINT('',(-11.29822314423,3.120545545733,0.));
#9131 = CARTESIAN_POINT('',(-11.39283606664,3.118577317523,0.));
#9132 = CARTESIAN_POINT('',(-11.49635770907,3.11349947774,0.));
#9133 = CARTESIAN_POINT('',(-11.60868069217,3.104807183237,0.));
#9134 = CARTESIAN_POINT('',(-11.7296762265,3.091999385397,0.));
#9135 = CARTESIAN_POINT('',(-11.8591942648,3.074579572261,0.));
#9136 = CARTESIAN_POINT('',(-11.9970635796,3.05205687021,0.));
#9137 = CARTESIAN_POINT('',(-12.14309230623,3.023945596697,0.));
#9138 = CARTESIAN_POINT('',(-12.29706671865,2.989771144345,0.));
#9139 = CARTESIAN_POINT('',(-12.40194713067,2.963357437852,0.));
#9140 = CARTESIAN_POINT('',(-12.45564500831,2.949051953889,0.));
#9141 = VECTOR('',#9142,1.);
#9142 = DIRECTION('',(-0.,-0.,-1.));
#9143 = ADVANCED_FACE('',(#9144),#9155,.F.);
#9144 = FACE_BOUND('',#9145,.F.);
#9145 = EDGE_LOOP('',(#9146,#9152,#9153,#9154));
#9146 = ORIENTED_EDGE('',*,*,#9147,.T.);
#9147 = EDGE_CURVE('',#1498,#3920,#9148,.T.);
#9148 = LINE('',#9149,#9150);
#9149 = CARTESIAN_POINT('',(-12.57828541133,-2.372074221201,0.));
#9150 = VECTOR('',#9151,1.);
#9151 = DIRECTION('',(0.,0.,1.));
#9152 = ORIENTED_EDGE('',*,*,#3946,.T.);
#9153 = ORIENTED_EDGE('',*,*,#9071,.F.);
#9154 = ORIENTED_EDGE('',*,*,#1524,.F.);
#9155 = SURFACE_OF_LINEAR_EXTRUSION('',#9156,#9159);
#9156 = B_SPLINE_CURVE_WITH_KNOTS('',1,(#9157,#9158),.UNSPECIFIED.,.F.,
  .F.,(2,2),(0.,0.58986775846),.PIECEWISE_BEZIER_KNOTS.);
#9157 = CARTESIAN_POINT('',(-12.57828541133,-2.372074221201,0.));
#9158 = CARTESIAN_POINT('',(-12.45564500831,-2.949051953889,0.));
#9159 = VECTOR('',#9160,1.);
#9160 = DIRECTION('',(-0.,-0.,-1.));
#9161 = ADVANCED_FACE('',(#9162),#9173,.F.);
#9162 = FACE_BOUND('',#9163,.F.);
#9163 = EDGE_LOOP('',(#9164,#9165,#9166,#9172));
#9164 = ORIENTED_EDGE('',*,*,#9111,.T.);
#9165 = ORIENTED_EDGE('',*,*,#3782,.T.);
#9166 = ORIENTED_EDGE('',*,*,#9167,.F.);
#9167 = EDGE_CURVE('',#1361,#3783,#9168,.T.);
#9168 = LINE('',#9169,#9170);
#9169 = CARTESIAN_POINT('',(-12.57828541133,2.372074221201,0.));
#9170 = VECTOR('',#9171,1.);
#9171 = DIRECTION('',(0.,0.,1.));
#9172 = ORIENTED_EDGE('',*,*,#1360,.F.);
#9173 = SURFACE_OF_LINEAR_EXTRUSION('',#9174,#9177);
#9174 = B_SPLINE_CURVE_WITH_KNOTS('',1,(#9175,#9176),.UNSPECIFIED.,.F.,
  .F.,(2,2),(0.,0.58986775846),.PIECEWISE_BEZIER_KNOTS.);
#9175 = CARTESIAN_POINT('',(-12.45564500831,2.949051953889,0.));
#9176 = CARTESIAN_POINT('',(-12.57828541133,2.372074221201,0.));
#9177 = VECTOR('',#9178,1.);
#9178 = DIRECTION('',(-0.,-0.,-1.));
#9179 = ADVANCED_FACE('',(#9180),#9191,.F.);
#9180 = FACE_BOUND('',#9181,.F.);
#9181 = EDGE_LOOP('',(#9182,#9188,#9189,#9190));
#9182 = ORIENTED_EDGE('',*,*,#9183,.T.);
#9183 = EDGE_CURVE('',#1491,#3913,#9184,.T.);
#9184 = LINE('',#9185,#9186);
#9185 = CARTESIAN_POINT('',(-11.16253473833,-1.597816672833,0.));
#9186 = VECTOR('',#9187,1.);
#9187 = DIRECTION('',(0.,0.,1.));
#9188 = ORIENTED_EDGE('',*,*,#3919,.T.);
#9189 = ORIENTED_EDGE('',*,*,#9147,.F.);
#9190 = ORIENTED_EDGE('',*,*,#1497,.F.);
#9191 = SURFACE_OF_LINEAR_EXTRUSION('',#9192,#9215);
#9192 = B_SPLINE_CURVE_WITH_KNOTS('',3,(#9193,#9194,#9195,#9196,#9197,
    #9198,#9199,#9200,#9201,#9202,#9203,#9204,#9205,#9206,#9207,#9208,
    #9209,#9210,#9211,#9212,#9213,#9214),.UNSPECIFIED.,.F.,.F.,(4,1,1,1,
    1,1,1,1,1,1,1,1,1,1,1,1,1,1,1,4),(0.,4.505803579075E-03,
    1.802308094653E-02,4.055185877624E-02,7.209214087878E-02,
    0.112643928524,0.16220722229,0.220782022487,0.288368329302,
    0.364966142856,0.450575463231,0.545196290485,0.648828624664,
    0.761472465799,0.883127813916,1.013794669037,1.153473031177,
    1.302162900351,1.459864276568,1.626577159839),.UNSPECIFIED.);
#9193 = CARTESIAN_POINT('',(-11.16253473833,-1.597816672833,0.));
#9194 = CARTESIAN_POINT('',(-11.16401913954,-1.598046309859,0.));
#9195 = CARTESIAN_POINT('',(-11.16994902171,-1.599010174782,0.));
#9196 = CARTESIAN_POINT('',(-11.18322471153,-1.601568680076,0.));
#9197 = CARTESIAN_POINT('',(-11.20523671399,-1.606375382747,0.));
#9198 = CARTESIAN_POINT('',(-11.23585290365,-1.613973571627,0.));
#9199 = CARTESIAN_POINT('',(-11.27493082901,-1.624825839985,0.));
#9200 = CARTESIAN_POINT('',(-11.32230222743,-1.639424825668,0.));
#9201 = CARTESIAN_POINT('',(-11.37778038599,-1.658241902451,0.));
#9202 = CARTESIAN_POINT('',(-11.441157647,-1.681746032781,0.));
#9203 = CARTESIAN_POINT('',(-11.51220671897,-1.710395804688,0.));
#9204 = CARTESIAN_POINT('',(-11.59068065268,-1.744641145736,0.));
#9205 = CARTESIAN_POINT('',(-11.67631330765,-1.784921754128,0.));
#9206 = CARTESIAN_POINT('',(-11.76881969035,-1.831666636925,0.));
#9207 = CARTESIAN_POINT('',(-11.86789636666,-1.885293316172,0.));
#9208 = CARTESIAN_POINT('',(-11.97322188674,-1.946207139169,0.));
#9209 = CARTESIAN_POINT('',(-12.084457226,-2.01480066245,0.));
#9210 = CARTESIAN_POINT('',(-12.20124630406,-2.091452676887,0.));
#9211 = CARTESIAN_POINT('',(-12.32321629894,-2.176528837178,0.));
#9212 = CARTESIAN_POINT('',(-12.44997892196,-2.270375788517,0.));
#9213 = CARTESIAN_POINT('',(-12.53504852365,-2.337164616814,0.));
#9214 = CARTESIAN_POINT('',(-12.57828541133,-2.372074221201,0.));
#9215 = VECTOR('',#9216,1.);
#9216 = DIRECTION('',(-0.,-0.,-1.));
#9217 = ADVANCED_FACE('',(#9218),#9229,.F.);
#9218 = FACE_BOUND('',#9219,.F.);
#9219 = EDGE_LOOP('',(#9220,#9221,#9222,#9228));
#9220 = ORIENTED_EDGE('',*,*,#9167,.T.);
#9221 = ORIENTED_EDGE('',*,*,#3789,.T.);
#9222 = ORIENTED_EDGE('',*,*,#9223,.F.);
#9223 = EDGE_CURVE('',#1368,#3790,#9224,.T.);
#9224 = LINE('',#9225,#9226);
#9225 = CARTESIAN_POINT('',(-11.16253473833,1.597816672833,0.));
#9226 = VECTOR('',#9227,1.);
#9227 = DIRECTION('',(0.,0.,1.));
#9228 = ORIENTED_EDGE('',*,*,#1367,.F.);
#9229 = SURFACE_OF_LINEAR_EXTRUSION('',#9230,#9253);
#9230 = B_SPLINE_CURVE_WITH_KNOTS('',3,(#9231,#9232,#9233,#9234,#9235,
    #9236,#9237,#9238,#9239,#9240,#9241,#9242,#9243,#9244,#9245,#9246,
    #9247,#9248,#9249,#9250,#9251,#9252),.UNSPECIFIED.,.F.,.F.,(4,1,1,1,
    1,1,1,1,1,1,1,1,1,1,1,1,1,1,1,4),(0.,0.166712883271,0.324414259488,
    0.473104128661,0.612782490802,0.743449345922,0.86510469404,
    0.977748535175,1.081380869354,1.176001696608,1.261611016983,
    1.338208830536,1.405795137351,1.464369937549,1.513933231314,
    1.55448501896,1.586025301063,1.608554078892,1.62207135626,
    1.626577159839),.UNSPECIFIED.);
#9231 = CARTESIAN_POINT('',(-12.57828541133,2.372074221201,0.));
#9232 = CARTESIAN_POINT('',(-12.53504852365,2.337164616814,0.));
#9233 = CARTESIAN_POINT('',(-12.44997892196,2.270375788517,0.));
#9234 = CARTESIAN_POINT('',(-12.32321629894,2.176528837178,0.));
#9235 = CARTESIAN_POINT('',(-12.20124630406,2.091452676887,0.));
#9236 = CARTESIAN_POINT('',(-12.084457226,2.01480066245,0.));
#9237 = CARTESIAN_POINT('',(-11.97322188674,1.946207139169,0.));
#9238 = CARTESIAN_POINT('',(-11.86789636666,1.885293316172,0.));
#9239 = CARTESIAN_POINT('',(-11.76881969035,1.831666636925,0.));
#9240 = CARTESIAN_POINT('',(-11.67631330765,1.784921754128,0.));
#9241 = CARTESIAN_POINT('',(-11.59068065268,1.744641145736,0.));
#9242 = CARTESIAN_POINT('',(-11.51220671897,1.710395804688,0.));
#9243 = CARTESIAN_POINT('',(-11.441157647,1.681746032781,0.));
#9244 = CARTESIAN_POINT('',(-11.37778038599,1.658241902451,0.));
#9245 = CARTESIAN_POINT('',(-11.32230222743,1.639424825668,0.));
#9246 = CARTESIAN_POINT('',(-11.27493082901,1.624825839985,0.));
#9247 = CARTESIAN_POINT('',(-11.23585290365,1.613973571627,0.));
#9248 = CARTESIAN_POINT('',(-11.20523671399,1.606375382747,0.));
#9249 = CARTESIAN_POINT('',(-11.18322471153,1.601568680076,0.));
#9250 = CARTESIAN_POINT('',(-11.16994902171,1.599010174782,0.));
#9251 = CARTESIAN_POINT('',(-11.16401913954,1.598046309859,0.));
#9252 = CARTESIAN_POINT('',(-11.16253473833,1.597816672833,0.));
#9253 = VECTOR('',#9254,1.);
#9254 = DIRECTION('',(-0.,-0.,-1.));
#9255 = ADVANCED_FACE('',(#9256),#9267,.F.);
#9256 = FACE_BOUND('',#9257,.F.);
#9257 = EDGE_LOOP('',(#9258,#9264,#9265,#9266));
#9258 = ORIENTED_EDGE('',*,*,#9259,.T.);
#9259 = EDGE_CURVE('',#1484,#3906,#9260,.T.);
#9260 = LINE('',#9261,#9262);
#9261 = CARTESIAN_POINT('',(-10.88901124027,-1.558664238743,0.));
#9262 = VECTOR('',#9263,1.);
#9263 = DIRECTION('',(0.,0.,1.));
#9264 = ORIENTED_EDGE('',*,*,#3912,.T.);
#9265 = ORIENTED_EDGE('',*,*,#9183,.F.);
#9266 = ORIENTED_EDGE('',*,*,#1490,.F.);
#9267 = SURFACE_OF_LINEAR_EXTRUSION('',#9268,#9271);
#9268 = B_SPLINE_CURVE_WITH_KNOTS('',1,(#9269,#9270),.UNSPECIFIED.,.F.,
  .F.,(2,2),(0.,0.276311449431),.PIECEWISE_BEZIER_KNOTS.);
#9269 = CARTESIAN_POINT('',(-10.88901124027,-1.558664238743,0.));
#9270 = CARTESIAN_POINT('',(-11.16253473833,-1.597816672833,0.));
#9271 = VECTOR('',#9272,1.);
#9272 = DIRECTION('',(-0.,-0.,-1.));
#9273 = ADVANCED_FACE('',(#9274),#9285,.F.);
#9274 = FACE_BOUND('',#9275,.F.);
#9275 = EDGE_LOOP('',(#9276,#9277,#9278,#9284));
#9276 = ORIENTED_EDGE('',*,*,#9223,.T.);
#9277 = ORIENTED_EDGE('',*,*,#3816,.T.);
#9278 = ORIENTED_EDGE('',*,*,#9279,.F.);
#9279 = EDGE_CURVE('',#1395,#3817,#9280,.T.);
#9280 = LINE('',#9281,#9282);
#9281 = CARTESIAN_POINT('',(-10.88901124027,1.558664238743,0.));
#9282 = VECTOR('',#9283,1.);
#9283 = DIRECTION('',(0.,0.,1.));
#9284 = ORIENTED_EDGE('',*,*,#1394,.F.);
#9285 = SURFACE_OF_LINEAR_EXTRUSION('',#9286,#9289);
#9286 = B_SPLINE_CURVE_WITH_KNOTS('',1,(#9287,#9288),.UNSPECIFIED.,.F.,
  .F.,(2,2),(0.,0.276311449431),.PIECEWISE_BEZIER_KNOTS.);
#9287 = CARTESIAN_POINT('',(-11.16253473833,1.597816672833,0.));
#9288 = CARTESIAN_POINT('',(-10.88901124027,1.558664238743,0.));
#9289 = VECTOR('',#9290,1.);
#9290 = DIRECTION('',(-0.,-0.,-1.));
#9291 = ADVANCED_FACE('',(#9292),#9303,.F.);
#9292 = FACE_BOUND('',#9293,.F.);
#9293 = EDGE_LOOP('',(#9294,#9300,#9301,#9302));
#9294 = ORIENTED_EDGE('',*,*,#9295,.T.);
#9295 = EDGE_CURVE('',#1477,#3899,#9296,.T.);
#9296 = LINE('',#9297,#9298);
#9297 = CARTESIAN_POINT('',(-10.97512473633,-0.739349052823,0.));
#9298 = VECTOR('',#9299,1.);
#9299 = DIRECTION('',(0.,0.,1.));
#9300 = ORIENTED_EDGE('',*,*,#3905,.T.);
#9301 = ORIENTED_EDGE('',*,*,#9259,.F.);
#9302 = ORIENTED_EDGE('',*,*,#1483,.F.);
#9303 = SURFACE_OF_LINEAR_EXTRUSION('',#9304,#9307);
#9304 = B_SPLINE_CURVE_WITH_KNOTS('',1,(#9305,#9306),.UNSPECIFIED.,.F.,
  .F.,(2,2),(0.,0.823828203015),.PIECEWISE_BEZIER_KNOTS.);
#9305 = CARTESIAN_POINT('',(-10.97512473633,-0.739349052823,0.));
#9306 = CARTESIAN_POINT('',(-10.88901124027,-1.558664238743,0.));
#9307 = VECTOR('',#9308,1.);
#9308 = DIRECTION('',(-0.,-0.,-1.));
#9309 = ADVANCED_FACE('',(#9310),#9321,.F.);
#9310 = FACE_BOUND('',#9311,.F.);
#9311 = EDGE_LOOP('',(#9312,#9313,#9314,#9320));
#9312 = ORIENTED_EDGE('',*,*,#9279,.T.);
#9313 = ORIENTED_EDGE('',*,*,#3823,.T.);
#9314 = ORIENTED_EDGE('',*,*,#9315,.F.);
#9315 = EDGE_CURVE('',#1402,#3824,#9316,.T.);
#9316 = LINE('',#9317,#9318);
#9317 = CARTESIAN_POINT('',(-10.97512473633,0.739349052823,0.));
#9318 = VECTOR('',#9319,1.);
#9319 = DIRECTION('',(0.,0.,1.));
#9320 = ORIENTED_EDGE('',*,*,#1401,.F.);
#9321 = SURFACE_OF_LINEAR_EXTRUSION('',#9322,#9325);
#9322 = B_SPLINE_CURVE_WITH_KNOTS('',1,(#9323,#9324),.UNSPECIFIED.,.F.,
  .F.,(2,2),(0.,0.823828203015),.PIECEWISE_BEZIER_KNOTS.);
#9323 = CARTESIAN_POINT('',(-10.88901124027,1.558664238743,0.));
#9324 = CARTESIAN_POINT('',(-10.97512473633,0.739349052823,0.));
#9325 = VECTOR('',#9326,1.);
#9326 = DIRECTION('',(-0.,-0.,-1.));
#9327 = ADVANCED_FACE('',(#9328),#9339,.F.);
#9328 = FACE_BOUND('',#9329,.F.);
#9329 = EDGE_LOOP('',(#9330,#9336,#9337,#9338));
#9330 = ORIENTED_EDGE('',*,*,#9331,.T.);
#9331 = EDGE_CURVE('',#1450,#3872,#9332,.T.);
#9332 = LINE('',#9333,#9334);
#9333 = CARTESIAN_POINT('',(-11.25081133847,-0.757920926316,0.));
#9334 = VECTOR('',#9335,1.);
#9335 = DIRECTION('',(0.,0.,1.));
#9336 = ORIENTED_EDGE('',*,*,#3898,.T.);
#9337 = ORIENTED_EDGE('',*,*,#9295,.F.);
#9338 = ORIENTED_EDGE('',*,*,#1476,.F.);
#9339 = SURFACE_OF_LINEAR_EXTRUSION('',#9340,#9343);
#9340 = B_SPLINE_CURVE_WITH_KNOTS('',1,(#9341,#9342),.UNSPECIFIED.,.F.,
  .F.,(2,2),(0.,0.276311449431),.PIECEWISE_BEZIER_KNOTS.);
#9341 = CARTESIAN_POINT('',(-11.25081133847,-0.757920926316,0.));
#9342 = CARTESIAN_POINT('',(-10.97512473633,-0.739349052823,0.));
#9343 = VECTOR('',#9344,1.);
#9344 = DIRECTION('',(-0.,-0.,-1.));
#9345 = ADVANCED_FACE('',(#9346),#9357,.F.);
#9346 = FACE_BOUND('',#9347,.F.);
#9347 = EDGE_LOOP('',(#9348,#9349,#9350,#9356));
#9348 = ORIENTED_EDGE('',*,*,#9315,.T.);
#9349 = ORIENTED_EDGE('',*,*,#3830,.T.);
#9350 = ORIENTED_EDGE('',*,*,#9351,.F.);
#9351 = EDGE_CURVE('',#1409,#3831,#9352,.T.);
#9352 = LINE('',#9353,#9354);
#9353 = CARTESIAN_POINT('',(-11.25081133847,0.757920926316,0.));
#9354 = VECTOR('',#9355,1.);
#9355 = DIRECTION('',(0.,0.,1.));
#9356 = ORIENTED_EDGE('',*,*,#1408,.F.);
#9357 = SURFACE_OF_LINEAR_EXTRUSION('',#9358,#9361);
#9358 = B_SPLINE_CURVE_WITH_KNOTS('',1,(#9359,#9360),.UNSPECIFIED.,.F.,
  .F.,(2,2),(0.,0.276311449431),.PIECEWISE_BEZIER_KNOTS.);
#9359 = CARTESIAN_POINT('',(-10.97512473633,0.739349052823,0.));
#9360 = CARTESIAN_POINT('',(-11.25081133847,0.757920926316,0.));
#9361 = VECTOR('',#9362,1.);
#9362 = DIRECTION('',(-0.,-0.,-1.));
#9363 = ADVANCED_FACE('',(#9364),#9375,.F.);
#9364 = FACE_BOUND('',#9365,.F.);
#9365 = EDGE_LOOP('',(#9366,#9372,#9373,#9374));
#9366 = ORIENTED_EDGE('',*,*,#9367,.T.);
#9367 = EDGE_CURVE('',#1443,#3865,#9368,.T.);
#9368 = LINE('',#9369,#9370);
#9369 = CARTESIAN_POINT('',(-12.79660165852,-0.29493387923,0.));
#9370 = VECTOR('',#9371,1.);
#9371 = DIRECTION('',(0.,0.,1.));
#9372 = ORIENTED_EDGE('',*,*,#3871,.T.);
#9373 = ORIENTED_EDGE('',*,*,#9331,.F.);
#9374 = ORIENTED_EDGE('',*,*,#1449,.F.);
#9375 = SURFACE_OF_LINEAR_EXTRUSION('',#9376,#9399);
#9376 = B_SPLINE_CURVE_WITH_KNOTS('',3,(#9377,#9378,#9379,#9380,#9381,
    #9382,#9383,#9384,#9385,#9386,#9387,#9388,#9389,#9390,#9391,#9392,
    #9393,#9394,#9395,#9396,#9397,#9398),.UNSPECIFIED.,.F.,.F.,(4,1,1,1,
    1,1,1,1,1,1,1,1,1,1,1,1,1,1,1,4),(0.,0.166712883271,0.324414259488,
    0.473104128661,0.612782490802,0.743449345922,0.86510469404,
    0.977748535175,1.081380869354,1.176001696608,1.261611016983,
    1.338208830536,1.405795137351,1.464369937549,1.513933231314,
    1.55448501896,1.586025301063,1.608554078892,1.62207135626,
    1.626577159839),.UNSPECIFIED.);
#9377 = CARTESIAN_POINT('',(-12.79660165852,-0.29493387923,0.));
#9378 = CARTESIAN_POINT('',(-12.7470514857,-0.32009117058,0.));
#9379 = CARTESIAN_POINT('',(-12.64995468069,-0.36773353801,0.));
#9380 = CARTESIAN_POINT('',(-12.50645024678,-0.433174277013,0.));
#9381 = CARTESIAN_POINT('',(-12.36945726059,-0.491032331216,0.));
#9382 = CARTESIAN_POINT('',(-12.23928345417,-0.541727500541,0.));
#9383 = CARTESIAN_POINT('',(-12.11621747856,-0.5856949633,0.));
#9384 = CARTESIAN_POINT('',(-12.00052887786,-0.623379266151,0.));
#9385 = CARTESIAN_POINT('',(-11.89246765108,-0.655234874498,0.));
#9386 = CARTESIAN_POINT('',(-11.79226394717,-0.681725111013,0.));
#9387 = CARTESIAN_POINT('',(-11.70012776177,-0.703321461385,0.));
#9388 = CARTESIAN_POINT('',(-11.61624866503,-0.720502811325,0.));
#9389 = CARTESIAN_POINT('',(-11.54079556323,-0.733754584293,0.));
#9390 = CARTESIAN_POINT('',(-11.47391646396,-0.743568219488,0.));
#9391 = CARTESIAN_POINT('',(-11.41573834602,-0.750439540245,0.));
#9392 = CARTESIAN_POINT('',(-11.36636682651,-0.754870435523,0.));
#9393 = CARTESIAN_POINT('',(-11.32588653411,-0.757360798243,0.));
#9394 = CARTESIAN_POINT('',(-11.29435962936,-0.758427484709,0.));
#9395 = CARTESIAN_POINT('',(-11.27182927229,-0.758552596744,0.));
#9396 = CARTESIAN_POINT('',(-11.25831174498,-0.758295021442,0.));
#9397 = CARTESIAN_POINT('',(-11.25231104618,-0.758004931775,0.));
#9398 = CARTESIAN_POINT('',(-11.25081133847,-0.757920926316,0.));
#9399 = VECTOR('',#9400,1.);
#9400 = DIRECTION('',(-0.,-0.,-1.));
#9401 = ADVANCED_FACE('',(#9402),#9413,.F.);
#9402 = FACE_BOUND('',#9403,.F.);
#9403 = EDGE_LOOP('',(#9404,#9405,#9406,#9412));
#9404 = ORIENTED_EDGE('',*,*,#9351,.T.);
#9405 = ORIENTED_EDGE('',*,*,#3837,.T.);
#9406 = ORIENTED_EDGE('',*,*,#9407,.F.);
#9407 = EDGE_CURVE('',#1416,#3838,#9408,.T.);
#9408 = LINE('',#9409,#9410);
#9409 = CARTESIAN_POINT('',(-12.79660165852,0.29493387923,0.));
#9410 = VECTOR('',#9411,1.);
#9411 = DIRECTION('',(0.,0.,1.));
#9412 = ORIENTED_EDGE('',*,*,#1415,.F.);
#9413 = SURFACE_OF_LINEAR_EXTRUSION('',#9414,#9437);
#9414 = B_SPLINE_CURVE_WITH_KNOTS('',3,(#9415,#9416,#9417,#9418,#9419,
    #9420,#9421,#9422,#9423,#9424,#9425,#9426,#9427,#9428,#9429,#9430,
    #9431,#9432,#9433,#9434,#9435,#9436),.UNSPECIFIED.,.F.,.F.,(4,1,1,1,
    1,1,1,1,1,1,1,1,1,1,1,1,1,1,1,4),(0.,4.505803579075E-03,
    1.802308094653E-02,4.055185877624E-02,7.209214087878E-02,
    0.112643928524,0.16220722229,0.220782022487,0.288368329302,
    0.364966142856,0.450575463231,0.545196290485,0.648828624664,
    0.761472465799,0.883127813916,1.013794669037,1.153473031177,
    1.302162900351,1.459864276568,1.626577159839),.UNSPECIFIED.);
#9415 = CARTESIAN_POINT('',(-11.25081133847,0.757920926316,0.));
#9416 = CARTESIAN_POINT('',(-11.25231104618,0.758004931775,0.));
#9417 = CARTESIAN_POINT('',(-11.25831174498,0.758295021442,0.));
#9418 = CARTESIAN_POINT('',(-11.27182927229,0.758552596744,0.));
#9419 = CARTESIAN_POINT('',(-11.29435962936,0.758427484709,0.));
#9420 = CARTESIAN_POINT('',(-11.32588653411,0.757360798243,0.));
#9421 = CARTESIAN_POINT('',(-11.36636682651,0.754870435523,0.));
#9422 = CARTESIAN_POINT('',(-11.41573834602,0.750439540245,0.));
#9423 = CARTESIAN_POINT('',(-11.47391646396,0.743568219488,0.));
#9424 = CARTESIAN_POINT('',(-11.54079556323,0.733754584293,0.));
#9425 = CARTESIAN_POINT('',(-11.61624866503,0.720502811325,0.));
#9426 = CARTESIAN_POINT('',(-11.70012776177,0.703321461385,0.));
#9427 = CARTESIAN_POINT('',(-11.79226394717,0.681725111013,0.));
#9428 = CARTESIAN_POINT('',(-11.89246765108,0.655234874498,0.));
#9429 = CARTESIAN_POINT('',(-12.00052887786,0.623379266151,0.));
#9430 = CARTESIAN_POINT('',(-12.11621747856,0.5856949633,0.));
#9431 = CARTESIAN_POINT('',(-12.23928345417,0.541727500541,0.));
#9432 = CARTESIAN_POINT('',(-12.36945726059,0.491032331216,0.));
#9433 = CARTESIAN_POINT('',(-12.50645024678,0.433174277013,0.));
#9434 = CARTESIAN_POINT('',(-12.64995468069,0.36773353801,0.));
#9435 = CARTESIAN_POINT('',(-12.7470514857,0.32009117058,0.));
#9436 = CARTESIAN_POINT('',(-12.79660165852,0.29493387923,0.));
#9437 = VECTOR('',#9438,1.);
#9438 = DIRECTION('',(-0.,-0.,-1.));
#9439 = ADVANCED_FACE('',(#9440),#9446,.F.);
#9440 = FACE_BOUND('',#9441,.F.);
#9441 = EDGE_LOOP('',(#9442,#9443,#9444,#9445));
#9442 = ORIENTED_EDGE('',*,*,#9407,.T.);
#9443 = ORIENTED_EDGE('',*,*,#3864,.T.);
#9444 = ORIENTED_EDGE('',*,*,#9367,.F.);
#9445 = ORIENTED_EDGE('',*,*,#1442,.F.);
#9446 = SURFACE_OF_LINEAR_EXTRUSION('',#9447,#9450);
#9447 = B_SPLINE_CURVE_WITH_KNOTS('',1,(#9448,#9449),.UNSPECIFIED.,.F.,
  .F.,(2,2),(0.,0.58986775846),.PIECEWISE_BEZIER_KNOTS.);
#9448 = CARTESIAN_POINT('',(-12.79660165852,0.29493387923,0.));
#9449 = CARTESIAN_POINT('',(-12.79660165852,-0.29493387923,0.));
#9450 = VECTOR('',#9451,1.);
#9451 = DIRECTION('',(-0.,-0.,-1.));
#9452 = ADVANCED_FACE('',(#9453),#9472,.F.);
#9453 = FACE_BOUND('',#9454,.T.);
#9454 = EDGE_LOOP('',(#9455,#9463,#9470,#9471));
#9455 = ORIENTED_EDGE('',*,*,#9456,.T.);
#9456 = EDGE_CURVE('',#2647,#9457,#9459,.T.);
#9457 = VERTEX_POINT('',#9458);
#9458 = CARTESIAN_POINT('',(7.,0.,0.5));
#9459 = LINE('',#9460,#9461);
#9460 = CARTESIAN_POINT('',(7.,0.,0.));
#9461 = VECTOR('',#9462,1.);
#9462 = DIRECTION('',(0.,0.,1.));
#9463 = ORIENTED_EDGE('',*,*,#9464,.T.);
#9464 = EDGE_CURVE('',#9457,#9457,#9465,.T.);
#9465 = CIRCLE('',#9466,7.);
#9466 = AXIS2_PLACEMENT_3D('',#9467,#9468,#9469);
#9467 = CARTESIAN_POINT('',(0.,0.,0.5));
#9468 = DIRECTION('',(0.,0.,1.));
#9469 = DIRECTION('',(1.,0.,0.));
#9470 = ORIENTED_EDGE('',*,*,#9456,.F.);
#9471 = ORIENTED_EDGE('',*,*,#2646,.F.);
#9472 = CYLINDRICAL_SURFACE('',#9473,7.);
#9473 = AXIS2_PLACEMENT_3D('',#9474,#9475,#9476);
#9474 = CARTESIAN_POINT('',(0.,0.,0.));
#9475 = DIRECTION('',(-0.,-0.,-1.));
#9476 = DIRECTION('',(1.,0.,0.));
#9477 = ADVANCED_FACE('',(#9478),#9497,.T.);
#9478 = FACE_BOUND('',#9479,.F.);
#9479 = EDGE_LOOP('',(#9480,#9488,#9495,#9496));
#9480 = ORIENTED_EDGE('',*,*,#9481,.T.);
#9481 = EDGE_CURVE('',#5069,#9482,#9484,.T.);
#9482 = VERTEX_POINT('',#9483);
#9483 = CARTESIAN_POINT('',(-7.928203230276,-2.267949192431,16.5));
#9484 = LINE('',#9485,#9486);
#9485 = CARTESIAN_POINT('',(-7.928203230276,-2.267949192431,6.5));
#9486 = VECTOR('',#9487,1.);
#9487 = DIRECTION('',(0.,0.,1.));
#9488 = ORIENTED_EDGE('',*,*,#9489,.T.);
#9489 = EDGE_CURVE('',#9482,#9482,#9490,.T.);
#9490 = CIRCLE('',#9491,2.);
#9491 = AXIS2_PLACEMENT_3D('',#9492,#9493,#9494);
#9492 = CARTESIAN_POINT('',(-6.928203230276,-4.,16.5));
#9493 = DIRECTION('',(0.,0.,1.));
#9494 = DIRECTION('',(-0.5,0.866025403784,0.));
#9495 = ORIENTED_EDGE('',*,*,#9481,.F.);
#9496 = ORIENTED_EDGE('',*,*,#5068,.F.);
#9497 = CYLINDRICAL_SURFACE('',#9498,2.);
#9498 = AXIS2_PLACEMENT_3D('',#9499,#9500,#9501);
#9499 = CARTESIAN_POINT('',(-6.928203230276,-4.,6.5));
#9500 = DIRECTION('',(0.,0.,-1.));
#9501 = DIRECTION('',(-0.5,0.866025403784,0.));
#9502 = ADVANCED_FACE('',(#9503),#9522,.T.);
#9503 = FACE_BOUND('',#9504,.F.);
#9504 = EDGE_LOOP('',(#9505,#9513,#9520,#9521));
#9505 = ORIENTED_EDGE('',*,*,#9506,.T.);
#9506 = EDGE_CURVE('',#5080,#9507,#9509,.T.);
#9507 = VERTEX_POINT('',#9508);
#9508 = CARTESIAN_POINT('',(5.928203230276,-5.732050807569,16.5));
#9509 = LINE('',#9510,#9511);
#9510 = CARTESIAN_POINT('',(5.928203230276,-5.732050807569,6.5));
#9511 = VECTOR('',#9512,1.);
#9512 = DIRECTION('',(0.,0.,1.));
#9513 = ORIENTED_EDGE('',*,*,#9514,.T.);
#9514 = EDGE_CURVE('',#9507,#9507,#9515,.T.);
#9515 = CIRCLE('',#9516,2.);
#9516 = AXIS2_PLACEMENT_3D('',#9517,#9518,#9519);
#9517 = CARTESIAN_POINT('',(6.928203230276,-4.,16.5));
#9518 = DIRECTION('',(0.,0.,1.));
#9519 = DIRECTION('',(-0.5,-0.866025403784,0.));
#9520 = ORIENTED_EDGE('',*,*,#9506,.F.);
#9521 = ORIENTED_EDGE('',*,*,#5079,.F.);
#9522 = CYLINDRICAL_SURFACE('',#9523,2.);
#9523 = AXIS2_PLACEMENT_3D('',#9524,#9525,#9526);
#9524 = CARTESIAN_POINT('',(6.928203230276,-4.,6.5));
#9525 = DIRECTION('',(0.,0.,-1.));
#9526 = DIRECTION('',(-0.5,-0.866025403784,0.));
#9527 = ADVANCED_FACE('',(#9528),#9547,.F.);
#9528 = FACE_BOUND('',#9529,.F.);
#9529 = EDGE_LOOP('',(#9530,#9539,#9545,#9546));
#9530 = ORIENTED_EDGE('',*,*,#9531,.F.);
#9531 = EDGE_CURVE('',#9532,#9532,#9534,.T.);
#9532 = VERTEX_POINT('',#9533);
#9533 = CARTESIAN_POINT('',(3.,0.,5.5));
#9534 = CIRCLE('',#9535,3.);
#9535 = AXIS2_PLACEMENT_3D('',#9536,#9537,#9538);
#9536 = CARTESIAN_POINT('',(0.,0.,5.5));
#9537 = DIRECTION('',(0.,0.,-1.));
#9538 = DIRECTION('',(1.,0.,0.));
#9539 = ORIENTED_EDGE('',*,*,#9540,.T.);
#9540 = EDGE_CURVE('',#9532,#5091,#9541,.T.);
#9541 = LINE('',#9542,#9543);
#9542 = CARTESIAN_POINT('',(3.,0.,5.5));
#9543 = VECTOR('',#9544,1.);
#9544 = DIRECTION('',(0.,0.,1.));
#9545 = ORIENTED_EDGE('',*,*,#5090,.T.);
#9546 = ORIENTED_EDGE('',*,*,#9540,.F.);
#9547 = CYLINDRICAL_SURFACE('',#9548,3.);
#9548 = AXIS2_PLACEMENT_3D('',#9549,#9550,#9551);
#9549 = CARTESIAN_POINT('',(0.,0.,5.5));
#9550 = DIRECTION('',(0.,0.,-1.));
#9551 = DIRECTION('',(1.,0.,0.));
#9552 = ADVANCED_FACE('',(#9553),#9572,.T.);
#9553 = FACE_BOUND('',#9554,.F.);
#9554 = EDGE_LOOP('',(#9555,#9563,#9570,#9571));
#9555 = ORIENTED_EDGE('',*,*,#9556,.T.);
#9556 = EDGE_CURVE('',#5102,#9557,#9559,.T.);
#9557 = VERTEX_POINT('',#9558);
#9558 = CARTESIAN_POINT('',(2.,8.,16.5));
#9559 = LINE('',#9560,#9561);
#9560 = CARTESIAN_POINT('',(2.,8.,6.5));
#9561 = VECTOR('',#9562,1.);
#9562 = DIRECTION('',(0.,0.,1.));
#9563 = ORIENTED_EDGE('',*,*,#9564,.T.);
#9564 = EDGE_CURVE('',#9557,#9557,#9565,.T.);
#9565 = CIRCLE('',#9566,2.);
#9566 = AXIS2_PLACEMENT_3D('',#9567,#9568,#9569);
#9567 = CARTESIAN_POINT('',(0.,8.,16.5));
#9568 = DIRECTION('',(0.,0.,1.));
#9569 = DIRECTION('',(1.,0.,0.));
#9570 = ORIENTED_EDGE('',*,*,#9556,.F.);
#9571 = ORIENTED_EDGE('',*,*,#5101,.F.);
#9572 = CYLINDRICAL_SURFACE('',#9573,2.);
#9573 = AXIS2_PLACEMENT_3D('',#9574,#9575,#9576);
#9574 = CARTESIAN_POINT('',(0.,8.,6.5));
#9575 = DIRECTION('',(-0.,-0.,-1.));
#9576 = DIRECTION('',(1.,0.,0.));
#9577 = ADVANCED_FACE('',(#9578,#9581),#9592,.F.);
#9578 = FACE_BOUND('',#9579,.F.);
#9579 = EDGE_LOOP('',(#9580));
#9580 = ORIENTED_EDGE('',*,*,#9464,.T.);
#9581 = FACE_BOUND('',#9582,.F.);
#9582 = EDGE_LOOP('',(#9583));
#9583 = ORIENTED_EDGE('',*,*,#9584,.T.);
#9584 = EDGE_CURVE('',#9585,#9585,#9587,.T.);
#9585 = VERTEX_POINT('',#9586);
#9586 = CARTESIAN_POINT('',(6.5,0.,0.5));
#9587 = CIRCLE('',#9588,6.5);
#9588 = AXIS2_PLACEMENT_3D('',#9589,#9590,#9591);
#9589 = CARTESIAN_POINT('',(0.,0.,0.5));
#9590 = DIRECTION('',(0.,0.,-1.));
#9591 = DIRECTION('',(1.,0.,0.));
#9592 = PLANE('',#9593);
#9593 = AXIS2_PLACEMENT_3D('',#9594,#9595,#9596);
#9594 = CARTESIAN_POINT('',(-2.E-16,5.E-16,0.5));
#9595 = DIRECTION('',(0.,0.,1.));
#9596 = DIRECTION('',(1.,0.,0.));
#9597 = ADVANCED_FACE('',(#9598,#9601),#9612,.T.);
#9598 = FACE_BOUND('',#9599,.T.);
#9599 = EDGE_LOOP('',(#9600));
#9600 = ORIENTED_EDGE('',*,*,#9489,.T.);
#9601 = FACE_BOUND('',#9602,.T.);
#9602 = EDGE_LOOP('',(#9603));
#9603 = ORIENTED_EDGE('',*,*,#9604,.F.);
#9604 = EDGE_CURVE('',#9605,#9605,#9607,.T.);
#9605 = VERTEX_POINT('',#9606);
#9606 = CARTESIAN_POINT('',(-7.553203230276,-2.917468245269,16.5));
#9607 = CIRCLE('',#9608,1.25);
#9608 = AXIS2_PLACEMENT_3D('',#9609,#9610,#9611);
#9609 = CARTESIAN_POINT('',(-6.928203230276,-4.,16.5));
#9610 = DIRECTION('',(0.,0.,1.));
#9611 = DIRECTION('',(-0.5,0.866025403784,0.));
#9612 = PLANE('',#9613);
#9613 = AXIS2_PLACEMENT_3D('',#9614,#9615,#9616);
#9614 = CARTESIAN_POINT('',(-6.928203230276,-4.,16.5));
#9615 = DIRECTION('',(0.,0.,1.));
#9616 = DIRECTION('',(-0.5,0.866025403784,0.));
#9617 = ADVANCED_FACE('',(#9618,#9621),#9632,.T.);
#9618 = FACE_BOUND('',#9619,.T.);
#9619 = EDGE_LOOP('',(#9620));
#9620 = ORIENTED_EDGE('',*,*,#9514,.T.);
#9621 = FACE_BOUND('',#9622,.T.);
#9622 = EDGE_LOOP('',(#9623));
#9623 = ORIENTED_EDGE('',*,*,#9624,.F.);
#9624 = EDGE_CURVE('',#9625,#9625,#9627,.T.);
#9625 = VERTEX_POINT('',#9626);
#9626 = CARTESIAN_POINT('',(6.303203230276,-5.082531754731,16.5));
#9627 = CIRCLE('',#9628,1.25);
#9628 = AXIS2_PLACEMENT_3D('',#9629,#9630,#9631);
#9629 = CARTESIAN_POINT('',(6.928203230276,-4.,16.5));
#9630 = DIRECTION('',(0.,0.,1.));
#9631 = DIRECTION('',(-0.5,-0.866025403784,0.));
#9632 = PLANE('',#9633);
#9633 = AXIS2_PLACEMENT_3D('',#9634,#9635,#9636);
#9634 = CARTESIAN_POINT('',(6.928203230276,-4.,16.5));
#9635 = DIRECTION('',(0.,0.,1.));
#9636 = DIRECTION('',(-0.5,-0.866025403784,0.));
#9637 = ADVANCED_FACE('',(#9638,#9649),#9652,.F.);
#9638 = FACE_BOUND('',#9639,.F.);
#9639 = EDGE_LOOP('',(#9640));
#9640 = ORIENTED_EDGE('',*,*,#9641,.F.);
#9641 = EDGE_CURVE('',#9642,#9642,#9644,.T.);
#9642 = VERTEX_POINT('',#9643);
#9643 = CARTESIAN_POINT('',(6.5,0.,5.5));
#9644 = CIRCLE('',#9645,6.5);
#9645 = AXIS2_PLACEMENT_3D('',#9646,#9647,#9648);
#9646 = CARTESIAN_POINT('',(0.,0.,5.5));
#9647 = DIRECTION('',(0.,0.,-1.));
#9648 = DIRECTION('',(1.,0.,0.));
#9649 = FACE_BOUND('',#9650,.F.);
#9650 = EDGE_LOOP('',(#9651));
#9651 = ORIENTED_EDGE('',*,*,#9531,.T.);
#9652 = PLANE('',#9653);
#9653 = AXIS2_PLACEMENT_3D('',#9654,#9655,#9656);
#9654 = CARTESIAN_POINT('',(-2.1E-16,-5.8E-16,5.5));
#9655 = DIRECTION('',(0.,0.,1.));
#9656 = DIRECTION('',(1.,0.,0.));
#9657 = ADVANCED_FACE('',(#9658,#9661),#9672,.T.);
#9658 = FACE_BOUND('',#9659,.T.);
#9659 = EDGE_LOOP('',(#9660));
#9660 = ORIENTED_EDGE('',*,*,#9564,.T.);
#9661 = FACE_BOUND('',#9662,.T.);
#9662 = EDGE_LOOP('',(#9663));
#9663 = ORIENTED_EDGE('',*,*,#9664,.F.);
#9664 = EDGE_CURVE('',#9665,#9665,#9667,.T.);
#9665 = VERTEX_POINT('',#9666);
#9666 = CARTESIAN_POINT('',(1.25,8.,16.5));
#9667 = CIRCLE('',#9668,1.25);
#9668 = AXIS2_PLACEMENT_3D('',#9669,#9670,#9671);
#9669 = CARTESIAN_POINT('',(0.,8.,16.5));
#9670 = DIRECTION('',(0.,0.,1.));
#9671 = DIRECTION('',(1.,0.,0.));
#9672 = PLANE('',#9673);
#9673 = AXIS2_PLACEMENT_3D('',#9674,#9675,#9676);
#9674 = CARTESIAN_POINT('',(-8.546500828371E-17,8.,16.5));
#9675 = DIRECTION('',(0.,0.,1.));
#9676 = DIRECTION('',(1.,0.,0.));
#9677 = ADVANCED_FACE('',(#9678),#9689,.F.);
#9678 = FACE_BOUND('',#9679,.F.);
#9679 = EDGE_LOOP('',(#9680,#9686,#9687,#9688));
#9680 = ORIENTED_EDGE('',*,*,#9681,.T.);
#9681 = EDGE_CURVE('',#9585,#9642,#9682,.T.);
#9682 = LINE('',#9683,#9684);
#9683 = CARTESIAN_POINT('',(6.5,0.,0.5));
#9684 = VECTOR('',#9685,1.);
#9685 = DIRECTION('',(0.,0.,1.));
#9686 = ORIENTED_EDGE('',*,*,#9641,.T.);
#9687 = ORIENTED_EDGE('',*,*,#9681,.F.);
#9688 = ORIENTED_EDGE('',*,*,#9584,.F.);
#9689 = CYLINDRICAL_SURFACE('',#9690,6.5);
#9690 = AXIS2_PLACEMENT_3D('',#9691,#9692,#9693);
#9691 = CARTESIAN_POINT('',(0.,0.,0.5));
#9692 = DIRECTION('',(0.,0.,-1.));
#9693 = DIRECTION('',(1.,0.,0.));
#9694 = ADVANCED_FACE('',(#9695),#9714,.T.);
#9695 = FACE_BOUND('',#9696,.F.);
#9696 = EDGE_LOOP('',(#9697,#9705,#9712,#9713));
#9697 = ORIENTED_EDGE('',*,*,#9698,.T.);
#9698 = EDGE_CURVE('',#9605,#9699,#9701,.T.);
#9699 = VERTEX_POINT('',#9700);
#9700 = CARTESIAN_POINT('',(-7.553203230276,-2.917468245269,20.5));
#9701 = LINE('',#9702,#9703);
#9702 = CARTESIAN_POINT('',(-7.553203230276,-2.917468245269,16.5));
#9703 = VECTOR('',#9704,1.);
#9704 = DIRECTION('',(0.,0.,1.));
#9705 = ORIENTED_EDGE('',*,*,#9706,.T.);
#9706 = EDGE_CURVE('',#9699,#9699,#9707,.T.);
#9707 = CIRCLE('',#9708,1.25);
#9708 = AXIS2_PLACEMENT_3D('',#9709,#9710,#9711);
#9709 = CARTESIAN_POINT('',(-6.928203230276,-4.,20.5));
#9710 = DIRECTION('',(0.,0.,1.));
#9711 = DIRECTION('',(-0.5,0.866025403784,0.));
#9712 = ORIENTED_EDGE('',*,*,#9698,.F.);
#9713 = ORIENTED_EDGE('',*,*,#9604,.F.);
#9714 = CYLINDRICAL_SURFACE('',#9715,1.25);
#9715 = AXIS2_PLACEMENT_3D('',#9716,#9717,#9718);
#9716 = CARTESIAN_POINT('',(-6.928203230276,-4.,16.5));
#9717 = DIRECTION('',(0.,0.,-1.));
#9718 = DIRECTION('',(-0.5,0.866025403784,0.));
#9719 = ADVANCED_FACE('',(#9720),#9739,.T.);
#9720 = FACE_BOUND('',#9721,.F.);
#9721 = EDGE_LOOP('',(#9722,#9730,#9737,#9738));
#9722 = ORIENTED_EDGE('',*,*,#9723,.T.);
#9723 = EDGE_CURVE('',#9625,#9724,#9726,.T.);
#9724 = VERTEX_POINT('',#9725);
#9725 = CARTESIAN_POINT('',(6.303203230276,-5.082531754731,20.5));
#9726 = LINE('',#9727,#9728);
#9727 = CARTESIAN_POINT('',(6.303203230276,-5.082531754731,16.5));
#9728 = VECTOR('',#9729,1.);
#9729 = DIRECTION('',(0.,0.,1.));
#9730 = ORIENTED_EDGE('',*,*,#9731,.T.);
#9731 = EDGE_CURVE('',#9724,#9724,#9732,.T.);
#9732 = CIRCLE('',#9733,1.25);
#9733 = AXIS2_PLACEMENT_3D('',#9734,#9735,#9736);
#9734 = CARTESIAN_POINT('',(6.928203230276,-4.,20.5));
#9735 = DIRECTION('',(0.,0.,1.));
#9736 = DIRECTION('',(-0.5,-0.866025403784,0.));
#9737 = ORIENTED_EDGE('',*,*,#9723,.F.);
#9738 = ORIENTED_EDGE('',*,*,#9624,.F.);
#9739 = CYLINDRICAL_SURFACE('',#9740,1.25);
#9740 = AXIS2_PLACEMENT_3D('',#9741,#9742,#9743);
#9741 = CARTESIAN_POINT('',(6.928203230276,-4.,16.5));
#9742 = DIRECTION('',(0.,0.,-1.));
#9743 = DIRECTION('',(-0.5,-0.866025403784,0.));
#9744 = ADVANCED_FACE('',(#9745),#9764,.T.);
#9745 = FACE_BOUND('',#9746,.F.);
#9746 = EDGE_LOOP('',(#9747,#9755,#9762,#9763));
#9747 = ORIENTED_EDGE('',*,*,#9748,.T.);
#9748 = EDGE_CURVE('',#9665,#9749,#9751,.T.);
#9749 = VERTEX_POINT('',#9750);
#9750 = CARTESIAN_POINT('',(1.25,8.,20.5));
#9751 = LINE('',#9752,#9753);
#9752 = CARTESIAN_POINT('',(1.25,8.,16.5));
#9753 = VECTOR('',#9754,1.);
#9754 = DIRECTION('',(0.,0.,1.));
#9755 = ORIENTED_EDGE('',*,*,#9756,.T.);
#9756 = EDGE_CURVE('',#9749,#9749,#9757,.T.);
#9757 = CIRCLE('',#9758,1.25);
#9758 = AXIS2_PLACEMENT_3D('',#9759,#9760,#9761);
#9759 = CARTESIAN_POINT('',(0.,8.,20.5));
#9760 = DIRECTION('',(0.,0.,1.));
#9761 = DIRECTION('',(1.,0.,0.));
#9762 = ORIENTED_EDGE('',*,*,#9748,.F.);
#9763 = ORIENTED_EDGE('',*,*,#9664,.F.);
#9764 = CYLINDRICAL_SURFACE('',#9765,1.25);
#9765 = AXIS2_PLACEMENT_3D('',#9766,#9767,#9768);
#9766 = CARTESIAN_POINT('',(0.,8.,16.5));
#9767 = DIRECTION('',(-0.,-0.,-1.));
#9768 = DIRECTION('',(1.,0.,0.));
#9769 = ADVANCED_FACE('',(#9770),#9773,.T.);
#9770 = FACE_BOUND('',#9771,.T.);
#9771 = EDGE_LOOP('',(#9772));
#9772 = ORIENTED_EDGE('',*,*,#9706,.T.);
#9773 = PLANE('',#9774);
#9774 = AXIS2_PLACEMENT_3D('',#9775,#9776,#9777);
#9775 = CARTESIAN_POINT('',(-6.928203230276,-4.,20.5));
#9776 = DIRECTION('',(0.,0.,1.));
#9777 = DIRECTION('',(-0.5,0.866025403784,0.));
#9778 = ADVANCED_FACE('',(#9779),#9782,.T.);
#9779 = FACE_BOUND('',#9780,.T.);
#9780 = EDGE_LOOP('',(#9781));
#9781 = ORIENTED_EDGE('',*,*,#9731,.T.);
#9782 = PLANE('',#9783);
#9783 = AXIS2_PLACEMENT_3D('',#9784,#9785,#9786);
#9784 = CARTESIAN_POINT('',(6.928203230276,-4.,20.5));
#9785 = DIRECTION('',(0.,0.,1.));
#9786 = DIRECTION('',(-0.5,-0.866025403784,0.));
#9787 = ADVANCED_FACE('',(#9788),#9791,.T.);
#9788 = FACE_BOUND('',#9789,.T.);
#9789 = EDGE_LOOP('',(#9790));
#9790 = ORIENTED_EDGE('',*,*,#9756,.T.);
#9791 = PLANE('',#9792);
#9792 = AXIS2_PLACEMENT_3D('',#9793,#9794,#9795);
#9793 = CARTESIAN_POINT('',(-3.418600331349E-17,8.,20.5));
#9794 = DIRECTION('',(0.,0.,1.));
#9795 = DIRECTION('',(1.,0.,0.));
#9796 = ( GEOMETRIC_REPRESENTATION_CONTEXT(3) 
GLOBAL_UNCERTAINTY_ASSIGNED_CONTEXT((#9800)) 
GLOBAL_UNIT_ASSIGNED_CONTEXT((#9797,#9798,#9799)) REPRESENTATION_CONTEXT
('Context #1','3D Context with UNIT and UNCERTAINTY') );
#9797 = ( LENGTH_UNIT() NAMED_UNIT(*) SI_UNIT(.MILLI.,.METRE.) );
#9798 = ( NAMED_UNIT(*) PLANE_ANGLE_UNIT() SI_UNIT($,.RADIAN.) );
#9799 = ( NAMED_UNIT(*) SI_UNIT($,.STERADIAN.) SOLID_ANGLE_UNIT() );
#9800 = UNCERTAINTY_MEASURE_WITH_UNIT(LENGTH_MEASURE(1.E-07),#9797,
  'distance_accuracy_value','confusion accuracy');
#9801 = PRODUCT_RELATED_PRODUCT_CATEGORY('part',$,(#7));
#9802 = MECHANICAL_DESIGN_GEOMETRIC_PRESENTATION_REPRESENTATION('',(
    #9803),#9796);
#9803 = STYLED_ITEM('color',(#9804),#15);
#9804 = PRESENTATION_STYLE_ASSIGNMENT((#9805,#9811));
#9805 = SURFACE_STYLE_USAGE(.BOTH.,#9806);
#9806 = SURFACE_SIDE_STYLE('',(#9807));
#9807 = SURFACE_STYLE_FILL_AREA(#9808);
#9808 = FILL_AREA_STYLE('',(#9809));
#9809 = FILL_AREA_STYLE_COLOUR('',#9810);
#9810 = COLOUR_RGB('',0.678431390124,0.709803936702,0.741176476869);
#9811 = CURVE_STYLE('',#9812,POSITIVE_LENGTH_MEASURE(0.1),#9813);
#9812 = DRAUGHTING_PRE_DEFINED_CURVE_FONT('continuous');
#9813 = COLOUR_RGB('',9.803921802644E-02,9.803921802644E-02,
  9.803921802644E-02);
ENDSEC;
END-ISO-10303-21;
