ISO-10303-21;
HEADER;
FILE_DESCRIPTION(('FreeCAD Model'),'2;1');
FILE_NAME('Open CASCADE Shape Model','2026-08-05T13:32:27',(''),(''),
  'Open CASCADE STEP processor 7.8','FreeCAD','Unknown');
FILE_SCHEMA(('AUTOMOTIVE_DESIGN { 1 0 10303 214 1 1 1 1 }'));
ENDSEC;
DATA;
#1 = APPLICATION_PROTOCOL_DEFINITION('international standard',
  'automotive_design',2000,#2);
#2 = APPLICATION_CONTEXT(
  'core data for automotive mechanical design processes');
#3 = SHAPE_DEFINITION_REPRESENTATION(#4,#10);
#4 = PRODUCT_DEFINITION_SHAPE('','',#5);
#5 = PRODUCT_DEFINITION('design','',#6,#9);
#6 = PRODUCT_DEFINITION_FORMATION('','',#7);
#7 = PRODUCT('Body','Body','',(#8));
#8 = PRODUCT_CONTEXT('',#2,'mechanical');
#9 = PRODUCT_DEFINITION_CONTEXT('part definition',#2,'design');
#10 = ADVANCED_BREP_SHAPE_REPRESENTATION('',(#11,#15),#8032);
#11 = AXIS2_PLACEMENT_3D('',#12,#13,#14);
#12 = CARTESIAN_POINT('',(0.,0.,0.));
#13 = DIRECTION('',(0.,0.,1.));
#14 = DIRECTION('',(1.,0.,-0.));
#15 = MANIFOLD_SOLID_BREP('',#16);
#16 = CLOSED_SHELL('',(#17,#57,#147,#237,#2293,#4349,#4367,#4384,#4402,
    #4419,#4437,#4454,#4492,#4530,#4548,#4566,#4604,#4642,#4660,#4678,
    #4696,#4714,#4732,#4750,#4788,#4826,#4844,#4862,#4900,#4938,#4956,
    #4974,#4992,#5010,#5028,#5046,#5084,#5122,#5140,#5158,#5196,#5234,
    #5252,#5270,#5288,#5306,#5324,#5342,#5380,#5418,#5436,#5454,#5492,
    #5530,#5548,#5566,#5584,#5602,#5620,#5638,#5676,#5714,#5732,#5750,
    #5788,#5826,#5844,#5862,#5880,#5898,#5916,#5934,#5972,#6010,#6028,
    #6046,#6084,#6122,#6140,#6158,#6176,#6194,#6212,#6230,#6268,#6306,
    #6324,#6342,#6380,#6418,#6436,#6454,#6472,#6490,#6508,#6526,#6564,
    #6602,#6620,#6638,#6676,#6714,#6732,#6750,#6768,#6786,#6804,#6822,
    #6860,#6898,#6916,#6934,#6972,#7010,#7028,#7046,#7064,#7082,#7100,
    #7118,#7156,#7194,#7212,#7230,#7268,#7306,#7324,#7342,#7360,#7378,
    #7396,#7414,#7452,#7490,#7508,#7526,#7564,#7602,#7620,#7638,#7656,
    #7674,#7692,#7710,#7748,#7786,#7804,#7822,#7860,#7898,#7916,#7934,
    #7947,#7964,#7981,#7998,#8015));
#17 = ADVANCED_FACE('',(#18),#52,.F.);
#18 = FACE_BOUND('',#19,.F.);
#19 = EDGE_LOOP('',(#20,#30,#38,#46));
#20 = ORIENTED_EDGE('',*,*,#21,.T.);
#21 = EDGE_CURVE('',#22,#24,#26,.T.);
#22 = VERTEX_POINT('',#23);
#23 = CARTESIAN_POINT('',(10.796162153594,-0.287893649277,0.));
#24 = VERTEX_POINT('',#25);
#25 = CARTESIAN_POINT('',(10.796162153594,-0.287893649277,3.));
#26 = LINE('',#27,#28);
#27 = CARTESIAN_POINT('',(10.796162153594,-0.287893649277,0.));
#28 = VECTOR('',#29,1.);
#29 = DIRECTION('',(0.,0.,1.));
#30 = ORIENTED_EDGE('',*,*,#31,.T.);
#31 = EDGE_CURVE('',#24,#32,#34,.T.);
#32 = VERTEX_POINT('',#33);
#33 = CARTESIAN_POINT('',(10.796162153594,0.287893649277,3.));
#34 = LINE('',#35,#36);
#35 = CARTESIAN_POINT('',(10.796162153594,-0.287893649277,3.));
#36 = VECTOR('',#37,1.);
#37 = DIRECTION('',(0.,1.,0.));
#38 = ORIENTED_EDGE('',*,*,#39,.F.);
#39 = EDGE_CURVE('',#40,#32,#42,.T.);
#40 = VERTEX_POINT('',#41);
#41 = CARTESIAN_POINT('',(10.796162153594,0.287893649277,0.));
#42 = LINE('',#43,#44);
#43 = CARTESIAN_POINT('',(10.796162153594,0.287893649277,0.));
#44 = VECTOR('',#45,1.);
#45 = DIRECTION('',(0.,0.,1.));
#46 = ORIENTED_EDGE('',*,*,#47,.F.);
#47 = EDGE_CURVE('',#22,#40,#48,.T.);
#48 = LINE('',#49,#50);
#49 = CARTESIAN_POINT('',(10.796162153594,-0.287893649277,0.));
#50 = VECTOR('',#51,1.);
#51 = DIRECTION('',(0.,1.,0.));
#52 = PLANE('',#53);
#53 = AXIS2_PLACEMENT_3D('',#54,#55,#56);
#54 = CARTESIAN_POINT('',(10.796162153594,-0.287893649277,0.));
#55 = DIRECTION('',(-1.,0.,0.));
#56 = DIRECTION('',(0.,1.,0.));
#57 = ADVANCED_FACE('',(#58),#121,.F.);
#58 = FACE_BOUND('',#59,.F.);
#59 = EDGE_LOOP('',(#60,#70,#95,#96));
#60 = ORIENTED_EDGE('',*,*,#61,.T.);
#61 = EDGE_CURVE('',#62,#64,#66,.T.);
#62 = VERTEX_POINT('',#63);
#63 = CARTESIAN_POINT('',(9.368548054197,-0.729746197083,0.));
#64 = VERTEX_POINT('',#65);
#65 = CARTESIAN_POINT('',(9.368548054197,-0.729746197083,3.));
#66 = LINE('',#67,#68);
#67 = CARTESIAN_POINT('',(9.368548054197,-0.729746197083,0.));
#68 = VECTOR('',#69,1.);
#69 = DIRECTION('',(0.,0.,1.));
#70 = ORIENTED_EDGE('',*,*,#71,.T.);
#71 = EDGE_CURVE('',#64,#24,#72,.T.);
#72 = B_SPLINE_CURVE_WITH_KNOTS('',3,(#73,#74,#75,#76,#77,#78,#79,#80,
    #81,#82,#83,#84,#85,#86,#87,#88,#89,#90,#91,#92,#93,#94),
  .UNSPECIFIED.,.F.,.F.,(4,1,1,1,1,1,1,1,1,1,1,1,1,1,1,1,1,1,1,4),(0.,
    4.176688177199E-03,1.670661519072E-02,3.758980854408E-02,
    6.682627216637E-02,0.104416007367,0.150359014742,0.204655294612,
    0.267304847168,0.338307672535,0.417663770799,0.505373142021,
    0.601435786244,0.705851703504,0.818620893827,0.939743357234,
    1.069219093742,1.207048103365,1.353230386115,1.507765942),
  .UNSPECIFIED.);
#73 = CARTESIAN_POINT('',(9.368548054197,-0.729746197083,3.));
#74 = CARTESIAN_POINT('',(9.369937397548,-0.729837761552,3.));
#75 = CARTESIAN_POINT('',(9.375497002006,-0.730159131916,3.));
#76 = CARTESIAN_POINT('',(9.388025186577,-0.730496077934,3.));
#77 = CARTESIAN_POINT('',(9.4089103574,-0.730515649456,3.));
#78 = CARTESIAN_POINT('',(9.438139437968,-0.729671377671,3.));
#79 = CARTESIAN_POINT('',(9.475671130173,-0.727491762583,3.));
#80 = CARTESIAN_POINT('',(9.521444781328,-0.723471401221,3.));
#81 = CARTESIAN_POINT('',(9.575376473695,-0.717121600187,3.));
#82 = CARTESIAN_POINT('',(9.637360687259,-0.707951943854,3.));
#83 = CARTESIAN_POINT('',(9.70726987599,-0.695478258456,3.));
#84 = CARTESIAN_POINT('',(9.784954840131,-0.67922105732,3.));
#85 = CARTESIAN_POINT('',(9.870244870541,-0.658707221459,3.));
#86 = CARTESIAN_POINT('',(9.962948011584,-0.633470594877,3.));
#87 = CARTESIAN_POINT('',(10.062851328471,-0.603052910677,3.));
#88 = CARTESIAN_POINT('',(10.169721213208,-0.567004618496,3.));
#89 = CARTESIAN_POINT('',(10.28330372598,-0.524885642319,3.));
#90 = CARTESIAN_POINT('',(10.40332493865,-0.476266496766,3.));
#91 = CARTESIAN_POINT('',(10.529491429478,-0.42072781831,3.));
#92 = CARTESIAN_POINT('',(10.661490310473,-0.357866335577,3.));
#93 = CARTESIAN_POINT('',(10.750680148578,-0.312077042033,3.));
#94 = CARTESIAN_POINT('',(10.796162153594,-0.287893649277,3.));
#95 = ORIENTED_EDGE('',*,*,#21,.F.);
#96 = ORIENTED_EDGE('',*,*,#97,.F.);
#97 = EDGE_CURVE('',#62,#22,#98,.T.);
#98 = B_SPLINE_CURVE_WITH_KNOTS('',3,(#99,#100,#101,#102,#103,#104,#105,
    #106,#107,#108,#109,#110,#111,#112,#113,#114,#115,#116,#117,#118,
    #119,#120),.UNSPECIFIED.,.F.,.F.,(4,1,1,1,1,1,1,1,1,1,1,1,1,1,1,1,1,
    1,1,4),(0.,4.176688177199E-03,1.670661519072E-02,3.758980854408E-02,
    6.682627216637E-02,0.104416007367,0.150359014742,0.204655294612,
    0.267304847168,0.338307672535,0.417663770799,0.505373142021,
    0.601435786244,0.705851703504,0.818620893827,0.939743357234,
    1.069219093742,1.207048103365,1.353230386115,1.507765942),
  .UNSPECIFIED.);
#99 = CARTESIAN_POINT('',(9.368548054197,-0.729746197083,0.));
#100 = CARTESIAN_POINT('',(9.369937397548,-0.729837761552,0.));
#101 = CARTESIAN_POINT('',(9.375497002006,-0.730159131916,0.));
#102 = CARTESIAN_POINT('',(9.388025186577,-0.730496077934,0.));
#103 = CARTESIAN_POINT('',(9.4089103574,-0.730515649456,0.));
#104 = CARTESIAN_POINT('',(9.438139437968,-0.729671377671,0.));
#105 = CARTESIAN_POINT('',(9.475671130173,-0.727491762583,0.));
#106 = CARTESIAN_POINT('',(9.521444781328,-0.723471401221,0.));
#107 = CARTESIAN_POINT('',(9.575376473695,-0.717121600187,0.));
#108 = CARTESIAN_POINT('',(9.637360687259,-0.707951943854,0.));
#109 = CARTESIAN_POINT('',(9.70726987599,-0.695478258456,0.));
#110 = CARTESIAN_POINT('',(9.784954840131,-0.67922105732,0.));
#111 = CARTESIAN_POINT('',(9.870244870541,-0.658707221459,0.));
#112 = CARTESIAN_POINT('',(9.962948011584,-0.633470594877,0.));
#113 = CARTESIAN_POINT('',(10.062851328471,-0.603052910677,0.));
#114 = CARTESIAN_POINT('',(10.169721213208,-0.567004618496,0.));
#115 = CARTESIAN_POINT('',(10.28330372598,-0.524885642319,0.));
#116 = CARTESIAN_POINT('',(10.40332493865,-0.476266496766,0.));
#117 = CARTESIAN_POINT('',(10.529491429478,-0.42072781831,0.));
#118 = CARTESIAN_POINT('',(10.661490310473,-0.357866335577,0.));
#119 = CARTESIAN_POINT('',(10.750680148578,-0.312077042033,0.));
#120 = CARTESIAN_POINT('',(10.796162153594,-0.287893649277,0.));
#121 = SURFACE_OF_LINEAR_EXTRUSION('',#122,#145);
#122 = B_SPLINE_CURVE_WITH_KNOTS('',3,(#123,#124,#125,#126,#127,#128,
    #129,#130,#131,#132,#133,#134,#135,#136,#137,#138,#139,#140,#141,
    #142,#143,#144),.UNSPECIFIED.,.F.,.F.,(4,1,1,1,1,1,1,1,1,1,1,1,1,1,1
    ,1,1,1,1,4),(0.,4.176688177199E-03,1.670661519072E-02,
    3.758980854408E-02,6.682627216637E-02,0.104416007367,0.150359014742,
    0.204655294612,0.267304847168,0.338307672535,0.417663770799,
    0.505373142021,0.601435786244,0.705851703504,0.818620893827,
    0.939743357234,1.069219093742,1.207048103365,1.353230386115,
    1.507765942),.UNSPECIFIED.);
#123 = CARTESIAN_POINT('',(9.368548054197,-0.729746197083,0.));
#124 = CARTESIAN_POINT('',(9.369937397548,-0.729837761552,0.));
#125 = CARTESIAN_POINT('',(9.375497002006,-0.730159131916,0.));
#126 = CARTESIAN_POINT('',(9.388025186577,-0.730496077934,0.));
#127 = CARTESIAN_POINT('',(9.4089103574,-0.730515649456,0.));
#128 = CARTESIAN_POINT('',(9.438139437968,-0.729671377671,0.));
#129 = CARTESIAN_POINT('',(9.475671130173,-0.727491762583,0.));
#130 = CARTESIAN_POINT('',(9.521444781328,-0.723471401221,0.));
#131 = CARTESIAN_POINT('',(9.575376473695,-0.717121600187,0.));
#132 = CARTESIAN_POINT('',(9.637360687259,-0.707951943854,0.));
#133 = CARTESIAN_POINT('',(9.70726987599,-0.695478258456,0.));
#134 = CARTESIAN_POINT('',(9.784954840131,-0.67922105732,0.));
#135 = CARTESIAN_POINT('',(9.870244870541,-0.658707221459,0.));
#136 = CARTESIAN_POINT('',(9.962948011584,-0.633470594877,0.));
#137 = CARTESIAN_POINT('',(10.062851328471,-0.603052910677,0.));
#138 = CARTESIAN_POINT('',(10.169721213208,-0.567004618496,0.));
#139 = CARTESIAN_POINT('',(10.28330372598,-0.524885642319,0.));
#140 = CARTESIAN_POINT('',(10.40332493865,-0.476266496766,0.));
#141 = CARTESIAN_POINT('',(10.529491429478,-0.42072781831,0.));
#142 = CARTESIAN_POINT('',(10.661490310473,-0.357866335577,0.));
#143 = CARTESIAN_POINT('',(10.750680148578,-0.312077042033,0.));
#144 = CARTESIAN_POINT('',(10.796162153594,-0.287893649277,0.));
#145 = VECTOR('',#146,1.);
#146 = DIRECTION('',(-0.,-0.,-1.));
#147 = ADVANCED_FACE('',(#148),#211,.F.);
#148 = FACE_BOUND('',#149,.F.);
#149 = EDGE_LOOP('',(#150,#151,#178,#186));
#150 = ORIENTED_EDGE('',*,*,#39,.T.);
#151 = ORIENTED_EDGE('',*,*,#152,.T.);
#152 = EDGE_CURVE('',#32,#153,#155,.T.);
#153 = VERTEX_POINT('',#154);
#154 = CARTESIAN_POINT('',(9.368548054197,0.729746197083,3.));
#155 = B_SPLINE_CURVE_WITH_KNOTS('',3,(#156,#157,#158,#159,#160,#161,
    #162,#163,#164,#165,#166,#167,#168,#169,#170,#171,#172,#173,#174,
    #175,#176,#177),.UNSPECIFIED.,.F.,.F.,(4,1,1,1,1,1,1,1,1,1,1,1,1,1,1
    ,1,1,1,1,4),(0.,0.154535555886,0.300717838635,0.438546848258,
    0.568022584766,0.689145048173,0.801914238496,0.906330155756,
    1.002392799979,1.090102171201,1.169458269465,1.240461094832,
    1.303110647389,1.357406927258,1.403349934633,1.440939669834,
    1.470176133456,1.491059326809,1.503589253823,1.507765942),
  .UNSPECIFIED.);
#156 = CARTESIAN_POINT('',(10.796162153594,0.287893649277,3.));
#157 = CARTESIAN_POINT('',(10.750680148578,0.312077042033,3.));
#158 = CARTESIAN_POINT('',(10.661490310473,0.357866335577,3.));
#159 = CARTESIAN_POINT('',(10.529491429478,0.42072781831,3.));
#160 = CARTESIAN_POINT('',(10.40332493865,0.476266496766,3.));
#161 = CARTESIAN_POINT('',(10.28330372598,0.524885642319,3.));
#162 = CARTESIAN_POINT('',(10.169721213208,0.567004618496,3.));
#163 = CARTESIAN_POINT('',(10.062851328471,0.603052910677,3.));
#164 = CARTESIAN_POINT('',(9.962948011584,0.633470594877,3.));
#165 = CARTESIAN_POINT('',(9.870244870541,0.658707221459,3.));
#166 = CARTESIAN_POINT('',(9.784954840131,0.67922105732,3.));
#167 = CARTESIAN_POINT('',(9.70726987599,0.695478258456,3.));
#168 = CARTESIAN_POINT('',(9.637360687259,0.707951943854,3.));
#169 = CARTESIAN_POINT('',(9.575376473695,0.717121600187,3.));
#170 = CARTESIAN_POINT('',(9.521444781328,0.723471401221,3.));
#171 = CARTESIAN_POINT('',(9.475671130173,0.727491762583,3.));
#172 = CARTESIAN_POINT('',(9.438139437968,0.729671377671,3.));
#173 = CARTESIAN_POINT('',(9.4089103574,0.730515649456,3.));
#174 = CARTESIAN_POINT('',(9.388025186577,0.730496077934,3.));
#175 = CARTESIAN_POINT('',(9.375497002006,0.730159131916,3.));
#176 = CARTESIAN_POINT('',(9.369937397548,0.729837761552,3.));
#177 = CARTESIAN_POINT('',(9.368548054197,0.729746197083,3.));
#178 = ORIENTED_EDGE('',*,*,#179,.F.);
#179 = EDGE_CURVE('',#180,#153,#182,.T.);
#180 = VERTEX_POINT('',#181);
#181 = CARTESIAN_POINT('',(9.368548054197,0.729746197083,0.));
#182 = LINE('',#183,#184);
#183 = CARTESIAN_POINT('',(9.368548054197,0.729746197083,0.));
#184 = VECTOR('',#185,1.);
#185 = DIRECTION('',(0.,0.,1.));
#186 = ORIENTED_EDGE('',*,*,#187,.F.);
#187 = EDGE_CURVE('',#40,#180,#188,.T.);
#188 = B_SPLINE_CURVE_WITH_KNOTS('',3,(#189,#190,#191,#192,#193,#194,
    #195,#196,#197,#198,#199,#200,#201,#202,#203,#204,#205,#206,#207,
    #208,#209,#210),.UNSPECIFIED.,.F.,.F.,(4,1,1,1,1,1,1,1,1,1,1,1,1,1,1
    ,1,1,1,1,4),(0.,0.154535555886,0.300717838635,0.438546848258,
    0.568022584766,0.689145048173,0.801914238496,0.906330155756,
    1.002392799979,1.090102171201,1.169458269465,1.240461094832,
    1.303110647389,1.357406927258,1.403349934633,1.440939669834,
    1.470176133456,1.491059326809,1.503589253823,1.507765942),
  .UNSPECIFIED.);
#189 = CARTESIAN_POINT('',(10.796162153594,0.287893649277,0.));
#190 = CARTESIAN_POINT('',(10.750680148578,0.312077042033,0.));
#191 = CARTESIAN_POINT('',(10.661490310473,0.357866335577,0.));
#192 = CARTESIAN_POINT('',(10.529491429478,0.42072781831,0.));
#193 = CARTESIAN_POINT('',(10.40332493865,0.476266496766,0.));
#194 = CARTESIAN_POINT('',(10.28330372598,0.524885642319,0.));
#195 = CARTESIAN_POINT('',(10.169721213208,0.567004618496,0.));
#196 = CARTESIAN_POINT('',(10.062851328471,0.603052910677,0.));
#197 = CARTESIAN_POINT('',(9.962948011584,0.633470594877,0.));
#198 = CARTESIAN_POINT('',(9.870244870541,0.658707221459,0.));
#199 = CARTESIAN_POINT('',(9.784954840131,0.67922105732,0.));
#200 = CARTESIAN_POINT('',(9.70726987599,0.695478258456,0.));
#201 = CARTESIAN_POINT('',(9.637360687259,0.707951943854,0.));
#202 = CARTESIAN_POINT('',(9.575376473695,0.717121600187,0.));
#203 = CARTESIAN_POINT('',(9.521444781328,0.723471401221,0.));
#204 = CARTESIAN_POINT('',(9.475671130173,0.727491762583,0.));
#205 = CARTESIAN_POINT('',(9.438139437968,0.729671377671,0.));
#206 = CARTESIAN_POINT('',(9.4089103574,0.730515649456,0.));
#207 = CARTESIAN_POINT('',(9.388025186577,0.730496077934,0.));
#208 = CARTESIAN_POINT('',(9.375497002006,0.730159131916,0.));
#209 = CARTESIAN_POINT('',(9.369937397548,0.729837761552,0.));
#210 = CARTESIAN_POINT('',(9.368548054197,0.729746197083,0.));
#211 = SURFACE_OF_LINEAR_EXTRUSION('',#212,#235);
#212 = B_SPLINE_CURVE_WITH_KNOTS('',3,(#213,#214,#215,#216,#217,#218,
    #219,#220,#221,#222,#223,#224,#225,#226,#227,#228,#229,#230,#231,
    #232,#233,#234),.UNSPECIFIED.,.F.,.F.,(4,1,1,1,1,1,1,1,1,1,1,1,1,1,1
    ,1,1,1,1,4),(0.,0.154535555886,0.300717838635,0.438546848258,
    0.568022584766,0.689145048173,0.801914238496,0.906330155756,
    1.002392799979,1.090102171201,1.169458269465,1.240461094832,
    1.303110647389,1.357406927258,1.403349934633,1.440939669834,
    1.470176133456,1.491059326809,1.503589253823,1.507765942),
  .UNSPECIFIED.);
#213 = CARTESIAN_POINT('',(10.796162153594,0.287893649277,0.));
#214 = CARTESIAN_POINT('',(10.750680148578,0.312077042033,0.));
#215 = CARTESIAN_POINT('',(10.661490310473,0.357866335577,0.));
#216 = CARTESIAN_POINT('',(10.529491429478,0.42072781831,0.));
#217 = CARTESIAN_POINT('',(10.40332493865,0.476266496766,0.));
#218 = CARTESIAN_POINT('',(10.28330372598,0.524885642319,0.));
#219 = CARTESIAN_POINT('',(10.169721213208,0.567004618496,0.));
#220 = CARTESIAN_POINT('',(10.062851328471,0.603052910677,0.));
#221 = CARTESIAN_POINT('',(9.962948011584,0.633470594877,0.));
#222 = CARTESIAN_POINT('',(9.870244870541,0.658707221459,0.));
#223 = CARTESIAN_POINT('',(9.784954840131,0.67922105732,0.));
#224 = CARTESIAN_POINT('',(9.70726987599,0.695478258456,0.));
#225 = CARTESIAN_POINT('',(9.637360687259,0.707951943854,0.));
#226 = CARTESIAN_POINT('',(9.575376473695,0.717121600187,0.));
#227 = CARTESIAN_POINT('',(9.521444781328,0.723471401221,0.));
#228 = CARTESIAN_POINT('',(9.475671130173,0.727491762583,0.));
#229 = CARTESIAN_POINT('',(9.438139437968,0.729671377671,0.));
#230 = CARTESIAN_POINT('',(9.4089103574,0.730515649456,0.));
#231 = CARTESIAN_POINT('',(9.388025186577,0.730496077934,0.));
#232 = CARTESIAN_POINT('',(9.375497002006,0.730159131916,0.));
#233 = CARTESIAN_POINT('',(9.369937397548,0.729837761552,0.));
#234 = CARTESIAN_POINT('',(9.368548054197,0.729746197083,0.));
#235 = VECTOR('',#236,1.);
#236 = DIRECTION('',(-0.,-0.,-1.));
#237 = ADVANCED_FACE('',(#238,#2233,#2244,#2255,#2266,#2277),#2288,.F.);
#238 = FACE_BOUND('',#239,.F.);
#239 = EDGE_LOOP('',(#240,#241,#242,#250,#258,#266,#293,#300,#327,#334,
    #341,#348,#375,#382,#409,#416,#423,#430,#457,#464,#491,#498,#505,
    #512,#539,#546,#573,#580,#587,#594,#621,#628,#655,#662,#669,#676,
    #703,#710,#737,#744,#751,#758,#785,#792,#819,#826,#833,#840,#867,
    #874,#901,#908,#915,#922,#949,#956,#983,#990,#997,#1004,#1031,#1038,
    #1065,#1072,#1079,#1086,#1113,#1120,#1147,#1154,#1161,#1168,#1195,
    #1202,#1229,#1236,#1243,#1250,#1277,#1284,#1311,#1318,#1325,#1332,
    #1359,#1366,#1393,#1400,#1407,#1414,#1441,#1448,#1475,#1482,#1489,
    #1496,#1523,#1530,#1557,#1564,#1571,#1578,#1605,#1612,#1639,#1646,
    #1653,#1660,#1687,#1694,#1721,#1728,#1735,#1742,#1769,#1776,#1803,
    #1810,#1817,#1824,#1851,#1858,#1885,#1892,#1899,#1906,#1933,#1940,
    #1967,#1974,#1981,#1988,#2015,#2022,#2049,#2056,#2063,#2070,#2097,
    #2104,#2131,#2138,#2145,#2152,#2179,#2186,#2213,#2220,#2227,#2232));
#240 = ORIENTED_EDGE('',*,*,#47,.T.);
#241 = ORIENTED_EDGE('',*,*,#187,.T.);
#242 = ORIENTED_EDGE('',*,*,#243,.T.);
#243 = EDGE_CURVE('',#180,#244,#246,.T.);
#244 = VERTEX_POINT('',#245);
#245 = CARTESIAN_POINT('',(8.972820539684,0.698921714236,0.));
#246 = LINE('',#247,#248);
#247 = CARTESIAN_POINT('',(9.368548054197,0.729746197083,0.));
#248 = VECTOR('',#249,1.);
#249 = DIRECTION('',(-0.996980059965,-7.765796824848E-02,0.));
#250 = ORIENTED_EDGE('',*,*,#251,.T.);
#251 = EDGE_CURVE('',#244,#252,#254,.T.);
#252 = VERTEX_POINT('',#253);
#253 = CARTESIAN_POINT('',(8.864737644817,1.554485924208,0.));
#254 = LINE('',#255,#256);
#255 = CARTESIAN_POINT('',(8.972820539684,0.698921714236,0.));
#256 = VECTOR('',#257,1.);
#257 = DIRECTION('',(-0.125333233564,0.992114701314,0.));
#258 = ORIENTED_EDGE('',*,*,#259,.T.);
#259 = EDGE_CURVE('',#252,#260,#262,.T.);
#260 = VERTEX_POINT('',#261);
#261 = CARTESIAN_POINT('',(9.255698388931,1.623043280104,0.));
#262 = LINE('',#263,#264);
#263 = CARTESIAN_POINT('',(8.864737644817,1.554485924208,0.));
#264 = VECTOR('',#265,1.);
#265 = DIRECTION('',(0.984970849424,0.172720658245,0.));
#266 = ORIENTED_EDGE('',*,*,#267,.T.);
#267 = EDGE_CURVE('',#260,#268,#270,.T.);
#268 = VERTEX_POINT('',#269);
#269 = CARTESIAN_POINT('',(10.52857710594,2.406047406905,0.));
#270 = B_SPLINE_CURVE_WITH_KNOTS('',3,(#271,#272,#273,#274,#275,#276,
    #277,#278,#279,#280,#281,#282,#283,#284,#285,#286,#287,#288,#289,
    #290,#291,#292),.UNSPECIFIED.,.F.,.F.,(4,1,1,1,1,1,1,1,1,1,1,1,1,1,1
    ,1,1,1,1,4),(0.,4.176688177199E-03,1.670661519072E-02,
    3.758980854408E-02,6.682627216637E-02,0.104416007367,0.150359014742,
    0.204655294612,0.267304847168,0.338307672535,0.417663770799,
    0.505373142021,0.601435786244,0.705851703504,0.818620893827,
    0.939743357234,1.069219093742,1.207048103365,1.353230386115,
    1.507765942),.UNSPECIFIED.);
#271 = CARTESIAN_POINT('',(9.255698388931,1.623043280104,0.));
#272 = CARTESIAN_POINT('',(9.257066854664,1.623300107943,0.));
#273 = CARTESIAN_POINT('',(9.262531715483,1.624371451425,0.));
#274 = CARTESIAN_POINT('',(9.274750099166,1.627160723993,0.));
#275 = CARTESIAN_POINT('',(9.294983991182,1.632335698122,0.));
#276 = CARTESIAN_POINT('',(9.323084824581,1.640422422304,0.));
#277 = CARTESIAN_POINT('',(9.358895341429,1.651867313076,0.));
#278 = CARTESIAN_POINT('',(9.402231105947,1.667144811535,0.));
#279 = CARTESIAN_POINT('',(9.452889303722,1.686707388381,0.));
#280 = CARTESIAN_POINT('',(9.510645768437,1.711003810176,0.));
#281 = CARTESIAN_POINT('',(9.575256552037,1.740471320067,0.));
#282 = CARTESIAN_POINT('',(9.64645789866,1.775537236301,0.));
#283 = CARTESIAN_POINT('',(9.723966802401,1.816617360326,0.));
#284 = CARTESIAN_POINT('',(9.807481409983,1.864115465562,0.));
#285 = CARTESIAN_POINT('',(9.896681510009,1.918422466883,0.));
#286 = CARTESIAN_POINT('',(9.991229035081,1.979915695253,0.));
#287 = CARTESIAN_POINT('',(10.090768580918,2.048958248627,0.));
#288 = CARTESIAN_POINT('',(10.194928016667,2.125897996155,0.));
#289 = CARTESIAN_POINT('',(10.303318847503,2.211068155267,0.));
#290 = CARTESIAN_POINT('',(10.415537725875,2.304781515746,0.));
#291 = CARTESIAN_POINT('',(10.490538166963,2.371312865207,0.));
#292 = CARTESIAN_POINT('',(10.52857710594,2.406047406905,0.));
#293 = ORIENTED_EDGE('',*,*,#294,.T.);
#294 = EDGE_CURVE('',#268,#295,#297,.T.);
#295 = VERTEX_POINT('',#296);
#296 = CARTESIAN_POINT('',(10.385384627632,2.963745288677,0.));
#297 = B_SPLINE_CURVE_WITH_KNOTS('',1,(#298,#299),.UNSPECIFIED.,.F.,.F.,
  (2,2),(0.,0.575787298554),.PIECEWISE_BEZIER_KNOTS.);
#298 = CARTESIAN_POINT('',(10.52857710594,2.406047406905,0.));
#299 = CARTESIAN_POINT('',(10.385384627632,2.963745288677,0.));
#300 = ORIENTED_EDGE('',*,*,#301,.T.);
#301 = EDGE_CURVE('',#295,#302,#304,.T.);
#302 = VERTEX_POINT('',#303);
#303 = CARTESIAN_POINT('',(8.892737390108,3.036683036889,0.));
#304 = B_SPLINE_CURVE_WITH_KNOTS('',3,(#305,#306,#307,#308,#309,#310,
    #311,#312,#313,#314,#315,#316,#317,#318,#319,#320,#321,#322,#323,
    #324,#325,#326),.UNSPECIFIED.,.F.,.F.,(4,1,1,1,1,1,1,1,1,1,1,1,1,1,1
    ,1,1,1,1,4),(0.,0.154535555886,0.300717838635,0.438546848258,
    0.568022584766,0.689145048173,0.801914238496,0.906330155756,
    1.002392799979,1.090102171201,1.169458269465,1.240461094832,
    1.303110647389,1.357406927258,1.403349934633,1.440939669834,
    1.470176133456,1.491059326809,1.503589253823,1.507765942),
  .UNSPECIFIED.);
#305 = CARTESIAN_POINT('',(10.385384627632,2.963745288677,0.));
#306 = CARTESIAN_POINT('',(10.335317358223,2.975858000983,0.));
#307 = CARTESIAN_POINT('',(10.237542248646,2.998028128895,0.));
#308 = CARTESIAN_POINT('',(10.094057340178,3.026087915734,0.));
#309 = CARTESIAN_POINT('',(9.958042693985,3.04850541411,0.));
#310 = CARTESIAN_POINT('',(9.829701078593,3.065749037964,0.));
#311 = CARTESIAN_POINT('',(9.70921240589,3.078297946768,0.));
#312 = CARTESIAN_POINT('',(9.596735189387,3.086636255985,0.));
#313 = CARTESIAN_POINT('',(9.492405948458,3.091253368098,0.));
#314 = CARTESIAN_POINT('',(9.396339153243,3.092642805963,0.));
#315 = CARTESIAN_POINT('',(9.30862708245,3.09130139391,0.));
#316 = CARTESIAN_POINT('',(9.229339732794,3.087728380211,0.));
#317 = CARTESIAN_POINT('',(9.158524790367,3.082424473587,0.));
#318 = CARTESIAN_POINT('',(9.096207524054,3.075891201227,0.));
#319 = CARTESIAN_POINT('',(9.042391063674,3.068629245095,0.));
#320 = CARTESIAN_POINT('',(8.997055652728,3.061139855272,0.));
#321 = CARTESIAN_POINT('',(8.96016103942,3.053917241445,0.));
#322 = CARTESIAN_POINT('',(8.931640282311,3.04746601213,0.));
#323 = CARTESIAN_POINT('',(8.911416124774,3.042253124708,0.));
#324 = CARTESIAN_POINT('',(8.899365331226,3.038811131661,0.));
#325 = CARTESIAN_POINT('',(8.894060313526,3.037117240333,0.));
#326 = CARTESIAN_POINT('',(8.892737390108,3.036683036889,0.));
#327 = ORIENTED_EDGE('',*,*,#328,.T.);
#328 = EDGE_CURVE('',#302,#329,#331,.T.);
#329 = VERTEX_POINT('',#330);
#330 = CARTESIAN_POINT('',(8.517108120316,2.908413530921,0.));
#331 = B_SPLINE_CURVE_WITH_KNOTS('',1,(#332,#333),.UNSPECIFIED.,.F.,.F.,
  (2,2),(0.,0.396926207859),.PIECEWISE_BEZIER_KNOTS.);
#332 = CARTESIAN_POINT('',(8.892737390108,3.036683036889,0.));
#333 = CARTESIAN_POINT('',(8.517108120316,2.908413530921,0.));
#334 = ORIENTED_EDGE('',*,*,#335,.T.);
#335 = EDGE_CURVE('',#329,#336,#338,.T.);
#336 = VERTEX_POINT('',#337);
#337 = CARTESIAN_POINT('',(8.199650681502,3.710219495035,0.));
#338 = B_SPLINE_CURVE_WITH_KNOTS('',1,(#339,#340),.UNSPECIFIED.,.F.,.F.,
  (2,2),(0.,0.862364209338),.PIECEWISE_BEZIER_KNOTS.);
#339 = CARTESIAN_POINT('',(8.517108120316,2.908413530921,0.));
#340 = CARTESIAN_POINT('',(8.199650681502,3.710219495035,0.));
#341 = ORIENTED_EDGE('',*,*,#342,.T.);
#342 = EDGE_CURVE('',#336,#343,#345,.T.);
#343 = VERTEX_POINT('',#344);
#344 = CARTESIAN_POINT('',(8.561279153811,3.873850978867,0.));
#345 = B_SPLINE_CURVE_WITH_KNOTS('',1,(#346,#347),.UNSPECIFIED.,.F.,.F.,
  (2,2),(0.,0.396926207859),.PIECEWISE_BEZIER_KNOTS.);
#346 = CARTESIAN_POINT('',(8.199650681502,3.710219495035,0.));
#347 = CARTESIAN_POINT('',(8.561279153811,3.873850978867,0.));
#348 = ORIENTED_EDGE('',*,*,#349,.T.);
#349 = EDGE_CURVE('',#343,#350,#352,.T.);
#350 = VERTEX_POINT('',#351);
#351 = CARTESIAN_POINT('',(9.599442837321,4.948807655688,0.));
#352 = B_SPLINE_CURVE_WITH_KNOTS('',3,(#353,#354,#355,#356,#357,#358,
    #359,#360,#361,#362,#363,#364,#365,#366,#367,#368,#369,#370,#371,
    #372,#373,#374),.UNSPECIFIED.,.F.,.F.,(4,1,1,1,1,1,1,1,1,1,1,1,1,1,1
    ,1,1,1,1,4),(0.,4.176688177199E-03,1.670661519072E-02,
    3.758980854408E-02,6.682627216637E-02,0.104416007367,0.150359014742,
    0.204655294612,0.267304847168,0.338307672535,0.417663770799,
    0.505373142021,0.601435786244,0.705851703504,0.818620893827,
    0.939743357234,1.069219093742,1.207048103365,1.353230386115,
    1.507765942),.UNSPECIFIED.);
#353 = CARTESIAN_POINT('',(8.561279153811,3.873850978867,0.));
#354 = CARTESIAN_POINT('',(8.56254075619,3.874440061576,0.));
#355 = CARTESIAN_POINT('',(8.567567496068,3.876836802453,0.));
#356 = CARTESIAN_POINT('',(8.578708352879,3.882577033353,0.));
#357 = CARTESIAN_POINT('',(8.597019596238,3.892621390476,0.));
#358 = CARTESIAN_POINT('',(8.622226503757,3.907442448435,0.));
#359 = CARTESIAN_POINT('',(8.654065738773,3.927433490312,0.));
#360 = CARTESIAN_POINT('',(8.692240671192,3.953008184451,0.));
#361 = CARTESIAN_POINT('',(8.736442333501,3.984554348462,0.));
#362 = CARTESIAN_POINT('',(8.786341998276,4.022450902181,0.));
#363 = CARTESIAN_POINT('',(8.841594643588,4.067060684545,0.));
#364 = CARTESIAN_POINT('',(8.901838530225,4.118731995396,0.));
#365 = CARTESIAN_POINT('',(8.966696137819,4.177797192309,0.));
#366 = CARTESIAN_POINT('',(9.035774681998,4.244572295563,0.));
#367 = CARTESIAN_POINT('',(9.108666794824,4.319356305384,0.));
#368 = CARTESIAN_POINT('',(9.184951191511,4.402430624249,0.));
#369 = CARTESIAN_POINT('',(9.264193334667,4.494058557271,0.));
#370 = CARTESIAN_POINT('',(9.345946273075,4.594484499472,0.));
#371 = CARTESIAN_POINT('',(9.429750849384,4.703934584908,0.));
#372 = CARTESIAN_POINT('',(9.515138600292,4.822611468042,0.));
#373 = CARTESIAN_POINT('',(9.571237090816,4.905704464048,0.));
#374 = CARTESIAN_POINT('',(9.599442837321,4.948807655688,0.));
#375 = ORIENTED_EDGE('',*,*,#376,.T.);
#376 = EDGE_CURVE('',#350,#377,#379,.T.);
#377 = VERTEX_POINT('',#378);
#378 = CARTESIAN_POINT('',(9.322055190742,5.453373911696,0.));
#379 = B_SPLINE_CURVE_WITH_KNOTS('',1,(#380,#381),.UNSPECIFIED.,.F.,.F.,
  (2,2),(0.,0.575787298554),.PIECEWISE_BEZIER_KNOTS.);
#380 = CARTESIAN_POINT('',(9.599442837321,4.948807655688,0.));
#381 = CARTESIAN_POINT('',(9.322055190742,5.453373911696,0.));
#382 = ORIENTED_EDGE('',*,*,#383,.T.);
#383 = EDGE_CURVE('',#377,#384,#386,.T.);
#384 = VERTEX_POINT('',#385);
#385 = CARTESIAN_POINT('',(7.858163330598,5.152813913348,0.));
#386 = B_SPLINE_CURVE_WITH_KNOTS('',3,(#387,#388,#389,#390,#391,#392,
    #393,#394,#395,#396,#397,#398,#399,#400,#401,#402,#403,#404,#405,
    #406,#407,#408),.UNSPECIFIED.,.F.,.F.,(4,1,1,1,1,1,1,1,1,1,1,1,1,1,1
    ,1,1,1,1,4),(0.,0.154535555886,0.300717838635,0.438546848258,
    0.568022584766,0.689145048173,0.801914238496,0.906330155756,
    1.002392799979,1.090102171201,1.169458269465,1.240461094832,
    1.303110647389,1.357406927258,1.403349934633,1.440939669834,
    1.470176133456,1.491059326809,1.503589253823,1.507765942),
  .UNSPECIFIED.);
#387 = CARTESIAN_POINT('',(9.322055190742,5.453373911696,0.));
#388 = CARTESIAN_POINT('',(9.270548567612,5.452654857292,0.));
#389 = CARTESIAN_POINT('',(9.170331756289,5.449812788899,0.));
#390 = CARTESIAN_POINT('',(9.024376504849,5.441307780239,0.));
#391 = CARTESIAN_POINT('',(8.887060003738,5.429195524666,0.));
#392 = CARTESIAN_POINT('',(8.758462161326,5.413980146518,0.));
#393 = CARTESIAN_POINT('',(8.638638075124,5.396170493857,0.));
#394 = CARTESIAN_POINT('',(8.527620884031,5.376274893476,0.));
#395 = CARTESIAN_POINT('',(8.425421108964,5.354801323367,0.));
#396 = CARTESIAN_POINT('',(8.332026889629,5.332256269024,0.));
#397 = CARTESIAN_POINT('',(8.247404050443,5.309143894908,0.));
#398 = CARTESIAN_POINT('',(8.17149623105,5.285965171966,0.));
#399 = CARTESIAN_POINT('',(8.104225098198,5.26321693728,0.));
#400 = CARTESIAN_POINT('',(8.045490402166,5.241391245757,0.));
#401 = CARTESIAN_POINT('',(7.995170659901,5.220973827872,0.));
#402 = CARTESIAN_POINT('',(7.953122079766,5.202445272769,0.));
#403 = CARTESIAN_POINT('',(7.919182769597,5.186274253416,0.));
#404 = CARTESIAN_POINT('',(7.893162400009,5.172932877466,0.));
#405 = CARTESIAN_POINT('',(7.874870013956,5.162854219033,0.));
#406 = CARTESIAN_POINT('',(7.864053807109,5.156523452039,0.));
#407 = CARTESIAN_POINT('',(7.859336709938,5.153563473168,0.));
#408 = CARTESIAN_POINT('',(7.858163330598,5.152813913348,0.));
#409 = ORIENTED_EDGE('',*,*,#410,.T.);
#410 = EDGE_CURVE('',#384,#411,#413,.T.);
#411 = VERTEX_POINT('',#412);
#412 = CARTESIAN_POINT('',(7.526234474017,4.935159029061,0.));
#413 = B_SPLINE_CURVE_WITH_KNOTS('',1,(#414,#415),.UNSPECIFIED.,.F.,.F.,
  (2,2),(0.,0.396926207859),.PIECEWISE_BEZIER_KNOTS.);
#414 = CARTESIAN_POINT('',(7.858163330598,5.152813913348,0.));
#415 = CARTESIAN_POINT('',(7.526234474017,4.935159029061,0.));
#416 = ORIENTED_EDGE('',*,*,#417,.T.);
#417 = EDGE_CURVE('',#411,#418,#420,.T.);
#418 = VERTEX_POINT('',#419);
#419 = CARTESIAN_POINT('',(7.019349509663,5.632826329756,0.));
#420 = B_SPLINE_CURVE_WITH_KNOTS('',1,(#421,#422),.UNSPECIFIED.,.F.,.F.,
  (2,2),(0.,0.862364209338),.PIECEWISE_BEZIER_KNOTS.);
#421 = CARTESIAN_POINT('',(7.526234474017,4.935159029061,0.));
#422 = CARTESIAN_POINT('',(7.019349509663,5.632826329756,0.));
#423 = ORIENTED_EDGE('',*,*,#424,.T.);
#424 = EDGE_CURVE('',#418,#425,#427,.T.);
#425 = VERTEX_POINT('',#426);
#426 = CARTESIAN_POINT('',(7.328923263275,5.8812503736,0.));
#427 = B_SPLINE_CURVE_WITH_KNOTS('',1,(#428,#429),.UNSPECIFIED.,.F.,.F.,
  (2,2),(0.,0.396926207859),.PIECEWISE_BEZIER_KNOTS.);
#428 = CARTESIAN_POINT('',(7.019349509663,5.632826329756,0.));
#429 = CARTESIAN_POINT('',(7.328923263275,5.8812503736,0.));
#430 = ORIENTED_EDGE('',*,*,#431,.T.);
#431 = EDGE_CURVE('',#425,#432,#434,.T.);
#432 = VERTEX_POINT('',#433);
#433 = CARTESIAN_POINT('',(8.067140270953,7.180616119023,0.));
#434 = B_SPLINE_CURVE_WITH_KNOTS('',3,(#435,#436,#437,#438,#439,#440,
    #441,#442,#443,#444,#445,#446,#447,#448,#449,#450,#451,#452,#453,
    #454,#455,#456),.UNSPECIFIED.,.F.,.F.,(4,1,1,1,1,1,1,1,1,1,1,1,1,1,1
    ,1,1,1,1,4),(0.,4.176688177199E-03,1.670661519072E-02,
    3.758980854408E-02,6.682627216637E-02,0.104416007367,0.150359014742,
    0.204655294612,0.267304847168,0.338307672535,0.417663770799,
    0.505373142021,0.601435786244,0.705851703504,0.818620893827,
    0.939743357234,1.069219093742,1.207048103365,1.353230386115,
    1.507765942),.UNSPECIFIED.);
#435 = CARTESIAN_POINT('',(7.328923263275,5.8812503736,0.));
#436 = CARTESIAN_POINT('',(7.329998731183,5.882134696946,0.));
#437 = CARTESIAN_POINT('',(7.334271501566,5.885706239174,0.));
#438 = CARTESIAN_POINT('',(7.343634810499,5.894036748588,0.));
#439 = CARTESIAN_POINT('',(7.358872842436,5.908319364807,0.));
#440 = CARTESIAN_POINT('',(7.379601981372,5.928943494963,0.));
#441 = CARTESIAN_POINT('',(7.405469358322,5.956224577261,0.));
#442 = CARTESIAN_POINT('',(7.436084787241,5.990489514992,0.));
#443 = CARTESIAN_POINT('',(7.47105256108,6.032037104663,0.));
#444 = CARTESIAN_POINT('',(7.509960046458,6.081152610462,0.));
#445 = CARTESIAN_POINT('',(7.552382826573,6.13810166861,0.));
#446 = CARTESIAN_POINT('',(7.597883908265,6.203131675584,0.));
#447 = CARTESIAN_POINT('',(7.646014977695,6.276470661837,0.));
#448 = CARTESIAN_POINT('',(7.696316999489,6.358327037789,0.));
#449 = CARTESIAN_POINT('',(7.748321045587,6.448889101737,0.));
#450 = CARTESIAN_POINT('',(7.80154908469,6.548324646116,0.));
#451 = CARTESIAN_POINT('',(7.855514749878,6.656780638771,0.));
#452 = CARTESIAN_POINT('',(7.909724353159,6.774382644354,0.));
#453 = CARTESIAN_POINT('',(7.9636769252,6.901235504719,0.));
#454 = CARTESIAN_POINT('',(8.016868322221,7.037419005475,0.));
#455 = CARTESIAN_POINT('',(8.050539987706,7.131852609494,0.));
#456 = CARTESIAN_POINT('',(8.067140270953,7.180616119023,0.));
#457 = ORIENTED_EDGE('',*,*,#458,.T.);
#458 = EDGE_CURVE('',#432,#459,#461,.T.);
#459 = VERTEX_POINT('',#460);
#460 = CARTESIAN_POINT('',(7.672986742097,7.600346995737,0.));
#461 = B_SPLINE_CURVE_WITH_KNOTS('',1,(#462,#463),.UNSPECIFIED.,.F.,.F.,
  (2,2),(0.,0.575787298554),.PIECEWISE_BEZIER_KNOTS.);
#462 = CARTESIAN_POINT('',(8.067140270953,7.180616119023,0.));
#463 = CARTESIAN_POINT('',(7.672986742097,7.600346995737,0.));
#464 = ORIENTED_EDGE('',*,*,#465,.T.);
#465 = EDGE_CURVE('',#459,#466,#468,.T.);
#466 = VERTEX_POINT('',#467);
#467 = CARTESIAN_POINT('',(6.329831968723,6.945174540908,0.));
#468 = B_SPLINE_CURVE_WITH_KNOTS('',3,(#469,#470,#471,#472,#473,#474,
    #475,#476,#477,#478,#479,#480,#481,#482,#483,#484,#485,#486,#487,
    #488,#489,#490),.UNSPECIFIED.,.F.,.F.,(4,1,1,1,1,1,1,1,1,1,1,1,1,1,1
    ,1,1,1,1,4),(0.,0.154535555886,0.300717838635,0.438546848258,
    0.568022584766,0.689145048173,0.801914238496,0.906330155756,
    1.002392799979,1.090102171201,1.169458269465,1.240461094832,
    1.303110647389,1.357406927258,1.403349934633,1.440939669834,
    1.470176133456,1.491059326809,1.503589253823,1.507765942),
  .UNSPECIFIED.);
#469 = CARTESIAN_POINT('',(7.672986742097,7.600346995737,0.));
#470 = CARTESIAN_POINT('',(7.623277115805,7.586841355455,0.));
#471 = CARTESIAN_POINT('',(7.526915593564,7.559165668367,0.));
#472 = CARTESIAN_POINT('',(7.387660904384,7.514630265181,0.));
#473 = CARTESIAN_POINT('',(7.257670649135,7.468749313223,0.));
#474 = CARTESIAN_POINT('',(7.136896855092,7.42203097124,0.));
#475 = CARTESIAN_POINT('',(7.02526634341,7.37498180309,0.));
#476 = CARTESIAN_POINT('',(6.922684796136,7.328102406854,0.));
#477 = CARTESIAN_POINT('',(6.829036074661,7.281887417907,0.));
#478 = CARTESIAN_POINT('',(6.744182733488,7.236824460036,0.));
#479 = CARTESIAN_POINT('',(6.667966290116,7.193393359325,0.));
#480 = CARTESIAN_POINT('',(6.600207568447,7.152065331546,0.));
#481 = CARTESIAN_POINT('',(6.540707137854,7.113302124045,0.));
#482 = CARTESIAN_POINT('',(6.489245529065,7.077555401828,0.));
#483 = CARTESIAN_POINT('',(6.445584279386,7.045265423644,0.));
#484 = CARTESIAN_POINT('',(6.409464596996,7.016861920523,0.));
#485 = CARTESIAN_POINT('',(6.380613121644,6.992758580263,0.));
#486 = CARTESIAN_POINT('',(6.358728095094,6.973365345395,0.));
#487 = CARTESIAN_POINT('',(6.343516858415,6.959054195126,0.));
#488 = CARTESIAN_POINT('',(6.334614860325,6.950232439558,0.));
#489 = CARTESIAN_POINT('',(6.330782076247,6.946192359504,0.));
#490 = CARTESIAN_POINT('',(6.329831968723,6.945174540908,0.));
#491 = ORIENTED_EDGE('',*,*,#492,.T.);
#492 = EDGE_CURVE('',#466,#493,#495,.T.);
#493 = VERTEX_POINT('',#494);
#494 = CARTESIAN_POINT('',(6.062459836161,6.65181033516,0.));
#495 = B_SPLINE_CURVE_WITH_KNOTS('',1,(#496,#497),.UNSPECIFIED.,.F.,.F.,
  (2,2),(0.,0.396926207859),.PIECEWISE_BEZIER_KNOTS.);
#496 = CARTESIAN_POINT('',(6.329831968723,6.945174540908,0.));
#497 = CARTESIAN_POINT('',(6.062459836161,6.65181033516,0.));
#498 = ORIENTED_EDGE('',*,*,#499,.T.);
#499 = EDGE_CURVE('',#493,#500,#502,.T.);
#500 = VERTEX_POINT('',#501);
#501 = CARTESIAN_POINT('',(5.39799679277,7.201501970093,0.));
#502 = B_SPLINE_CURVE_WITH_KNOTS('',1,(#503,#504),.UNSPECIFIED.,.F.,.F.,
  (2,2),(0.,0.862364209338),.PIECEWISE_BEZIER_KNOTS.);
#503 = CARTESIAN_POINT('',(6.062459836161,6.65181033516,0.));
#504 = CARTESIAN_POINT('',(5.39799679277,7.201501970093,0.));
#505 = ORIENTED_EDGE('',*,*,#506,.T.);
#506 = EDGE_CURVE('',#500,#507,#509,.T.);
#507 = VERTEX_POINT('',#508);
#508 = CARTESIAN_POINT('',(5.636064170213,7.519109177635,0.));
#509 = B_SPLINE_CURVE_WITH_KNOTS('',1,(#510,#511),.UNSPECIFIED.,.F.,.F.,
  (2,2),(0.,0.396926207859),.PIECEWISE_BEZIER_KNOTS.);
#510 = CARTESIAN_POINT('',(5.39799679277,7.201501970093,0.));
#511 = CARTESIAN_POINT('',(5.636064170213,7.519109177635,0.));
#512 = ORIENTED_EDGE('',*,*,#513,.T.);
#513 = EDGE_CURVE('',#507,#514,#516,.T.);
#514 = VERTEX_POINT('',#515);
#515 = CARTESIAN_POINT('',(6.027949612493,8.961240063141,0.));
#516 = B_SPLINE_CURVE_WITH_KNOTS('',3,(#517,#518,#519,#520,#521,#522,
    #523,#524,#525,#526,#527,#528,#529,#530,#531,#532,#533,#534,#535,
    #536,#537,#538),.UNSPECIFIED.,.F.,.F.,(4,1,1,1,1,1,1,1,1,1,1,1,1,1,1
    ,1,1,1,1,4),(0.,4.176688177199E-03,1.670661519072E-02,
    3.758980854408E-02,6.682627216637E-02,0.104416007367,0.150359014742,
    0.204655294612,0.267304847168,0.338307672535,0.417663770799,
    0.505373142021,0.601435786244,0.705851703504,0.818620893827,
    0.939743357234,1.069219093742,1.207048103365,1.353230386115,
    1.507765942),.UNSPECIFIED.);
#517 = CARTESIAN_POINT('',(5.636064170213,7.519109177635,0.));
#518 = CARTESIAN_POINT('',(5.636885928046,7.520233176329,0.));
#519 = CARTESIAN_POINT('',(5.640136255057,7.524755106775,0.));
#520 = CARTESIAN_POINT('',(5.647133684975,7.535152458159,0.));
#521 = CARTESIAN_POINT('',(5.658341043902,7.552775904168,0.));
#522 = CARTESIAN_POINT('',(5.673289926219,7.577907216573,0.));
#523 = CARTESIAN_POINT('',(5.691560102677,7.61076416856,0.));
#524 = CARTESIAN_POINT('',(5.712692348101,7.651566357826,0.));
#525 = CARTESIAN_POINT('',(5.736229079636,7.700504785297,0.));
#526 = CARTESIAN_POINT('',(5.76169968522,7.757753135313,0.));
#527 = CARTESIAN_POINT('',(5.788627020842,7.823463150477,0.));
#528 = CARTESIAN_POINT('',(5.816526297286,7.897765779072,0.));
#529 = CARTESIAN_POINT('',(5.844906576447,7.980770396437,0.));
#530 = CARTESIAN_POINT('',(5.873271414828,8.072564707939,0.));
#531 = CARTESIAN_POINT('',(5.901119788725,8.173214478472,0.));
#532 = CARTESIAN_POINT('',(5.927946956788,8.282763347414,0.));
#533 = CARTESIAN_POINT('',(5.953245282793,8.401232710809,0.));
#534 = CARTESIAN_POINT('',(5.976505362203,8.528621413256,0.));
#535 = CARTESIAN_POINT('',(5.997215891451,8.664906416799,0.));
#536 = CARTESIAN_POINT('',(6.014868723485,8.810039624979,0.));
#537 = CARTESIAN_POINT('',(6.023997849354,8.909880226366,0.));
#538 = CARTESIAN_POINT('',(6.027949612493,8.961240063141,0.));
#539 = ORIENTED_EDGE('',*,*,#540,.T.);
#540 = EDGE_CURVE('',#514,#541,#543,.T.);
#541 = VERTEX_POINT('',#542);
#542 = CARTESIAN_POINT('',(5.541796317175,9.269762325915,0.));
#543 = B_SPLINE_CURVE_WITH_KNOTS('',1,(#544,#545),.UNSPECIFIED.,.F.,.F.,
  (2,2),(0.,0.575787298554),.PIECEWISE_BEZIER_KNOTS.);
#544 = CARTESIAN_POINT('',(6.027949612493,8.961240063141,0.));
#545 = CARTESIAN_POINT('',(5.541796317175,9.269762325915,0.));
#546 = ORIENTED_EDGE('',*,*,#547,.T.);
#547 = EDGE_CURVE('',#541,#548,#550,.T.);
#548 = VERTEX_POINT('',#549);
#549 = CARTESIAN_POINT('',(4.403773984761,8.301144309497,0.));
#550 = B_SPLINE_CURVE_WITH_KNOTS('',3,(#551,#552,#553,#554,#555,#556,
    #557,#558,#559,#560,#561,#562,#563,#564,#565,#566,#567,#568,#569,
    #570,#571,#572),.UNSPECIFIED.,.F.,.F.,(4,1,1,1,1,1,1,1,1,1,1,1,1,1,1
    ,1,1,1,1,4),(0.,0.154535555886,0.300717838635,0.438546848258,
    0.568022584766,0.689145048173,0.801914238496,0.906330155756,
    1.002392799979,1.090102171201,1.169458269465,1.240461094832,
    1.303110647389,1.357406927258,1.403349934633,1.440939669834,
    1.470176133456,1.491059326809,1.503589253823,1.507765942),
  .UNSPECIFIED.);
#551 = CARTESIAN_POINT('',(5.541796317175,9.269762325915,0.));
#552 = CARTESIAN_POINT('',(5.49700712636,9.244318708804,0.));
#553 = CARTESIAN_POINT('',(5.410555642036,9.193548368224,0.));
#554 = CARTESIAN_POINT('',(5.286751399382,9.115780893686,0.));
#555 = CARTESIAN_POINT('',(5.172255155801,9.039014114292,0.));
#556 = CARTESIAN_POINT('',(5.066894071782,8.963728293718,0.));
#557 = CARTESIAN_POINT('',(4.970471290218,8.890395882349,0.));
#558 = CARTESIAN_POINT('',(4.882770962645,8.819478295134,0.));
#559 = CARTESIAN_POINT('',(4.803557588351,8.751425745072,0.));
#560 = CARTESIAN_POINT('',(4.732576772832,8.686676355044,0.));
#561 = CARTESIAN_POINT('',(4.669555684717,8.625655463525,0.));
#562 = CARTESIAN_POINT('',(4.614203590454,8.56877492289,0.));
#563 = CARTESIAN_POINT('',(4.566212493001,8.516432377462,0.));
#564 = CARTESIAN_POINT('',(4.525257493598,8.469010722574,0.));
#565 = CARTESIAN_POINT('',(4.490998133396,8.426877082176,0.));
#566 = CARTESIAN_POINT('',(4.463076881234,8.390383327597,0.));
#567 = CARTESIAN_POINT('',(4.441126085004,8.359862167944,0.));
#568 = CARTESIAN_POINT('',(4.424751518198,8.335635622428,0.));
#569 = CARTESIAN_POINT('',(4.413577208836,8.317991202528,0.));
#570 = CARTESIAN_POINT('',(4.407148764783,8.307232761733,0.));
#571 = CARTESIAN_POINT('',(4.404441121718,8.302366433583,0.));
#572 = CARTESIAN_POINT('',(4.403773984761,8.301144309497,0.));
#573 = ORIENTED_EDGE('',*,*,#574,.T.);
#574 = EDGE_CURVE('',#548,#575,#577,.T.);
#575 = VERTEX_POINT('',#576);
#576 = CARTESIAN_POINT('',(4.217758550631,7.950503934253,0.));
#577 = B_SPLINE_CURVE_WITH_KNOTS('',1,(#578,#579),.UNSPECIFIED.,.F.,.F.,
  (2,2),(0.,0.396926207859),.PIECEWISE_BEZIER_KNOTS.);
#578 = CARTESIAN_POINT('',(4.403773984761,8.301144309497,0.));
#579 = CARTESIAN_POINT('',(4.217758550631,7.950503934253,0.));
#580 = ORIENTED_EDGE('',*,*,#581,.T.);
#581 = EDGE_CURVE('',#575,#582,#584,.T.);
#582 = VERTEX_POINT('',#583);
#583 = CARTESIAN_POINT('',(3.437468084943,8.317680756376,0.));
#584 = B_SPLINE_CURVE_WITH_KNOTS('',1,(#585,#586),.UNSPECIFIED.,.F.,.F.,
  (2,2),(0.,0.862364209338),.PIECEWISE_BEZIER_KNOTS.);
#585 = CARTESIAN_POINT('',(4.217758550631,7.950503934253,0.));
#586 = CARTESIAN_POINT('',(3.437468084943,8.317680756376,0.));
#587 = ORIENTED_EDGE('',*,*,#588,.T.);
#588 = EDGE_CURVE('',#582,#589,#591,.T.);
#589 = VERTEX_POINT('',#590);
#590 = CARTESIAN_POINT('',(3.589070437343,8.684514698689,0.));
#591 = B_SPLINE_CURVE_WITH_KNOTS('',1,(#592,#593),.UNSPECIFIED.,.F.,.F.,
  (2,2),(0.,0.396926207859),.PIECEWISE_BEZIER_KNOTS.);
#592 = CARTESIAN_POINT('',(3.437468084943,8.317680756376,0.));
#593 = CARTESIAN_POINT('',(3.589070437343,8.684514698689,0.));
#594 = ORIENTED_EDGE('',*,*,#595,.T.);
#595 = EDGE_CURVE('',#589,#596,#598,.T.);
#596 = VERTEX_POINT('',#597);
#597 = CARTESIAN_POINT('',(3.610000710633,10.178796336956,0.));
#598 = B_SPLINE_CURVE_WITH_KNOTS('',3,(#599,#600,#601,#602,#603,#604,
    #605,#606,#607,#608,#609,#610,#611,#612,#613,#614,#615,#616,#617,
    #618,#619,#620),.UNSPECIFIED.,.F.,.F.,(4,1,1,1,1,1,1,1,1,1,1,1,1,1,1
    ,1,1,1,1,4),(0.,4.176688177199E-03,1.670661519072E-02,
    3.758980854408E-02,6.682627216637E-02,0.104416007367,0.150359014742,
    0.204655294612,0.267304847168,0.338307672535,0.417663770799,
    0.505373142021,0.601435786244,0.705851703504,0.818620893827,
    0.939743357234,1.069219093742,1.207048103365,1.353230386115,
    1.507765942),.UNSPECIFIED.);
#599 = CARTESIAN_POINT('',(3.589070437343,8.684514698689,0.));
#600 = CARTESIAN_POINT('',(3.589586851034,8.68580774776,0.));
#601 = CARTESIAN_POINT('',(3.591610504672,8.690995936903,0.));
#602 = CARTESIAN_POINT('',(3.59580238132,8.702806826431,0.));
#603 = CARTESIAN_POINT('',(3.602274867658,8.722663756304,0.));
#604 = CARTESIAN_POINT('',(3.610504200101,8.750723158173,0.));
#605 = CARTESIAN_POINT('',(3.620029193687,8.787091456715,0.));
#606 = CARTESIAN_POINT('',(3.630350438917,8.831867145905,0.));
#607 = CARTESIAN_POINT('',(3.640977228744,8.885121429795,0.));
#608 = CARTESIAN_POINT('',(3.65141054271,8.946905499652,0.));
#609 = CARTESIAN_POINT('',(3.661150490312,9.017247669915,0.));
#610 = CARTESIAN_POINT('',(3.669694947361,9.096154212711,0.));
#611 = CARTESIAN_POINT('',(3.676541198938,9.183608975808,0.));
#612 = CARTESIAN_POINT('',(3.681186586793,9.279573448673,0.));
#613 = CARTESIAN_POINT('',(3.683129472736,9.383986730545,0.));
#614 = CARTESIAN_POINT('',(3.681870120127,9.496765565722,0.));
#615 = CARTESIAN_POINT('',(3.676911520084,9.617804434055,0.));
#616 = CARTESIAN_POINT('',(3.66776055929,9.746975532687,0.));
#617 = CARTESIAN_POINT('',(3.653927727024,9.884129391415,0.));
#618 = CARTESIAN_POINT('',(3.634932801713,10.029093053785,0.));
#619 = CARTESIAN_POINT('',(3.618945771412,10.128067300368,0.));
#620 = CARTESIAN_POINT('',(3.610000710633,10.178796336956,0.));
#621 = ORIENTED_EDGE('',*,*,#622,.T.);
#622 = EDGE_CURVE('',#596,#623,#625,.T.);
#623 = VERTEX_POINT('',#624);
#624 = CARTESIAN_POINT('',(3.062394448343,10.356724397354,0.));
#625 = B_SPLINE_CURVE_WITH_KNOTS('',1,(#626,#627),.UNSPECIFIED.,.F.,.F.,
  (2,2),(0.,0.575787298554),.PIECEWISE_BEZIER_KNOTS.);
#626 = CARTESIAN_POINT('',(3.610000710633,10.178796336956,0.));
#627 = CARTESIAN_POINT('',(3.062394448343,10.356724397354,0.));
#628 = ORIENTED_EDGE('',*,*,#629,.T.);
#629 = EDGE_CURVE('',#623,#630,#632,.T.);
#630 = VERTEX_POINT('',#631);
#631 = CARTESIAN_POINT('',(2.201010685387,9.135522651647,0.));
#632 = B_SPLINE_CURVE_WITH_KNOTS('',3,(#633,#634,#635,#636,#637,#638,
    #639,#640,#641,#642,#643,#644,#645,#646,#647,#648,#649,#650,#651,
    #652,#653,#654),.UNSPECIFIED.,.F.,.F.,(4,1,1,1,1,1,1,1,1,1,1,1,1,1,1
    ,1,1,1,1,4),(0.,0.154535555886,0.300717838635,0.438546848258,
    0.568022584766,0.689145048173,0.801914238496,0.906330155756,
    1.002392799979,1.090102171201,1.169458269465,1.240461094832,
    1.303110647389,1.357406927258,1.403349934633,1.440939669834,
    1.470176133456,1.491059326809,1.503589253823,1.507765942),
  .UNSPECIFIED.);
#633 = CARTESIAN_POINT('',(3.062394448343,10.356724397354,0.));
#634 = CARTESIAN_POINT('',(3.025339962588,10.320941519453,0.));
#635 = CARTESIAN_POINT('',(2.954230580887,10.250266612601,0.));
#636 = CARTESIAN_POINT('',(2.853655860644,10.144153483143,0.));
#637 = CARTESIAN_POINT('',(2.761847848805,10.041324415391,0.));
#638 = CARTESIAN_POINT('',(2.678519699209,9.942201601215,0.));
#639 = CARTESIAN_POINT('',(2.603363245746,9.847193691731,0.));
#640 = CARTESIAN_POINT('',(2.536054671996,9.756693926358,0.));
#641 = CARTESIAN_POINT('',(2.476253912515,9.671079807181,0.));
#642 = CARTESIAN_POINT('',(2.42360560834,9.590712427305,0.));
#643 = CARTESIAN_POINT('',(2.377739722223,9.515935912009,0.));
#644 = CARTESIAN_POINT('',(2.338272231018,9.447076872078,0.));
#645 = CARTESIAN_POINT('',(2.304805923858,9.384443863356,0.));
#646 = CARTESIAN_POINT('',(2.276930887076,9.328326952778,0.));
#647 = CARTESIAN_POINT('',(2.254226057949,9.278997061748,0.));
#648 = CARTESIAN_POINT('',(2.236257630976,9.236706092527,0.));
#649 = CARTESIAN_POINT('',(2.222586763124,9.201684870192,0.));
#650 = CARTESIAN_POINT('',(2.212751530316,9.174147256981,0.));
#651 = CARTESIAN_POINT('',(2.206316271225,9.154278231243,0.));
#652 = CARTESIAN_POINT('',(2.20276530399,9.142259097623,0.));
#653 = CARTESIAN_POINT('',(2.201352933109,9.136872290672,0.));
#654 = CARTESIAN_POINT('',(2.201010685387,9.135522651647,0.));
#655 = ORIENTED_EDGE('',*,*,#656,.T.);
#656 = EDGE_CURVE('',#630,#657,#659,.T.);
#657 = VERTEX_POINT('',#658);
#658 = CARTESIAN_POINT('',(2.108039983534,8.74963813125,0.));
#659 = B_SPLINE_CURVE_WITH_KNOTS('',1,(#660,#661),.UNSPECIFIED.,.F.,.F.,
  (2,2),(0.,0.396926207859),.PIECEWISE_BEZIER_KNOTS.);
#660 = CARTESIAN_POINT('',(2.201010685387,9.135522651647,0.));
#661 = CARTESIAN_POINT('',(2.108039983534,8.74963813125,0.));
#662 = ORIENTED_EDGE('',*,*,#663,.T.);
#663 = EDGE_CURVE('',#657,#664,#666,.T.);
#664 = VERTEX_POINT('',#665);
#665 = CARTESIAN_POINT('',(1.260950615217,8.911229070447,0.));
#666 = B_SPLINE_CURVE_WITH_KNOTS('',1,(#667,#668),.UNSPECIFIED.,.F.,.F.,
  (2,2),(0.,0.862364209338),.PIECEWISE_BEZIER_KNOTS.);
#667 = CARTESIAN_POINT('',(2.108039983534,8.74963813125,0.));
#668 = CARTESIAN_POINT('',(1.260950615217,8.911229070447,0.));
#669 = ORIENTED_EDGE('',*,*,#670,.T.);
#670 = EDGE_CURVE('',#664,#671,#673,.T.);
#671 = VERTEX_POINT('',#672);
#672 = CARTESIAN_POINT('',(1.316562209216,9.304240221814,0.));
#673 = B_SPLINE_CURVE_WITH_KNOTS('',1,(#674,#675),.UNSPECIFIED.,.F.,.F.,
  (2,2),(0.,0.396926207859),.PIECEWISE_BEZIER_KNOTS.);
#674 = CARTESIAN_POINT('',(1.260950615217,8.911229070447,0.));
#675 = CARTESIAN_POINT('',(1.316562209216,9.304240221814,0.));
#676 = ORIENTED_EDGE('',*,*,#677,.T.);
#677 = EDGE_CURVE('',#671,#678,#680,.T.);
#678 = VERTEX_POINT('',#679);
#679 = CARTESIAN_POINT('',(0.96522218747,10.756781401926,0.));
#680 = B_SPLINE_CURVE_WITH_KNOTS('',3,(#681,#682,#683,#684,#685,#686,
    #687,#688,#689,#690,#691,#692,#693,#694,#695,#696,#697,#698,#699,
    #700,#701,#702),.UNSPECIFIED.,.F.,.F.,(4,1,1,1,1,1,1,1,1,1,1,1,1,1,1
    ,1,1,1,1,4),(0.,4.176688177199E-03,1.670661519072E-02,
    3.758980854408E-02,6.682627216637E-02,0.104416007367,0.150359014742,
    0.204655294612,0.267304847168,0.338307672535,0.417663770799,
    0.505373142021,0.601435786244,0.705851703504,0.818620893827,
    0.939743357234,1.069219093742,1.207048103365,1.353230386115,
    1.507765942),.UNSPECIFIED.);
#681 = CARTESIAN_POINT('',(1.316562209216,9.304240221814,0.));
#682 = CARTESIAN_POINT('',(1.316740830594,9.305621074233,0.));
#683 = CARTESIAN_POINT('',(1.317410657259,9.311149529069,0.));
#684 = CARTESIAN_POINT('',(1.31853358961,9.323631835114,0.));
#685 = CARTESIAN_POINT('',(1.319864513238,9.344474564917,0.));
#686 = CARTESIAN_POINT('',(1.320857216585,9.373698980836,0.));
#687 = CARTESIAN_POINT('',(1.321038536922,9.411293471983,0.));
#688 = CARTESIAN_POINT('',(1.319900260161,9.457229239872,0.));
#689 = CARTESIAN_POINT('',(1.316949387992,9.511453217669,0.));
#690 = CARTESIAN_POINT('',(1.311689846853,9.573890887032,0.));
#691 = CARTESIAN_POINT('',(1.303630409705,9.644445355135,0.));
#692 = CARTESIAN_POINT('',(1.2922831677,9.72299782385,0.));
#693 = CARTESIAN_POINT('',(1.277165216527,9.809407628279,0.));
#694 = CARTESIAN_POINT('',(1.257799267051,9.903512461743,0.));
#695 = CARTESIAN_POINT('',(1.233714586373,10.005128584449,0.));
#696 = CARTESIAN_POINT('',(1.204447842847,10.114051076874,0.));
#697 = CARTESIAN_POINT('',(1.169543883835,10.230054132899,0.));
#698 = CARTESIAN_POINT('',(1.128556871358,10.352891332531,0.));
#699 = CARTESIAN_POINT('',(1.081049845303,10.482296165083,0.));
#700 = CARTESIAN_POINT('',(1.026600683662,10.617981681598,0.));
#701 = CARTESIAN_POINT('',(0.986502021101,10.709870657462,0.));
#702 = CARTESIAN_POINT('',(0.96522218747,10.756781401926,0.));
#703 = ORIENTED_EDGE('',*,*,#704,.T.);
#704 = EDGE_CURVE('',#678,#705,#707,.T.);
#705 = VERTEX_POINT('',#706);
#706 = CARTESIAN_POINT('',(0.390571073624,10.79293538554,0.));
#707 = B_SPLINE_CURVE_WITH_KNOTS('',1,(#708,#709),.UNSPECIFIED.,.F.,.F.,
  (2,2),(0.,0.575787298554),.PIECEWISE_BEZIER_KNOTS.);
#708 = CARTESIAN_POINT('',(0.96522218747,10.756781401926,0.));
#709 = CARTESIAN_POINT('',(0.390571073624,10.79293538554,0.));
#710 = ORIENTED_EDGE('',*,*,#711,.T.);
#711 = EDGE_CURVE('',#705,#712,#714,.T.);
#712 = VERTEX_POINT('',#713);
#713 = CARTESIAN_POINT('',(-0.1400502101,9.395882507492,0.));
#714 = B_SPLINE_CURVE_WITH_KNOTS('',3,(#715,#716,#717,#718,#719,#720,
    #721,#722,#723,#724,#725,#726,#727,#728,#729,#730,#731,#732,#733,
    #734,#735,#736),.UNSPECIFIED.,.F.,.F.,(4,1,1,1,1,1,1,1,1,1,1,1,1,1,1
    ,1,1,1,1,4),(0.,0.154535555886,0.300717838635,0.438546848258,
    0.568022584766,0.689145048173,0.801914238496,0.906330155756,
    1.002392799979,1.090102171201,1.169458269465,1.240461094832,
    1.303110647389,1.357406927258,1.403349934633,1.440939669834,
    1.470176133456,1.491059326809,1.503589253823,1.507765942),
  .UNSPECIFIED.);
#715 = CARTESIAN_POINT('',(0.390571073624,10.79293538554,0.));
#716 = CARTESIAN_POINT('',(0.363579562545,10.749061616667,0.));
#717 = CARTESIAN_POINT('',(0.312280347441,10.662922907864,0.));
#718 = CARTESIAN_POINT('',(0.24125462917,10.535131601668,0.));
#719 = CARTESIAN_POINT('',(0.177903484103,10.412701374064,0.));
#720 = CARTESIAN_POINT('',(0.121844083029,10.295969817249,0.));
#721 = CARTESIAN_POINT('',(7.267631404394E-02,10.185256106016,0.));
#722 = CARTESIAN_POINT('',(2.998873934896E-02,10.080860595579,0.));
#723 = CARTESIAN_POINT('',(-6.641903669609E-03,9.983064357261,0.));
#724 = CARTESIAN_POINT('',(-3.764960992171E-02,9.892128765585,0.));
#725 = CARTESIAN_POINT('',(-6.347837173418E-02,9.808295109978,0.));
#726 = CARTESIAN_POINT('',(-8.458137225559E-02,9.731784237475,0.));
#727 = CARTESIAN_POINT('',(-0.101420077965,9.662796227744,0.));
#728 = CARTESIAN_POINT('',(-0.114463661048,9.601510093352,0.));
#729 = CARTESIAN_POINT('',(-0.124187331182,9.548083530167,0.));
#730 = CARTESIAN_POINT('',(-0.131073910617,9.502652643435,0.));
#731 = CARTESIAN_POINT('',(-0.135605859185,9.465331870615,0.));
#732 = CARTESIAN_POINT('',(-0.138283774146,9.436213479225,0.));
#733 = CARTESIAN_POINT('',(-0.139575631971,9.415368291609,0.));
#734 = CARTESIAN_POINT('',(-0.140026002056,9.402843671533,0.));
#735 = CARTESIAN_POINT('',(-0.140054356296,9.397274858673,0.));
#736 = CARTESIAN_POINT('',(-0.1400502101,9.395882507492,0.));
#737 = ORIENTED_EDGE('',*,*,#738,.T.);
#738 = EDGE_CURVE('',#712,#739,#741,.T.);
#739 = VERTEX_POINT('',#740);
#740 = CARTESIAN_POINT('',(-0.134134488557,8.999000385542,0.));
#741 = B_SPLINE_CURVE_WITH_KNOTS('',1,(#742,#743),.UNSPECIFIED.,.F.,.F.,
  (2,2),(0.,0.396926207859),.PIECEWISE_BEZIER_KNOTS.);
#742 = CARTESIAN_POINT('',(-0.1400502101,9.395882507492,0.));
#743 = CARTESIAN_POINT('',(-0.134134488557,8.999000385542,0.));
#744 = ORIENTED_EDGE('',*,*,#745,.T.);
#745 = EDGE_CURVE('',#739,#746,#748,.T.);
#746 = VERTEX_POINT('',#747);
#747 = CARTESIAN_POINT('',(-0.994797019116,8.944852088814,0.));
#748 = B_SPLINE_CURVE_WITH_KNOTS('',1,(#749,#750),.UNSPECIFIED.,.F.,.F.,
  (2,2),(0.,0.862364209338),.PIECEWISE_BEZIER_KNOTS.);
#749 = CARTESIAN_POINT('',(-0.134134488557,8.999000385542,0.));
#750 = CARTESIAN_POINT('',(-0.994797019116,8.944852088814,0.));
#751 = ORIENTED_EDGE('',*,*,#752,.T.);
#752 = EDGE_CURVE('',#746,#753,#755,.T.);
#753 = VERTEX_POINT('',#754);
#754 = CARTESIAN_POINT('',(-1.038670464492,9.3393461132,0.));
#755 = B_SPLINE_CURVE_WITH_KNOTS('',1,(#756,#757),.UNSPECIFIED.,.F.,.F.,
  (2,2),(0.,0.396926207859),.PIECEWISE_BEZIER_KNOTS.);
#756 = CARTESIAN_POINT('',(-0.994797019116,8.944852088814,0.));
#757 = CARTESIAN_POINT('',(-1.038670464492,9.3393461132,0.));
#758 = ORIENTED_EDGE('',*,*,#759,.T.);
#759 = EDGE_CURVE('',#753,#760,#762,.T.);
#760 = VERTEX_POINT('',#761);
#761 = CARTESIAN_POINT('',(-1.740204795571,10.658878330738,0.));
#762 = B_SPLINE_CURVE_WITH_KNOTS('',3,(#763,#764,#765,#766,#767,#768,
    #769,#770,#771,#772,#773,#774,#775,#776,#777,#778,#779,#780,#781,
    #782,#783,#784),.UNSPECIFIED.,.F.,.F.,(4,1,1,1,1,1,1,1,1,1,1,1,1,1,1
    ,1,1,1,1,4),(0.,4.176688177199E-03,1.670661519072E-02,
    3.758980854408E-02,6.682627216637E-02,0.104416007367,0.150359014742,
    0.204655294612,0.267304847168,0.338307672535,0.417663770799,
    0.505373142021,0.601435786244,0.705851703504,0.818620893827,
    0.939743357234,1.069219093742,1.207048103365,1.353230386115,
    1.507765942),.UNSPECIFIED.);
#763 = CARTESIAN_POINT('',(-1.038670464492,9.3393461132,0.));
#764 = CARTESIAN_POINT('',(-1.038840858866,9.340728004931,0.));
#765 = CARTESIAN_POINT('',(-1.039566946846,9.34624935231,0.));
#766 = CARTESIAN_POINT('',(-1.041583516762,9.358618765678,0.));
#767 = CARTESIAN_POINT('',(-1.04547778267,9.379137670044,0.));
#768 = CARTESIAN_POINT('',(-1.051784083622,9.40769082248,0.));
#769 = CARTESIAN_POINT('',(-1.060957829558,9.44414930609,0.));
#770 = CARTESIAN_POINT('',(-1.073484106195,9.488358839442,0.));
#771 = CARTESIAN_POINT('',(-1.089827226208,9.540145419199,0.));
#772 = CARTESIAN_POINT('',(-1.110449146139,9.599313499671,0.));
#773 = CARTESIAN_POINT('',(-1.135801563961,9.665647068903,0.));
#774 = CARTESIAN_POINT('',(-1.166327516074,9.738909723031,0.));
#775 = CARTESIAN_POINT('',(-1.202459753523,9.818845122987,0.));
#776 = CARTESIAN_POINT('',(-1.244620206501,9.905177364271,0.));
#777 = CARTESIAN_POINT('',(-1.293219124737,9.997611413103,0.));
#778 = CARTESIAN_POINT('',(-1.348654322048,10.095833561989,0.));
#779 = CARTESIAN_POINT('',(-1.411310495918,10.199511907066,0.));
#780 = CARTESIAN_POINT('',(-1.481558195344,10.308296894681,0.));
#781 = CARTESIAN_POINT('',(-1.559754374022,10.421821719511,0.));
#782 = CARTESIAN_POINT('',(-1.646236530917,10.539703470151,0.));
#783 = CARTESIAN_POINT('',(-1.707927279297,10.618733452999,0.));
#784 = CARTESIAN_POINT('',(-1.740204795571,10.658878330738,0.));
#785 = ORIENTED_EDGE('',*,*,#786,.T.);
#786 = EDGE_CURVE('',#760,#787,#789,.T.);
#787 = VERTEX_POINT('',#788);
#788 = CARTESIAN_POINT('',(-2.305793318072,10.550986549813,0.));
#789 = B_SPLINE_CURVE_WITH_KNOTS('',1,(#790,#791),.UNSPECIFIED.,.F.,.F.,
  (2,2),(0.,0.575787298554),.PIECEWISE_BEZIER_KNOTS.);
#790 = CARTESIAN_POINT('',(-1.740204795571,10.658878330738,0.));
#791 = CARTESIAN_POINT('',(-2.305793318072,10.550986549813,0.));
#792 = ORIENTED_EDGE('',*,*,#793,.T.);
#793 = EDGE_CURVE('',#787,#794,#796,.T.);
#794 = VERTEX_POINT('',#795);
#795 = CARTESIAN_POINT('',(-2.472311235817,9.065864509753,0.));
#796 = B_SPLINE_CURVE_WITH_KNOTS('',3,(#797,#798,#799,#800,#801,#802,
    #803,#804,#805,#806,#807,#808,#809,#810,#811,#812,#813,#814,#815,
    #816,#817,#818),.UNSPECIFIED.,.F.,.F.,(4,1,1,1,1,1,1,1,1,1,1,1,1,1,1
    ,1,1,1,1,4),(0.,0.154535555886,0.300717838635,0.438546848258,
    0.568022584766,0.689145048173,0.801914238496,0.906330155756,
    1.002392799979,1.090102171201,1.169458269465,1.240461094832,
    1.303110647389,1.357406927258,1.403349934633,1.440939669834,
    1.470176133456,1.491059326809,1.503589253823,1.507765942),
  .UNSPECIFIED.);
#797 = CARTESIAN_POINT('',(-2.305793318072,10.550986549813,0.));
#798 = CARTESIAN_POINT('',(-2.321025878565,10.501778640222,0.));
#799 = CARTESIAN_POINT('',(-2.349291608721,10.405588541339,0.));
#800 = CARTESIAN_POINT('',(-2.386305517927,10.264148656156,0.));
#801 = CARTESIAN_POINT('',(-2.417219210789,10.129810010167,0.));
#802 = CARTESIAN_POINT('',(-2.442487444999,10.002804383736,0.));
#803 = CARTESIAN_POINT('',(-2.462577137754,9.883341420409,0.));
#804 = CARTESIAN_POINT('',(-2.477961496082,9.771609718768,0.));
#805 = CARTESIAN_POINT('',(-2.489120384619,9.667776258632,0.));
#806 = CARTESIAN_POINT('',(-2.496539164727,9.571986272819,0.));
#807 = CARTESIAN_POINT('',(-2.500707886138,9.484363053801,0.));
#808 = CARTESIAN_POINT('',(-2.502120416842,9.405007808233,0.));
#809 = CARTESIAN_POINT('',(-2.501273483292,9.333999567865,0.));
#810 = CARTESIAN_POINT('',(-2.49866603638,9.271395042877,0.));
#811 = CARTESIAN_POINT('',(-2.494797573566,9.21722879499,0.));
#812 = CARTESIAN_POINT('',(-2.49016959635,9.171512580444,0.));
#813 = CARTESIAN_POINT('',(-2.485277866638,9.134237258552,0.));
#814 = CARTESIAN_POINT('',(-2.480630200507,9.105367704603,0.));
#815 = CARTESIAN_POINT('',(-2.476697484887,9.084856134912,0.));
#816 = CARTESIAN_POINT('',(-2.474018959414,9.07261299632,0.));
#817 = CARTESIAN_POINT('',(-2.472661515411,9.067212086544,0.));
#818 = CARTESIAN_POINT('',(-2.472311235817,9.065864509753,0.));
#819 = ORIENTED_EDGE('',*,*,#820,.T.);
#820 = EDGE_CURVE('',#794,#821,#823,.T.);
#821 = VERTEX_POINT('',#822);
#822 = CARTESIAN_POINT('',(-2.367880797419,8.682922349602,0.));
#823 = B_SPLINE_CURVE_WITH_KNOTS('',1,(#824,#825),.UNSPECIFIED.,.F.,.F.,
  (2,2),(0.,0.396926207859),.PIECEWISE_BEZIER_KNOTS.);
#824 = CARTESIAN_POINT('',(-2.472311235817,9.065864509753,0.));
#825 = CARTESIAN_POINT('',(-2.367880797419,8.682922349602,0.));
#826 = ORIENTED_EDGE('',*,*,#827,.T.);
#827 = EDGE_CURVE('',#821,#828,#830,.T.);
#828 = VERTEX_POINT('',#829);
#829 = CARTESIAN_POINT('',(-3.18803789813,8.416437153576,0.));
#830 = B_SPLINE_CURVE_WITH_KNOTS('',1,(#831,#832),.UNSPECIFIED.,.F.,.F.,
  (2,2),(0.,0.862364209338),.PIECEWISE_BEZIER_KNOTS.);
#831 = CARTESIAN_POINT('',(-2.367880797419,8.682922349602,0.));
#832 = CARTESIAN_POINT('',(-3.18803789813,8.416437153576,0.));
#833 = ORIENTED_EDGE('',*,*,#834,.T.);
#834 = EDGE_CURVE('',#828,#835,#837,.T.);
#835 = VERTEX_POINT('',#836);
#836 = CARTESIAN_POINT('',(-3.328639652954,8.787626540581,0.));
#837 = B_SPLINE_CURVE_WITH_KNOTS('',1,(#838,#839),.UNSPECIFIED.,.F.,.F.,
  (2,2),(0.,0.396926207859),.PIECEWISE_BEZIER_KNOTS.);
#838 = CARTESIAN_POINT('',(-3.18803789813,8.416437153576,0.));
#839 = CARTESIAN_POINT('',(-3.328639652954,8.787626540581,0.));
#840 = ORIENTED_EDGE('',*,*,#841,.T.);
#841 = EDGE_CURVE('',#835,#842,#844,.T.);
#842 = VERTEX_POINT('',#843);
#843 = CARTESIAN_POINT('',(-4.33628831128,9.891238733417,0.));
#844 = B_SPLINE_CURVE_WITH_KNOTS('',3,(#845,#846,#847,#848,#849,#850,
    #851,#852,#853,#854,#855,#856,#857,#858,#859,#860,#861,#862,#863,
    #864,#865,#866),.UNSPECIFIED.,.F.,.F.,(4,1,1,1,1,1,1,1,1,1,1,1,1,1,1
    ,1,1,1,1,4),(0.,4.176688177199E-03,1.670661519072E-02,
    3.758980854408E-02,6.682627216637E-02,0.104416007367,0.150359014742,
    0.204655294612,0.267304847168,0.338307672535,0.417663770799,
    0.505373142021,0.601435786244,0.705851703504,0.818620893827,
    0.939743357234,1.069219093742,1.207048103365,1.353230386115,
    1.507765942),.UNSPECIFIED.);
#845 = CARTESIAN_POINT('',(-3.328639652954,8.787626540581,0.));
#846 = CARTESIAN_POINT('',(-3.329148356574,8.788922642286,0.));
#847 = CARTESIAN_POINT('',(-3.331224736422,8.794089955646,0.));
#848 = CARTESIAN_POINT('',(-3.336254100101,8.805569260601,0.));
#849 = CARTESIAN_POINT('',(-3.345128864495,8.824475061306,0.));
#850 = CARTESIAN_POINT('',(-3.358337921663,8.85056285068,0.));
#851 = CARTESIAN_POINT('',(-3.376290313677,8.883594506144,0.));
#852 = CARTESIAN_POINT('',(-3.39941751816,8.923299957386,0.));
#853 = CARTESIAN_POINT('',(-3.428125987681,8.969395197839,0.));
#854 = CARTESIAN_POINT('',(-3.462814535333,9.02157594132,0.));
#855 = CARTESIAN_POINT('',(-3.503866948177,9.079520629569,0.));
#856 = CARTESIAN_POINT('',(-3.551653552559,9.14289010711,0.));
#857 = CARTESIAN_POINT('',(-3.606529754922,9.211328467431,0.));
#858 = CARTESIAN_POINT('',(-3.668835615086,9.284463544308,0.));
#859 = CARTESIAN_POINT('',(-3.738895122112,9.361907548029,0.));
#860 = CARTESIAN_POINT('',(-3.817015575885,9.443257694525,0.));
#861 = CARTESIAN_POINT('',(-3.903487046775,9.528096836931,0.));
#862 = CARTESIAN_POINT('',(-3.998581511843,9.615994251674,0.));
#863 = CARTESIAN_POINT('',(-4.102553489652,9.706505886523,0.));
#864 = CARTESIAN_POINT('',(-4.215634649824,9.799176927357,0.));
#865 = CARTESIAN_POINT('',(-4.295041227419,9.860382172714,0.));
#866 = CARTESIAN_POINT('',(-4.33628831128,9.891238733417,0.));
#867 = ORIENTED_EDGE('',*,*,#868,.T.);
#868 = EDGE_CURVE('',#842,#869,#871,.T.);
#869 = VERTEX_POINT('',#870);
#870 = CARTESIAN_POINT('',(-4.857276235478,9.646080425347,0.));
#871 = B_SPLINE_CURVE_WITH_KNOTS('',1,(#872,#873),.UNSPECIFIED.,.F.,.F.,
  (2,2),(0.,0.575787298554),.PIECEWISE_BEZIER_KNOTS.);
#872 = CARTESIAN_POINT('',(-4.33628831128,9.891238733417,0.));
#873 = CARTESIAN_POINT('',(-4.857276235478,9.646080425347,0.));
#874 = ORIENTED_EDGE('',*,*,#875,.T.);
#875 = EDGE_CURVE('',#869,#876,#878,.T.);
#876 = VERTEX_POINT('',#877);
#877 = CARTESIAN_POINT('',(-4.649227854064,8.166204902949,0.));
#878 = B_SPLINE_CURVE_WITH_KNOTS('',3,(#879,#880,#881,#882,#883,#884,
    #885,#886,#887,#888,#889,#890,#891,#892,#893,#894,#895,#896,#897,
    #898,#899,#900),.UNSPECIFIED.,.F.,.F.,(4,1,1,1,1,1,1,1,1,1,1,1,1,1,1
    ,1,1,1,1,4),(0.,0.154535555886,0.300717838635,0.438546848258,
    0.568022584766,0.689145048173,0.801914238496,0.906330155756,
    1.002392799979,1.090102171201,1.169458269465,1.240461094832,
    1.303110647389,1.357406927258,1.403349934633,1.440939669834,
    1.470176133456,1.491059326809,1.503589253823,1.507765942),
  .UNSPECIFIED.);
#879 = CARTESIAN_POINT('',(-4.857276235478,9.646080425347,0.));
#880 = CARTESIAN_POINT('',(-4.859792727589,9.594630288972,0.));
#881 = CARTESIAN_POINT('',(-4.863248933018,9.494432777684,0.));
#882 = CARTESIAN_POINT('',(-4.863925313115,9.348231501679,0.));
#883 = CARTESIAN_POINT('',(-4.860459132757,9.210425428496,0.));
#884 = CARTESIAN_POINT('',(-4.853348504018,9.081125963052,0.));
#885 = CARTESIAN_POINT('',(-4.843097811262,8.96042004497,0.));
#886 = CARTESIAN_POINT('',(-4.83021229741,8.84837266586,0.));
#887 = CARTESIAN_POINT('',(-4.815198277458,8.74502622208,0.));
#888 = CARTESIAN_POINT('',(-4.798561982183,8.650400679228,0.));
#889 = CARTESIAN_POINT('',(-4.780808727095,8.564493585907,0.));
#890 = CARTESIAN_POINT('',(-4.762442033484,8.4872801492,0.));
#891 = CARTESIAN_POINT('',(-4.743962676623,8.418713387088,0.));
#892 = CARTESIAN_POINT('',(-4.725868035196,8.358724144052,0.));
#893 = CARTESIAN_POINT('',(-4.70865050918,8.307221676028,0.));
#894 = CARTESIAN_POINT('',(-4.69279876814,8.26409265156,0.));
#895 = CARTESIAN_POINT('',(-4.678790725518,8.22920492616,0.));
#896 = CARTESIAN_POINT('',(-4.667109508251,8.202398189901,0.));
#897 = CARTESIAN_POINT('',(-4.658199326171,8.183509055493,0.));
#898 = CARTESIAN_POINT('',(-4.652560206747,8.172316679812,0.));
#899 = CARTESIAN_POINT('',(-4.649902257701,8.167423032144,0.));
#900 = CARTESIAN_POINT('',(-4.649227854064,8.166204902949,0.));
#901 = ORIENTED_EDGE('',*,*,#902,.T.);
#902 = EDGE_CURVE('',#876,#903,#905,.T.);
#903 = VERTEX_POINT('',#904);
#904 = CARTESIAN_POINT('',(-4.452844447324,7.821264368882,0.));
#905 = B_SPLINE_CURVE_WITH_KNOTS('',1,(#906,#907),.UNSPECIFIED.,.F.,.F.,
  (2,2),(0.,0.396926207859),.PIECEWISE_BEZIER_KNOTS.);
#906 = CARTESIAN_POINT('',(-4.649227854064,8.166204902949,0.));
#907 = CARTESIAN_POINT('',(-4.452844447324,7.821264368882,0.));
#908 = ORIENTED_EDGE('',*,*,#909,.T.);
#909 = EDGE_CURVE('',#903,#910,#912,.T.);
#910 = VERTEX_POINT('',#911);
#911 = CARTESIAN_POINT('',(-5.180962631222,7.359186518487,0.));
#912 = B_SPLINE_CURVE_WITH_KNOTS('',1,(#913,#914),.UNSPECIFIED.,.F.,.F.,
  (2,2),(0.,0.862364209338),.PIECEWISE_BEZIER_KNOTS.);
#913 = CARTESIAN_POINT('',(-4.452844447324,7.821264368882,0.));
#914 = CARTESIAN_POINT('',(-5.180962631222,7.359186518487,0.));
#915 = ORIENTED_EDGE('',*,*,#916,.T.);
#916 = EDGE_CURVE('',#910,#917,#919,.T.);
#917 = VERTEX_POINT('',#918);
#918 = CARTESIAN_POINT('',(-5.40945817014,7.683748073789,0.));
#919 = B_SPLINE_CURVE_WITH_KNOTS('',1,(#920,#921),.UNSPECIFIED.,.F.,.F.,
  (2,2),(0.,0.396926207859),.PIECEWISE_BEZIER_KNOTS.);
#920 = CARTESIAN_POINT('',(-5.180962631222,7.359186518487,0.));
#921 = CARTESIAN_POINT('',(-5.40945817014,7.683748073789,0.));
#922 = ORIENTED_EDGE('',*,*,#923,.T.);
#923 = EDGE_CURVE('',#917,#924,#926,.T.);
#924 = VERTEX_POINT('',#925);
#925 = CARTESIAN_POINT('',(-6.659906884639,8.502096229045,0.));
#926 = B_SPLINE_CURVE_WITH_KNOTS('',3,(#927,#928,#929,#930,#931,#932,
    #933,#934,#935,#936,#937,#938,#939,#940,#941,#942,#943,#944,#945,
    #946,#947,#948),.UNSPECIFIED.,.F.,.F.,(4,1,1,1,1,1,1,1,1,1,1,1,1,1,1
    ,1,1,1,1,4),(0.,4.176688177199E-03,1.670661519072E-02,
    3.758980854408E-02,6.682627216637E-02,0.104416007367,0.150359014742,
    0.204655294612,0.267304847168,0.338307672535,0.417663770799,
    0.505373142021,0.601435786244,0.705851703504,0.818620893827,
    0.939743357234,1.069219093742,1.207048103365,1.353230386115,
    1.507765942),.UNSPECIFIED.);
#927 = CARTESIAN_POINT('',(-5.40945817014,7.683748073789,0.));
#928 = CARTESIAN_POINT('',(-5.410273219287,7.684876946629,0.));
#929 = CARTESIAN_POINT('',(-5.413569424421,7.689365544667,0.));
#930 = CARTESIAN_POINT('',(-5.421295568445,7.699233454263,0.));
#931 = CARTESIAN_POINT('',(-5.434593197241,7.715338230317,0.));
#932 = CARTESIAN_POINT('',(-5.453875036984,7.73732146488,0.));
#933 = CARTESIAN_POINT('',(-5.479478060261,7.764850791802,0.));
#934 = CARTESIAN_POINT('',(-5.511753025276,7.797557321407,0.));
#935 = CARTESIAN_POINT('',(-5.551022985583,7.835064889072,0.));
#936 = CARTESIAN_POINT('',(-5.597598551931,7.876979587541,0.));
#937 = CARTESIAN_POINT('',(-5.651771485718,7.922894516938,0.));
#938 = CARTESIAN_POINT('',(-5.713816134269,7.972389080562,0.));
#939 = CARTESIAN_POINT('',(-5.783988227931,8.02503016737,0.));
#940 = CARTESIAN_POINT('',(-5.862524588941,8.080372733987,0.));
#941 = CARTESIAN_POINT('',(-5.949642588271,8.137960601024,0.));
#942 = CARTESIAN_POINT('',(-6.045539703088,8.197327216242,0.));
#943 = CARTESIAN_POINT('',(-6.150393150462,8.257996400642,0.));
#944 = CARTESIAN_POINT('',(-6.264359246198,8.319483324682,0.));
#945 = CARTESIAN_POINT('',(-6.387574081391,8.381294590652,0.));
#946 = CARTESIAN_POINT('',(-6.520148939663,8.442932059365,0.));
#947 = CARTESIAN_POINT('',(-6.612281939166,8.482466816568,0.));
#948 = CARTESIAN_POINT('',(-6.659906884639,8.502096229045,0.));
#949 = ORIENTED_EDGE('',*,*,#950,.T.);
#950 = EDGE_CURVE('',#924,#951,#953,.T.);
#951 = VERTEX_POINT('',#952);
#952 = CARTESIAN_POINT('',(-7.103558623197,8.135075591954,0.));
#953 = B_SPLINE_CURVE_WITH_KNOTS('',1,(#954,#955),.UNSPECIFIED.,.F.,.F.,
  (2,2),(0.,0.575787298554),.PIECEWISE_BEZIER_KNOTS.);
#954 = CARTESIAN_POINT('',(-6.659906884639,8.502096229045,0.));
#955 = CARTESIAN_POINT('',(-7.103558623197,8.135075591954,0.));
#956 = ORIENTED_EDGE('',*,*,#957,.T.);
#957 = EDGE_CURVE('',#951,#958,#960,.T.);
#958 = VERTEX_POINT('',#959);
#959 = CARTESIAN_POINT('',(-6.534016387576,6.753432608891,0.));
#960 = B_SPLINE_CURVE_WITH_KNOTS('',3,(#961,#962,#963,#964,#965,#966,
    #967,#968,#969,#970,#971,#972,#973,#974,#975,#976,#977,#978,#979,
    #980,#981,#982),.UNSPECIFIED.,.F.,.F.,(4,1,1,1,1,1,1,1,1,1,1,1,1,1,1
    ,1,1,1,1,4),(0.,0.154535555886,0.300717838635,0.438546848258,
    0.568022584766,0.689145048173,0.801914238496,0.906330155756,
    1.002392799979,1.090102171201,1.169458269465,1.240461094832,
    1.303110647389,1.357406927258,1.403349934633,1.440939669834,
    1.470176133456,1.491059326809,1.503589253823,1.507765942),
  .UNSPECIFIED.);
#961 = CARTESIAN_POINT('',(-7.103558623197,8.135075591954,0.));
#962 = CARTESIAN_POINT('',(-7.093200926472,8.084616030085,0.));
#963 = CARTESIAN_POINT('',(-7.071630441074,7.986706884525,0.));
#964 = CARTESIAN_POINT('',(-7.035926792614,7.844930581562,0.));
#965 = CARTESIAN_POINT('',(-6.998298531895,7.712315943577,0.));
#966 = CARTESIAN_POINT('',(-6.959255827161,7.588847000064,0.));
#967 = CARTESIAN_POINT('',(-6.919308837621,7.474482523986,0.));
#968 = CARTESIAN_POINT('',(-6.878963095813,7.369159816318,0.));
#969 = CARTESIAN_POINT('',(-6.838719553464,7.272794026037,0.));
#970 = CARTESIAN_POINT('',(-6.799073502423,7.185278597013,0.));
#971 = CARTESIAN_POINT('',(-6.760513773144,7.106485488005,0.));
#972 = CARTESIAN_POINT('',(-6.723521902124,7.03626546436,0.));
#973 = CARTESIAN_POINT('',(-6.688571247908,6.974448482338,0.));
#974 = CARTESIAN_POINT('',(-6.656126364833,6.920843866019,0.));
#975 = CARTESIAN_POINT('',(-6.626641616096,6.875241267337,0.));
#976 = CARTESIAN_POINT('',(-6.600562134422,6.837409388172,0.));
#977 = CARTESIAN_POINT('',(-6.578317955725,6.807101383358,0.));
#978 = CARTESIAN_POINT('',(-6.560337161163,6.784041830617,0.));
#979 = CARTESIAN_POINT('',(-6.547009372133,6.767962005278,0.));
#980 = CARTESIAN_POINT('',(-6.53876398537,6.758523650633,0.));
#981 = CARTESIAN_POINT('',(-6.534972539994,6.754444750953,0.));
#982 = CARTESIAN_POINT('',(-6.534016387576,6.753432608891,0.));
#983 = ORIENTED_EDGE('',*,*,#984,.T.);
#984 = EDGE_CURVE('',#958,#985,#987,.T.);
#985 = VERTEX_POINT('',#986);
#986 = CARTESIAN_POINT('',(-6.258019504187,6.468167583266,0.));
#987 = B_SPLINE_CURVE_WITH_KNOTS('',1,(#988,#989),.UNSPECIFIED.,.F.,.F.,
  (2,2),(0.,0.396926207859),.PIECEWISE_BEZIER_KNOTS.);
#988 = CARTESIAN_POINT('',(-6.534016387576,6.753432608891,0.));
#989 = CARTESIAN_POINT('',(-6.258019504187,6.468167583266,0.));
#990 = ORIENTED_EDGE('',*,*,#991,.T.);
#991 = EDGE_CURVE('',#985,#992,#994,.T.);
#992 = VERTEX_POINT('',#993);
#993 = CARTESIAN_POINT('',(-6.848348427946,5.839531129248,0.));
#994 = B_SPLINE_CURVE_WITH_KNOTS('',1,(#995,#996),.UNSPECIFIED.,.F.,.F.,
  (2,2),(0.,0.862364209338),.PIECEWISE_BEZIER_KNOTS.);
#995 = CARTESIAN_POINT('',(-6.258019504187,6.468167583266,0.));
#996 = CARTESIAN_POINT('',(-6.848348427946,5.839531129248,0.));
#997 = ORIENTED_EDGE('',*,*,#998,.T.);
#998 = EDGE_CURVE('',#992,#999,#1001,.T.);
#999 = VERTEX_POINT('',#1000);
#1000 = CARTESIAN_POINT('',(-7.150380535901,6.097071456671,0.));
#1001 = B_SPLINE_CURVE_WITH_KNOTS('',1,(#1002,#1003),.UNSPECIFIED.,.F.,
  .F.,(2,2),(0.,0.396926207859),.PIECEWISE_BEZIER_KNOTS.);
#1002 = CARTESIAN_POINT('',(-6.848348427946,5.839531129248,0.));
#1003 = CARTESIAN_POINT('',(-7.150380535901,6.097071456671,0.));
#1004 = ORIENTED_EDGE('',*,*,#1005,.T.);
#1005 = EDGE_CURVE('',#999,#1006,#1008,.T.);
#1006 = VERTEX_POINT('',#1007);
#1007 = CARTESIAN_POINT('',(-8.565059015012,6.578735750079,0.));
#1008 = B_SPLINE_CURVE_WITH_KNOTS('',3,(#1009,#1010,#1011,#1012,#1013,
    #1014,#1015,#1016,#1017,#1018,#1019,#1020,#1021,#1022,#1023,#1024,
    #1025,#1026,#1027,#1028,#1029,#1030),.UNSPECIFIED.,.F.,.F.,(4,1,1,1,
    1,1,1,1,1,1,1,1,1,1,1,1,1,1,1,4),(0.,4.176688177199E-03,
    1.670661519072E-02,3.758980854408E-02,6.682627216637E-02,
    0.104416007367,0.150359014742,0.204655294612,0.267304847168,
    0.338307672535,0.417663770799,0.505373142021,0.601435786244,
    0.705851703504,0.818620893827,0.939743357234,1.069219093742,
    1.207048103365,1.353230386115,1.507765942),.UNSPECIFIED.);
#1009 = CARTESIAN_POINT('',(-7.150380535901,6.097071456671,0.));
#1010 = CARTESIAN_POINT('',(-7.151450718039,6.097962169415,0.));
#1011 = CARTESIAN_POINT('',(-7.155759635767,6.101490017009,0.));
#1012 = CARTESIAN_POINT('',(-7.165697098094,6.109126494194,0.));
#1013 = CARTESIAN_POINT('',(-7.182582052368,6.121418323289,0.));
#1014 = CARTESIAN_POINT('',(-7.206725125782,6.137915715563,0.));
#1015 = CARTESIAN_POINT('',(-7.238370048207,6.158212945087,0.));
#1016 = CARTESIAN_POINT('',(-7.277764819004,6.181865481514,0.));
#1017 = CARTESIAN_POINT('',(-7.325128794067,6.208428637971,0.));
#1018 = CARTESIAN_POINT('',(-7.380664864984,6.237443636772,0.));
#1019 = CARTESIAN_POINT('',(-7.44455443505,6.26844380344,0.));
#1020 = CARTESIAN_POINT('',(-7.516958634318,6.300953527686,0.));
#1021 = CARTESIAN_POINT('',(-7.598017448558,6.334489707897,0.));
#1022 = CARTESIAN_POINT('',(-7.687849582016,6.368562387258,0.));
#1023 = CARTESIAN_POINT('',(-7.786552129354,6.402675660132,0.));
#1024 = CARTESIAN_POINT('',(-7.894200336806,6.436328521302,0.));
#1025 = CARTESIAN_POINT('',(-8.010847432942,6.469015679715,0.));
#1026 = CARTESIAN_POINT('',(-8.136524250413,6.50022866348,0.));
#1027 = CARTESIAN_POINT('',(-8.271239901741,6.529455731406,0.));
#1028 = CARTESIAN_POINT('',(-8.414978292193,6.556186719151,0.));
#1029 = CARTESIAN_POINT('',(-8.514048658403,6.571566874007,0.));
#1030 = CARTESIAN_POINT('',(-8.565059015012,6.578735750079,0.));
#1031 = ORIENTED_EDGE('',*,*,#1032,.T.);
#1032 = EDGE_CURVE('',#1006,#1033,#1035,.T.);
#1033 = VERTEX_POINT('',#1034);
#1034 = CARTESIAN_POINT('',(-8.903498297559,6.112914040403,0.));
#1035 = B_SPLINE_CURVE_WITH_KNOTS('',1,(#1036,#1037),.UNSPECIFIED.,.F.,
  .F.,(2,2),(0.,0.575787298554),.PIECEWISE_BEZIER_KNOTS.);
#1036 = CARTESIAN_POINT('',(-8.565059015012,6.578735750079,0.));
#1037 = CARTESIAN_POINT('',(-8.903498297559,6.112914040403,0.));
#1038 = ORIENTED_EDGE('',*,*,#1039,.T.);
#1039 = EDGE_CURVE('',#1033,#1040,#1042,.T.);
#1040 = VERTEX_POINT('',#1041);
#1041 = CARTESIAN_POINT('',(-8.008248641025,4.916317306629,0.));
#1042 = B_SPLINE_CURVE_WITH_KNOTS('',3,(#1043,#1044,#1045,#1046,#1047,
    #1048,#1049,#1050,#1051,#1052,#1053,#1054,#1055,#1056,#1057,#1058,
    #1059,#1060,#1061,#1062,#1063,#1064),.UNSPECIFIED.,.F.,.F.,(4,1,1,1,
    1,1,1,1,1,1,1,1,1,1,1,1,1,1,1,4),(0.,0.154535555886,0.300717838635,
    0.438546848258,0.568022584766,0.689145048173,0.801914238496,
    0.906330155756,1.002392799979,1.090102171201,1.169458269465,
    1.240461094832,1.303110647389,1.357406927258,1.403349934633,
    1.440939669834,1.470176133456,1.491059326809,1.503589253823,
    1.507765942),.UNSPECIFIED.);
#1043 = CARTESIAN_POINT('',(-8.903498297559,6.112914040403,0.));
#1044 = CARTESIAN_POINT('',(-8.880917224175,6.066615612889,0.));
#1045 = CARTESIAN_POINT('',(-8.83567540088,5.977146824759,0.));
#1046 = CARTESIAN_POINT('',(-8.765835115405,5.848703821368,0.));
#1047 = CARTESIAN_POINT('',(-8.696409096333,5.72961328401,0.));
#1048 = CARTESIAN_POINT('',(-8.627887512332,5.619732870235,0.));
#1049 = CARTESIAN_POINT('',(-8.560754242274,5.518895776797,0.));
#1050 = CARTESIAN_POINT('',(-8.49548334385,5.426915553642,0.));
#1051 = CARTESIAN_POINT('',(-8.432538928875,5.343585433874,0.));
#1052 = CARTESIAN_POINT('',(-8.372374229262,5.268679034942,0.));
#1053 = CARTESIAN_POINT('',(-8.315430875396,5.201950771067,0.));
#1054 = CARTESIAN_POINT('',(-8.262138162271,5.143136342821,0.));
#1055 = CARTESIAN_POINT('',(-8.212912288842,5.091953329215,0.));
#1056 = CARTESIAN_POINT('',(-8.168155795447,5.048101514801,0.));
#1057 = CARTESIAN_POINT('',(-8.12825645919,5.01126416445,0.));
#1058 = CARTESIAN_POINT('',(-8.093587906629,4.981106546692,0.));
#1059 = CARTESIAN_POINT('',(-8.064505275412,4.957282625873,0.));
#1060 = CARTESIAN_POINT('',(-8.041354703006,4.939419173155,0.));
#1061 = CARTESIAN_POINT('',(-8.024446741028,4.927159011447,0.));
#1062 = CARTESIAN_POINT('',(-8.014113174901,4.920067724373,0.));
#1063 = CARTESIAN_POINT('',(-8.009426463652,4.91705986495,0.));
#1064 = CARTESIAN_POINT('',(-8.008248641025,4.916317306629,0.));
#1065 = ORIENTED_EDGE('',*,*,#1066,.T.);
#1066 = EDGE_CURVE('',#1040,#1067,#1069,.T.);
#1067 = VERTEX_POINT('',#1068);
#1068 = CARTESIAN_POINT('',(-7.669980180216,4.708652040138,0.));
#1069 = B_SPLINE_CURVE_WITH_KNOTS('',1,(#1070,#1071),.UNSPECIFIED.,.F.,
  .F.,(2,2),(0.,0.396926207859),.PIECEWISE_BEZIER_KNOTS.);
#1070 = CARTESIAN_POINT('',(-8.008248641025,4.916317306629,0.));
#1071 = CARTESIAN_POINT('',(-7.669980180216,4.708652040138,0.));
#1072 = ORIENTED_EDGE('',*,*,#1073,.T.);
#1073 = EDGE_CURVE('',#1067,#1074,#1076,.T.);
#1074 = VERTEX_POINT('',#1075);
#1075 = CARTESIAN_POINT('',(-8.085427306478,3.952956522865,0.));
#1076 = B_SPLINE_CURVE_WITH_KNOTS('',1,(#1077,#1078),.UNSPECIFIED.,.F.,
  .F.,(2,2),(0.,0.862364209338),.PIECEWISE_BEZIER_KNOTS.);
#1077 = CARTESIAN_POINT('',(-7.669980180216,4.708652040138,0.));
#1078 = CARTESIAN_POINT('',(-8.085427306478,3.952956522865,0.));
#1079 = ORIENTED_EDGE('',*,*,#1080,.T.);
#1080 = EDGE_CURVE('',#1074,#1081,#1083,.T.);
#1081 = VERTEX_POINT('',#1082);
#1082 = CARTESIAN_POINT('',(-8.442018195332,4.12729341647,0.));
#1083 = B_SPLINE_CURVE_WITH_KNOTS('',1,(#1084,#1085),.UNSPECIFIED.,.F.,
  .F.,(2,2),(0.,0.396926207859),.PIECEWISE_BEZIER_KNOTS.);
#1084 = CARTESIAN_POINT('',(-8.085427306478,3.952956522865,0.));
#1085 = CARTESIAN_POINT('',(-8.442018195332,4.12729341647,0.));
#1086 = ORIENTED_EDGE('',*,*,#1087,.T.);
#1087 = EDGE_CURVE('',#1081,#1088,#1090,.T.);
#1088 = VERTEX_POINT('',#1089);
#1089 = CARTESIAN_POINT('',(-9.932036987388,4.242009109038,0.));
#1090 = B_SPLINE_CURVE_WITH_KNOTS('',3,(#1091,#1092,#1093,#1094,#1095,
    #1096,#1097,#1098,#1099,#1100,#1101,#1102,#1103,#1104,#1105,#1106,
    #1107,#1108,#1109,#1110,#1111,#1112),.UNSPECIFIED.,.F.,.F.,(4,1,1,1,
    1,1,1,1,1,1,1,1,1,1,1,1,1,1,1,4),(0.,4.176688177199E-03,
    1.670661519072E-02,3.758980854408E-02,6.682627216637E-02,
    0.104416007367,0.150359014742,0.204655294612,0.267304847168,
    0.338307672535,0.417663770799,0.505373142021,0.601435786244,
    0.705851703504,0.818620893827,0.939743357234,1.069219093742,
    1.207048103365,1.353230386115,1.507765942),.UNSPECIFIED.);
#1091 = CARTESIAN_POINT('',(-8.442018195332,4.12729341647,0.));
#1092 = CARTESIAN_POINT('',(-8.443276266982,4.12789000236,0.));
#1093 = CARTESIAN_POINT('',(-8.448327152156,4.130235431872,0.));
#1094 = CARTESIAN_POINT('',(-8.459851525479,4.135160648698,0.));
#1095 = CARTESIAN_POINT('',(-8.479262861456,4.142867190006,0.));
#1096 = CARTESIAN_POINT('',(-8.506750170445,4.152842148162,0.));
#1097 = CARTESIAN_POINT('',(-8.542448625162,4.164631930709,0.));
#1098 = CARTESIAN_POINT('',(-8.586487883408,4.177744298106,0.));
#1099 = CARTESIAN_POINT('',(-8.638969820479,4.191693982543,0.));
#1100 = CARTESIAN_POINT('',(-8.699976860383,4.205986162592,0.));
#1101 = CARTESIAN_POINT('',(-8.769568650071,4.220123712048,0.));
#1102 = CARTESIAN_POINT('',(-8.847782977932,4.233605891379,0.));
#1103 = CARTESIAN_POINT('',(-8.934635289338,4.245929963453,0.));
#1104 = CARTESIAN_POINT('',(-9.03011871192,4.256591843803,0.));
#1105 = CARTESIAN_POINT('',(-9.134203963214,4.26508706012,0.));
#1106 = CARTESIAN_POINT('',(-9.246839330525,4.270911634208,0.));
#1107 = CARTESIAN_POINT('',(-9.367950709374,4.273562912256,0.));
#1108 = CARTESIAN_POINT('',(-9.497441511931,4.272540729183,0.));
#1109 = CARTESIAN_POINT('',(-9.635193299573,4.267347154897,0.));
#1110 = CARTESIAN_POINT('',(-9.781063610498,4.257492055405,0.));
#1111 = CARTESIAN_POINT('',(-9.880846387952,4.247751216219,0.));
#1112 = CARTESIAN_POINT('',(-9.932036987388,4.242009109038,0.));
#1113 = ORIENTED_EDGE('',*,*,#1114,.T.);
#1114 = EDGE_CURVE('',#1088,#1115,#1117,.T.);
#1115 = VERTEX_POINT('',#1116);
#1116 = CARTESIAN_POINT('',(-10.14399842911,3.706655617969,0.));
#1117 = B_SPLINE_CURVE_WITH_KNOTS('',1,(#1118,#1119),.UNSPECIFIED.,.F.,
  .F.,(2,2),(0.,0.575787298554),.PIECEWISE_BEZIER_KNOTS.);
#1118 = CARTESIAN_POINT('',(-9.932036987388,4.242009109038,0.));
#1119 = CARTESIAN_POINT('',(-10.14399842911,3.706655617969,0.));
#1120 = ORIENTED_EDGE('',*,*,#1121,.T.);
#1121 = EDGE_CURVE('',#1115,#1122,#1124,.T.);
#1122 = VERTEX_POINT('',#1123);
#1123 = CARTESIAN_POINT('',(-8.979293180081,2.770291707042,0.));
#1124 = B_SPLINE_CURVE_WITH_KNOTS('',3,(#1125,#1126,#1127,#1128,#1129,
    #1130,#1131,#1132,#1133,#1134,#1135,#1136,#1137,#1138,#1139,#1140,
    #1141,#1142,#1143,#1144,#1145,#1146),.UNSPECIFIED.,.F.,.F.,(4,1,1,1,
    1,1,1,1,1,1,1,1,1,1,1,1,1,1,1,4),(0.,0.154535555886,0.300717838635,
    0.438546848258,0.568022584766,0.689145048173,0.801914238496,
    0.906330155756,1.002392799979,1.090102171201,1.169458269465,
    1.240461094832,1.303110647389,1.357406927258,1.403349934633,
    1.440939669834,1.470176133456,1.491059326809,1.503589253823,
    1.507765942),.UNSPECIFIED.);
#1125 = CARTESIAN_POINT('',(-10.14399842911,3.706655617969,0.));
#1126 = CARTESIAN_POINT('',(-10.11061283095,3.667427425283,0.));
#1127 = CARTESIAN_POINT('',(-10.0445423799,3.592020647585,0.));
#1128 = CARTESIAN_POINT('',(-9.944953779408,3.48498149005,0.));
#1129 = CARTESIAN_POINT('',(-9.848092294093,3.386897949765,0.));
#1130 = CARTESIAN_POINT('',(-9.754397293952,3.297510256238,0.));
#1131 = CARTESIAN_POINT('',(-9.664295973633,3.216536510872,0.));
#1132 = CARTESIAN_POINT('',(-9.57820112919,3.143678227932,0.));
#1133 = CARTESIAN_POINT('',(-9.496510870676,3.078619716567,0.));
#1134 = CARTESIAN_POINT('',(-9.419607891838,3.021028992259,0.));
#1135 = CARTESIAN_POINT('',(-9.347858873732,2.970558355746,0.));
#1136 = CARTESIAN_POINT('',(-9.281613895664,2.926845049729,0.));
#1137 = CARTESIAN_POINT('',(-9.22120584569,2.889512021524,0.));
#1138 = CARTESIAN_POINT('',(-9.166949957058,2.85816837979,0.));
#1139 = CARTESIAN_POINT('',(-9.119143055317,2.832410903971,0.));
#1140 = CARTESIAN_POINT('',(-9.078063784528,2.811822461655,0.));
#1141 = CARTESIAN_POINT('',(-9.04397006947,2.795979569393,0.));
#1142 = CARTESIAN_POINT('',(-9.017104354826,2.78443464313,0.));
#1143 = CARTESIAN_POINT('',(-8.997678609334,2.776764496104,0.));
#1144 = CARTESIAN_POINT('',(-8.985906159806,2.772465848248,0.));
#1145 = CARTESIAN_POINT('',(-8.980618665989,2.770718023951,0.));
#1146 = CARTESIAN_POINT('',(-8.979293180081,2.770291707042,0.));
#1147 = ORIENTED_EDGE('',*,*,#1148,.T.);
#1148 = EDGE_CURVE('',#1122,#1149,#1151,.T.);
#1149 = VERTEX_POINT('',#1150);
#1150 = CARTESIAN_POINT('',(-8.600007793308,2.653274572117,0.));
#1151 = B_SPLINE_CURVE_WITH_KNOTS('',1,(#1152,#1153),.UNSPECIFIED.,.F.,
  .F.,(2,2),(0.,0.396926207859),.PIECEWISE_BEZIER_KNOTS.);
#1152 = CARTESIAN_POINT('',(-8.979293180081,2.770291707042,0.));
#1153 = CARTESIAN_POINT('',(-8.600007793308,2.653274572117,0.));
#1154 = ORIENTED_EDGE('',*,*,#1155,.T.);
#1155 = EDGE_CURVE('',#1149,#1156,#1158,.T.);
#1156 = VERTEX_POINT('',#1157);
#1157 = CARTESIAN_POINT('',(-8.814469051223,1.818003120193,0.));
#1158 = B_SPLINE_CURVE_WITH_KNOTS('',1,(#1159,#1160),.UNSPECIFIED.,.F.,
  .F.,(2,2),(0.,0.862364209338),.PIECEWISE_BEZIER_KNOTS.);
#1159 = CARTESIAN_POINT('',(-8.600007793308,2.653274572117,0.));
#1160 = CARTESIAN_POINT('',(-8.814469051223,1.818003120193,0.));
#1161 = ORIENTED_EDGE('',*,*,#1162,.T.);
#1162 = EDGE_CURVE('',#1156,#1163,#1165,.T.);
#1163 = VERTEX_POINT('',#1164);
#1164 = CARTESIAN_POINT('',(-9.203212803978,1.89818235179,0.));
#1165 = B_SPLINE_CURVE_WITH_KNOTS('',1,(#1166,#1167),.UNSPECIFIED.,.F.,
  .F.,(2,2),(0.,0.396926207859),.PIECEWISE_BEZIER_KNOTS.);
#1166 = CARTESIAN_POINT('',(-8.814469051223,1.818003120193,0.));
#1167 = CARTESIAN_POINT('',(-9.203212803978,1.89818235179,0.));
#1168 = ORIENTED_EDGE('',*,*,#1169,.T.);
#1169 = EDGE_CURVE('',#1163,#1170,#1172,.T.);
#1170 = VERTEX_POINT('',#1171);
#1171 = CARTESIAN_POINT('',(-10.67494854837,1.638741434657,0.));
#1172 = B_SPLINE_CURVE_WITH_KNOTS('',3,(#1173,#1174,#1175,#1176,#1177,
    #1178,#1179,#1180,#1181,#1182,#1183,#1184,#1185,#1186,#1187,#1188,
    #1189,#1190,#1191,#1192,#1193,#1194),.UNSPECIFIED.,.F.,.F.,(4,1,1,1,
    1,1,1,1,1,1,1,1,1,1,1,1,1,1,1,4),(0.,4.176688177199E-03,
    1.670661519072E-02,3.758980854408E-02,6.682627216637E-02,
    0.104416007367,0.150359014742,0.204655294612,0.267304847168,
    0.338307672535,0.417663770799,0.505373142021,0.601435786244,
    0.705851703504,0.818620893827,0.939743357234,1.069219093742,
    1.207048103365,1.353230386115,1.507765942),.UNSPECIFIED.);
#1173 = CARTESIAN_POINT('',(-9.203212803978,1.89818235179,0.));
#1174 = CARTESIAN_POINT('',(-9.204579715871,1.89844732514,0.));
#1175 = CARTESIAN_POINT('',(-9.2100552028,1.899462964606,0.));
#1176 = CARTESIAN_POINT('',(-9.22244236836,1.901367451588,0.));
#1177 = CARTESIAN_POINT('',(-9.243160400411,1.904004474775,0.));
#1178 = CARTESIAN_POINT('',(-9.272264816261,1.906830235508,0.));
#1179 = CARTESIAN_POINT('',(-9.30977373807,1.909371775681,0.));
#1180 = CARTESIAN_POINT('',(-9.355690335203,1.911120075779,0.));
#1181 = CARTESIAN_POINT('',(-9.409992601163,1.91157977822,0.));
#1182 = CARTESIAN_POINT('',(-9.472637313368,1.910251109281,0.));
#1183 = CARTESIAN_POINT('',(-9.543558614591,1.906637727298,0.));
#1184 = CARTESIAN_POINT('',(-9.622668577173,1.900245226804,0.));
#1185 = CARTESIAN_POINT('',(-9.7098571356,1.890582823968,0.));
#1186 = CARTESIAN_POINT('',(-9.804992272701,1.877163980153,0.));
#1187 = CARTESIAN_POINT('',(-9.907920168813,1.859507354227,0.));
#1188 = CARTESIAN_POINT('',(-10.01846540161,1.837137661822,0.));
#1189 = CARTESIAN_POINT('',(-10.13643118982,1.809586469955,0.));
#1190 = CARTESIAN_POINT('',(-10.2615995941,1.776393347566,0.));
#1191 = CARTESIAN_POINT('',(-10.39373206663,1.737105462441,0.));
#1192 = CARTESIAN_POINT('',(-10.53256872992,1.691283507857,0.));
#1193 = CARTESIAN_POINT('',(-10.62679419973,1.657033727381,0.));
#1194 = CARTESIAN_POINT('',(-10.67494854837,1.638741434657,0.));
#1195 = ORIENTED_EDGE('',*,*,#1196,.T.);
#1196 = EDGE_CURVE('',#1170,#1197,#1199,.T.);
#1197 = VERTEX_POINT('',#1198);
#1198 = CARTESIAN_POINT('',(-10.74711383234,1.067494390932,0.));
#1199 = B_SPLINE_CURVE_WITH_KNOTS('',1,(#1200,#1201),.UNSPECIFIED.,.F.,
  .F.,(2,2),(0.,0.575787298554),.PIECEWISE_BEZIER_KNOTS.);
#1200 = CARTESIAN_POINT('',(-10.67494854837,1.638741434657,0.));
#1201 = CARTESIAN_POINT('',(-10.74711383234,1.067494390932,0.));
#1202 = ORIENTED_EDGE('',*,*,#1203,.T.);
#1203 = EDGE_CURVE('',#1197,#1204,#1206,.T.);
#1204 = VERTEX_POINT('',#1205);
#1205 = CARTESIAN_POINT('',(-9.386135705101,0.45019849108,0.));
#1206 = B_SPLINE_CURVE_WITH_KNOTS('',3,(#1207,#1208,#1209,#1210,#1211,
    #1212,#1213,#1214,#1215,#1216,#1217,#1218,#1219,#1220,#1221,#1222,
    #1223,#1224,#1225,#1226,#1227,#1228),.UNSPECIFIED.,.F.,.F.,(4,1,1,1,
    1,1,1,1,1,1,1,1,1,1,1,1,1,1,1,4),(0.,0.154535555886,0.300717838635,
    0.438546848258,0.568022584766,0.689145048173,0.801914238496,
    0.906330155756,1.002392799979,1.090102171201,1.169458269465,
    1.240461094832,1.303110647389,1.357406927258,1.403349934633,
    1.440939669834,1.470176133456,1.491059326809,1.503589253823,
    1.507765942),.UNSPECIFIED.);
#1207 = CARTESIAN_POINT('',(-10.74711383234,1.067494390932,0.));
#1208 = CARTESIAN_POINT('',(-10.70502144933,1.037801284693,0.));
#1209 = CARTESIAN_POINT('',(-10.62227381996,0.981194602595,0.));
#1210 = CARTESIAN_POINT('',(-10.49919442246,0.902284954847,0.));
#1211 = CARTESIAN_POINT('',(-10.38098363426,0.831371361196,0.));
#1212 = CARTESIAN_POINT('',(-10.26800241943,0.768092945447,0.));
#1213 = CARTESIAN_POINT('',(-10.16059444617,0.712070426375,0.));
#1214 = CARTESIAN_POINT('',(-10.05908531142,0.662912037521,0.));
#1215 = CARTESIAN_POINT('',(-9.963782108748,0.620213000097,0.));
#1216 = CARTESIAN_POINT('',(-9.874972947675,0.583556587425,0.));
#1217 = CARTESIAN_POINT('',(-9.792926520011,0.552514833985,0.));
#1218 = CARTESIAN_POINT('',(-9.717891692603,0.52664931798,0.));
#1219 = CARTESIAN_POINT('',(-9.650097126031,0.505512046638,0.));
#1220 = CARTESIAN_POINT('',(-9.589750939183,0.488646013868,0.));
#1221 = CARTESIAN_POINT('',(-9.537040355416,0.475586849516,0.));
#1222 = CARTESIAN_POINT('',(-9.492131528062,0.465861230193,0.));
#1223 = CARTESIAN_POINT('',(-9.455168962667,0.458994833675,0.));
#1224 = CARTESIAN_POINT('',(-9.426276177442,0.454493844044,0.));
#1225 = CARTESIAN_POINT('',(-9.405553239467,0.451895655246,0.));
#1226 = CARTESIAN_POINT('',(-9.393081612839,0.450659746461,0.));
#1227 = CARTESIAN_POINT('',(-9.387525569137,0.45028177952,0.));
#1228 = CARTESIAN_POINT('',(-9.386135705101,0.45019849108,0.));
#1229 = ORIENTED_EDGE('',*,*,#1230,.T.);
#1230 = EDGE_CURVE('',#1204,#1231,#1233,.T.);
#1231 = VERTEX_POINT('',#1232);
#1232 = CARTESIAN_POINT('',(-8.98966528813,0.431182104669,0.));
#1233 = B_SPLINE_CURVE_WITH_KNOTS('',1,(#1234,#1235),.UNSPECIFIED.,.F.,
  .F.,(2,2),(0.,0.396926207859),.PIECEWISE_BEZIER_KNOTS.);
#1234 = CARTESIAN_POINT('',(-9.386135705101,0.45019849108,0.));
#1235 = CARTESIAN_POINT('',(-8.98966528813,0.431182104669,0.));
#1236 = ORIENTED_EDGE('',*,*,#1237,.T.);
#1237 = EDGE_CURVE('',#1231,#1238,#1240,.T.);
#1238 = VERTEX_POINT('',#1239);
#1239 = CARTESIAN_POINT('',(-8.98966528813,-0.431182104669,0.));
#1240 = B_SPLINE_CURVE_WITH_KNOTS('',1,(#1241,#1242),.UNSPECIFIED.,.F.,
  .F.,(2,2),(0.,0.862364209338),.PIECEWISE_BEZIER_KNOTS.);
#1241 = CARTESIAN_POINT('',(-8.98966528813,0.431182104669,0.));
#1242 = CARTESIAN_POINT('',(-8.98966528813,-0.431182104669,0.));
#1243 = ORIENTED_EDGE('',*,*,#1244,.T.);
#1244 = EDGE_CURVE('',#1238,#1245,#1247,.T.);
#1245 = VERTEX_POINT('',#1246);
#1246 = CARTESIAN_POINT('',(-9.386135705101,-0.45019849108,0.));
#1247 = B_SPLINE_CURVE_WITH_KNOTS('',1,(#1248,#1249),.UNSPECIFIED.,.F.,
  .F.,(2,2),(0.,0.396926207859),.PIECEWISE_BEZIER_KNOTS.);
#1248 = CARTESIAN_POINT('',(-8.98966528813,-0.431182104669,0.));
#1249 = CARTESIAN_POINT('',(-9.386135705101,-0.45019849108,0.));
#1250 = ORIENTED_EDGE('',*,*,#1251,.T.);
#1251 = EDGE_CURVE('',#1245,#1252,#1254,.T.);
#1252 = VERTEX_POINT('',#1253);
#1253 = CARTESIAN_POINT('',(-10.74711383234,-1.067494390932,0.));
#1254 = B_SPLINE_CURVE_WITH_KNOTS('',3,(#1255,#1256,#1257,#1258,#1259,
    #1260,#1261,#1262,#1263,#1264,#1265,#1266,#1267,#1268,#1269,#1270,
    #1271,#1272,#1273,#1274,#1275,#1276),.UNSPECIFIED.,.F.,.F.,(4,1,1,1,
    1,1,1,1,1,1,1,1,1,1,1,1,1,1,1,4),(0.,4.176688177199E-03,
    1.670661519072E-02,3.758980854408E-02,6.682627216637E-02,
    0.104416007367,0.150359014742,0.204655294612,0.267304847168,
    0.338307672535,0.417663770799,0.505373142021,0.601435786244,
    0.705851703504,0.818620893827,0.939743357234,1.069219093742,
    1.207048103365,1.353230386115,1.507765942),.UNSPECIFIED.);
#1255 = CARTESIAN_POINT('',(-9.386135705101,-0.45019849108,0.));
#1256 = CARTESIAN_POINT('',(-9.387525569137,-0.45028177952,0.));
#1257 = CARTESIAN_POINT('',(-9.393081612839,-0.450659746461,0.));
#1258 = CARTESIAN_POINT('',(-9.405553239467,-0.451895655246,0.));
#1259 = CARTESIAN_POINT('',(-9.426276177442,-0.454493844044,0.));
#1260 = CARTESIAN_POINT('',(-9.455168962667,-0.458994833675,0.));
#1261 = CARTESIAN_POINT('',(-9.492131528062,-0.465861230193,0.));
#1262 = CARTESIAN_POINT('',(-9.537040355416,-0.475586849516,0.));
#1263 = CARTESIAN_POINT('',(-9.589750939183,-0.488646013868,0.));
#1264 = CARTESIAN_POINT('',(-9.650097126031,-0.505512046638,0.));
#1265 = CARTESIAN_POINT('',(-9.717891692603,-0.52664931798,0.));
#1266 = CARTESIAN_POINT('',(-9.792926520011,-0.552514833985,0.));
#1267 = CARTESIAN_POINT('',(-9.874972947675,-0.583556587425,0.));
#1268 = CARTESIAN_POINT('',(-9.963782108748,-0.620213000097,0.));
#1269 = CARTESIAN_POINT('',(-10.05908531142,-0.662912037521,0.));
#1270 = CARTESIAN_POINT('',(-10.16059444617,-0.712070426375,0.));
#1271 = CARTESIAN_POINT('',(-10.26800241943,-0.768092945447,0.));
#1272 = CARTESIAN_POINT('',(-10.38098363426,-0.831371361196,0.));
#1273 = CARTESIAN_POINT('',(-10.49919442246,-0.902284954847,0.));
#1274 = CARTESIAN_POINT('',(-10.62227381996,-0.981194602595,0.));
#1275 = CARTESIAN_POINT('',(-10.70502144933,-1.037801284693,0.));
#1276 = CARTESIAN_POINT('',(-10.74711383234,-1.067494390932,0.));
#1277 = ORIENTED_EDGE('',*,*,#1278,.T.);
#1278 = EDGE_CURVE('',#1252,#1279,#1281,.T.);
#1279 = VERTEX_POINT('',#1280);
#1280 = CARTESIAN_POINT('',(-10.67494854837,-1.638741434657,0.));
#1281 = B_SPLINE_CURVE_WITH_KNOTS('',1,(#1282,#1283),.UNSPECIFIED.,.F.,
  .F.,(2,2),(0.,0.575787298554),.PIECEWISE_BEZIER_KNOTS.);
#1282 = CARTESIAN_POINT('',(-10.74711383234,-1.067494390932,0.));
#1283 = CARTESIAN_POINT('',(-10.67494854837,-1.638741434657,0.));
#1284 = ORIENTED_EDGE('',*,*,#1285,.T.);
#1285 = EDGE_CURVE('',#1279,#1286,#1288,.T.);
#1286 = VERTEX_POINT('',#1287);
#1287 = CARTESIAN_POINT('',(-9.203212803978,-1.89818235179,0.));
#1288 = B_SPLINE_CURVE_WITH_KNOTS('',3,(#1289,#1290,#1291,#1292,#1293,
    #1294,#1295,#1296,#1297,#1298,#1299,#1300,#1301,#1302,#1303,#1304,
    #1305,#1306,#1307,#1308,#1309,#1310),.UNSPECIFIED.,.F.,.F.,(4,1,1,1,
    1,1,1,1,1,1,1,1,1,1,1,1,1,1,1,4),(0.,0.154535555886,0.300717838635,
    0.438546848258,0.568022584766,0.689145048173,0.801914238496,
    0.906330155756,1.002392799979,1.090102171201,1.169458269465,
    1.240461094832,1.303110647389,1.357406927258,1.403349934633,
    1.440939669834,1.470176133456,1.491059326809,1.503589253823,
    1.507765942),.UNSPECIFIED.);
#1289 = CARTESIAN_POINT('',(-10.67494854837,-1.638741434657,0.));
#1290 = CARTESIAN_POINT('',(-10.62679419973,-1.657033727381,0.));
#1291 = CARTESIAN_POINT('',(-10.53256872992,-1.691283507857,0.));
#1292 = CARTESIAN_POINT('',(-10.39373206663,-1.737105462441,0.));
#1293 = CARTESIAN_POINT('',(-10.2615995941,-1.776393347566,0.));
#1294 = CARTESIAN_POINT('',(-10.13643118982,-1.809586469955,0.));
#1295 = CARTESIAN_POINT('',(-10.01846540161,-1.837137661822,0.));
#1296 = CARTESIAN_POINT('',(-9.907920168813,-1.859507354227,0.));
#1297 = CARTESIAN_POINT('',(-9.804992272701,-1.877163980153,0.));
#1298 = CARTESIAN_POINT('',(-9.7098571356,-1.890582823968,0.));
#1299 = CARTESIAN_POINT('',(-9.622668577173,-1.900245226804,0.));
#1300 = CARTESIAN_POINT('',(-9.543558614591,-1.906637727298,0.));
#1301 = CARTESIAN_POINT('',(-9.472637313368,-1.910251109281,0.));
#1302 = CARTESIAN_POINT('',(-9.409992601163,-1.91157977822,0.));
#1303 = CARTESIAN_POINT('',(-9.355690335203,-1.911120075779,0.));
#1304 = CARTESIAN_POINT('',(-9.30977373807,-1.909371775681,0.));
#1305 = CARTESIAN_POINT('',(-9.272264816261,-1.906830235508,0.));
#1306 = CARTESIAN_POINT('',(-9.243160400411,-1.904004474775,0.));
#1307 = CARTESIAN_POINT('',(-9.22244236836,-1.901367451588,0.));
#1308 = CARTESIAN_POINT('',(-9.2100552028,-1.899462964606,0.));
#1309 = CARTESIAN_POINT('',(-9.204579715871,-1.89844732514,0.));
#1310 = CARTESIAN_POINT('',(-9.203212803978,-1.89818235179,0.));
#1311 = ORIENTED_EDGE('',*,*,#1312,.T.);
#1312 = EDGE_CURVE('',#1286,#1313,#1315,.T.);
#1313 = VERTEX_POINT('',#1314);
#1314 = CARTESIAN_POINT('',(-8.814469051223,-1.818003120193,0.));
#1315 = B_SPLINE_CURVE_WITH_KNOTS('',1,(#1316,#1317),.UNSPECIFIED.,.F.,
  .F.,(2,2),(0.,0.396926207859),.PIECEWISE_BEZIER_KNOTS.);
#1316 = CARTESIAN_POINT('',(-9.203212803978,-1.89818235179,0.));
#1317 = CARTESIAN_POINT('',(-8.814469051223,-1.818003120193,0.));
#1318 = ORIENTED_EDGE('',*,*,#1319,.T.);
#1319 = EDGE_CURVE('',#1313,#1320,#1322,.T.);
#1320 = VERTEX_POINT('',#1321);
#1321 = CARTESIAN_POINT('',(-8.600007793308,-2.653274572117,0.));
#1322 = B_SPLINE_CURVE_WITH_KNOTS('',1,(#1323,#1324),.UNSPECIFIED.,.F.,
  .F.,(2,2),(0.,0.862364209338),.PIECEWISE_BEZIER_KNOTS.);
#1323 = CARTESIAN_POINT('',(-8.814469051223,-1.818003120193,0.));
#1324 = CARTESIAN_POINT('',(-8.600007793308,-2.653274572117,0.));
#1325 = ORIENTED_EDGE('',*,*,#1326,.T.);
#1326 = EDGE_CURVE('',#1320,#1327,#1329,.T.);
#1327 = VERTEX_POINT('',#1328);
#1328 = CARTESIAN_POINT('',(-8.979293180081,-2.770291707042,0.));
#1329 = B_SPLINE_CURVE_WITH_KNOTS('',1,(#1330,#1331),.UNSPECIFIED.,.F.,
  .F.,(2,2),(0.,0.396926207859),.PIECEWISE_BEZIER_KNOTS.);
#1330 = CARTESIAN_POINT('',(-8.600007793308,-2.653274572117,0.));
#1331 = CARTESIAN_POINT('',(-8.979293180081,-2.770291707042,0.));
#1332 = ORIENTED_EDGE('',*,*,#1333,.T.);
#1333 = EDGE_CURVE('',#1327,#1334,#1336,.T.);
#1334 = VERTEX_POINT('',#1335);
#1335 = CARTESIAN_POINT('',(-10.14399842911,-3.706655617969,0.));
#1336 = B_SPLINE_CURVE_WITH_KNOTS('',3,(#1337,#1338,#1339,#1340,#1341,
    #1342,#1343,#1344,#1345,#1346,#1347,#1348,#1349,#1350,#1351,#1352,
    #1353,#1354,#1355,#1356,#1357,#1358),.UNSPECIFIED.,.F.,.F.,(4,1,1,1,
    1,1,1,1,1,1,1,1,1,1,1,1,1,1,1,4),(0.,4.176688177199E-03,
    1.670661519072E-02,3.758980854408E-02,6.682627216637E-02,
    0.104416007367,0.150359014742,0.204655294612,0.267304847168,
    0.338307672535,0.417663770799,0.505373142021,0.601435786244,
    0.705851703504,0.818620893827,0.939743357234,1.069219093742,
    1.207048103365,1.353230386115,1.507765942),.UNSPECIFIED.);
#1337 = CARTESIAN_POINT('',(-8.979293180081,-2.770291707042,0.));
#1338 = CARTESIAN_POINT('',(-8.980618665989,-2.770718023951,0.));
#1339 = CARTESIAN_POINT('',(-8.985906159806,-2.772465848248,0.));
#1340 = CARTESIAN_POINT('',(-8.997678609334,-2.776764496104,0.));
#1341 = CARTESIAN_POINT('',(-9.017104354826,-2.78443464313,0.));
#1342 = CARTESIAN_POINT('',(-9.04397006947,-2.795979569393,0.));
#1343 = CARTESIAN_POINT('',(-9.078063784528,-2.811822461655,0.));
#1344 = CARTESIAN_POINT('',(-9.119143055317,-2.832410903971,0.));
#1345 = CARTESIAN_POINT('',(-9.166949957058,-2.85816837979,0.));
#1346 = CARTESIAN_POINT('',(-9.22120584569,-2.889512021524,0.));
#1347 = CARTESIAN_POINT('',(-9.281613895664,-2.926845049729,0.));
#1348 = CARTESIAN_POINT('',(-9.347858873732,-2.970558355746,0.));
#1349 = CARTESIAN_POINT('',(-9.419607891838,-3.021028992259,0.));
#1350 = CARTESIAN_POINT('',(-9.496510870676,-3.078619716567,0.));
#1351 = CARTESIAN_POINT('',(-9.57820112919,-3.143678227932,0.));
#1352 = CARTESIAN_POINT('',(-9.664295973633,-3.216536510872,0.));
#1353 = CARTESIAN_POINT('',(-9.754397293952,-3.297510256238,0.));
#1354 = CARTESIAN_POINT('',(-9.848092294093,-3.386897949765,0.));
#1355 = CARTESIAN_POINT('',(-9.944953779408,-3.48498149005,0.));
#1356 = CARTESIAN_POINT('',(-10.0445423799,-3.592020647585,0.));
#1357 = CARTESIAN_POINT('',(-10.11061283095,-3.667427425283,0.));
#1358 = CARTESIAN_POINT('',(-10.14399842911,-3.706655617969,0.));
#1359 = ORIENTED_EDGE('',*,*,#1360,.T.);
#1360 = EDGE_CURVE('',#1334,#1361,#1363,.T.);
#1361 = VERTEX_POINT('',#1362);
#1362 = CARTESIAN_POINT('',(-9.932036987388,-4.242009109038,0.));
#1363 = B_SPLINE_CURVE_WITH_KNOTS('',1,(#1364,#1365),.UNSPECIFIED.,.F.,
  .F.,(2,2),(0.,0.575787298554),.PIECEWISE_BEZIER_KNOTS.);
#1364 = CARTESIAN_POINT('',(-10.14399842911,-3.706655617969,0.));
#1365 = CARTESIAN_POINT('',(-9.932036987388,-4.242009109038,0.));
#1366 = ORIENTED_EDGE('',*,*,#1367,.T.);
#1367 = EDGE_CURVE('',#1361,#1368,#1370,.T.);
#1368 = VERTEX_POINT('',#1369);
#1369 = CARTESIAN_POINT('',(-8.442018195332,-4.12729341647,0.));
#1370 = B_SPLINE_CURVE_WITH_KNOTS('',3,(#1371,#1372,#1373,#1374,#1375,
    #1376,#1377,#1378,#1379,#1380,#1381,#1382,#1383,#1384,#1385,#1386,
    #1387,#1388,#1389,#1390,#1391,#1392),.UNSPECIFIED.,.F.,.F.,(4,1,1,1,
    1,1,1,1,1,1,1,1,1,1,1,1,1,1,1,4),(0.,0.154535555886,0.300717838635,
    0.438546848258,0.568022584766,0.689145048173,0.801914238496,
    0.906330155756,1.002392799979,1.090102171201,1.169458269465,
    1.240461094832,1.303110647389,1.357406927258,1.403349934633,
    1.440939669834,1.470176133456,1.491059326809,1.503589253823,
    1.507765942),.UNSPECIFIED.);
#1371 = CARTESIAN_POINT('',(-9.932036987388,-4.242009109038,0.));
#1372 = CARTESIAN_POINT('',(-9.880846387952,-4.247751216219,0.));
#1373 = CARTESIAN_POINT('',(-9.781063610498,-4.257492055405,0.));
#1374 = CARTESIAN_POINT('',(-9.635193299573,-4.267347154897,0.));
#1375 = CARTESIAN_POINT('',(-9.497441511931,-4.272540729183,0.));
#1376 = CARTESIAN_POINT('',(-9.367950709374,-4.273562912256,0.));
#1377 = CARTESIAN_POINT('',(-9.246839330525,-4.270911634208,0.));
#1378 = CARTESIAN_POINT('',(-9.134203963214,-4.26508706012,0.));
#1379 = CARTESIAN_POINT('',(-9.03011871192,-4.256591843803,0.));
#1380 = CARTESIAN_POINT('',(-8.934635289338,-4.245929963453,0.));
#1381 = CARTESIAN_POINT('',(-8.847782977932,-4.233605891379,0.));
#1382 = CARTESIAN_POINT('',(-8.769568650071,-4.220123712048,0.));
#1383 = CARTESIAN_POINT('',(-8.699976860383,-4.205986162592,0.));
#1384 = CARTESIAN_POINT('',(-8.638969820479,-4.191693982543,0.));
#1385 = CARTESIAN_POINT('',(-8.586487883408,-4.177744298106,0.));
#1386 = CARTESIAN_POINT('',(-8.542448625162,-4.164631930709,0.));
#1387 = CARTESIAN_POINT('',(-8.506750170445,-4.152842148162,0.));
#1388 = CARTESIAN_POINT('',(-8.479262861456,-4.142867190006,0.));
#1389 = CARTESIAN_POINT('',(-8.459851525479,-4.135160648698,0.));
#1390 = CARTESIAN_POINT('',(-8.448327152156,-4.130235431872,0.));
#1391 = CARTESIAN_POINT('',(-8.443276266981,-4.12789000236,0.));
#1392 = CARTESIAN_POINT('',(-8.442018195332,-4.12729341647,0.));
#1393 = ORIENTED_EDGE('',*,*,#1394,.T.);
#1394 = EDGE_CURVE('',#1368,#1395,#1397,.T.);
#1395 = VERTEX_POINT('',#1396);
#1396 = CARTESIAN_POINT('',(-8.085427306478,-3.952956522865,0.));
#1397 = B_SPLINE_CURVE_WITH_KNOTS('',1,(#1398,#1399),.UNSPECIFIED.,.F.,
  .F.,(2,2),(0.,0.396926207859),.PIECEWISE_BEZIER_KNOTS.);
#1398 = CARTESIAN_POINT('',(-8.442018195332,-4.12729341647,0.));
#1399 = CARTESIAN_POINT('',(-8.085427306478,-3.952956522865,0.));
#1400 = ORIENTED_EDGE('',*,*,#1401,.T.);
#1401 = EDGE_CURVE('',#1395,#1402,#1404,.T.);
#1402 = VERTEX_POINT('',#1403);
#1403 = CARTESIAN_POINT('',(-7.669980180216,-4.708652040138,0.));
#1404 = B_SPLINE_CURVE_WITH_KNOTS('',1,(#1405,#1406),.UNSPECIFIED.,.F.,
  .F.,(2,2),(0.,0.862364209338),.PIECEWISE_BEZIER_KNOTS.);
#1405 = CARTESIAN_POINT('',(-8.085427306478,-3.952956522865,0.));
#1406 = CARTESIAN_POINT('',(-7.669980180216,-4.708652040138,0.));
#1407 = ORIENTED_EDGE('',*,*,#1408,.T.);
#1408 = EDGE_CURVE('',#1402,#1409,#1411,.T.);
#1409 = VERTEX_POINT('',#1410);
#1410 = CARTESIAN_POINT('',(-8.008248641025,-4.916317306629,0.));
#1411 = B_SPLINE_CURVE_WITH_KNOTS('',1,(#1412,#1413),.UNSPECIFIED.,.F.,
  .F.,(2,2),(0.,0.396926207859),.PIECEWISE_BEZIER_KNOTS.);
#1412 = CARTESIAN_POINT('',(-7.669980180216,-4.708652040138,0.));
#1413 = CARTESIAN_POINT('',(-8.008248641025,-4.916317306629,0.));
#1414 = ORIENTED_EDGE('',*,*,#1415,.T.);
#1415 = EDGE_CURVE('',#1409,#1416,#1418,.T.);
#1416 = VERTEX_POINT('',#1417);
#1417 = CARTESIAN_POINT('',(-8.903498297559,-6.112914040403,0.));
#1418 = B_SPLINE_CURVE_WITH_KNOTS('',3,(#1419,#1420,#1421,#1422,#1423,
    #1424,#1425,#1426,#1427,#1428,#1429,#1430,#1431,#1432,#1433,#1434,
    #1435,#1436,#1437,#1438,#1439,#1440),.UNSPECIFIED.,.F.,.F.,(4,1,1,1,
    1,1,1,1,1,1,1,1,1,1,1,1,1,1,1,4),(0.,4.176688177199E-03,
    1.670661519072E-02,3.758980854408E-02,6.682627216637E-02,
    0.104416007367,0.150359014742,0.204655294612,0.267304847168,
    0.338307672535,0.417663770799,0.505373142021,0.601435786244,
    0.705851703504,0.818620893827,0.939743357234,1.069219093742,
    1.207048103365,1.353230386115,1.507765942),.UNSPECIFIED.);
#1419 = CARTESIAN_POINT('',(-8.008248641025,-4.916317306629,0.));
#1420 = CARTESIAN_POINT('',(-8.009426463652,-4.91705986495,0.));
#1421 = CARTESIAN_POINT('',(-8.014113174901,-4.920067724373,0.));
#1422 = CARTESIAN_POINT('',(-8.024446741028,-4.927159011447,0.));
#1423 = CARTESIAN_POINT('',(-8.041354703006,-4.939419173155,0.));
#1424 = CARTESIAN_POINT('',(-8.064505275412,-4.957282625873,0.));
#1425 = CARTESIAN_POINT('',(-8.093587906629,-4.981106546692,0.));
#1426 = CARTESIAN_POINT('',(-8.12825645919,-5.01126416445,0.));
#1427 = CARTESIAN_POINT('',(-8.168155795447,-5.048101514801,0.));
#1428 = CARTESIAN_POINT('',(-8.212912288842,-5.091953329215,0.));
#1429 = CARTESIAN_POINT('',(-8.262138162271,-5.143136342821,0.));
#1430 = CARTESIAN_POINT('',(-8.315430875396,-5.201950771067,0.));
#1431 = CARTESIAN_POINT('',(-8.372374229262,-5.268679034942,0.));
#1432 = CARTESIAN_POINT('',(-8.432538928875,-5.343585433874,0.));
#1433 = CARTESIAN_POINT('',(-8.49548334385,-5.426915553642,0.));
#1434 = CARTESIAN_POINT('',(-8.560754242274,-5.518895776797,0.));
#1435 = CARTESIAN_POINT('',(-8.627887512332,-5.619732870235,0.));
#1436 = CARTESIAN_POINT('',(-8.696409096333,-5.72961328401,0.));
#1437 = CARTESIAN_POINT('',(-8.765835115405,-5.848703821368,0.));
#1438 = CARTESIAN_POINT('',(-8.83567540088,-5.977146824759,0.));
#1439 = CARTESIAN_POINT('',(-8.880917224175,-6.066615612889,0.));
#1440 = CARTESIAN_POINT('',(-8.903498297559,-6.112914040403,0.));
#1441 = ORIENTED_EDGE('',*,*,#1442,.T.);
#1442 = EDGE_CURVE('',#1416,#1443,#1445,.T.);
#1443 = VERTEX_POINT('',#1444);
#1444 = CARTESIAN_POINT('',(-8.565059015012,-6.578735750079,0.));
#1445 = B_SPLINE_CURVE_WITH_KNOTS('',1,(#1446,#1447),.UNSPECIFIED.,.F.,
  .F.,(2,2),(0.,0.575787298554),.PIECEWISE_BEZIER_KNOTS.);
#1446 = CARTESIAN_POINT('',(-8.903498297559,-6.112914040403,0.));
#1447 = CARTESIAN_POINT('',(-8.565059015012,-6.578735750079,0.));
#1448 = ORIENTED_EDGE('',*,*,#1449,.T.);
#1449 = EDGE_CURVE('',#1443,#1450,#1452,.T.);
#1450 = VERTEX_POINT('',#1451);
#1451 = CARTESIAN_POINT('',(-7.150380535901,-6.097071456671,0.));
#1452 = B_SPLINE_CURVE_WITH_KNOTS('',3,(#1453,#1454,#1455,#1456,#1457,
    #1458,#1459,#1460,#1461,#1462,#1463,#1464,#1465,#1466,#1467,#1468,
    #1469,#1470,#1471,#1472,#1473,#1474),.UNSPECIFIED.,.F.,.F.,(4,1,1,1,
    1,1,1,1,1,1,1,1,1,1,1,1,1,1,1,4),(0.,0.154535555886,0.300717838635,
    0.438546848258,0.568022584766,0.689145048173,0.801914238496,
    0.906330155756,1.002392799979,1.090102171201,1.169458269465,
    1.240461094832,1.303110647389,1.357406927258,1.403349934633,
    1.440939669834,1.470176133456,1.491059326809,1.503589253823,
    1.507765942),.UNSPECIFIED.);
#1453 = CARTESIAN_POINT('',(-8.565059015012,-6.578735750079,0.));
#1454 = CARTESIAN_POINT('',(-8.514048658403,-6.571566874007,0.));
#1455 = CARTESIAN_POINT('',(-8.414978292193,-6.556186719151,0.));
#1456 = CARTESIAN_POINT('',(-8.271239901741,-6.529455731406,0.));
#1457 = CARTESIAN_POINT('',(-8.136524250413,-6.50022866348,0.));
#1458 = CARTESIAN_POINT('',(-8.010847432942,-6.469015679715,0.));
#1459 = CARTESIAN_POINT('',(-7.894200336806,-6.436328521302,0.));
#1460 = CARTESIAN_POINT('',(-7.786552129354,-6.402675660132,0.));
#1461 = CARTESIAN_POINT('',(-7.687849582016,-6.368562387258,0.));
#1462 = CARTESIAN_POINT('',(-7.598017448558,-6.334489707897,0.));
#1463 = CARTESIAN_POINT('',(-7.516958634318,-6.300953527686,0.));
#1464 = CARTESIAN_POINT('',(-7.44455443505,-6.26844380344,0.));
#1465 = CARTESIAN_POINT('',(-7.380664864984,-6.237443636772,0.));
#1466 = CARTESIAN_POINT('',(-7.325128794067,-6.208428637971,0.));
#1467 = CARTESIAN_POINT('',(-7.277764819004,-6.181865481514,0.));
#1468 = CARTESIAN_POINT('',(-7.238370048207,-6.158212945087,0.));
#1469 = CARTESIAN_POINT('',(-7.206725125782,-6.137915715563,0.));
#1470 = CARTESIAN_POINT('',(-7.182582052368,-6.121418323289,0.));
#1471 = CARTESIAN_POINT('',(-7.165697098094,-6.109126494194,0.));
#1472 = CARTESIAN_POINT('',(-7.155759635767,-6.101490017009,0.));
#1473 = CARTESIAN_POINT('',(-7.151450718039,-6.097962169415,0.));
#1474 = CARTESIAN_POINT('',(-7.150380535901,-6.097071456671,0.));
#1475 = ORIENTED_EDGE('',*,*,#1476,.T.);
#1476 = EDGE_CURVE('',#1450,#1477,#1479,.T.);
#1477 = VERTEX_POINT('',#1478);
#1478 = CARTESIAN_POINT('',(-6.848348427946,-5.839531129248,0.));
#1479 = B_SPLINE_CURVE_WITH_KNOTS('',1,(#1480,#1481),.UNSPECIFIED.,.F.,
  .F.,(2,2),(0.,0.396926207859),.PIECEWISE_BEZIER_KNOTS.);
#1480 = CARTESIAN_POINT('',(-7.150380535901,-6.097071456671,0.));
#1481 = CARTESIAN_POINT('',(-6.848348427946,-5.839531129248,0.));
#1482 = ORIENTED_EDGE('',*,*,#1483,.T.);
#1483 = EDGE_CURVE('',#1477,#1484,#1486,.T.);
#1484 = VERTEX_POINT('',#1485);
#1485 = CARTESIAN_POINT('',(-6.258019504187,-6.468167583266,0.));
#1486 = B_SPLINE_CURVE_WITH_KNOTS('',1,(#1487,#1488),.UNSPECIFIED.,.F.,
  .F.,(2,2),(0.,0.862364209338),.PIECEWISE_BEZIER_KNOTS.);
#1487 = CARTESIAN_POINT('',(-6.848348427946,-5.839531129248,0.));
#1488 = CARTESIAN_POINT('',(-6.258019504187,-6.468167583266,0.));
#1489 = ORIENTED_EDGE('',*,*,#1490,.T.);
#1490 = EDGE_CURVE('',#1484,#1491,#1493,.T.);
#1491 = VERTEX_POINT('',#1492);
#1492 = CARTESIAN_POINT('',(-6.534016387576,-6.753432608891,0.));
#1493 = B_SPLINE_CURVE_WITH_KNOTS('',1,(#1494,#1495),.UNSPECIFIED.,.F.,
  .F.,(2,2),(0.,0.396926207859),.PIECEWISE_BEZIER_KNOTS.);
#1494 = CARTESIAN_POINT('',(-6.258019504187,-6.468167583266,0.));
#1495 = CARTESIAN_POINT('',(-6.534016387576,-6.753432608891,0.));
#1496 = ORIENTED_EDGE('',*,*,#1497,.T.);
#1497 = EDGE_CURVE('',#1491,#1498,#1500,.T.);
#1498 = VERTEX_POINT('',#1499);
#1499 = CARTESIAN_POINT('',(-7.103558623197,-8.135075591954,0.));
#1500 = B_SPLINE_CURVE_WITH_KNOTS('',3,(#1501,#1502,#1503,#1504,#1505,
    #1506,#1507,#1508,#1509,#1510,#1511,#1512,#1513,#1514,#1515,#1516,
    #1517,#1518,#1519,#1520,#1521,#1522),.UNSPECIFIED.,.F.,.F.,(4,1,1,1,
    1,1,1,1,1,1,1,1,1,1,1,1,1,1,1,4),(0.,4.176688177199E-03,
    1.670661519072E-02,3.758980854408E-02,6.682627216637E-02,
    0.104416007367,0.150359014742,0.204655294612,0.267304847168,
    0.338307672535,0.417663770799,0.505373142021,0.601435786244,
    0.705851703504,0.818620893827,0.939743357234,1.069219093742,
    1.207048103365,1.353230386115,1.507765942),.UNSPECIFIED.);
#1501 = CARTESIAN_POINT('',(-6.534016387576,-6.753432608891,0.));
#1502 = CARTESIAN_POINT('',(-6.534972539994,-6.754444750953,0.));
#1503 = CARTESIAN_POINT('',(-6.53876398537,-6.758523650633,0.));
#1504 = CARTESIAN_POINT('',(-6.547009372133,-6.767962005278,0.));
#1505 = CARTESIAN_POINT('',(-6.560337161163,-6.784041830617,0.));
#1506 = CARTESIAN_POINT('',(-6.578317955725,-6.807101383358,0.));
#1507 = CARTESIAN_POINT('',(-6.600562134422,-6.837409388172,0.));
#1508 = CARTESIAN_POINT('',(-6.626641616096,-6.875241267337,0.));
#1509 = CARTESIAN_POINT('',(-6.656126364833,-6.920843866019,0.));
#1510 = CARTESIAN_POINT('',(-6.688571247908,-6.974448482338,0.));
#1511 = CARTESIAN_POINT('',(-6.723521902124,-7.03626546436,0.));
#1512 = CARTESIAN_POINT('',(-6.760513773144,-7.106485488005,0.));
#1513 = CARTESIAN_POINT('',(-6.799073502423,-7.185278597013,0.));
#1514 = CARTESIAN_POINT('',(-6.838719553464,-7.272794026037,0.));
#1515 = CARTESIAN_POINT('',(-6.878963095813,-7.369159816318,0.));
#1516 = CARTESIAN_POINT('',(-6.919308837621,-7.474482523986,0.));
#1517 = CARTESIAN_POINT('',(-6.959255827161,-7.588847000064,0.));
#1518 = CARTESIAN_POINT('',(-6.998298531895,-7.712315943577,0.));
#1519 = CARTESIAN_POINT('',(-7.035926792614,-7.844930581562,0.));
#1520 = CARTESIAN_POINT('',(-7.071630441074,-7.986706884525,0.));
#1521 = CARTESIAN_POINT('',(-7.093200926472,-8.084616030085,0.));
#1522 = CARTESIAN_POINT('',(-7.103558623197,-8.135075591954,0.));
#1523 = ORIENTED_EDGE('',*,*,#1524,.T.);
#1524 = EDGE_CURVE('',#1498,#1525,#1527,.T.);
#1525 = VERTEX_POINT('',#1526);
#1526 = CARTESIAN_POINT('',(-6.659906884639,-8.502096229045,0.));
#1527 = B_SPLINE_CURVE_WITH_KNOTS('',1,(#1528,#1529),.UNSPECIFIED.,.F.,
  .F.,(2,2),(0.,0.575787298554),.PIECEWISE_BEZIER_KNOTS.);
#1528 = CARTESIAN_POINT('',(-7.103558623197,-8.135075591954,0.));
#1529 = CARTESIAN_POINT('',(-6.659906884639,-8.502096229045,0.));
#1530 = ORIENTED_EDGE('',*,*,#1531,.T.);
#1531 = EDGE_CURVE('',#1525,#1532,#1534,.T.);
#1532 = VERTEX_POINT('',#1533);
#1533 = CARTESIAN_POINT('',(-5.40945817014,-7.683748073789,0.));
#1534 = B_SPLINE_CURVE_WITH_KNOTS('',3,(#1535,#1536,#1537,#1538,#1539,
    #1540,#1541,#1542,#1543,#1544,#1545,#1546,#1547,#1548,#1549,#1550,
    #1551,#1552,#1553,#1554,#1555,#1556),.UNSPECIFIED.,.F.,.F.,(4,1,1,1,
    1,1,1,1,1,1,1,1,1,1,1,1,1,1,1,4),(0.,0.154535555886,0.300717838635,
    0.438546848258,0.568022584766,0.689145048173,0.801914238496,
    0.906330155756,1.002392799979,1.090102171201,1.169458269465,
    1.240461094832,1.303110647389,1.357406927258,1.403349934633,
    1.440939669834,1.470176133456,1.491059326809,1.503589253823,
    1.507765942),.UNSPECIFIED.);
#1535 = CARTESIAN_POINT('',(-6.659906884639,-8.502096229045,0.));
#1536 = CARTESIAN_POINT('',(-6.612281939166,-8.482466816568,0.));
#1537 = CARTESIAN_POINT('',(-6.520148939663,-8.442932059365,0.));
#1538 = CARTESIAN_POINT('',(-6.387574081391,-8.381294590652,0.));
#1539 = CARTESIAN_POINT('',(-6.264359246198,-8.319483324682,0.));
#1540 = CARTESIAN_POINT('',(-6.150393150462,-8.257996400642,0.));
#1541 = CARTESIAN_POINT('',(-6.045539703088,-8.197327216242,0.));
#1542 = CARTESIAN_POINT('',(-5.949642588271,-8.137960601024,0.));
#1543 = CARTESIAN_POINT('',(-5.862524588941,-8.080372733987,0.));
#1544 = CARTESIAN_POINT('',(-5.783988227931,-8.02503016737,0.));
#1545 = CARTESIAN_POINT('',(-5.713816134269,-7.972389080562,0.));
#1546 = CARTESIAN_POINT('',(-5.651771485718,-7.922894516938,0.));
#1547 = CARTESIAN_POINT('',(-5.597598551931,-7.876979587541,0.));
#1548 = CARTESIAN_POINT('',(-5.551022985583,-7.835064889072,0.));
#1549 = CARTESIAN_POINT('',(-5.511753025276,-7.797557321407,0.));
#1550 = CARTESIAN_POINT('',(-5.479478060261,-7.764850791802,0.));
#1551 = CARTESIAN_POINT('',(-5.453875036984,-7.73732146488,0.));
#1552 = CARTESIAN_POINT('',(-5.434593197241,-7.715338230317,0.));
#1553 = CARTESIAN_POINT('',(-5.421295568445,-7.699233454263,0.));
#1554 = CARTESIAN_POINT('',(-5.413569424421,-7.689365544667,0.));
#1555 = CARTESIAN_POINT('',(-5.410273219287,-7.684876946629,0.));
#1556 = CARTESIAN_POINT('',(-5.40945817014,-7.683748073789,0.));
#1557 = ORIENTED_EDGE('',*,*,#1558,.T.);
#1558 = EDGE_CURVE('',#1532,#1559,#1561,.T.);
#1559 = VERTEX_POINT('',#1560);
#1560 = CARTESIAN_POINT('',(-5.180962631222,-7.359186518487,0.));
#1561 = B_SPLINE_CURVE_WITH_KNOTS('',1,(#1562,#1563),.UNSPECIFIED.,.F.,
  .F.,(2,2),(0.,0.396926207859),.PIECEWISE_BEZIER_KNOTS.);
#1562 = CARTESIAN_POINT('',(-5.40945817014,-7.683748073789,0.));
#1563 = CARTESIAN_POINT('',(-5.180962631222,-7.359186518487,0.));
#1564 = ORIENTED_EDGE('',*,*,#1565,.T.);
#1565 = EDGE_CURVE('',#1559,#1566,#1568,.T.);
#1566 = VERTEX_POINT('',#1567);
#1567 = CARTESIAN_POINT('',(-4.452844447324,-7.821264368882,0.));
#1568 = B_SPLINE_CURVE_WITH_KNOTS('',1,(#1569,#1570),.UNSPECIFIED.,.F.,
  .F.,(2,2),(0.,0.862364209338),.PIECEWISE_BEZIER_KNOTS.);
#1569 = CARTESIAN_POINT('',(-5.180962631222,-7.359186518487,0.));
#1570 = CARTESIAN_POINT('',(-4.452844447324,-7.821264368882,0.));
#1571 = ORIENTED_EDGE('',*,*,#1572,.T.);
#1572 = EDGE_CURVE('',#1566,#1573,#1575,.T.);
#1573 = VERTEX_POINT('',#1574);
#1574 = CARTESIAN_POINT('',(-4.649227854064,-8.166204902949,0.));
#1575 = B_SPLINE_CURVE_WITH_KNOTS('',1,(#1576,#1577),.UNSPECIFIED.,.F.,
  .F.,(2,2),(0.,0.396926207859),.PIECEWISE_BEZIER_KNOTS.);
#1576 = CARTESIAN_POINT('',(-4.452844447324,-7.821264368882,0.));
#1577 = CARTESIAN_POINT('',(-4.649227854064,-8.166204902949,0.));
#1578 = ORIENTED_EDGE('',*,*,#1579,.T.);
#1579 = EDGE_CURVE('',#1573,#1580,#1582,.T.);
#1580 = VERTEX_POINT('',#1581);
#1581 = CARTESIAN_POINT('',(-4.857276235478,-9.646080425347,0.));
#1582 = B_SPLINE_CURVE_WITH_KNOTS('',3,(#1583,#1584,#1585,#1586,#1587,
    #1588,#1589,#1590,#1591,#1592,#1593,#1594,#1595,#1596,#1597,#1598,
    #1599,#1600,#1601,#1602,#1603,#1604),.UNSPECIFIED.,.F.,.F.,(4,1,1,1,
    1,1,1,1,1,1,1,1,1,1,1,1,1,1,1,4),(0.,4.176688177199E-03,
    1.670661519072E-02,3.758980854408E-02,6.682627216637E-02,
    0.104416007367,0.150359014742,0.204655294612,0.267304847168,
    0.338307672535,0.417663770799,0.505373142021,0.601435786244,
    0.705851703504,0.818620893827,0.939743357234,1.069219093742,
    1.207048103365,1.353230386115,1.507765942),.UNSPECIFIED.);
#1583 = CARTESIAN_POINT('',(-4.649227854064,-8.166204902949,0.));
#1584 = CARTESIAN_POINT('',(-4.649902257701,-8.167423032144,0.));
#1585 = CARTESIAN_POINT('',(-4.652560206747,-8.172316679812,0.));
#1586 = CARTESIAN_POINT('',(-4.658199326171,-8.183509055493,0.));
#1587 = CARTESIAN_POINT('',(-4.667109508251,-8.202398189901,0.));
#1588 = CARTESIAN_POINT('',(-4.678790725518,-8.22920492616,0.));
#1589 = CARTESIAN_POINT('',(-4.69279876814,-8.26409265156,0.));
#1590 = CARTESIAN_POINT('',(-4.70865050918,-8.307221676028,0.));
#1591 = CARTESIAN_POINT('',(-4.725868035196,-8.358724144052,0.));
#1592 = CARTESIAN_POINT('',(-4.743962676623,-8.418713387088,0.));
#1593 = CARTESIAN_POINT('',(-4.762442033484,-8.4872801492,0.));
#1594 = CARTESIAN_POINT('',(-4.780808727095,-8.564493585907,0.));
#1595 = CARTESIAN_POINT('',(-4.798561982183,-8.650400679228,0.));
#1596 = CARTESIAN_POINT('',(-4.815198277458,-8.74502622208,0.));
#1597 = CARTESIAN_POINT('',(-4.83021229741,-8.84837266586,0.));
#1598 = CARTESIAN_POINT('',(-4.843097811262,-8.96042004497,0.));
#1599 = CARTESIAN_POINT('',(-4.853348504018,-9.081125963052,0.));
#1600 = CARTESIAN_POINT('',(-4.860459132757,-9.210425428496,0.));
#1601 = CARTESIAN_POINT('',(-4.863925313115,-9.348231501679,0.));
#1602 = CARTESIAN_POINT('',(-4.863248933018,-9.494432777684,0.));
#1603 = CARTESIAN_POINT('',(-4.859792727589,-9.594630288972,0.));
#1604 = CARTESIAN_POINT('',(-4.857276235478,-9.646080425347,0.));
#1605 = ORIENTED_EDGE('',*,*,#1606,.T.);
#1606 = EDGE_CURVE('',#1580,#1607,#1609,.T.);
#1607 = VERTEX_POINT('',#1608);
#1608 = CARTESIAN_POINT('',(-4.33628831128,-9.891238733417,0.));
#1609 = B_SPLINE_CURVE_WITH_KNOTS('',1,(#1610,#1611),.UNSPECIFIED.,.F.,
  .F.,(2,2),(0.,0.575787298554),.PIECEWISE_BEZIER_KNOTS.);
#1610 = CARTESIAN_POINT('',(-4.857276235478,-9.646080425347,0.));
#1611 = CARTESIAN_POINT('',(-4.33628831128,-9.891238733417,0.));
#1612 = ORIENTED_EDGE('',*,*,#1613,.T.);
#1613 = EDGE_CURVE('',#1607,#1614,#1616,.T.);
#1614 = VERTEX_POINT('',#1615);
#1615 = CARTESIAN_POINT('',(-3.328639652954,-8.787626540581,0.));
#1616 = B_SPLINE_CURVE_WITH_KNOTS('',3,(#1617,#1618,#1619,#1620,#1621,
    #1622,#1623,#1624,#1625,#1626,#1627,#1628,#1629,#1630,#1631,#1632,
    #1633,#1634,#1635,#1636,#1637,#1638),.UNSPECIFIED.,.F.,.F.,(4,1,1,1,
    1,1,1,1,1,1,1,1,1,1,1,1,1,1,1,4),(0.,0.154535555886,0.300717838635,
    0.438546848258,0.568022584766,0.689145048173,0.801914238496,
    0.906330155756,1.002392799979,1.090102171201,1.169458269465,
    1.240461094832,1.303110647389,1.357406927258,1.403349934633,
    1.440939669834,1.470176133456,1.491059326809,1.503589253823,
    1.507765942),.UNSPECIFIED.);
#1617 = CARTESIAN_POINT('',(-4.33628831128,-9.891238733417,0.));
#1618 = CARTESIAN_POINT('',(-4.295041227419,-9.860382172714,0.));
#1619 = CARTESIAN_POINT('',(-4.215634649824,-9.799176927357,0.));
#1620 = CARTESIAN_POINT('',(-4.102553489652,-9.706505886523,0.));
#1621 = CARTESIAN_POINT('',(-3.998581511843,-9.615994251674,0.));
#1622 = CARTESIAN_POINT('',(-3.903487046775,-9.528096836931,0.));
#1623 = CARTESIAN_POINT('',(-3.817015575885,-9.443257694525,0.));
#1624 = CARTESIAN_POINT('',(-3.738895122112,-9.361907548029,0.));
#1625 = CARTESIAN_POINT('',(-3.668835615086,-9.284463544308,0.));
#1626 = CARTESIAN_POINT('',(-3.606529754922,-9.211328467431,0.));
#1627 = CARTESIAN_POINT('',(-3.551653552559,-9.14289010711,0.));
#1628 = CARTESIAN_POINT('',(-3.503866948177,-9.079520629569,0.));
#1629 = CARTESIAN_POINT('',(-3.462814535333,-9.02157594132,0.));
#1630 = CARTESIAN_POINT('',(-3.428125987681,-8.969395197839,0.));
#1631 = CARTESIAN_POINT('',(-3.39941751816,-8.923299957386,0.));
#1632 = CARTESIAN_POINT('',(-3.376290313677,-8.883594506144,0.));
#1633 = CARTESIAN_POINT('',(-3.358337921663,-8.85056285068,0.));
#1634 = CARTESIAN_POINT('',(-3.345128864495,-8.824475061306,0.));
#1635 = CARTESIAN_POINT('',(-3.336254100101,-8.805569260601,0.));
#1636 = CARTESIAN_POINT('',(-3.331224736422,-8.794089955646,0.));
#1637 = CARTESIAN_POINT('',(-3.329148356574,-8.788922642286,0.));
#1638 = CARTESIAN_POINT('',(-3.328639652954,-8.787626540581,0.));
#1639 = ORIENTED_EDGE('',*,*,#1640,.T.);
#1640 = EDGE_CURVE('',#1614,#1641,#1643,.T.);
#1641 = VERTEX_POINT('',#1642);
#1642 = CARTESIAN_POINT('',(-3.18803789813,-8.416437153576,0.));
#1643 = B_SPLINE_CURVE_WITH_KNOTS('',1,(#1644,#1645),.UNSPECIFIED.,.F.,
  .F.,(2,2),(0.,0.396926207859),.PIECEWISE_BEZIER_KNOTS.);
#1644 = CARTESIAN_POINT('',(-3.328639652954,-8.787626540581,0.));
#1645 = CARTESIAN_POINT('',(-3.18803789813,-8.416437153576,0.));
#1646 = ORIENTED_EDGE('',*,*,#1647,.T.);
#1647 = EDGE_CURVE('',#1641,#1648,#1650,.T.);
#1648 = VERTEX_POINT('',#1649);
#1649 = CARTESIAN_POINT('',(-2.367880797419,-8.682922349602,0.));
#1650 = B_SPLINE_CURVE_WITH_KNOTS('',1,(#1651,#1652),.UNSPECIFIED.,.F.,
  .F.,(2,2),(0.,0.862364209338),.PIECEWISE_BEZIER_KNOTS.);
#1651 = CARTESIAN_POINT('',(-3.18803789813,-8.416437153576,0.));
#1652 = CARTESIAN_POINT('',(-2.367880797419,-8.682922349602,0.));
#1653 = ORIENTED_EDGE('',*,*,#1654,.T.);
#1654 = EDGE_CURVE('',#1648,#1655,#1657,.T.);
#1655 = VERTEX_POINT('',#1656);
#1656 = CARTESIAN_POINT('',(-2.472311235817,-9.065864509753,0.));
#1657 = B_SPLINE_CURVE_WITH_KNOTS('',1,(#1658,#1659),.UNSPECIFIED.,.F.,
  .F.,(2,2),(0.,0.396926207859),.PIECEWISE_BEZIER_KNOTS.);
#1658 = CARTESIAN_POINT('',(-2.367880797419,-8.682922349602,0.));
#1659 = CARTESIAN_POINT('',(-2.472311235817,-9.065864509753,0.));
#1660 = ORIENTED_EDGE('',*,*,#1661,.T.);
#1661 = EDGE_CURVE('',#1655,#1662,#1664,.T.);
#1662 = VERTEX_POINT('',#1663);
#1663 = CARTESIAN_POINT('',(-2.305793318072,-10.55098654981,0.));
#1664 = B_SPLINE_CURVE_WITH_KNOTS('',3,(#1665,#1666,#1667,#1668,#1669,
    #1670,#1671,#1672,#1673,#1674,#1675,#1676,#1677,#1678,#1679,#1680,
    #1681,#1682,#1683,#1684,#1685,#1686),.UNSPECIFIED.,.F.,.F.,(4,1,1,1,
    1,1,1,1,1,1,1,1,1,1,1,1,1,1,1,4),(0.,4.176688177199E-03,
    1.670661519072E-02,3.758980854408E-02,6.682627216637E-02,
    0.104416007367,0.150359014742,0.204655294612,0.267304847168,
    0.338307672535,0.417663770799,0.505373142021,0.601435786244,
    0.705851703504,0.818620893827,0.939743357234,1.069219093742,
    1.207048103365,1.353230386115,1.507765942),.UNSPECIFIED.);
#1665 = CARTESIAN_POINT('',(-2.472311235817,-9.065864509753,0.));
#1666 = CARTESIAN_POINT('',(-2.472661515411,-9.067212086544,0.));
#1667 = CARTESIAN_POINT('',(-2.474018959414,-9.07261299632,0.));
#1668 = CARTESIAN_POINT('',(-2.476697484887,-9.084856134912,0.));
#1669 = CARTESIAN_POINT('',(-2.480630200507,-9.105367704603,0.));
#1670 = CARTESIAN_POINT('',(-2.485277866638,-9.134237258552,0.));
#1671 = CARTESIAN_POINT('',(-2.49016959635,-9.171512580444,0.));
#1672 = CARTESIAN_POINT('',(-2.494797573566,-9.21722879499,0.));
#1673 = CARTESIAN_POINT('',(-2.49866603638,-9.271395042877,0.));
#1674 = CARTESIAN_POINT('',(-2.501273483292,-9.333999567865,0.));
#1675 = CARTESIAN_POINT('',(-2.502120416842,-9.405007808233,0.));
#1676 = CARTESIAN_POINT('',(-2.500707886138,-9.484363053801,0.));
#1677 = CARTESIAN_POINT('',(-2.496539164727,-9.571986272819,0.));
#1678 = CARTESIAN_POINT('',(-2.489120384619,-9.667776258632,0.));
#1679 = CARTESIAN_POINT('',(-2.477961496082,-9.771609718768,0.));
#1680 = CARTESIAN_POINT('',(-2.462577137754,-9.883341420409,0.));
#1681 = CARTESIAN_POINT('',(-2.442487444999,-10.00280438373,0.));
#1682 = CARTESIAN_POINT('',(-2.417219210789,-10.12981001016,0.));
#1683 = CARTESIAN_POINT('',(-2.386305517927,-10.26414865615,0.));
#1684 = CARTESIAN_POINT('',(-2.349291608721,-10.40558854133,0.));
#1685 = CARTESIAN_POINT('',(-2.321025878565,-10.50177864022,0.));
#1686 = CARTESIAN_POINT('',(-2.305793318072,-10.55098654981,0.));
#1687 = ORIENTED_EDGE('',*,*,#1688,.T.);
#1688 = EDGE_CURVE('',#1662,#1689,#1691,.T.);
#1689 = VERTEX_POINT('',#1690);
#1690 = CARTESIAN_POINT('',(-1.740204795571,-10.65887833073,0.));
#1691 = B_SPLINE_CURVE_WITH_KNOTS('',1,(#1692,#1693),.UNSPECIFIED.,.F.,
  .F.,(2,2),(0.,0.575787298554),.PIECEWISE_BEZIER_KNOTS.);
#1692 = CARTESIAN_POINT('',(-2.305793318072,-10.55098654981,0.));
#1693 = CARTESIAN_POINT('',(-1.740204795571,-10.65887833073,0.));
#1694 = ORIENTED_EDGE('',*,*,#1695,.T.);
#1695 = EDGE_CURVE('',#1689,#1696,#1698,.T.);
#1696 = VERTEX_POINT('',#1697);
#1697 = CARTESIAN_POINT('',(-1.038670464492,-9.3393461132,0.));
#1698 = B_SPLINE_CURVE_WITH_KNOTS('',3,(#1699,#1700,#1701,#1702,#1703,
    #1704,#1705,#1706,#1707,#1708,#1709,#1710,#1711,#1712,#1713,#1714,
    #1715,#1716,#1717,#1718,#1719,#1720),.UNSPECIFIED.,.F.,.F.,(4,1,1,1,
    1,1,1,1,1,1,1,1,1,1,1,1,1,1,1,4),(0.,0.154535555886,0.300717838635,
    0.438546848258,0.568022584766,0.689145048173,0.801914238496,
    0.906330155756,1.002392799979,1.090102171201,1.169458269465,
    1.240461094832,1.303110647389,1.357406927258,1.403349934633,
    1.440939669834,1.470176133456,1.491059326809,1.503589253823,
    1.507765942),.UNSPECIFIED.);
#1699 = CARTESIAN_POINT('',(-1.740204795571,-10.65887833073,0.));
#1700 = CARTESIAN_POINT('',(-1.707927279297,-10.61873345299,0.));
#1701 = CARTESIAN_POINT('',(-1.646236530917,-10.53970347015,0.));
#1702 = CARTESIAN_POINT('',(-1.559754374022,-10.42182171951,0.));
#1703 = CARTESIAN_POINT('',(-1.481558195344,-10.30829689468,0.));
#1704 = CARTESIAN_POINT('',(-1.411310495918,-10.19951190706,0.));
#1705 = CARTESIAN_POINT('',(-1.348654322048,-10.09583356198,0.));
#1706 = CARTESIAN_POINT('',(-1.293219124737,-9.997611413103,0.));
#1707 = CARTESIAN_POINT('',(-1.244620206501,-9.905177364271,0.));
#1708 = CARTESIAN_POINT('',(-1.202459753523,-9.818845122987,0.));
#1709 = CARTESIAN_POINT('',(-1.166327516074,-9.738909723031,0.));
#1710 = CARTESIAN_POINT('',(-1.135801563961,-9.665647068903,0.));
#1711 = CARTESIAN_POINT('',(-1.110449146139,-9.599313499671,0.));
#1712 = CARTESIAN_POINT('',(-1.089827226208,-9.540145419199,0.));
#1713 = CARTESIAN_POINT('',(-1.073484106195,-9.488358839442,0.));
#1714 = CARTESIAN_POINT('',(-1.060957829558,-9.44414930609,0.));
#1715 = CARTESIAN_POINT('',(-1.051784083622,-9.40769082248,0.));
#1716 = CARTESIAN_POINT('',(-1.04547778267,-9.379137670044,0.));
#1717 = CARTESIAN_POINT('',(-1.041583516762,-9.358618765678,0.));
#1718 = CARTESIAN_POINT('',(-1.039566946846,-9.34624935231,0.));
#1719 = CARTESIAN_POINT('',(-1.038840858866,-9.340728004931,0.));
#1720 = CARTESIAN_POINT('',(-1.038670464492,-9.3393461132,0.));
#1721 = ORIENTED_EDGE('',*,*,#1722,.T.);
#1722 = EDGE_CURVE('',#1696,#1723,#1725,.T.);
#1723 = VERTEX_POINT('',#1724);
#1724 = CARTESIAN_POINT('',(-0.994797019116,-8.944852088814,0.));
#1725 = B_SPLINE_CURVE_WITH_KNOTS('',1,(#1726,#1727),.UNSPECIFIED.,.F.,
  .F.,(2,2),(0.,0.396926207859),.PIECEWISE_BEZIER_KNOTS.);
#1726 = CARTESIAN_POINT('',(-1.038670464492,-9.3393461132,0.));
#1727 = CARTESIAN_POINT('',(-0.994797019116,-8.944852088814,0.));
#1728 = ORIENTED_EDGE('',*,*,#1729,.T.);
#1729 = EDGE_CURVE('',#1723,#1730,#1732,.T.);
#1730 = VERTEX_POINT('',#1731);
#1731 = CARTESIAN_POINT('',(-0.134134488557,-8.999000385542,0.));
#1732 = B_SPLINE_CURVE_WITH_KNOTS('',1,(#1733,#1734),.UNSPECIFIED.,.F.,
  .F.,(2,2),(0.,0.862364209338),.PIECEWISE_BEZIER_KNOTS.);
#1733 = CARTESIAN_POINT('',(-0.994797019116,-8.944852088814,0.));
#1734 = CARTESIAN_POINT('',(-0.134134488557,-8.999000385542,0.));
#1735 = ORIENTED_EDGE('',*,*,#1736,.T.);
#1736 = EDGE_CURVE('',#1730,#1737,#1739,.T.);
#1737 = VERTEX_POINT('',#1738);
#1738 = CARTESIAN_POINT('',(-0.1400502101,-9.395882507492,0.));
#1739 = B_SPLINE_CURVE_WITH_KNOTS('',1,(#1740,#1741),.UNSPECIFIED.,.F.,
  .F.,(2,2),(0.,0.396926207859),.PIECEWISE_BEZIER_KNOTS.);
#1740 = CARTESIAN_POINT('',(-0.134134488557,-8.999000385542,0.));
#1741 = CARTESIAN_POINT('',(-0.1400502101,-9.395882507492,0.));
#1742 = ORIENTED_EDGE('',*,*,#1743,.T.);
#1743 = EDGE_CURVE('',#1737,#1744,#1746,.T.);
#1744 = VERTEX_POINT('',#1745);
#1745 = CARTESIAN_POINT('',(0.390571073624,-10.79293538554,0.));
#1746 = B_SPLINE_CURVE_WITH_KNOTS('',3,(#1747,#1748,#1749,#1750,#1751,
    #1752,#1753,#1754,#1755,#1756,#1757,#1758,#1759,#1760,#1761,#1762,
    #1763,#1764,#1765,#1766,#1767,#1768),.UNSPECIFIED.,.F.,.F.,(4,1,1,1,
    1,1,1,1,1,1,1,1,1,1,1,1,1,1,1,4),(0.,4.176688177199E-03,
    1.670661519072E-02,3.758980854408E-02,6.682627216637E-02,
    0.104416007367,0.150359014742,0.204655294612,0.267304847168,
    0.338307672535,0.417663770799,0.505373142021,0.601435786244,
    0.705851703504,0.818620893827,0.939743357234,1.069219093742,
    1.207048103365,1.353230386115,1.507765942),.UNSPECIFIED.);
#1747 = CARTESIAN_POINT('',(-0.1400502101,-9.395882507492,0.));
#1748 = CARTESIAN_POINT('',(-0.140054356296,-9.397274858673,0.));
#1749 = CARTESIAN_POINT('',(-0.140026002056,-9.402843671533,0.));
#1750 = CARTESIAN_POINT('',(-0.139575631971,-9.415368291609,0.));
#1751 = CARTESIAN_POINT('',(-0.138283774146,-9.436213479225,0.));
#1752 = CARTESIAN_POINT('',(-0.135605859185,-9.465331870615,0.));
#1753 = CARTESIAN_POINT('',(-0.131073910617,-9.502652643435,0.));
#1754 = CARTESIAN_POINT('',(-0.124187331182,-9.548083530167,0.));
#1755 = CARTESIAN_POINT('',(-0.114463661048,-9.601510093352,0.));
#1756 = CARTESIAN_POINT('',(-0.101420077965,-9.662796227744,0.));
#1757 = CARTESIAN_POINT('',(-8.458137225559E-02,-9.731784237475,0.));
#1758 = CARTESIAN_POINT('',(-6.347837173417E-02,-9.808295109978,0.));
#1759 = CARTESIAN_POINT('',(-3.76496099217E-02,-9.892128765585,0.));
#1760 = CARTESIAN_POINT('',(-6.641903669604E-03,-9.983064357261,0.));
#1761 = CARTESIAN_POINT('',(2.998873934897E-02,-10.08086059557,0.));
#1762 = CARTESIAN_POINT('',(7.267631404394E-02,-10.18525610601,0.));
#1763 = CARTESIAN_POINT('',(0.121844083029,-10.29596981724,0.));
#1764 = CARTESIAN_POINT('',(0.177903484103,-10.41270137406,0.));
#1765 = CARTESIAN_POINT('',(0.24125462917,-10.53513160166,0.));
#1766 = CARTESIAN_POINT('',(0.312280347441,-10.66292290786,0.));
#1767 = CARTESIAN_POINT('',(0.363579562545,-10.74906161666,0.));
#1768 = CARTESIAN_POINT('',(0.390571073624,-10.79293538554,0.));
#1769 = ORIENTED_EDGE('',*,*,#1770,.T.);
#1770 = EDGE_CURVE('',#1744,#1771,#1773,.T.);
#1771 = VERTEX_POINT('',#1772);
#1772 = CARTESIAN_POINT('',(0.96522218747,-10.75678140192,0.));
#1773 = B_SPLINE_CURVE_WITH_KNOTS('',1,(#1774,#1775),.UNSPECIFIED.,.F.,
  .F.,(2,2),(0.,0.575787298554),.PIECEWISE_BEZIER_KNOTS.);
#1774 = CARTESIAN_POINT('',(0.390571073624,-10.79293538554,0.));
#1775 = CARTESIAN_POINT('',(0.96522218747,-10.75678140192,0.));
#1776 = ORIENTED_EDGE('',*,*,#1777,.T.);
#1777 = EDGE_CURVE('',#1771,#1778,#1780,.T.);
#1778 = VERTEX_POINT('',#1779);
#1779 = CARTESIAN_POINT('',(1.316562209216,-9.304240221814,0.));
#1780 = B_SPLINE_CURVE_WITH_KNOTS('',3,(#1781,#1782,#1783,#1784,#1785,
    #1786,#1787,#1788,#1789,#1790,#1791,#1792,#1793,#1794,#1795,#1796,
    #1797,#1798,#1799,#1800,#1801,#1802),.UNSPECIFIED.,.F.,.F.,(4,1,1,1,
    1,1,1,1,1,1,1,1,1,1,1,1,1,1,1,4),(0.,0.154535555886,0.300717838635,
    0.438546848258,0.568022584766,0.689145048173,0.801914238496,
    0.906330155756,1.002392799979,1.090102171201,1.169458269465,
    1.240461094832,1.303110647389,1.357406927258,1.403349934633,
    1.440939669834,1.470176133456,1.491059326809,1.503589253823,
    1.507765942),.UNSPECIFIED.);
#1781 = CARTESIAN_POINT('',(0.96522218747,-10.75678140192,0.));
#1782 = CARTESIAN_POINT('',(0.986502021101,-10.70987065746,0.));
#1783 = CARTESIAN_POINT('',(1.026600683662,-10.61798168159,0.));
#1784 = CARTESIAN_POINT('',(1.081049845303,-10.48229616508,0.));
#1785 = CARTESIAN_POINT('',(1.128556871358,-10.35289133253,0.));
#1786 = CARTESIAN_POINT('',(1.169543883835,-10.23005413289,0.));
#1787 = CARTESIAN_POINT('',(1.204447842847,-10.11405107687,0.));
#1788 = CARTESIAN_POINT('',(1.233714586373,-10.00512858444,0.));
#1789 = CARTESIAN_POINT('',(1.257799267051,-9.903512461743,0.));
#1790 = CARTESIAN_POINT('',(1.277165216527,-9.809407628279,0.));
#1791 = CARTESIAN_POINT('',(1.2922831677,-9.72299782385,0.));
#1792 = CARTESIAN_POINT('',(1.303630409705,-9.644445355135,0.));
#1793 = CARTESIAN_POINT('',(1.311689846853,-9.573890887032,0.));
#1794 = CARTESIAN_POINT('',(1.316949387992,-9.511453217669,0.));
#1795 = CARTESIAN_POINT('',(1.319900260161,-9.457229239872,0.));
#1796 = CARTESIAN_POINT('',(1.321038536922,-9.411293471983,0.));
#1797 = CARTESIAN_POINT('',(1.320857216585,-9.373698980836,0.));
#1798 = CARTESIAN_POINT('',(1.319864513238,-9.344474564917,0.));
#1799 = CARTESIAN_POINT('',(1.31853358961,-9.323631835114,0.));
#1800 = CARTESIAN_POINT('',(1.317410657259,-9.311149529069,0.));
#1801 = CARTESIAN_POINT('',(1.316740830594,-9.305621074233,0.));
#1802 = CARTESIAN_POINT('',(1.316562209216,-9.304240221814,0.));
#1803 = ORIENTED_EDGE('',*,*,#1804,.T.);
#1804 = EDGE_CURVE('',#1778,#1805,#1807,.T.);
#1805 = VERTEX_POINT('',#1806);
#1806 = CARTESIAN_POINT('',(1.260950615217,-8.911229070447,0.));
#1807 = B_SPLINE_CURVE_WITH_KNOTS('',1,(#1808,#1809),.UNSPECIFIED.,.F.,
  .F.,(2,2),(0.,0.396926207859),.PIECEWISE_BEZIER_KNOTS.);
#1808 = CARTESIAN_POINT('',(1.316562209216,-9.304240221814,0.));
#1809 = CARTESIAN_POINT('',(1.260950615217,-8.911229070447,0.));
#1810 = ORIENTED_EDGE('',*,*,#1811,.T.);
#1811 = EDGE_CURVE('',#1805,#1812,#1814,.T.);
#1812 = VERTEX_POINT('',#1813);
#1813 = CARTESIAN_POINT('',(2.108039983534,-8.74963813125,0.));
#1814 = B_SPLINE_CURVE_WITH_KNOTS('',1,(#1815,#1816),.UNSPECIFIED.,.F.,
  .F.,(2,2),(0.,0.862364209338),.PIECEWISE_BEZIER_KNOTS.);
#1815 = CARTESIAN_POINT('',(1.260950615217,-8.911229070447,0.));
#1816 = CARTESIAN_POINT('',(2.108039983534,-8.74963813125,0.));
#1817 = ORIENTED_EDGE('',*,*,#1818,.T.);
#1818 = EDGE_CURVE('',#1812,#1819,#1821,.T.);
#1819 = VERTEX_POINT('',#1820);
#1820 = CARTESIAN_POINT('',(2.201010685387,-9.135522651647,0.));
#1821 = B_SPLINE_CURVE_WITH_KNOTS('',1,(#1822,#1823),.UNSPECIFIED.,.F.,
  .F.,(2,2),(0.,0.396926207859),.PIECEWISE_BEZIER_KNOTS.);
#1822 = CARTESIAN_POINT('',(2.108039983534,-8.74963813125,0.));
#1823 = CARTESIAN_POINT('',(2.201010685387,-9.135522651647,0.));
#1824 = ORIENTED_EDGE('',*,*,#1825,.T.);
#1825 = EDGE_CURVE('',#1819,#1826,#1828,.T.);
#1826 = VERTEX_POINT('',#1827);
#1827 = CARTESIAN_POINT('',(3.062394448343,-10.35672439735,0.));
#1828 = B_SPLINE_CURVE_WITH_KNOTS('',3,(#1829,#1830,#1831,#1832,#1833,
    #1834,#1835,#1836,#1837,#1838,#1839,#1840,#1841,#1842,#1843,#1844,
    #1845,#1846,#1847,#1848,#1849,#1850),.UNSPECIFIED.,.F.,.F.,(4,1,1,1,
    1,1,1,1,1,1,1,1,1,1,1,1,1,1,1,4),(0.,4.176688177199E-03,
    1.670661519072E-02,3.758980854408E-02,6.682627216637E-02,
    0.104416007367,0.150359014742,0.204655294612,0.267304847168,
    0.338307672535,0.417663770799,0.505373142021,0.601435786244,
    0.705851703504,0.818620893827,0.939743357234,1.069219093742,
    1.207048103365,1.353230386115,1.507765942),.UNSPECIFIED.);
#1829 = CARTESIAN_POINT('',(2.201010685387,-9.135522651647,0.));
#1830 = CARTESIAN_POINT('',(2.201352933109,-9.136872290672,0.));
#1831 = CARTESIAN_POINT('',(2.20276530399,-9.142259097623,0.));
#1832 = CARTESIAN_POINT('',(2.206316271225,-9.154278231243,0.));
#1833 = CARTESIAN_POINT('',(2.212751530316,-9.174147256981,0.));
#1834 = CARTESIAN_POINT('',(2.222586763124,-9.201684870192,0.));
#1835 = CARTESIAN_POINT('',(2.236257630976,-9.236706092527,0.));
#1836 = CARTESIAN_POINT('',(2.254226057949,-9.278997061748,0.));
#1837 = CARTESIAN_POINT('',(2.276930887076,-9.328326952778,0.));
#1838 = CARTESIAN_POINT('',(2.304805923858,-9.384443863356,0.));
#1839 = CARTESIAN_POINT('',(2.338272231018,-9.447076872078,0.));
#1840 = CARTESIAN_POINT('',(2.377739722223,-9.515935912009,0.));
#1841 = CARTESIAN_POINT('',(2.42360560834,-9.590712427305,0.));
#1842 = CARTESIAN_POINT('',(2.476253912515,-9.671079807181,0.));
#1843 = CARTESIAN_POINT('',(2.536054671996,-9.756693926358,0.));
#1844 = CARTESIAN_POINT('',(2.603363245746,-9.847193691731,0.));
#1845 = CARTESIAN_POINT('',(2.678519699209,-9.942201601215,0.));
#1846 = CARTESIAN_POINT('',(2.761847848805,-10.04132441539,0.));
#1847 = CARTESIAN_POINT('',(2.853655860644,-10.14415348314,0.));
#1848 = CARTESIAN_POINT('',(2.954230580887,-10.2502666126,0.));
#1849 = CARTESIAN_POINT('',(3.025339962588,-10.32094151945,0.));
#1850 = CARTESIAN_POINT('',(3.062394448343,-10.35672439735,0.));
#1851 = ORIENTED_EDGE('',*,*,#1852,.T.);
#1852 = EDGE_CURVE('',#1826,#1853,#1855,.T.);
#1853 = VERTEX_POINT('',#1854);
#1854 = CARTESIAN_POINT('',(3.610000710633,-10.17879633695,0.));
#1855 = B_SPLINE_CURVE_WITH_KNOTS('',1,(#1856,#1857),.UNSPECIFIED.,.F.,
  .F.,(2,2),(0.,0.575787298554),.PIECEWISE_BEZIER_KNOTS.);
#1856 = CARTESIAN_POINT('',(3.062394448343,-10.35672439735,0.));
#1857 = CARTESIAN_POINT('',(3.610000710633,-10.17879633695,0.));
#1858 = ORIENTED_EDGE('',*,*,#1859,.T.);
#1859 = EDGE_CURVE('',#1853,#1860,#1862,.T.);
#1860 = VERTEX_POINT('',#1861);
#1861 = CARTESIAN_POINT('',(3.589070437343,-8.684514698689,0.));
#1862 = B_SPLINE_CURVE_WITH_KNOTS('',3,(#1863,#1864,#1865,#1866,#1867,
    #1868,#1869,#1870,#1871,#1872,#1873,#1874,#1875,#1876,#1877,#1878,
    #1879,#1880,#1881,#1882,#1883,#1884),.UNSPECIFIED.,.F.,.F.,(4,1,1,1,
    1,1,1,1,1,1,1,1,1,1,1,1,1,1,1,4),(0.,0.154535555886,0.300717838635,
    0.438546848258,0.568022584766,0.689145048173,0.801914238496,
    0.906330155756,1.002392799979,1.090102171201,1.169458269465,
    1.240461094832,1.303110647389,1.357406927258,1.403349934633,
    1.440939669834,1.470176133456,1.491059326809,1.503589253823,
    1.507765942),.UNSPECIFIED.);
#1863 = CARTESIAN_POINT('',(3.610000710633,-10.17879633695,0.));
#1864 = CARTESIAN_POINT('',(3.618945771412,-10.12806730036,0.));
#1865 = CARTESIAN_POINT('',(3.634932801713,-10.02909305378,0.));
#1866 = CARTESIAN_POINT('',(3.653927727024,-9.884129391415,0.));
#1867 = CARTESIAN_POINT('',(3.66776055929,-9.746975532687,0.));
#1868 = CARTESIAN_POINT('',(3.676911520084,-9.617804434055,0.));
#1869 = CARTESIAN_POINT('',(3.681870120127,-9.496765565722,0.));
#1870 = CARTESIAN_POINT('',(3.683129472736,-9.383986730545,0.));
#1871 = CARTESIAN_POINT('',(3.681186586793,-9.279573448673,0.));
#1872 = CARTESIAN_POINT('',(3.676541198938,-9.183608975808,0.));
#1873 = CARTESIAN_POINT('',(3.669694947361,-9.096154212711,0.));
#1874 = CARTESIAN_POINT('',(3.661150490312,-9.017247669915,0.));
#1875 = CARTESIAN_POINT('',(3.65141054271,-8.946905499652,0.));
#1876 = CARTESIAN_POINT('',(3.640977228744,-8.885121429795,0.));
#1877 = CARTESIAN_POINT('',(3.630350438917,-8.831867145905,0.));
#1878 = CARTESIAN_POINT('',(3.620029193687,-8.787091456715,0.));
#1879 = CARTESIAN_POINT('',(3.610504200101,-8.750723158173,0.));
#1880 = CARTESIAN_POINT('',(3.602274867658,-8.722663756304,0.));
#1881 = CARTESIAN_POINT('',(3.59580238132,-8.702806826431,0.));
#1882 = CARTESIAN_POINT('',(3.591610504672,-8.690995936903,0.));
#1883 = CARTESIAN_POINT('',(3.589586851034,-8.68580774776,0.));
#1884 = CARTESIAN_POINT('',(3.589070437343,-8.684514698689,0.));
#1885 = ORIENTED_EDGE('',*,*,#1886,.T.);
#1886 = EDGE_CURVE('',#1860,#1887,#1889,.T.);
#1887 = VERTEX_POINT('',#1888);
#1888 = CARTESIAN_POINT('',(3.437468084943,-8.317680756376,0.));
#1889 = B_SPLINE_CURVE_WITH_KNOTS('',1,(#1890,#1891),.UNSPECIFIED.,.F.,
  .F.,(2,2),(0.,0.396926207859),.PIECEWISE_BEZIER_KNOTS.);
#1890 = CARTESIAN_POINT('',(3.589070437343,-8.684514698689,0.));
#1891 = CARTESIAN_POINT('',(3.437468084943,-8.317680756376,0.));
#1892 = ORIENTED_EDGE('',*,*,#1893,.T.);
#1893 = EDGE_CURVE('',#1887,#1894,#1896,.T.);
#1894 = VERTEX_POINT('',#1895);
#1895 = CARTESIAN_POINT('',(4.217758550631,-7.950503934253,0.));
#1896 = B_SPLINE_CURVE_WITH_KNOTS('',1,(#1897,#1898),.UNSPECIFIED.,.F.,
  .F.,(2,2),(0.,0.862364209338),.PIECEWISE_BEZIER_KNOTS.);
#1897 = CARTESIAN_POINT('',(3.437468084943,-8.317680756376,0.));
#1898 = CARTESIAN_POINT('',(4.217758550631,-7.950503934253,0.));
#1899 = ORIENTED_EDGE('',*,*,#1900,.T.);
#1900 = EDGE_CURVE('',#1894,#1901,#1903,.T.);
#1901 = VERTEX_POINT('',#1902);
#1902 = CARTESIAN_POINT('',(4.403773984761,-8.301144309497,0.));
#1903 = B_SPLINE_CURVE_WITH_KNOTS('',1,(#1904,#1905),.UNSPECIFIED.,.F.,
  .F.,(2,2),(0.,0.396926207859),.PIECEWISE_BEZIER_KNOTS.);
#1904 = CARTESIAN_POINT('',(4.217758550631,-7.950503934253,0.));
#1905 = CARTESIAN_POINT('',(4.403773984761,-8.301144309497,0.));
#1906 = ORIENTED_EDGE('',*,*,#1907,.T.);
#1907 = EDGE_CURVE('',#1901,#1908,#1910,.T.);
#1908 = VERTEX_POINT('',#1909);
#1909 = CARTESIAN_POINT('',(5.541796317175,-9.269762325915,0.));
#1910 = B_SPLINE_CURVE_WITH_KNOTS('',3,(#1911,#1912,#1913,#1914,#1915,
    #1916,#1917,#1918,#1919,#1920,#1921,#1922,#1923,#1924,#1925,#1926,
    #1927,#1928,#1929,#1930,#1931,#1932),.UNSPECIFIED.,.F.,.F.,(4,1,1,1,
    1,1,1,1,1,1,1,1,1,1,1,1,1,1,1,4),(0.,4.176688177199E-03,
    1.670661519072E-02,3.758980854408E-02,6.682627216637E-02,
    0.104416007367,0.150359014742,0.204655294612,0.267304847168,
    0.338307672535,0.417663770799,0.505373142021,0.601435786244,
    0.705851703504,0.818620893827,0.939743357234,1.069219093742,
    1.207048103365,1.353230386115,1.507765942),.UNSPECIFIED.);
#1911 = CARTESIAN_POINT('',(4.403773984761,-8.301144309497,0.));
#1912 = CARTESIAN_POINT('',(4.404441121718,-8.302366433583,0.));
#1913 = CARTESIAN_POINT('',(4.407148764783,-8.307232761733,0.));
#1914 = CARTESIAN_POINT('',(4.413577208836,-8.317991202528,0.));
#1915 = CARTESIAN_POINT('',(4.424751518198,-8.335635622428,0.));
#1916 = CARTESIAN_POINT('',(4.441126085004,-8.359862167944,0.));
#1917 = CARTESIAN_POINT('',(4.463076881234,-8.390383327597,0.));
#1918 = CARTESIAN_POINT('',(4.490998133396,-8.426877082176,0.));
#1919 = CARTESIAN_POINT('',(4.525257493598,-8.469010722574,0.));
#1920 = CARTESIAN_POINT('',(4.566212493001,-8.516432377462,0.));
#1921 = CARTESIAN_POINT('',(4.614203590454,-8.56877492289,0.));
#1922 = CARTESIAN_POINT('',(4.669555684717,-8.625655463525,0.));
#1923 = CARTESIAN_POINT('',(4.732576772832,-8.686676355044,0.));
#1924 = CARTESIAN_POINT('',(4.803557588351,-8.751425745072,0.));
#1925 = CARTESIAN_POINT('',(4.882770962645,-8.819478295134,0.));
#1926 = CARTESIAN_POINT('',(4.970471290218,-8.890395882349,0.));
#1927 = CARTESIAN_POINT('',(5.066894071782,-8.963728293718,0.));
#1928 = CARTESIAN_POINT('',(5.172255155801,-9.039014114292,0.));
#1929 = CARTESIAN_POINT('',(5.286751399382,-9.115780893686,0.));
#1930 = CARTESIAN_POINT('',(5.410555642036,-9.193548368224,0.));
#1931 = CARTESIAN_POINT('',(5.49700712636,-9.244318708804,0.));
#1932 = CARTESIAN_POINT('',(5.541796317175,-9.269762325915,0.));
#1933 = ORIENTED_EDGE('',*,*,#1934,.T.);
#1934 = EDGE_CURVE('',#1908,#1935,#1937,.T.);
#1935 = VERTEX_POINT('',#1936);
#1936 = CARTESIAN_POINT('',(6.027949612493,-8.961240063141,0.));
#1937 = B_SPLINE_CURVE_WITH_KNOTS('',1,(#1938,#1939),.UNSPECIFIED.,.F.,
  .F.,(2,2),(0.,0.575787298554),.PIECEWISE_BEZIER_KNOTS.);
#1938 = CARTESIAN_POINT('',(5.541796317175,-9.269762325915,0.));
#1939 = CARTESIAN_POINT('',(6.027949612493,-8.961240063141,0.));
#1940 = ORIENTED_EDGE('',*,*,#1941,.T.);
#1941 = EDGE_CURVE('',#1935,#1942,#1944,.T.);
#1942 = VERTEX_POINT('',#1943);
#1943 = CARTESIAN_POINT('',(5.636064170213,-7.519109177635,0.));
#1944 = B_SPLINE_CURVE_WITH_KNOTS('',3,(#1945,#1946,#1947,#1948,#1949,
    #1950,#1951,#1952,#1953,#1954,#1955,#1956,#1957,#1958,#1959,#1960,
    #1961,#1962,#1963,#1964,#1965,#1966),.UNSPECIFIED.,.F.,.F.,(4,1,1,1,
    1,1,1,1,1,1,1,1,1,1,1,1,1,1,1,4),(0.,0.154535555886,0.300717838635,
    0.438546848258,0.568022584766,0.689145048173,0.801914238496,
    0.906330155756,1.002392799979,1.090102171201,1.169458269465,
    1.240461094832,1.303110647389,1.357406927258,1.403349934633,
    1.440939669834,1.470176133456,1.491059326809,1.503589253823,
    1.507765942),.UNSPECIFIED.);
#1945 = CARTESIAN_POINT('',(6.027949612493,-8.961240063141,0.));
#1946 = CARTESIAN_POINT('',(6.023997849354,-8.909880226366,0.));
#1947 = CARTESIAN_POINT('',(6.014868723485,-8.810039624979,0.));
#1948 = CARTESIAN_POINT('',(5.997215891451,-8.664906416799,0.));
#1949 = CARTESIAN_POINT('',(5.976505362203,-8.528621413256,0.));
#1950 = CARTESIAN_POINT('',(5.953245282793,-8.401232710809,0.));
#1951 = CARTESIAN_POINT('',(5.927946956788,-8.282763347414,0.));
#1952 = CARTESIAN_POINT('',(5.901119788725,-8.173214478472,0.));
#1953 = CARTESIAN_POINT('',(5.873271414828,-8.072564707939,0.));
#1954 = CARTESIAN_POINT('',(5.844906576447,-7.980770396437,0.));
#1955 = CARTESIAN_POINT('',(5.816526297286,-7.897765779072,0.));
#1956 = CARTESIAN_POINT('',(5.788627020842,-7.823463150477,0.));
#1957 = CARTESIAN_POINT('',(5.76169968522,-7.757753135313,0.));
#1958 = CARTESIAN_POINT('',(5.736229079636,-7.700504785297,0.));
#1959 = CARTESIAN_POINT('',(5.712692348101,-7.651566357826,0.));
#1960 = CARTESIAN_POINT('',(5.691560102677,-7.61076416856,0.));
#1961 = CARTESIAN_POINT('',(5.673289926219,-7.577907216573,0.));
#1962 = CARTESIAN_POINT('',(5.658341043902,-7.552775904168,0.));
#1963 = CARTESIAN_POINT('',(5.647133684975,-7.535152458159,0.));
#1964 = CARTESIAN_POINT('',(5.640136255057,-7.524755106775,0.));
#1965 = CARTESIAN_POINT('',(5.636885928046,-7.520233176328,0.));
#1966 = CARTESIAN_POINT('',(5.636064170213,-7.519109177635,0.));
#1967 = ORIENTED_EDGE('',*,*,#1968,.T.);
#1968 = EDGE_CURVE('',#1942,#1969,#1971,.T.);
#1969 = VERTEX_POINT('',#1970);
#1970 = CARTESIAN_POINT('',(5.39799679277,-7.201501970092,0.));
#1971 = B_SPLINE_CURVE_WITH_KNOTS('',1,(#1972,#1973),.UNSPECIFIED.,.F.,
  .F.,(2,2),(0.,0.396926207859),.PIECEWISE_BEZIER_KNOTS.);
#1972 = CARTESIAN_POINT('',(5.636064170213,-7.519109177635,0.));
#1973 = CARTESIAN_POINT('',(5.39799679277,-7.201501970092,0.));
#1974 = ORIENTED_EDGE('',*,*,#1975,.T.);
#1975 = EDGE_CURVE('',#1969,#1976,#1978,.T.);
#1976 = VERTEX_POINT('',#1977);
#1977 = CARTESIAN_POINT('',(6.062459836161,-6.65181033516,0.));
#1978 = B_SPLINE_CURVE_WITH_KNOTS('',1,(#1979,#1980),.UNSPECIFIED.,.F.,
  .F.,(2,2),(0.,0.862364209338),.PIECEWISE_BEZIER_KNOTS.);
#1979 = CARTESIAN_POINT('',(5.39799679277,-7.201501970092,0.));
#1980 = CARTESIAN_POINT('',(6.062459836161,-6.65181033516,0.));
#1981 = ORIENTED_EDGE('',*,*,#1982,.T.);
#1982 = EDGE_CURVE('',#1976,#1983,#1985,.T.);
#1983 = VERTEX_POINT('',#1984);
#1984 = CARTESIAN_POINT('',(6.329831968723,-6.945174540908,0.));
#1985 = B_SPLINE_CURVE_WITH_KNOTS('',1,(#1986,#1987),.UNSPECIFIED.,.F.,
  .F.,(2,2),(0.,0.396926207859),.PIECEWISE_BEZIER_KNOTS.);
#1986 = CARTESIAN_POINT('',(6.062459836161,-6.65181033516,0.));
#1987 = CARTESIAN_POINT('',(6.329831968723,-6.945174540908,0.));
#1988 = ORIENTED_EDGE('',*,*,#1989,.T.);
#1989 = EDGE_CURVE('',#1983,#1990,#1992,.T.);
#1990 = VERTEX_POINT('',#1991);
#1991 = CARTESIAN_POINT('',(7.672986742097,-7.600346995737,0.));
#1992 = B_SPLINE_CURVE_WITH_KNOTS('',3,(#1993,#1994,#1995,#1996,#1997,
    #1998,#1999,#2000,#2001,#2002,#2003,#2004,#2005,#2006,#2007,#2008,
    #2009,#2010,#2011,#2012,#2013,#2014),.UNSPECIFIED.,.F.,.F.,(4,1,1,1,
    1,1,1,1,1,1,1,1,1,1,1,1,1,1,1,4),(0.,4.176688177199E-03,
    1.670661519072E-02,3.758980854408E-02,6.682627216637E-02,
    0.104416007367,0.150359014742,0.204655294612,0.267304847168,
    0.338307672535,0.417663770799,0.505373142021,0.601435786244,
    0.705851703504,0.818620893827,0.939743357234,1.069219093742,
    1.207048103365,1.353230386115,1.507765942),.UNSPECIFIED.);
#1993 = CARTESIAN_POINT('',(6.329831968723,-6.945174540908,0.));
#1994 = CARTESIAN_POINT('',(6.330782076247,-6.946192359504,0.));
#1995 = CARTESIAN_POINT('',(6.334614860325,-6.950232439558,0.));
#1996 = CARTESIAN_POINT('',(6.343516858415,-6.959054195126,0.));
#1997 = CARTESIAN_POINT('',(6.358728095094,-6.973365345395,0.));
#1998 = CARTESIAN_POINT('',(6.380613121644,-6.992758580262,0.));
#1999 = CARTESIAN_POINT('',(6.409464596996,-7.016861920523,0.));
#2000 = CARTESIAN_POINT('',(6.445584279386,-7.045265423644,0.));
#2001 = CARTESIAN_POINT('',(6.489245529065,-7.077555401828,0.));
#2002 = CARTESIAN_POINT('',(6.540707137854,-7.113302124045,0.));
#2003 = CARTESIAN_POINT('',(6.600207568447,-7.152065331546,0.));
#2004 = CARTESIAN_POINT('',(6.667966290116,-7.193393359325,0.));
#2005 = CARTESIAN_POINT('',(6.744182733488,-7.236824460036,0.));
#2006 = CARTESIAN_POINT('',(6.829036074661,-7.281887417907,0.));
#2007 = CARTESIAN_POINT('',(6.922684796136,-7.328102406854,0.));
#2008 = CARTESIAN_POINT('',(7.02526634341,-7.37498180309,0.));
#2009 = CARTESIAN_POINT('',(7.136896855092,-7.42203097124,0.));
#2010 = CARTESIAN_POINT('',(7.257670649135,-7.468749313223,0.));
#2011 = CARTESIAN_POINT('',(7.387660904384,-7.514630265181,0.));
#2012 = CARTESIAN_POINT('',(7.526915593564,-7.559165668367,0.));
#2013 = CARTESIAN_POINT('',(7.623277115805,-7.586841355455,0.));
#2014 = CARTESIAN_POINT('',(7.672986742097,-7.600346995737,0.));
#2015 = ORIENTED_EDGE('',*,*,#2016,.T.);
#2016 = EDGE_CURVE('',#1990,#2017,#2019,.T.);
#2017 = VERTEX_POINT('',#2018);
#2018 = CARTESIAN_POINT('',(8.067140270953,-7.180616119023,0.));
#2019 = B_SPLINE_CURVE_WITH_KNOTS('',1,(#2020,#2021),.UNSPECIFIED.,.F.,
  .F.,(2,2),(0.,0.575787298554),.PIECEWISE_BEZIER_KNOTS.);
#2020 = CARTESIAN_POINT('',(7.672986742097,-7.600346995737,0.));
#2021 = CARTESIAN_POINT('',(8.067140270953,-7.180616119023,0.));
#2022 = ORIENTED_EDGE('',*,*,#2023,.T.);
#2023 = EDGE_CURVE('',#2017,#2024,#2026,.T.);
#2024 = VERTEX_POINT('',#2025);
#2025 = CARTESIAN_POINT('',(7.328923263275,-5.8812503736,0.));
#2026 = B_SPLINE_CURVE_WITH_KNOTS('',3,(#2027,#2028,#2029,#2030,#2031,
    #2032,#2033,#2034,#2035,#2036,#2037,#2038,#2039,#2040,#2041,#2042,
    #2043,#2044,#2045,#2046,#2047,#2048),.UNSPECIFIED.,.F.,.F.,(4,1,1,1,
    1,1,1,1,1,1,1,1,1,1,1,1,1,1,1,4),(0.,0.154535555886,0.300717838635,
    0.438546848258,0.568022584766,0.689145048173,0.801914238496,
    0.906330155756,1.002392799979,1.090102171201,1.169458269465,
    1.240461094832,1.303110647389,1.357406927258,1.403349934633,
    1.440939669834,1.470176133456,1.491059326809,1.503589253823,
    1.507765942),.UNSPECIFIED.);
#2027 = CARTESIAN_POINT('',(8.067140270953,-7.180616119023,0.));
#2028 = CARTESIAN_POINT('',(8.050539987706,-7.131852609494,0.));
#2029 = CARTESIAN_POINT('',(8.016868322221,-7.037419005475,0.));
#2030 = CARTESIAN_POINT('',(7.9636769252,-6.901235504719,0.));
#2031 = CARTESIAN_POINT('',(7.909724353159,-6.774382644354,0.));
#2032 = CARTESIAN_POINT('',(7.855514749878,-6.656780638771,0.));
#2033 = CARTESIAN_POINT('',(7.80154908469,-6.548324646116,0.));
#2034 = CARTESIAN_POINT('',(7.748321045587,-6.448889101737,0.));
#2035 = CARTESIAN_POINT('',(7.696316999489,-6.358327037789,0.));
#2036 = CARTESIAN_POINT('',(7.646014977695,-6.276470661837,0.));
#2037 = CARTESIAN_POINT('',(7.597883908265,-6.203131675584,0.));
#2038 = CARTESIAN_POINT('',(7.552382826573,-6.13810166861,0.));
#2039 = CARTESIAN_POINT('',(7.509960046458,-6.081152610462,0.));
#2040 = CARTESIAN_POINT('',(7.47105256108,-6.032037104663,0.));
#2041 = CARTESIAN_POINT('',(7.436084787241,-5.990489514992,0.));
#2042 = CARTESIAN_POINT('',(7.405469358322,-5.956224577261,0.));
#2043 = CARTESIAN_POINT('',(7.379601981372,-5.928943494963,0.));
#2044 = CARTESIAN_POINT('',(7.358872842436,-5.908319364807,0.));
#2045 = CARTESIAN_POINT('',(7.343634810499,-5.894036748588,0.));
#2046 = CARTESIAN_POINT('',(7.334271501566,-5.885706239174,0.));
#2047 = CARTESIAN_POINT('',(7.329998731183,-5.882134696946,0.));
#2048 = CARTESIAN_POINT('',(7.328923263275,-5.8812503736,0.));
#2049 = ORIENTED_EDGE('',*,*,#2050,.T.);
#2050 = EDGE_CURVE('',#2024,#2051,#2053,.T.);
#2051 = VERTEX_POINT('',#2052);
#2052 = CARTESIAN_POINT('',(7.019349509663,-5.632826329756,0.));
#2053 = B_SPLINE_CURVE_WITH_KNOTS('',1,(#2054,#2055),.UNSPECIFIED.,.F.,
  .F.,(2,2),(0.,0.396926207859),.PIECEWISE_BEZIER_KNOTS.);
#2054 = CARTESIAN_POINT('',(7.328923263275,-5.8812503736,0.));
#2055 = CARTESIAN_POINT('',(7.019349509663,-5.632826329756,0.));
#2056 = ORIENTED_EDGE('',*,*,#2057,.T.);
#2057 = EDGE_CURVE('',#2051,#2058,#2060,.T.);
#2058 = VERTEX_POINT('',#2059);
#2059 = CARTESIAN_POINT('',(7.526234474017,-4.935159029061,0.));
#2060 = B_SPLINE_CURVE_WITH_KNOTS('',1,(#2061,#2062),.UNSPECIFIED.,.F.,
  .F.,(2,2),(0.,0.862364209338),.PIECEWISE_BEZIER_KNOTS.);
#2061 = CARTESIAN_POINT('',(7.019349509663,-5.632826329756,0.));
#2062 = CARTESIAN_POINT('',(7.526234474017,-4.935159029061,0.));
#2063 = ORIENTED_EDGE('',*,*,#2064,.T.);
#2064 = EDGE_CURVE('',#2058,#2065,#2067,.T.);
#2065 = VERTEX_POINT('',#2066);
#2066 = CARTESIAN_POINT('',(7.858163330598,-5.152813913348,0.));
#2067 = B_SPLINE_CURVE_WITH_KNOTS('',1,(#2068,#2069),.UNSPECIFIED.,.F.,
  .F.,(2,2),(0.,0.396926207859),.PIECEWISE_BEZIER_KNOTS.);
#2068 = CARTESIAN_POINT('',(7.526234474017,-4.935159029061,0.));
#2069 = CARTESIAN_POINT('',(7.858163330598,-5.152813913348,0.));
#2070 = ORIENTED_EDGE('',*,*,#2071,.T.);
#2071 = EDGE_CURVE('',#2065,#2072,#2074,.T.);
#2072 = VERTEX_POINT('',#2073);
#2073 = CARTESIAN_POINT('',(9.322055190742,-5.453373911696,0.));
#2074 = B_SPLINE_CURVE_WITH_KNOTS('',3,(#2075,#2076,#2077,#2078,#2079,
    #2080,#2081,#2082,#2083,#2084,#2085,#2086,#2087,#2088,#2089,#2090,
    #2091,#2092,#2093,#2094,#2095,#2096),.UNSPECIFIED.,.F.,.F.,(4,1,1,1,
    1,1,1,1,1,1,1,1,1,1,1,1,1,1,1,4),(0.,4.176688177199E-03,
    1.670661519072E-02,3.758980854408E-02,6.682627216637E-02,
    0.104416007367,0.150359014742,0.204655294612,0.267304847168,
    0.338307672535,0.417663770799,0.505373142021,0.601435786244,
    0.705851703504,0.818620893827,0.939743357234,1.069219093742,
    1.207048103365,1.353230386115,1.507765942),.UNSPECIFIED.);
#2075 = CARTESIAN_POINT('',(7.858163330598,-5.152813913348,0.));
#2076 = CARTESIAN_POINT('',(7.859336709938,-5.153563473168,0.));
#2077 = CARTESIAN_POINT('',(7.864053807109,-5.156523452039,0.));
#2078 = CARTESIAN_POINT('',(7.874870013956,-5.162854219033,0.));
#2079 = CARTESIAN_POINT('',(7.893162400009,-5.172932877466,0.));
#2080 = CARTESIAN_POINT('',(7.919182769597,-5.186274253416,0.));
#2081 = CARTESIAN_POINT('',(7.953122079766,-5.202445272769,0.));
#2082 = CARTESIAN_POINT('',(7.995170659901,-5.220973827872,0.));
#2083 = CARTESIAN_POINT('',(8.045490402166,-5.241391245757,0.));
#2084 = CARTESIAN_POINT('',(8.104225098198,-5.26321693728,0.));
#2085 = CARTESIAN_POINT('',(8.17149623105,-5.285965171966,0.));
#2086 = CARTESIAN_POINT('',(8.247404050443,-5.309143894908,0.));
#2087 = CARTESIAN_POINT('',(8.332026889629,-5.332256269024,0.));
#2088 = CARTESIAN_POINT('',(8.425421108964,-5.354801323367,0.));
#2089 = CARTESIAN_POINT('',(8.527620884031,-5.376274893476,0.));
#2090 = CARTESIAN_POINT('',(8.638638075124,-5.396170493857,0.));
#2091 = CARTESIAN_POINT('',(8.758462161326,-5.413980146518,0.));
#2092 = CARTESIAN_POINT('',(8.887060003738,-5.429195524666,0.));
#2093 = CARTESIAN_POINT('',(9.024376504849,-5.441307780239,0.));
#2094 = CARTESIAN_POINT('',(9.170331756289,-5.449812788899,0.));
#2095 = CARTESIAN_POINT('',(9.270548567612,-5.452654857292,0.));
#2096 = CARTESIAN_POINT('',(9.322055190742,-5.453373911696,0.));
#2097 = ORIENTED_EDGE('',*,*,#2098,.T.);
#2098 = EDGE_CURVE('',#2072,#2099,#2101,.T.);
#2099 = VERTEX_POINT('',#2100);
#2100 = CARTESIAN_POINT('',(9.599442837321,-4.948807655688,0.));
#2101 = B_SPLINE_CURVE_WITH_KNOTS('',1,(#2102,#2103),.UNSPECIFIED.,.F.,
  .F.,(2,2),(0.,0.575787298554),.PIECEWISE_BEZIER_KNOTS.);
#2102 = CARTESIAN_POINT('',(9.322055190742,-5.453373911696,0.));
#2103 = CARTESIAN_POINT('',(9.599442837321,-4.948807655688,0.));
#2104 = ORIENTED_EDGE('',*,*,#2105,.T.);
#2105 = EDGE_CURVE('',#2099,#2106,#2108,.T.);
#2106 = VERTEX_POINT('',#2107);
#2107 = CARTESIAN_POINT('',(8.561279153811,-3.873850978867,0.));
#2108 = B_SPLINE_CURVE_WITH_KNOTS('',3,(#2109,#2110,#2111,#2112,#2113,
    #2114,#2115,#2116,#2117,#2118,#2119,#2120,#2121,#2122,#2123,#2124,
    #2125,#2126,#2127,#2128,#2129,#2130),.UNSPECIFIED.,.F.,.F.,(4,1,1,1,
    1,1,1,1,1,1,1,1,1,1,1,1,1,1,1,4),(0.,0.154535555886,0.300717838635,
    0.438546848258,0.568022584766,0.689145048173,0.801914238496,
    0.906330155756,1.002392799979,1.090102171201,1.169458269465,
    1.240461094832,1.303110647389,1.357406927258,1.403349934633,
    1.440939669834,1.470176133456,1.491059326809,1.503589253823,
    1.507765942),.UNSPECIFIED.);
#2109 = CARTESIAN_POINT('',(9.599442837321,-4.948807655688,0.));
#2110 = CARTESIAN_POINT('',(9.571237090816,-4.905704464048,0.));
#2111 = CARTESIAN_POINT('',(9.515138600292,-4.822611468042,0.));
#2112 = CARTESIAN_POINT('',(9.429750849384,-4.703934584908,0.));
#2113 = CARTESIAN_POINT('',(9.345946273075,-4.594484499472,0.));
#2114 = CARTESIAN_POINT('',(9.264193334667,-4.494058557271,0.));
#2115 = CARTESIAN_POINT('',(9.184951191511,-4.402430624249,0.));
#2116 = CARTESIAN_POINT('',(9.108666794824,-4.319356305384,0.));
#2117 = CARTESIAN_POINT('',(9.035774681998,-4.244572295563,0.));
#2118 = CARTESIAN_POINT('',(8.966696137819,-4.177797192309,0.));
#2119 = CARTESIAN_POINT('',(8.901838530225,-4.118731995396,0.));
#2120 = CARTESIAN_POINT('',(8.841594643588,-4.067060684545,0.));
#2121 = CARTESIAN_POINT('',(8.786341998276,-4.022450902181,0.));
#2122 = CARTESIAN_POINT('',(8.736442333501,-3.984554348462,0.));
#2123 = CARTESIAN_POINT('',(8.692240671192,-3.953008184451,0.));
#2124 = CARTESIAN_POINT('',(8.654065738773,-3.927433490312,0.));
#2125 = CARTESIAN_POINT('',(8.622226503757,-3.907442448435,0.));
#2126 = CARTESIAN_POINT('',(8.597019596238,-3.892621390476,0.));
#2127 = CARTESIAN_POINT('',(8.578708352879,-3.882577033353,0.));
#2128 = CARTESIAN_POINT('',(8.567567496068,-3.876836802453,0.));
#2129 = CARTESIAN_POINT('',(8.56254075619,-3.874440061576,0.));
#2130 = CARTESIAN_POINT('',(8.561279153811,-3.873850978867,0.));
#2131 = ORIENTED_EDGE('',*,*,#2132,.T.);
#2132 = EDGE_CURVE('',#2106,#2133,#2135,.T.);
#2133 = VERTEX_POINT('',#2134);
#2134 = CARTESIAN_POINT('',(8.199650681502,-3.710219495035,0.));
#2135 = B_SPLINE_CURVE_WITH_KNOTS('',1,(#2136,#2137),.UNSPECIFIED.,.F.,
  .F.,(2,2),(0.,0.396926207859),.PIECEWISE_BEZIER_KNOTS.);
#2136 = CARTESIAN_POINT('',(8.561279153811,-3.873850978867,0.));
#2137 = CARTESIAN_POINT('',(8.199650681502,-3.710219495035,0.));
#2138 = ORIENTED_EDGE('',*,*,#2139,.T.);
#2139 = EDGE_CURVE('',#2133,#2140,#2142,.T.);
#2140 = VERTEX_POINT('',#2141);
#2141 = CARTESIAN_POINT('',(8.517108120316,-2.908413530921,0.));
#2142 = B_SPLINE_CURVE_WITH_KNOTS('',1,(#2143,#2144),.UNSPECIFIED.,.F.,
  .F.,(2,2),(0.,0.862364209338),.PIECEWISE_BEZIER_KNOTS.);
#2143 = CARTESIAN_POINT('',(8.199650681502,-3.710219495035,0.));
#2144 = CARTESIAN_POINT('',(8.517108120316,-2.908413530921,0.));
#2145 = ORIENTED_EDGE('',*,*,#2146,.T.);
#2146 = EDGE_CURVE('',#2140,#2147,#2149,.T.);
#2147 = VERTEX_POINT('',#2148);
#2148 = CARTESIAN_POINT('',(8.892737390108,-3.036683036889,0.));
#2149 = B_SPLINE_CURVE_WITH_KNOTS('',1,(#2150,#2151),.UNSPECIFIED.,.F.,
  .F.,(2,2),(0.,0.396926207859),.PIECEWISE_BEZIER_KNOTS.);
#2150 = CARTESIAN_POINT('',(8.517108120316,-2.908413530921,0.));
#2151 = CARTESIAN_POINT('',(8.892737390108,-3.036683036889,0.));
#2152 = ORIENTED_EDGE('',*,*,#2153,.T.);
#2153 = EDGE_CURVE('',#2147,#2154,#2156,.T.);
#2154 = VERTEX_POINT('',#2155);
#2155 = CARTESIAN_POINT('',(10.385384627632,-2.963745288677,0.));
#2156 = B_SPLINE_CURVE_WITH_KNOTS('',3,(#2157,#2158,#2159,#2160,#2161,
    #2162,#2163,#2164,#2165,#2166,#2167,#2168,#2169,#2170,#2171,#2172,
    #2173,#2174,#2175,#2176,#2177,#2178),.UNSPECIFIED.,.F.,.F.,(4,1,1,1,
    1,1,1,1,1,1,1,1,1,1,1,1,1,1,1,4),(0.,4.176688177199E-03,
    1.670661519072E-02,3.758980854408E-02,6.682627216637E-02,
    0.104416007367,0.150359014742,0.204655294612,0.267304847168,
    0.338307672535,0.417663770799,0.505373142021,0.601435786244,
    0.705851703504,0.818620893827,0.939743357234,1.069219093742,
    1.207048103365,1.353230386115,1.507765942),.UNSPECIFIED.);
#2157 = CARTESIAN_POINT('',(8.892737390108,-3.036683036889,0.));
#2158 = CARTESIAN_POINT('',(8.894060313526,-3.037117240333,0.));
#2159 = CARTESIAN_POINT('',(8.899365331226,-3.038811131661,0.));
#2160 = CARTESIAN_POINT('',(8.911416124774,-3.042253124708,0.));
#2161 = CARTESIAN_POINT('',(8.931640282311,-3.04746601213,0.));
#2162 = CARTESIAN_POINT('',(8.96016103942,-3.053917241445,0.));
#2163 = CARTESIAN_POINT('',(8.997055652728,-3.061139855272,0.));
#2164 = CARTESIAN_POINT('',(9.042391063674,-3.068629245095,0.));
#2165 = CARTESIAN_POINT('',(9.096207524054,-3.075891201227,0.));
#2166 = CARTESIAN_POINT('',(9.158524790367,-3.082424473587,0.));
#2167 = CARTESIAN_POINT('',(9.229339732794,-3.087728380211,0.));
#2168 = CARTESIAN_POINT('',(9.30862708245,-3.09130139391,0.));
#2169 = CARTESIAN_POINT('',(9.396339153243,-3.092642805963,0.));
#2170 = CARTESIAN_POINT('',(9.492405948458,-3.091253368098,0.));
#2171 = CARTESIAN_POINT('',(9.596735189387,-3.086636255985,0.));
#2172 = CARTESIAN_POINT('',(9.70921240589,-3.078297946768,0.));
#2173 = CARTESIAN_POINT('',(9.829701078593,-3.065749037964,0.));
#2174 = CARTESIAN_POINT('',(9.958042693985,-3.04850541411,0.));
#2175 = CARTESIAN_POINT('',(10.094057340178,-3.026087915734,0.));
#2176 = CARTESIAN_POINT('',(10.237542248646,-2.998028128895,0.));
#2177 = CARTESIAN_POINT('',(10.335317358223,-2.975858000983,0.));
#2178 = CARTESIAN_POINT('',(10.385384627632,-2.963745288677,0.));
#2179 = ORIENTED_EDGE('',*,*,#2180,.T.);
#2180 = EDGE_CURVE('',#2154,#2181,#2183,.T.);
#2181 = VERTEX_POINT('',#2182);
#2182 = CARTESIAN_POINT('',(10.52857710594,-2.406047406905,0.));
#2183 = B_SPLINE_CURVE_WITH_KNOTS('',1,(#2184,#2185),.UNSPECIFIED.,.F.,
  .F.,(2,2),(0.,0.575787298554),.PIECEWISE_BEZIER_KNOTS.);
#2184 = CARTESIAN_POINT('',(10.385384627632,-2.963745288677,0.));
#2185 = CARTESIAN_POINT('',(10.52857710594,-2.406047406905,0.));
#2186 = ORIENTED_EDGE('',*,*,#2187,.T.);
#2187 = EDGE_CURVE('',#2181,#2188,#2190,.T.);
#2188 = VERTEX_POINT('',#2189);
#2189 = CARTESIAN_POINT('',(9.255698388931,-1.623043280104,0.));
#2190 = B_SPLINE_CURVE_WITH_KNOTS('',3,(#2191,#2192,#2193,#2194,#2195,
    #2196,#2197,#2198,#2199,#2200,#2201,#2202,#2203,#2204,#2205,#2206,
    #2207,#2208,#2209,#2210,#2211,#2212),.UNSPECIFIED.,.F.,.F.,(4,1,1,1,
    1,1,1,1,1,1,1,1,1,1,1,1,1,1,1,4),(0.,0.154535555886,0.300717838635,
    0.438546848258,0.568022584766,0.689145048173,0.801914238496,
    0.906330155756,1.002392799979,1.090102171201,1.169458269465,
    1.240461094832,1.303110647389,1.357406927258,1.403349934633,
    1.440939669834,1.470176133456,1.491059326809,1.503589253823,
    1.507765942),.UNSPECIFIED.);
#2191 = CARTESIAN_POINT('',(10.52857710594,-2.406047406905,0.));
#2192 = CARTESIAN_POINT('',(10.490538166963,-2.371312865207,0.));
#2193 = CARTESIAN_POINT('',(10.415537725875,-2.304781515746,0.));
#2194 = CARTESIAN_POINT('',(10.303318847503,-2.211068155267,0.));
#2195 = CARTESIAN_POINT('',(10.194928016667,-2.125897996155,0.));
#2196 = CARTESIAN_POINT('',(10.090768580918,-2.048958248627,0.));
#2197 = CARTESIAN_POINT('',(9.991229035081,-1.979915695253,0.));
#2198 = CARTESIAN_POINT('',(9.896681510009,-1.918422466883,0.));
#2199 = CARTESIAN_POINT('',(9.807481409983,-1.864115465562,0.));
#2200 = CARTESIAN_POINT('',(9.723966802401,-1.816617360326,0.));
#2201 = CARTESIAN_POINT('',(9.64645789866,-1.775537236301,0.));
#2202 = CARTESIAN_POINT('',(9.575256552037,-1.740471320067,0.));
#2203 = CARTESIAN_POINT('',(9.510645768437,-1.711003810176,0.));
#2204 = CARTESIAN_POINT('',(9.452889303722,-1.686707388381,0.));
#2205 = CARTESIAN_POINT('',(9.402231105947,-1.667144811534,0.));
#2206 = CARTESIAN_POINT('',(9.358895341429,-1.651867313076,0.));
#2207 = CARTESIAN_POINT('',(9.323084824581,-1.640422422304,0.));
#2208 = CARTESIAN_POINT('',(9.294983991182,-1.632335698122,0.));
#2209 = CARTESIAN_POINT('',(9.274750099166,-1.627160723993,0.));
#2210 = CARTESIAN_POINT('',(9.262531715483,-1.624371451425,0.));
#2211 = CARTESIAN_POINT('',(9.257066854664,-1.623300107943,0.));
#2212 = CARTESIAN_POINT('',(9.255698388931,-1.623043280104,0.));
#2213 = ORIENTED_EDGE('',*,*,#2214,.T.);
#2214 = EDGE_CURVE('',#2188,#2215,#2217,.T.);
#2215 = VERTEX_POINT('',#2216);
#2216 = CARTESIAN_POINT('',(8.864737644817,-1.554485924208,0.));
#2217 = B_SPLINE_CURVE_WITH_KNOTS('',1,(#2218,#2219),.UNSPECIFIED.,.F.,
  .F.,(2,2),(0.,0.396926207859),.PIECEWISE_BEZIER_KNOTS.);
#2218 = CARTESIAN_POINT('',(9.255698388931,-1.623043280104,0.));
#2219 = CARTESIAN_POINT('',(8.864737644817,-1.554485924208,0.));
#2220 = ORIENTED_EDGE('',*,*,#2221,.T.);
#2221 = EDGE_CURVE('',#2215,#2222,#2224,.T.);
#2222 = VERTEX_POINT('',#2223);
#2223 = CARTESIAN_POINT('',(8.972820539684,-0.698921714236,0.));
#2224 = B_SPLINE_CURVE_WITH_KNOTS('',1,(#2225,#2226),.UNSPECIFIED.,.F.,
  .F.,(2,2),(0.,0.862364209338),.PIECEWISE_BEZIER_KNOTS.);
#2225 = CARTESIAN_POINT('',(8.864737644817,-1.554485924208,0.));
#2226 = CARTESIAN_POINT('',(8.972820539684,-0.698921714236,0.));
#2227 = ORIENTED_EDGE('',*,*,#2228,.T.);
#2228 = EDGE_CURVE('',#2222,#62,#2229,.T.);
#2229 = B_SPLINE_CURVE_WITH_KNOTS('',1,(#2230,#2231),.UNSPECIFIED.,.F.,
  .F.,(2,2),(0.,0.396926207859),.PIECEWISE_BEZIER_KNOTS.);
#2230 = CARTESIAN_POINT('',(8.972820539684,-0.698921714236,0.));
#2231 = CARTESIAN_POINT('',(9.368548054197,-0.729746197083,0.));
#2232 = ORIENTED_EDGE('',*,*,#97,.T.);
#2233 = FACE_BOUND('',#2234,.F.);
#2234 = EDGE_LOOP('',(#2235));
#2235 = ORIENTED_EDGE('',*,*,#2236,.F.);
#2236 = EDGE_CURVE('',#2237,#2237,#2239,.T.);
#2237 = VERTEX_POINT('',#2238);
#2238 = CARTESIAN_POINT('',(-1.05,-6.,0.));
#2239 = CIRCLE('',#2240,1.05);
#2240 = AXIS2_PLACEMENT_3D('',#2241,#2242,#2243);
#2241 = CARTESIAN_POINT('',(0.,-6.,0.));
#2242 = DIRECTION('',(0.,0.,1.));
#2243 = DIRECTION('',(-1.,0.,0.));
#2244 = FACE_BOUND('',#2245,.F.);
#2245 = EDGE_LOOP('',(#2246));
#2246 = ORIENTED_EDGE('',*,*,#2247,.F.);
#2247 = EDGE_CURVE('',#2248,#2248,#2250,.T.);
#2248 = VERTEX_POINT('',#2249);
#2249 = CARTESIAN_POINT('',(-6.,1.05,0.));
#2250 = CIRCLE('',#2251,1.05);
#2251 = AXIS2_PLACEMENT_3D('',#2252,#2253,#2254);
#2252 = CARTESIAN_POINT('',(-6.,0.,0.));
#2253 = DIRECTION('',(0.,-0.,1.));
#2254 = DIRECTION('',(0.,1.,0.));
#2255 = FACE_BOUND('',#2256,.F.);
#2256 = EDGE_LOOP('',(#2257));
#2257 = ORIENTED_EDGE('',*,*,#2258,.T.);
#2258 = EDGE_CURVE('',#2259,#2259,#2261,.T.);
#2259 = VERTEX_POINT('',#2260);
#2260 = CARTESIAN_POINT('',(2.75,0.,0.));
#2261 = CIRCLE('',#2262,2.75);
#2262 = AXIS2_PLACEMENT_3D('',#2263,#2264,#2265);
#2263 = CARTESIAN_POINT('',(0.,0.,0.));
#2264 = DIRECTION('',(0.,0.,-1.));
#2265 = DIRECTION('',(1.,0.,0.));
#2266 = FACE_BOUND('',#2267,.F.);
#2267 = EDGE_LOOP('',(#2268));
#2268 = ORIENTED_EDGE('',*,*,#2269,.F.);
#2269 = EDGE_CURVE('',#2270,#2270,#2272,.T.);
#2270 = VERTEX_POINT('',#2271);
#2271 = CARTESIAN_POINT('',(6.,-1.05,0.));
#2272 = CIRCLE('',#2273,1.05);
#2273 = AXIS2_PLACEMENT_3D('',#2274,#2275,#2276);
#2274 = CARTESIAN_POINT('',(6.,0.,0.));
#2275 = DIRECTION('',(-0.,0.,1.));
#2276 = DIRECTION('',(0.,-1.,0.));
#2277 = FACE_BOUND('',#2278,.F.);
#2278 = EDGE_LOOP('',(#2279));
#2279 = ORIENTED_EDGE('',*,*,#2280,.F.);
#2280 = EDGE_CURVE('',#2281,#2281,#2283,.T.);
#2281 = VERTEX_POINT('',#2282);
#2282 = CARTESIAN_POINT('',(1.05,6.,0.));
#2283 = CIRCLE('',#2284,1.05);
#2284 = AXIS2_PLACEMENT_3D('',#2285,#2286,#2287);
#2285 = CARTESIAN_POINT('',(0.,6.,0.));
#2286 = DIRECTION('',(0.,0.,1.));
#2287 = DIRECTION('',(1.,0.,0.));
#2288 = PLANE('',#2289);
#2289 = AXIS2_PLACEMENT_3D('',#2290,#2291,#2292);
#2290 = CARTESIAN_POINT('',(-3.02E-15,3.56E-15,0.));
#2291 = DIRECTION('',(0.,0.,1.));
#2292 = DIRECTION('',(1.,0.,0.));
#2293 = ADVANCED_FACE('',(#2294,#4289,#4300,#4311,#4322,#4333),#4344,.T.
  );
#2294 = FACE_BOUND('',#2295,.T.);
#2295 = EDGE_LOOP('',(#2296,#2297,#2298,#2306,#2314,#2322,#2349,#2356,
    #2383,#2390,#2397,#2404,#2431,#2438,#2465,#2472,#2479,#2486,#2513,
    #2520,#2547,#2554,#2561,#2568,#2595,#2602,#2629,#2636,#2643,#2650,
    #2677,#2684,#2711,#2718,#2725,#2732,#2759,#2766,#2793,#2800,#2807,
    #2814,#2841,#2848,#2875,#2882,#2889,#2896,#2923,#2930,#2957,#2964,
    #2971,#2978,#3005,#3012,#3039,#3046,#3053,#3060,#3087,#3094,#3121,
    #3128,#3135,#3142,#3169,#3176,#3203,#3210,#3217,#3224,#3251,#3258,
    #3285,#3292,#3299,#3306,#3333,#3340,#3367,#3374,#3381,#3388,#3415,
    #3422,#3449,#3456,#3463,#3470,#3497,#3504,#3531,#3538,#3545,#3552,
    #3579,#3586,#3613,#3620,#3627,#3634,#3661,#3668,#3695,#3702,#3709,
    #3716,#3743,#3750,#3777,#3784,#3791,#3798,#3825,#3832,#3859,#3866,
    #3873,#3880,#3907,#3914,#3941,#3948,#3955,#3962,#3989,#3996,#4023,
    #4030,#4037,#4044,#4071,#4078,#4105,#4112,#4119,#4126,#4153,#4160,
    #4187,#4194,#4201,#4208,#4235,#4242,#4269,#4276,#4283,#4288));
#2296 = ORIENTED_EDGE('',*,*,#31,.T.);
#2297 = ORIENTED_EDGE('',*,*,#152,.T.);
#2298 = ORIENTED_EDGE('',*,*,#2299,.T.);
#2299 = EDGE_CURVE('',#153,#2300,#2302,.T.);
#2300 = VERTEX_POINT('',#2301);
#2301 = CARTESIAN_POINT('',(8.972820539684,0.698921714236,3.));
#2302 = LINE('',#2303,#2304);
#2303 = CARTESIAN_POINT('',(9.368548054197,0.729746197083,3.));
#2304 = VECTOR('',#2305,1.);
#2305 = DIRECTION('',(-0.996980059965,-7.765796824848E-02,0.));
#2306 = ORIENTED_EDGE('',*,*,#2307,.T.);
#2307 = EDGE_CURVE('',#2300,#2308,#2310,.T.);
#2308 = VERTEX_POINT('',#2309);
#2309 = CARTESIAN_POINT('',(8.864737644817,1.554485924208,3.));
#2310 = LINE('',#2311,#2312);
#2311 = CARTESIAN_POINT('',(8.972820539684,0.698921714236,3.));
#2312 = VECTOR('',#2313,1.);
#2313 = DIRECTION('',(-0.125333233564,0.992114701314,0.));
#2314 = ORIENTED_EDGE('',*,*,#2315,.T.);
#2315 = EDGE_CURVE('',#2308,#2316,#2318,.T.);
#2316 = VERTEX_POINT('',#2317);
#2317 = CARTESIAN_POINT('',(9.255698388931,1.623043280104,3.));
#2318 = LINE('',#2319,#2320);
#2319 = CARTESIAN_POINT('',(8.864737644817,1.554485924208,3.));
#2320 = VECTOR('',#2321,1.);
#2321 = DIRECTION('',(0.984970849424,0.172720658245,0.));
#2322 = ORIENTED_EDGE('',*,*,#2323,.T.);
#2323 = EDGE_CURVE('',#2316,#2324,#2326,.T.);
#2324 = VERTEX_POINT('',#2325);
#2325 = CARTESIAN_POINT('',(10.52857710594,2.406047406905,3.));
#2326 = B_SPLINE_CURVE_WITH_KNOTS('',3,(#2327,#2328,#2329,#2330,#2331,
    #2332,#2333,#2334,#2335,#2336,#2337,#2338,#2339,#2340,#2341,#2342,
    #2343,#2344,#2345,#2346,#2347,#2348),.UNSPECIFIED.,.F.,.F.,(4,1,1,1,
    1,1,1,1,1,1,1,1,1,1,1,1,1,1,1,4),(0.,4.176688177199E-03,
    1.670661519072E-02,3.758980854408E-02,6.682627216637E-02,
    0.104416007367,0.150359014742,0.204655294612,0.267304847168,
    0.338307672535,0.417663770799,0.505373142021,0.601435786244,
    0.705851703504,0.818620893827,0.939743357234,1.069219093742,
    1.207048103365,1.353230386115,1.507765942),.UNSPECIFIED.);
#2327 = CARTESIAN_POINT('',(9.255698388931,1.623043280104,3.));
#2328 = CARTESIAN_POINT('',(9.257066854664,1.623300107943,3.));
#2329 = CARTESIAN_POINT('',(9.262531715483,1.624371451425,3.));
#2330 = CARTESIAN_POINT('',(9.274750099166,1.627160723993,3.));
#2331 = CARTESIAN_POINT('',(9.294983991182,1.632335698122,3.));
#2332 = CARTESIAN_POINT('',(9.323084824581,1.640422422304,3.));
#2333 = CARTESIAN_POINT('',(9.358895341429,1.651867313076,3.));
#2334 = CARTESIAN_POINT('',(9.402231105947,1.667144811535,3.));
#2335 = CARTESIAN_POINT('',(9.452889303722,1.686707388381,3.));
#2336 = CARTESIAN_POINT('',(9.510645768437,1.711003810176,3.));
#2337 = CARTESIAN_POINT('',(9.575256552037,1.740471320067,3.));
#2338 = CARTESIAN_POINT('',(9.64645789866,1.775537236301,3.));
#2339 = CARTESIAN_POINT('',(9.723966802401,1.816617360326,3.));
#2340 = CARTESIAN_POINT('',(9.807481409983,1.864115465562,3.));
#2341 = CARTESIAN_POINT('',(9.896681510009,1.918422466883,3.));
#2342 = CARTESIAN_POINT('',(9.991229035081,1.979915695253,3.));
#2343 = CARTESIAN_POINT('',(10.090768580918,2.048958248627,3.));
#2344 = CARTESIAN_POINT('',(10.194928016667,2.125897996155,3.));
#2345 = CARTESIAN_POINT('',(10.303318847503,2.211068155267,3.));
#2346 = CARTESIAN_POINT('',(10.415537725875,2.304781515746,3.));
#2347 = CARTESIAN_POINT('',(10.490538166963,2.371312865207,3.));
#2348 = CARTESIAN_POINT('',(10.52857710594,2.406047406905,3.));
#2349 = ORIENTED_EDGE('',*,*,#2350,.T.);
#2350 = EDGE_CURVE('',#2324,#2351,#2353,.T.);
#2351 = VERTEX_POINT('',#2352);
#2352 = CARTESIAN_POINT('',(10.385384627632,2.963745288677,3.));
#2353 = B_SPLINE_CURVE_WITH_KNOTS('',1,(#2354,#2355),.UNSPECIFIED.,.F.,
  .F.,(2,2),(0.,0.575787298554),.PIECEWISE_BEZIER_KNOTS.);
#2354 = CARTESIAN_POINT('',(10.52857710594,2.406047406905,3.));
#2355 = CARTESIAN_POINT('',(10.385384627632,2.963745288677,3.));
#2356 = ORIENTED_EDGE('',*,*,#2357,.T.);
#2357 = EDGE_CURVE('',#2351,#2358,#2360,.T.);
#2358 = VERTEX_POINT('',#2359);
#2359 = CARTESIAN_POINT('',(8.892737390108,3.036683036889,3.));
#2360 = B_SPLINE_CURVE_WITH_KNOTS('',3,(#2361,#2362,#2363,#2364,#2365,
    #2366,#2367,#2368,#2369,#2370,#2371,#2372,#2373,#2374,#2375,#2376,
    #2377,#2378,#2379,#2380,#2381,#2382),.UNSPECIFIED.,.F.,.F.,(4,1,1,1,
    1,1,1,1,1,1,1,1,1,1,1,1,1,1,1,4),(0.,0.154535555886,0.300717838635,
    0.438546848258,0.568022584766,0.689145048173,0.801914238496,
    0.906330155756,1.002392799979,1.090102171201,1.169458269465,
    1.240461094832,1.303110647389,1.357406927258,1.403349934633,
    1.440939669834,1.470176133456,1.491059326809,1.503589253823,
    1.507765942),.UNSPECIFIED.);
#2361 = CARTESIAN_POINT('',(10.385384627632,2.963745288677,3.));
#2362 = CARTESIAN_POINT('',(10.335317358223,2.975858000983,3.));
#2363 = CARTESIAN_POINT('',(10.237542248646,2.998028128895,3.));
#2364 = CARTESIAN_POINT('',(10.094057340178,3.026087915734,3.));
#2365 = CARTESIAN_POINT('',(9.958042693985,3.04850541411,3.));
#2366 = CARTESIAN_POINT('',(9.829701078593,3.065749037964,3.));
#2367 = CARTESIAN_POINT('',(9.70921240589,3.078297946768,3.));
#2368 = CARTESIAN_POINT('',(9.596735189387,3.086636255985,3.));
#2369 = CARTESIAN_POINT('',(9.492405948458,3.091253368098,3.));
#2370 = CARTESIAN_POINT('',(9.396339153243,3.092642805963,3.));
#2371 = CARTESIAN_POINT('',(9.30862708245,3.09130139391,3.));
#2372 = CARTESIAN_POINT('',(9.229339732794,3.087728380211,3.));
#2373 = CARTESIAN_POINT('',(9.158524790367,3.082424473587,3.));
#2374 = CARTESIAN_POINT('',(9.096207524054,3.075891201227,3.));
#2375 = CARTESIAN_POINT('',(9.042391063674,3.068629245095,3.));
#2376 = CARTESIAN_POINT('',(8.997055652728,3.061139855272,3.));
#2377 = CARTESIAN_POINT('',(8.96016103942,3.053917241445,3.));
#2378 = CARTESIAN_POINT('',(8.931640282311,3.04746601213,3.));
#2379 = CARTESIAN_POINT('',(8.911416124774,3.042253124708,3.));
#2380 = CARTESIAN_POINT('',(8.899365331226,3.038811131661,3.));
#2381 = CARTESIAN_POINT('',(8.894060313526,3.037117240333,3.));
#2382 = CARTESIAN_POINT('',(8.892737390108,3.036683036889,3.));
#2383 = ORIENTED_EDGE('',*,*,#2384,.T.);
#2384 = EDGE_CURVE('',#2358,#2385,#2387,.T.);
#2385 = VERTEX_POINT('',#2386);
#2386 = CARTESIAN_POINT('',(8.517108120316,2.908413530921,3.));
#2387 = B_SPLINE_CURVE_WITH_KNOTS('',1,(#2388,#2389),.UNSPECIFIED.,.F.,
  .F.,(2,2),(0.,0.396926207859),.PIECEWISE_BEZIER_KNOTS.);
#2388 = CARTESIAN_POINT('',(8.892737390108,3.036683036889,3.));
#2389 = CARTESIAN_POINT('',(8.517108120316,2.908413530921,3.));
#2390 = ORIENTED_EDGE('',*,*,#2391,.T.);
#2391 = EDGE_CURVE('',#2385,#2392,#2394,.T.);
#2392 = VERTEX_POINT('',#2393);
#2393 = CARTESIAN_POINT('',(8.199650681502,3.710219495035,3.));
#2394 = B_SPLINE_CURVE_WITH_KNOTS('',1,(#2395,#2396),.UNSPECIFIED.,.F.,
  .F.,(2,2),(0.,0.862364209338),.PIECEWISE_BEZIER_KNOTS.);
#2395 = CARTESIAN_POINT('',(8.517108120316,2.908413530921,3.));
#2396 = CARTESIAN_POINT('',(8.199650681502,3.710219495035,3.));
#2397 = ORIENTED_EDGE('',*,*,#2398,.T.);
#2398 = EDGE_CURVE('',#2392,#2399,#2401,.T.);
#2399 = VERTEX_POINT('',#2400);
#2400 = CARTESIAN_POINT('',(8.561279153811,3.873850978867,3.));
#2401 = B_SPLINE_CURVE_WITH_KNOTS('',1,(#2402,#2403),.UNSPECIFIED.,.F.,
  .F.,(2,2),(0.,0.396926207859),.PIECEWISE_BEZIER_KNOTS.);
#2402 = CARTESIAN_POINT('',(8.199650681502,3.710219495035,3.));
#2403 = CARTESIAN_POINT('',(8.561279153811,3.873850978867,3.));
#2404 = ORIENTED_EDGE('',*,*,#2405,.T.);
#2405 = EDGE_CURVE('',#2399,#2406,#2408,.T.);
#2406 = VERTEX_POINT('',#2407);
#2407 = CARTESIAN_POINT('',(9.599442837321,4.948807655688,3.));
#2408 = B_SPLINE_CURVE_WITH_KNOTS('',3,(#2409,#2410,#2411,#2412,#2413,
    #2414,#2415,#2416,#2417,#2418,#2419,#2420,#2421,#2422,#2423,#2424,
    #2425,#2426,#2427,#2428,#2429,#2430),.UNSPECIFIED.,.F.,.F.,(4,1,1,1,
    1,1,1,1,1,1,1,1,1,1,1,1,1,1,1,4),(0.,4.176688177199E-03,
    1.670661519072E-02,3.758980854408E-02,6.682627216637E-02,
    0.104416007367,0.150359014742,0.204655294612,0.267304847168,
    0.338307672535,0.417663770799,0.505373142021,0.601435786244,
    0.705851703504,0.818620893827,0.939743357234,1.069219093742,
    1.207048103365,1.353230386115,1.507765942),.UNSPECIFIED.);
#2409 = CARTESIAN_POINT('',(8.561279153811,3.873850978867,3.));
#2410 = CARTESIAN_POINT('',(8.56254075619,3.874440061576,3.));
#2411 = CARTESIAN_POINT('',(8.567567496068,3.876836802453,3.));
#2412 = CARTESIAN_POINT('',(8.578708352879,3.882577033353,3.));
#2413 = CARTESIAN_POINT('',(8.597019596238,3.892621390476,3.));
#2414 = CARTESIAN_POINT('',(8.622226503757,3.907442448435,3.));
#2415 = CARTESIAN_POINT('',(8.654065738773,3.927433490312,3.));
#2416 = CARTESIAN_POINT('',(8.692240671192,3.953008184451,3.));
#2417 = CARTESIAN_POINT('',(8.736442333501,3.984554348462,3.));
#2418 = CARTESIAN_POINT('',(8.786341998276,4.022450902181,3.));
#2419 = CARTESIAN_POINT('',(8.841594643588,4.067060684545,3.));
#2420 = CARTESIAN_POINT('',(8.901838530225,4.118731995396,3.));
#2421 = CARTESIAN_POINT('',(8.966696137819,4.177797192309,3.));
#2422 = CARTESIAN_POINT('',(9.035774681998,4.244572295563,3.));
#2423 = CARTESIAN_POINT('',(9.108666794824,4.319356305384,3.));
#2424 = CARTESIAN_POINT('',(9.184951191511,4.402430624249,3.));
#2425 = CARTESIAN_POINT('',(9.264193334667,4.494058557271,3.));
#2426 = CARTESIAN_POINT('',(9.345946273075,4.594484499472,3.));
#2427 = CARTESIAN_POINT('',(9.429750849384,4.703934584908,3.));
#2428 = CARTESIAN_POINT('',(9.515138600292,4.822611468042,3.));
#2429 = CARTESIAN_POINT('',(9.571237090816,4.905704464048,3.));
#2430 = CARTESIAN_POINT('',(9.599442837321,4.948807655688,3.));
#2431 = ORIENTED_EDGE('',*,*,#2432,.T.);
#2432 = EDGE_CURVE('',#2406,#2433,#2435,.T.);
#2433 = VERTEX_POINT('',#2434);
#2434 = CARTESIAN_POINT('',(9.322055190742,5.453373911696,3.));
#2435 = B_SPLINE_CURVE_WITH_KNOTS('',1,(#2436,#2437),.UNSPECIFIED.,.F.,
  .F.,(2,2),(0.,0.575787298554),.PIECEWISE_BEZIER_KNOTS.);
#2436 = CARTESIAN_POINT('',(9.599442837321,4.948807655688,3.));
#2437 = CARTESIAN_POINT('',(9.322055190742,5.453373911696,3.));
#2438 = ORIENTED_EDGE('',*,*,#2439,.T.);
#2439 = EDGE_CURVE('',#2433,#2440,#2442,.T.);
#2440 = VERTEX_POINT('',#2441);
#2441 = CARTESIAN_POINT('',(7.858163330598,5.152813913348,3.));
#2442 = B_SPLINE_CURVE_WITH_KNOTS('',3,(#2443,#2444,#2445,#2446,#2447,
    #2448,#2449,#2450,#2451,#2452,#2453,#2454,#2455,#2456,#2457,#2458,
    #2459,#2460,#2461,#2462,#2463,#2464),.UNSPECIFIED.,.F.,.F.,(4,1,1,1,
    1,1,1,1,1,1,1,1,1,1,1,1,1,1,1,4),(0.,0.154535555886,0.300717838635,
    0.438546848258,0.568022584766,0.689145048173,0.801914238496,
    0.906330155756,1.002392799979,1.090102171201,1.169458269465,
    1.240461094832,1.303110647389,1.357406927258,1.403349934633,
    1.440939669834,1.470176133456,1.491059326809,1.503589253823,
    1.507765942),.UNSPECIFIED.);
#2443 = CARTESIAN_POINT('',(9.322055190742,5.453373911696,3.));
#2444 = CARTESIAN_POINT('',(9.270548567612,5.452654857292,3.));
#2445 = CARTESIAN_POINT('',(9.170331756289,5.449812788899,3.));
#2446 = CARTESIAN_POINT('',(9.024376504849,5.441307780239,3.));
#2447 = CARTESIAN_POINT('',(8.887060003738,5.429195524666,3.));
#2448 = CARTESIAN_POINT('',(8.758462161326,5.413980146518,3.));
#2449 = CARTESIAN_POINT('',(8.638638075124,5.396170493857,3.));
#2450 = CARTESIAN_POINT('',(8.527620884031,5.376274893476,3.));
#2451 = CARTESIAN_POINT('',(8.425421108964,5.354801323367,3.));
#2452 = CARTESIAN_POINT('',(8.332026889629,5.332256269024,3.));
#2453 = CARTESIAN_POINT('',(8.247404050443,5.309143894908,3.));
#2454 = CARTESIAN_POINT('',(8.17149623105,5.285965171966,3.));
#2455 = CARTESIAN_POINT('',(8.104225098198,5.26321693728,3.));
#2456 = CARTESIAN_POINT('',(8.045490402166,5.241391245757,3.));
#2457 = CARTESIAN_POINT('',(7.995170659901,5.220973827872,3.));
#2458 = CARTESIAN_POINT('',(7.953122079766,5.202445272769,3.));
#2459 = CARTESIAN_POINT('',(7.919182769597,5.186274253416,3.));
#2460 = CARTESIAN_POINT('',(7.893162400009,5.172932877466,3.));
#2461 = CARTESIAN_POINT('',(7.874870013956,5.162854219033,3.));
#2462 = CARTESIAN_POINT('',(7.864053807109,5.156523452039,3.));
#2463 = CARTESIAN_POINT('',(7.859336709938,5.153563473168,3.));
#2464 = CARTESIAN_POINT('',(7.858163330598,5.152813913348,3.));
#2465 = ORIENTED_EDGE('',*,*,#2466,.T.);
#2466 = EDGE_CURVE('',#2440,#2467,#2469,.T.);
#2467 = VERTEX_POINT('',#2468);
#2468 = CARTESIAN_POINT('',(7.526234474017,4.935159029061,3.));
#2469 = B_SPLINE_CURVE_WITH_KNOTS('',1,(#2470,#2471),.UNSPECIFIED.,.F.,
  .F.,(2,2),(0.,0.396926207859),.PIECEWISE_BEZIER_KNOTS.);
#2470 = CARTESIAN_POINT('',(7.858163330598,5.152813913348,3.));
#2471 = CARTESIAN_POINT('',(7.526234474017,4.935159029061,3.));
#2472 = ORIENTED_EDGE('',*,*,#2473,.T.);
#2473 = EDGE_CURVE('',#2467,#2474,#2476,.T.);
#2474 = VERTEX_POINT('',#2475);
#2475 = CARTESIAN_POINT('',(7.019349509663,5.632826329756,3.));
#2476 = B_SPLINE_CURVE_WITH_KNOTS('',1,(#2477,#2478),.UNSPECIFIED.,.F.,
  .F.,(2,2),(0.,0.862364209338),.PIECEWISE_BEZIER_KNOTS.);
#2477 = CARTESIAN_POINT('',(7.526234474017,4.935159029061,3.));
#2478 = CARTESIAN_POINT('',(7.019349509663,5.632826329756,3.));
#2479 = ORIENTED_EDGE('',*,*,#2480,.T.);
#2480 = EDGE_CURVE('',#2474,#2481,#2483,.T.);
#2481 = VERTEX_POINT('',#2482);
#2482 = CARTESIAN_POINT('',(7.328923263275,5.8812503736,3.));
#2483 = B_SPLINE_CURVE_WITH_KNOTS('',1,(#2484,#2485),.UNSPECIFIED.,.F.,
  .F.,(2,2),(0.,0.396926207859),.PIECEWISE_BEZIER_KNOTS.);
#2484 = CARTESIAN_POINT('',(7.019349509663,5.632826329756,3.));
#2485 = CARTESIAN_POINT('',(7.328923263275,5.8812503736,3.));
#2486 = ORIENTED_EDGE('',*,*,#2487,.T.);
#2487 = EDGE_CURVE('',#2481,#2488,#2490,.T.);
#2488 = VERTEX_POINT('',#2489);
#2489 = CARTESIAN_POINT('',(8.067140270953,7.180616119023,3.));
#2490 = B_SPLINE_CURVE_WITH_KNOTS('',3,(#2491,#2492,#2493,#2494,#2495,
    #2496,#2497,#2498,#2499,#2500,#2501,#2502,#2503,#2504,#2505,#2506,
    #2507,#2508,#2509,#2510,#2511,#2512),.UNSPECIFIED.,.F.,.F.,(4,1,1,1,
    1,1,1,1,1,1,1,1,1,1,1,1,1,1,1,4),(0.,4.176688177199E-03,
    1.670661519072E-02,3.758980854408E-02,6.682627216637E-02,
    0.104416007367,0.150359014742,0.204655294612,0.267304847168,
    0.338307672535,0.417663770799,0.505373142021,0.601435786244,
    0.705851703504,0.818620893827,0.939743357234,1.069219093742,
    1.207048103365,1.353230386115,1.507765942),.UNSPECIFIED.);
#2491 = CARTESIAN_POINT('',(7.328923263275,5.8812503736,3.));
#2492 = CARTESIAN_POINT('',(7.329998731183,5.882134696946,3.));
#2493 = CARTESIAN_POINT('',(7.334271501566,5.885706239174,3.));
#2494 = CARTESIAN_POINT('',(7.343634810499,5.894036748588,3.));
#2495 = CARTESIAN_POINT('',(7.358872842436,5.908319364807,3.));
#2496 = CARTESIAN_POINT('',(7.379601981372,5.928943494963,3.));
#2497 = CARTESIAN_POINT('',(7.405469358322,5.956224577261,3.));
#2498 = CARTESIAN_POINT('',(7.436084787241,5.990489514992,3.));
#2499 = CARTESIAN_POINT('',(7.47105256108,6.032037104663,3.));
#2500 = CARTESIAN_POINT('',(7.509960046458,6.081152610462,3.));
#2501 = CARTESIAN_POINT('',(7.552382826573,6.13810166861,3.));
#2502 = CARTESIAN_POINT('',(7.597883908265,6.203131675584,3.));
#2503 = CARTESIAN_POINT('',(7.646014977695,6.276470661837,3.));
#2504 = CARTESIAN_POINT('',(7.696316999489,6.358327037789,3.));
#2505 = CARTESIAN_POINT('',(7.748321045587,6.448889101737,3.));
#2506 = CARTESIAN_POINT('',(7.80154908469,6.548324646116,3.));
#2507 = CARTESIAN_POINT('',(7.855514749878,6.656780638771,3.));
#2508 = CARTESIAN_POINT('',(7.909724353159,6.774382644354,3.));
#2509 = CARTESIAN_POINT('',(7.9636769252,6.901235504719,3.));
#2510 = CARTESIAN_POINT('',(8.016868322221,7.037419005475,3.));
#2511 = CARTESIAN_POINT('',(8.050539987706,7.131852609494,3.));
#2512 = CARTESIAN_POINT('',(8.067140270953,7.180616119023,3.));
#2513 = ORIENTED_EDGE('',*,*,#2514,.T.);
#2514 = EDGE_CURVE('',#2488,#2515,#2517,.T.);
#2515 = VERTEX_POINT('',#2516);
#2516 = CARTESIAN_POINT('',(7.672986742097,7.600346995737,3.));
#2517 = B_SPLINE_CURVE_WITH_KNOTS('',1,(#2518,#2519),.UNSPECIFIED.,.F.,
  .F.,(2,2),(0.,0.575787298554),.PIECEWISE_BEZIER_KNOTS.);
#2518 = CARTESIAN_POINT('',(8.067140270953,7.180616119023,3.));
#2519 = CARTESIAN_POINT('',(7.672986742097,7.600346995737,3.));
#2520 = ORIENTED_EDGE('',*,*,#2521,.T.);
#2521 = EDGE_CURVE('',#2515,#2522,#2524,.T.);
#2522 = VERTEX_POINT('',#2523);
#2523 = CARTESIAN_POINT('',(6.329831968723,6.945174540908,3.));
#2524 = B_SPLINE_CURVE_WITH_KNOTS('',3,(#2525,#2526,#2527,#2528,#2529,
    #2530,#2531,#2532,#2533,#2534,#2535,#2536,#2537,#2538,#2539,#2540,
    #2541,#2542,#2543,#2544,#2545,#2546),.UNSPECIFIED.,.F.,.F.,(4,1,1,1,
    1,1,1,1,1,1,1,1,1,1,1,1,1,1,1,4),(0.,0.154535555886,0.300717838635,
    0.438546848258,0.568022584766,0.689145048173,0.801914238496,
    0.906330155756,1.002392799979,1.090102171201,1.169458269465,
    1.240461094832,1.303110647389,1.357406927258,1.403349934633,
    1.440939669834,1.470176133456,1.491059326809,1.503589253823,
    1.507765942),.UNSPECIFIED.);
#2525 = CARTESIAN_POINT('',(7.672986742097,7.600346995737,3.));
#2526 = CARTESIAN_POINT('',(7.623277115805,7.586841355455,3.));
#2527 = CARTESIAN_POINT('',(7.526915593564,7.559165668367,3.));
#2528 = CARTESIAN_POINT('',(7.387660904384,7.514630265181,3.));
#2529 = CARTESIAN_POINT('',(7.257670649135,7.468749313223,3.));
#2530 = CARTESIAN_POINT('',(7.136896855092,7.42203097124,3.));
#2531 = CARTESIAN_POINT('',(7.02526634341,7.37498180309,3.));
#2532 = CARTESIAN_POINT('',(6.922684796136,7.328102406854,3.));
#2533 = CARTESIAN_POINT('',(6.829036074661,7.281887417907,3.));
#2534 = CARTESIAN_POINT('',(6.744182733488,7.236824460036,3.));
#2535 = CARTESIAN_POINT('',(6.667966290116,7.193393359325,3.));
#2536 = CARTESIAN_POINT('',(6.600207568447,7.152065331546,3.));
#2537 = CARTESIAN_POINT('',(6.540707137854,7.113302124045,3.));
#2538 = CARTESIAN_POINT('',(6.489245529065,7.077555401828,3.));
#2539 = CARTESIAN_POINT('',(6.445584279386,7.045265423644,3.));
#2540 = CARTESIAN_POINT('',(6.409464596996,7.016861920523,3.));
#2541 = CARTESIAN_POINT('',(6.380613121644,6.992758580263,3.));
#2542 = CARTESIAN_POINT('',(6.358728095094,6.973365345395,3.));
#2543 = CARTESIAN_POINT('',(6.343516858415,6.959054195126,3.));
#2544 = CARTESIAN_POINT('',(6.334614860325,6.950232439558,3.));
#2545 = CARTESIAN_POINT('',(6.330782076247,6.946192359504,3.));
#2546 = CARTESIAN_POINT('',(6.329831968723,6.945174540908,3.));
#2547 = ORIENTED_EDGE('',*,*,#2548,.T.);
#2548 = EDGE_CURVE('',#2522,#2549,#2551,.T.);
#2549 = VERTEX_POINT('',#2550);
#2550 = CARTESIAN_POINT('',(6.062459836161,6.65181033516,3.));
#2551 = B_SPLINE_CURVE_WITH_KNOTS('',1,(#2552,#2553),.UNSPECIFIED.,.F.,
  .F.,(2,2),(0.,0.396926207859),.PIECEWISE_BEZIER_KNOTS.);
#2552 = CARTESIAN_POINT('',(6.329831968723,6.945174540908,3.));
#2553 = CARTESIAN_POINT('',(6.062459836161,6.65181033516,3.));
#2554 = ORIENTED_EDGE('',*,*,#2555,.T.);
#2555 = EDGE_CURVE('',#2549,#2556,#2558,.T.);
#2556 = VERTEX_POINT('',#2557);
#2557 = CARTESIAN_POINT('',(5.39799679277,7.201501970093,3.));
#2558 = B_SPLINE_CURVE_WITH_KNOTS('',1,(#2559,#2560),.UNSPECIFIED.,.F.,
  .F.,(2,2),(0.,0.862364209338),.PIECEWISE_BEZIER_KNOTS.);
#2559 = CARTESIAN_POINT('',(6.062459836161,6.65181033516,3.));
#2560 = CARTESIAN_POINT('',(5.39799679277,7.201501970093,3.));
#2561 = ORIENTED_EDGE('',*,*,#2562,.T.);
#2562 = EDGE_CURVE('',#2556,#2563,#2565,.T.);
#2563 = VERTEX_POINT('',#2564);
#2564 = CARTESIAN_POINT('',(5.636064170213,7.519109177635,3.));
#2565 = B_SPLINE_CURVE_WITH_KNOTS('',1,(#2566,#2567),.UNSPECIFIED.,.F.,
  .F.,(2,2),(0.,0.396926207859),.PIECEWISE_BEZIER_KNOTS.);
#2566 = CARTESIAN_POINT('',(5.39799679277,7.201501970093,3.));
#2567 = CARTESIAN_POINT('',(5.636064170213,7.519109177635,3.));
#2568 = ORIENTED_EDGE('',*,*,#2569,.T.);
#2569 = EDGE_CURVE('',#2563,#2570,#2572,.T.);
#2570 = VERTEX_POINT('',#2571);
#2571 = CARTESIAN_POINT('',(6.027949612493,8.961240063141,3.));
#2572 = B_SPLINE_CURVE_WITH_KNOTS('',3,(#2573,#2574,#2575,#2576,#2577,
    #2578,#2579,#2580,#2581,#2582,#2583,#2584,#2585,#2586,#2587,#2588,
    #2589,#2590,#2591,#2592,#2593,#2594),.UNSPECIFIED.,.F.,.F.,(4,1,1,1,
    1,1,1,1,1,1,1,1,1,1,1,1,1,1,1,4),(0.,4.176688177199E-03,
    1.670661519072E-02,3.758980854408E-02,6.682627216637E-02,
    0.104416007367,0.150359014742,0.204655294612,0.267304847168,
    0.338307672535,0.417663770799,0.505373142021,0.601435786244,
    0.705851703504,0.818620893827,0.939743357234,1.069219093742,
    1.207048103365,1.353230386115,1.507765942),.UNSPECIFIED.);
#2573 = CARTESIAN_POINT('',(5.636064170213,7.519109177635,3.));
#2574 = CARTESIAN_POINT('',(5.636885928046,7.520233176329,3.));
#2575 = CARTESIAN_POINT('',(5.640136255057,7.524755106775,3.));
#2576 = CARTESIAN_POINT('',(5.647133684975,7.535152458159,3.));
#2577 = CARTESIAN_POINT('',(5.658341043902,7.552775904168,3.));
#2578 = CARTESIAN_POINT('',(5.673289926219,7.577907216573,3.));
#2579 = CARTESIAN_POINT('',(5.691560102677,7.61076416856,3.));
#2580 = CARTESIAN_POINT('',(5.712692348101,7.651566357826,3.));
#2581 = CARTESIAN_POINT('',(5.736229079636,7.700504785297,3.));
#2582 = CARTESIAN_POINT('',(5.76169968522,7.757753135313,3.));
#2583 = CARTESIAN_POINT('',(5.788627020842,7.823463150477,3.));
#2584 = CARTESIAN_POINT('',(5.816526297286,7.897765779072,3.));
#2585 = CARTESIAN_POINT('',(5.844906576447,7.980770396437,3.));
#2586 = CARTESIAN_POINT('',(5.873271414828,8.072564707939,3.));
#2587 = CARTESIAN_POINT('',(5.901119788725,8.173214478472,3.));
#2588 = CARTESIAN_POINT('',(5.927946956788,8.282763347414,3.));
#2589 = CARTESIAN_POINT('',(5.953245282793,8.401232710809,3.));
#2590 = CARTESIAN_POINT('',(5.976505362203,8.528621413256,3.));
#2591 = CARTESIAN_POINT('',(5.997215891451,8.664906416799,3.));
#2592 = CARTESIAN_POINT('',(6.014868723485,8.810039624979,3.));
#2593 = CARTESIAN_POINT('',(6.023997849354,8.909880226366,3.));
#2594 = CARTESIAN_POINT('',(6.027949612493,8.961240063141,3.));
#2595 = ORIENTED_EDGE('',*,*,#2596,.T.);
#2596 = EDGE_CURVE('',#2570,#2597,#2599,.T.);
#2597 = VERTEX_POINT('',#2598);
#2598 = CARTESIAN_POINT('',(5.541796317175,9.269762325915,3.));
#2599 = B_SPLINE_CURVE_WITH_KNOTS('',1,(#2600,#2601),.UNSPECIFIED.,.F.,
  .F.,(2,2),(0.,0.575787298554),.PIECEWISE_BEZIER_KNOTS.);
#2600 = CARTESIAN_POINT('',(6.027949612493,8.961240063141,3.));
#2601 = CARTESIAN_POINT('',(5.541796317175,9.269762325915,3.));
#2602 = ORIENTED_EDGE('',*,*,#2603,.T.);
#2603 = EDGE_CURVE('',#2597,#2604,#2606,.T.);
#2604 = VERTEX_POINT('',#2605);
#2605 = CARTESIAN_POINT('',(4.403773984761,8.301144309497,3.));
#2606 = B_SPLINE_CURVE_WITH_KNOTS('',3,(#2607,#2608,#2609,#2610,#2611,
    #2612,#2613,#2614,#2615,#2616,#2617,#2618,#2619,#2620,#2621,#2622,
    #2623,#2624,#2625,#2626,#2627,#2628),.UNSPECIFIED.,.F.,.F.,(4,1,1,1,
    1,1,1,1,1,1,1,1,1,1,1,1,1,1,1,4),(0.,0.154535555886,0.300717838635,
    0.438546848258,0.568022584766,0.689145048173,0.801914238496,
    0.906330155756,1.002392799979,1.090102171201,1.169458269465,
    1.240461094832,1.303110647389,1.357406927258,1.403349934633,
    1.440939669834,1.470176133456,1.491059326809,1.503589253823,
    1.507765942),.UNSPECIFIED.);
#2607 = CARTESIAN_POINT('',(5.541796317175,9.269762325915,3.));
#2608 = CARTESIAN_POINT('',(5.49700712636,9.244318708804,3.));
#2609 = CARTESIAN_POINT('',(5.410555642036,9.193548368224,3.));
#2610 = CARTESIAN_POINT('',(5.286751399382,9.115780893686,3.));
#2611 = CARTESIAN_POINT('',(5.172255155801,9.039014114292,3.));
#2612 = CARTESIAN_POINT('',(5.066894071782,8.963728293718,3.));
#2613 = CARTESIAN_POINT('',(4.970471290218,8.890395882349,3.));
#2614 = CARTESIAN_POINT('',(4.882770962645,8.819478295134,3.));
#2615 = CARTESIAN_POINT('',(4.803557588351,8.751425745072,3.));
#2616 = CARTESIAN_POINT('',(4.732576772832,8.686676355044,3.));
#2617 = CARTESIAN_POINT('',(4.669555684717,8.625655463525,3.));
#2618 = CARTESIAN_POINT('',(4.614203590454,8.56877492289,3.));
#2619 = CARTESIAN_POINT('',(4.566212493001,8.516432377462,3.));
#2620 = CARTESIAN_POINT('',(4.525257493598,8.469010722574,3.));
#2621 = CARTESIAN_POINT('',(4.490998133396,8.426877082176,3.));
#2622 = CARTESIAN_POINT('',(4.463076881234,8.390383327597,3.));
#2623 = CARTESIAN_POINT('',(4.441126085004,8.359862167944,3.));
#2624 = CARTESIAN_POINT('',(4.424751518198,8.335635622428,3.));
#2625 = CARTESIAN_POINT('',(4.413577208836,8.317991202528,3.));
#2626 = CARTESIAN_POINT('',(4.407148764783,8.307232761733,3.));
#2627 = CARTESIAN_POINT('',(4.404441121718,8.302366433583,3.));
#2628 = CARTESIAN_POINT('',(4.403773984761,8.301144309497,3.));
#2629 = ORIENTED_EDGE('',*,*,#2630,.T.);
#2630 = EDGE_CURVE('',#2604,#2631,#2633,.T.);
#2631 = VERTEX_POINT('',#2632);
#2632 = CARTESIAN_POINT('',(4.217758550631,7.950503934253,3.));
#2633 = B_SPLINE_CURVE_WITH_KNOTS('',1,(#2634,#2635),.UNSPECIFIED.,.F.,
  .F.,(2,2),(0.,0.396926207859),.PIECEWISE_BEZIER_KNOTS.);
#2634 = CARTESIAN_POINT('',(4.403773984761,8.301144309497,3.));
#2635 = CARTESIAN_POINT('',(4.217758550631,7.950503934253,3.));
#2636 = ORIENTED_EDGE('',*,*,#2637,.T.);
#2637 = EDGE_CURVE('',#2631,#2638,#2640,.T.);
#2638 = VERTEX_POINT('',#2639);
#2639 = CARTESIAN_POINT('',(3.437468084943,8.317680756376,3.));
#2640 = B_SPLINE_CURVE_WITH_KNOTS('',1,(#2641,#2642),.UNSPECIFIED.,.F.,
  .F.,(2,2),(0.,0.862364209338),.PIECEWISE_BEZIER_KNOTS.);
#2641 = CARTESIAN_POINT('',(4.217758550631,7.950503934253,3.));
#2642 = CARTESIAN_POINT('',(3.437468084943,8.317680756376,3.));
#2643 = ORIENTED_EDGE('',*,*,#2644,.T.);
#2644 = EDGE_CURVE('',#2638,#2645,#2647,.T.);
#2645 = VERTEX_POINT('',#2646);
#2646 = CARTESIAN_POINT('',(3.589070437343,8.684514698689,3.));
#2647 = B_SPLINE_CURVE_WITH_KNOTS('',1,(#2648,#2649),.UNSPECIFIED.,.F.,
  .F.,(2,2),(0.,0.396926207859),.PIECEWISE_BEZIER_KNOTS.);
#2648 = CARTESIAN_POINT('',(3.437468084943,8.317680756376,3.));
#2649 = CARTESIAN_POINT('',(3.589070437343,8.684514698689,3.));
#2650 = ORIENTED_EDGE('',*,*,#2651,.T.);
#2651 = EDGE_CURVE('',#2645,#2652,#2654,.T.);
#2652 = VERTEX_POINT('',#2653);
#2653 = CARTESIAN_POINT('',(3.610000710633,10.178796336956,3.));
#2654 = B_SPLINE_CURVE_WITH_KNOTS('',3,(#2655,#2656,#2657,#2658,#2659,
    #2660,#2661,#2662,#2663,#2664,#2665,#2666,#2667,#2668,#2669,#2670,
    #2671,#2672,#2673,#2674,#2675,#2676),.UNSPECIFIED.,.F.,.F.,(4,1,1,1,
    1,1,1,1,1,1,1,1,1,1,1,1,1,1,1,4),(0.,4.176688177199E-03,
    1.670661519072E-02,3.758980854408E-02,6.682627216637E-02,
    0.104416007367,0.150359014742,0.204655294612,0.267304847168,
    0.338307672535,0.417663770799,0.505373142021,0.601435786244,
    0.705851703504,0.818620893827,0.939743357234,1.069219093742,
    1.207048103365,1.353230386115,1.507765942),.UNSPECIFIED.);
#2655 = CARTESIAN_POINT('',(3.589070437343,8.684514698689,3.));
#2656 = CARTESIAN_POINT('',(3.589586851034,8.68580774776,3.));
#2657 = CARTESIAN_POINT('',(3.591610504672,8.690995936903,3.));
#2658 = CARTESIAN_POINT('',(3.59580238132,8.702806826431,3.));
#2659 = CARTESIAN_POINT('',(3.602274867658,8.722663756304,3.));
#2660 = CARTESIAN_POINT('',(3.610504200101,8.750723158173,3.));
#2661 = CARTESIAN_POINT('',(3.620029193687,8.787091456715,3.));
#2662 = CARTESIAN_POINT('',(3.630350438917,8.831867145905,3.));
#2663 = CARTESIAN_POINT('',(3.640977228744,8.885121429795,3.));
#2664 = CARTESIAN_POINT('',(3.65141054271,8.946905499652,3.));
#2665 = CARTESIAN_POINT('',(3.661150490312,9.017247669915,3.));
#2666 = CARTESIAN_POINT('',(3.669694947361,9.096154212711,3.));
#2667 = CARTESIAN_POINT('',(3.676541198938,9.183608975808,3.));
#2668 = CARTESIAN_POINT('',(3.681186586793,9.279573448673,3.));
#2669 = CARTESIAN_POINT('',(3.683129472736,9.383986730545,3.));
#2670 = CARTESIAN_POINT('',(3.681870120127,9.496765565722,3.));
#2671 = CARTESIAN_POINT('',(3.676911520084,9.617804434055,3.));
#2672 = CARTESIAN_POINT('',(3.66776055929,9.746975532687,3.));
#2673 = CARTESIAN_POINT('',(3.653927727024,9.884129391415,3.));
#2674 = CARTESIAN_POINT('',(3.634932801713,10.029093053785,3.));
#2675 = CARTESIAN_POINT('',(3.618945771412,10.128067300368,3.));
#2676 = CARTESIAN_POINT('',(3.610000710633,10.178796336956,3.));
#2677 = ORIENTED_EDGE('',*,*,#2678,.T.);
#2678 = EDGE_CURVE('',#2652,#2679,#2681,.T.);
#2679 = VERTEX_POINT('',#2680);
#2680 = CARTESIAN_POINT('',(3.062394448343,10.356724397354,3.));
#2681 = B_SPLINE_CURVE_WITH_KNOTS('',1,(#2682,#2683),.UNSPECIFIED.,.F.,
  .F.,(2,2),(0.,0.575787298554),.PIECEWISE_BEZIER_KNOTS.);
#2682 = CARTESIAN_POINT('',(3.610000710633,10.178796336956,3.));
#2683 = CARTESIAN_POINT('',(3.062394448343,10.356724397354,3.));
#2684 = ORIENTED_EDGE('',*,*,#2685,.T.);
#2685 = EDGE_CURVE('',#2679,#2686,#2688,.T.);
#2686 = VERTEX_POINT('',#2687);
#2687 = CARTESIAN_POINT('',(2.201010685387,9.135522651647,3.));
#2688 = B_SPLINE_CURVE_WITH_KNOTS('',3,(#2689,#2690,#2691,#2692,#2693,
    #2694,#2695,#2696,#2697,#2698,#2699,#2700,#2701,#2702,#2703,#2704,
    #2705,#2706,#2707,#2708,#2709,#2710),.UNSPECIFIED.,.F.,.F.,(4,1,1,1,
    1,1,1,1,1,1,1,1,1,1,1,1,1,1,1,4),(0.,0.154535555886,0.300717838635,
    0.438546848258,0.568022584766,0.689145048173,0.801914238496,
    0.906330155756,1.002392799979,1.090102171201,1.169458269465,
    1.240461094832,1.303110647389,1.357406927258,1.403349934633,
    1.440939669834,1.470176133456,1.491059326809,1.503589253823,
    1.507765942),.UNSPECIFIED.);
#2689 = CARTESIAN_POINT('',(3.062394448343,10.356724397354,3.));
#2690 = CARTESIAN_POINT('',(3.025339962588,10.320941519453,3.));
#2691 = CARTESIAN_POINT('',(2.954230580887,10.250266612601,3.));
#2692 = CARTESIAN_POINT('',(2.853655860644,10.144153483143,3.));
#2693 = CARTESIAN_POINT('',(2.761847848805,10.041324415391,3.));
#2694 = CARTESIAN_POINT('',(2.678519699209,9.942201601215,3.));
#2695 = CARTESIAN_POINT('',(2.603363245746,9.847193691731,3.));
#2696 = CARTESIAN_POINT('',(2.536054671996,9.756693926358,3.));
#2697 = CARTESIAN_POINT('',(2.476253912515,9.671079807181,3.));
#2698 = CARTESIAN_POINT('',(2.42360560834,9.590712427305,3.));
#2699 = CARTESIAN_POINT('',(2.377739722223,9.515935912009,3.));
#2700 = CARTESIAN_POINT('',(2.338272231018,9.447076872078,3.));
#2701 = CARTESIAN_POINT('',(2.304805923858,9.384443863356,3.));
#2702 = CARTESIAN_POINT('',(2.276930887076,9.328326952778,3.));
#2703 = CARTESIAN_POINT('',(2.254226057949,9.278997061748,3.));
#2704 = CARTESIAN_POINT('',(2.236257630976,9.236706092527,3.));
#2705 = CARTESIAN_POINT('',(2.222586763124,9.201684870192,3.));
#2706 = CARTESIAN_POINT('',(2.212751530316,9.174147256981,3.));
#2707 = CARTESIAN_POINT('',(2.206316271225,9.154278231243,3.));
#2708 = CARTESIAN_POINT('',(2.20276530399,9.142259097623,3.));
#2709 = CARTESIAN_POINT('',(2.201352933109,9.136872290672,3.));
#2710 = CARTESIAN_POINT('',(2.201010685387,9.135522651647,3.));
#2711 = ORIENTED_EDGE('',*,*,#2712,.T.);
#2712 = EDGE_CURVE('',#2686,#2713,#2715,.T.);
#2713 = VERTEX_POINT('',#2714);
#2714 = CARTESIAN_POINT('',(2.108039983534,8.74963813125,3.));
#2715 = B_SPLINE_CURVE_WITH_KNOTS('',1,(#2716,#2717),.UNSPECIFIED.,.F.,
  .F.,(2,2),(0.,0.396926207859),.PIECEWISE_BEZIER_KNOTS.);
#2716 = CARTESIAN_POINT('',(2.201010685387,9.135522651647,3.));
#2717 = CARTESIAN_POINT('',(2.108039983534,8.74963813125,3.));
#2718 = ORIENTED_EDGE('',*,*,#2719,.T.);
#2719 = EDGE_CURVE('',#2713,#2720,#2722,.T.);
#2720 = VERTEX_POINT('',#2721);
#2721 = CARTESIAN_POINT('',(1.260950615217,8.911229070447,3.));
#2722 = B_SPLINE_CURVE_WITH_KNOTS('',1,(#2723,#2724),.UNSPECIFIED.,.F.,
  .F.,(2,2),(0.,0.862364209338),.PIECEWISE_BEZIER_KNOTS.);
#2723 = CARTESIAN_POINT('',(2.108039983534,8.74963813125,3.));
#2724 = CARTESIAN_POINT('',(1.260950615217,8.911229070447,3.));
#2725 = ORIENTED_EDGE('',*,*,#2726,.T.);
#2726 = EDGE_CURVE('',#2720,#2727,#2729,.T.);
#2727 = VERTEX_POINT('',#2728);
#2728 = CARTESIAN_POINT('',(1.316562209216,9.304240221814,3.));
#2729 = B_SPLINE_CURVE_WITH_KNOTS('',1,(#2730,#2731),.UNSPECIFIED.,.F.,
  .F.,(2,2),(0.,0.396926207859),.PIECEWISE_BEZIER_KNOTS.);
#2730 = CARTESIAN_POINT('',(1.260950615217,8.911229070447,3.));
#2731 = CARTESIAN_POINT('',(1.316562209216,9.304240221814,3.));
#2732 = ORIENTED_EDGE('',*,*,#2733,.T.);
#2733 = EDGE_CURVE('',#2727,#2734,#2736,.T.);
#2734 = VERTEX_POINT('',#2735);
#2735 = CARTESIAN_POINT('',(0.96522218747,10.756781401926,3.));
#2736 = B_SPLINE_CURVE_WITH_KNOTS('',3,(#2737,#2738,#2739,#2740,#2741,
    #2742,#2743,#2744,#2745,#2746,#2747,#2748,#2749,#2750,#2751,#2752,
    #2753,#2754,#2755,#2756,#2757,#2758),.UNSPECIFIED.,.F.,.F.,(4,1,1,1,
    1,1,1,1,1,1,1,1,1,1,1,1,1,1,1,4),(0.,4.176688177199E-03,
    1.670661519072E-02,3.758980854408E-02,6.682627216637E-02,
    0.104416007367,0.150359014742,0.204655294612,0.267304847168,
    0.338307672535,0.417663770799,0.505373142021,0.601435786244,
    0.705851703504,0.818620893827,0.939743357234,1.069219093742,
    1.207048103365,1.353230386115,1.507765942),.UNSPECIFIED.);
#2737 = CARTESIAN_POINT('',(1.316562209216,9.304240221814,3.));
#2738 = CARTESIAN_POINT('',(1.316740830594,9.305621074233,3.));
#2739 = CARTESIAN_POINT('',(1.317410657259,9.311149529069,3.));
#2740 = CARTESIAN_POINT('',(1.31853358961,9.323631835114,3.));
#2741 = CARTESIAN_POINT('',(1.319864513238,9.344474564917,3.));
#2742 = CARTESIAN_POINT('',(1.320857216585,9.373698980836,3.));
#2743 = CARTESIAN_POINT('',(1.321038536922,9.411293471983,3.));
#2744 = CARTESIAN_POINT('',(1.319900260161,9.457229239872,3.));
#2745 = CARTESIAN_POINT('',(1.316949387992,9.511453217669,3.));
#2746 = CARTESIAN_POINT('',(1.311689846853,9.573890887032,3.));
#2747 = CARTESIAN_POINT('',(1.303630409705,9.644445355135,3.));
#2748 = CARTESIAN_POINT('',(1.2922831677,9.72299782385,3.));
#2749 = CARTESIAN_POINT('',(1.277165216527,9.809407628279,3.));
#2750 = CARTESIAN_POINT('',(1.257799267051,9.903512461743,3.));
#2751 = CARTESIAN_POINT('',(1.233714586373,10.005128584449,3.));
#2752 = CARTESIAN_POINT('',(1.204447842847,10.114051076874,3.));
#2753 = CARTESIAN_POINT('',(1.169543883835,10.230054132899,3.));
#2754 = CARTESIAN_POINT('',(1.128556871358,10.352891332531,3.));
#2755 = CARTESIAN_POINT('',(1.081049845303,10.482296165083,3.));
#2756 = CARTESIAN_POINT('',(1.026600683662,10.617981681598,3.));
#2757 = CARTESIAN_POINT('',(0.986502021101,10.709870657462,3.));
#2758 = CARTESIAN_POINT('',(0.96522218747,10.756781401926,3.));
#2759 = ORIENTED_EDGE('',*,*,#2760,.T.);
#2760 = EDGE_CURVE('',#2734,#2761,#2763,.T.);
#2761 = VERTEX_POINT('',#2762);
#2762 = CARTESIAN_POINT('',(0.390571073624,10.79293538554,3.));
#2763 = B_SPLINE_CURVE_WITH_KNOTS('',1,(#2764,#2765),.UNSPECIFIED.,.F.,
  .F.,(2,2),(0.,0.575787298554),.PIECEWISE_BEZIER_KNOTS.);
#2764 = CARTESIAN_POINT('',(0.96522218747,10.756781401926,3.));
#2765 = CARTESIAN_POINT('',(0.390571073624,10.79293538554,3.));
#2766 = ORIENTED_EDGE('',*,*,#2767,.T.);
#2767 = EDGE_CURVE('',#2761,#2768,#2770,.T.);
#2768 = VERTEX_POINT('',#2769);
#2769 = CARTESIAN_POINT('',(-0.1400502101,9.395882507492,3.));
#2770 = B_SPLINE_CURVE_WITH_KNOTS('',3,(#2771,#2772,#2773,#2774,#2775,
    #2776,#2777,#2778,#2779,#2780,#2781,#2782,#2783,#2784,#2785,#2786,
    #2787,#2788,#2789,#2790,#2791,#2792),.UNSPECIFIED.,.F.,.F.,(4,1,1,1,
    1,1,1,1,1,1,1,1,1,1,1,1,1,1,1,4),(0.,0.154535555886,0.300717838635,
    0.438546848258,0.568022584766,0.689145048173,0.801914238496,
    0.906330155756,1.002392799979,1.090102171201,1.169458269465,
    1.240461094832,1.303110647389,1.357406927258,1.403349934633,
    1.440939669834,1.470176133456,1.491059326809,1.503589253823,
    1.507765942),.UNSPECIFIED.);
#2771 = CARTESIAN_POINT('',(0.390571073624,10.79293538554,3.));
#2772 = CARTESIAN_POINT('',(0.363579562545,10.749061616667,3.));
#2773 = CARTESIAN_POINT('',(0.312280347441,10.662922907864,3.));
#2774 = CARTESIAN_POINT('',(0.24125462917,10.535131601668,3.));
#2775 = CARTESIAN_POINT('',(0.177903484103,10.412701374064,3.));
#2776 = CARTESIAN_POINT('',(0.121844083029,10.295969817249,3.));
#2777 = CARTESIAN_POINT('',(7.267631404394E-02,10.185256106016,3.));
#2778 = CARTESIAN_POINT('',(2.998873934896E-02,10.080860595579,3.));
#2779 = CARTESIAN_POINT('',(-6.641903669609E-03,9.983064357261,3.));
#2780 = CARTESIAN_POINT('',(-3.764960992171E-02,9.892128765585,3.));
#2781 = CARTESIAN_POINT('',(-6.347837173418E-02,9.808295109978,3.));
#2782 = CARTESIAN_POINT('',(-8.458137225559E-02,9.731784237475,3.));
#2783 = CARTESIAN_POINT('',(-0.101420077965,9.662796227744,3.));
#2784 = CARTESIAN_POINT('',(-0.114463661048,9.601510093352,3.));
#2785 = CARTESIAN_POINT('',(-0.124187331182,9.548083530167,3.));
#2786 = CARTESIAN_POINT('',(-0.131073910617,9.502652643435,3.));
#2787 = CARTESIAN_POINT('',(-0.135605859185,9.465331870615,3.));
#2788 = CARTESIAN_POINT('',(-0.138283774146,9.436213479225,3.));
#2789 = CARTESIAN_POINT('',(-0.139575631971,9.415368291609,3.));
#2790 = CARTESIAN_POINT('',(-0.140026002056,9.402843671533,3.));
#2791 = CARTESIAN_POINT('',(-0.140054356296,9.397274858673,3.));
#2792 = CARTESIAN_POINT('',(-0.1400502101,9.395882507492,3.));
#2793 = ORIENTED_EDGE('',*,*,#2794,.T.);
#2794 = EDGE_CURVE('',#2768,#2795,#2797,.T.);
#2795 = VERTEX_POINT('',#2796);
#2796 = CARTESIAN_POINT('',(-0.134134488557,8.999000385542,3.));
#2797 = B_SPLINE_CURVE_WITH_KNOTS('',1,(#2798,#2799),.UNSPECIFIED.,.F.,
  .F.,(2,2),(0.,0.396926207859),.PIECEWISE_BEZIER_KNOTS.);
#2798 = CARTESIAN_POINT('',(-0.1400502101,9.395882507492,3.));
#2799 = CARTESIAN_POINT('',(-0.134134488557,8.999000385542,3.));
#2800 = ORIENTED_EDGE('',*,*,#2801,.T.);
#2801 = EDGE_CURVE('',#2795,#2802,#2804,.T.);
#2802 = VERTEX_POINT('',#2803);
#2803 = CARTESIAN_POINT('',(-0.994797019116,8.944852088814,3.));
#2804 = B_SPLINE_CURVE_WITH_KNOTS('',1,(#2805,#2806),.UNSPECIFIED.,.F.,
  .F.,(2,2),(0.,0.862364209338),.PIECEWISE_BEZIER_KNOTS.);
#2805 = CARTESIAN_POINT('',(-0.134134488557,8.999000385542,3.));
#2806 = CARTESIAN_POINT('',(-0.994797019116,8.944852088814,3.));
#2807 = ORIENTED_EDGE('',*,*,#2808,.T.);
#2808 = EDGE_CURVE('',#2802,#2809,#2811,.T.);
#2809 = VERTEX_POINT('',#2810);
#2810 = CARTESIAN_POINT('',(-1.038670464492,9.3393461132,3.));
#2811 = B_SPLINE_CURVE_WITH_KNOTS('',1,(#2812,#2813),.UNSPECIFIED.,.F.,
  .F.,(2,2),(0.,0.396926207859),.PIECEWISE_BEZIER_KNOTS.);
#2812 = CARTESIAN_POINT('',(-0.994797019116,8.944852088814,3.));
#2813 = CARTESIAN_POINT('',(-1.038670464492,9.3393461132,3.));
#2814 = ORIENTED_EDGE('',*,*,#2815,.T.);
#2815 = EDGE_CURVE('',#2809,#2816,#2818,.T.);
#2816 = VERTEX_POINT('',#2817);
#2817 = CARTESIAN_POINT('',(-1.740204795571,10.658878330738,3.));
#2818 = B_SPLINE_CURVE_WITH_KNOTS('',3,(#2819,#2820,#2821,#2822,#2823,
    #2824,#2825,#2826,#2827,#2828,#2829,#2830,#2831,#2832,#2833,#2834,
    #2835,#2836,#2837,#2838,#2839,#2840),.UNSPECIFIED.,.F.,.F.,(4,1,1,1,
    1,1,1,1,1,1,1,1,1,1,1,1,1,1,1,4),(0.,4.176688177199E-03,
    1.670661519072E-02,3.758980854408E-02,6.682627216637E-02,
    0.104416007367,0.150359014742,0.204655294612,0.267304847168,
    0.338307672535,0.417663770799,0.505373142021,0.601435786244,
    0.705851703504,0.818620893827,0.939743357234,1.069219093742,
    1.207048103365,1.353230386115,1.507765942),.UNSPECIFIED.);
#2819 = CARTESIAN_POINT('',(-1.038670464492,9.3393461132,3.));
#2820 = CARTESIAN_POINT('',(-1.038840858866,9.340728004931,3.));
#2821 = CARTESIAN_POINT('',(-1.039566946846,9.34624935231,3.));
#2822 = CARTESIAN_POINT('',(-1.041583516762,9.358618765678,3.));
#2823 = CARTESIAN_POINT('',(-1.04547778267,9.379137670044,3.));
#2824 = CARTESIAN_POINT('',(-1.051784083622,9.40769082248,3.));
#2825 = CARTESIAN_POINT('',(-1.060957829558,9.44414930609,3.));
#2826 = CARTESIAN_POINT('',(-1.073484106195,9.488358839442,3.));
#2827 = CARTESIAN_POINT('',(-1.089827226208,9.540145419199,3.));
#2828 = CARTESIAN_POINT('',(-1.110449146139,9.599313499671,3.));
#2829 = CARTESIAN_POINT('',(-1.135801563961,9.665647068903,3.));
#2830 = CARTESIAN_POINT('',(-1.166327516074,9.738909723031,3.));
#2831 = CARTESIAN_POINT('',(-1.202459753523,9.818845122987,3.));
#2832 = CARTESIAN_POINT('',(-1.244620206501,9.905177364271,3.));
#2833 = CARTESIAN_POINT('',(-1.293219124737,9.997611413103,3.));
#2834 = CARTESIAN_POINT('',(-1.348654322048,10.095833561989,3.));
#2835 = CARTESIAN_POINT('',(-1.411310495918,10.199511907066,3.));
#2836 = CARTESIAN_POINT('',(-1.481558195344,10.308296894681,3.));
#2837 = CARTESIAN_POINT('',(-1.559754374022,10.421821719511,3.));
#2838 = CARTESIAN_POINT('',(-1.646236530917,10.539703470151,3.));
#2839 = CARTESIAN_POINT('',(-1.707927279297,10.618733452999,3.));
#2840 = CARTESIAN_POINT('',(-1.740204795571,10.658878330738,3.));
#2841 = ORIENTED_EDGE('',*,*,#2842,.T.);
#2842 = EDGE_CURVE('',#2816,#2843,#2845,.T.);
#2843 = VERTEX_POINT('',#2844);
#2844 = CARTESIAN_POINT('',(-2.305793318072,10.550986549813,3.));
#2845 = B_SPLINE_CURVE_WITH_KNOTS('',1,(#2846,#2847),.UNSPECIFIED.,.F.,
  .F.,(2,2),(0.,0.575787298554),.PIECEWISE_BEZIER_KNOTS.);
#2846 = CARTESIAN_POINT('',(-1.740204795571,10.658878330738,3.));
#2847 = CARTESIAN_POINT('',(-2.305793318072,10.550986549813,3.));
#2848 = ORIENTED_EDGE('',*,*,#2849,.T.);
#2849 = EDGE_CURVE('',#2843,#2850,#2852,.T.);
#2850 = VERTEX_POINT('',#2851);
#2851 = CARTESIAN_POINT('',(-2.472311235817,9.065864509753,3.));
#2852 = B_SPLINE_CURVE_WITH_KNOTS('',3,(#2853,#2854,#2855,#2856,#2857,
    #2858,#2859,#2860,#2861,#2862,#2863,#2864,#2865,#2866,#2867,#2868,
    #2869,#2870,#2871,#2872,#2873,#2874),.UNSPECIFIED.,.F.,.F.,(4,1,1,1,
    1,1,1,1,1,1,1,1,1,1,1,1,1,1,1,4),(0.,0.154535555886,0.300717838635,
    0.438546848258,0.568022584766,0.689145048173,0.801914238496,
    0.906330155756,1.002392799979,1.090102171201,1.169458269465,
    1.240461094832,1.303110647389,1.357406927258,1.403349934633,
    1.440939669834,1.470176133456,1.491059326809,1.503589253823,
    1.507765942),.UNSPECIFIED.);
#2853 = CARTESIAN_POINT('',(-2.305793318072,10.550986549813,3.));
#2854 = CARTESIAN_POINT('',(-2.321025878565,10.501778640222,3.));
#2855 = CARTESIAN_POINT('',(-2.349291608721,10.405588541339,3.));
#2856 = CARTESIAN_POINT('',(-2.386305517927,10.264148656156,3.));
#2857 = CARTESIAN_POINT('',(-2.417219210789,10.129810010167,3.));
#2858 = CARTESIAN_POINT('',(-2.442487444999,10.002804383736,3.));
#2859 = CARTESIAN_POINT('',(-2.462577137754,9.883341420409,3.));
#2860 = CARTESIAN_POINT('',(-2.477961496082,9.771609718768,3.));
#2861 = CARTESIAN_POINT('',(-2.489120384619,9.667776258632,3.));
#2862 = CARTESIAN_POINT('',(-2.496539164727,9.571986272819,3.));
#2863 = CARTESIAN_POINT('',(-2.500707886138,9.484363053801,3.));
#2864 = CARTESIAN_POINT('',(-2.502120416842,9.405007808233,3.));
#2865 = CARTESIAN_POINT('',(-2.501273483292,9.333999567865,3.));
#2866 = CARTESIAN_POINT('',(-2.49866603638,9.271395042877,3.));
#2867 = CARTESIAN_POINT('',(-2.494797573566,9.21722879499,3.));
#2868 = CARTESIAN_POINT('',(-2.49016959635,9.171512580444,3.));
#2869 = CARTESIAN_POINT('',(-2.485277866638,9.134237258552,3.));
#2870 = CARTESIAN_POINT('',(-2.480630200507,9.105367704603,3.));
#2871 = CARTESIAN_POINT('',(-2.476697484887,9.084856134912,3.));
#2872 = CARTESIAN_POINT('',(-2.474018959414,9.07261299632,3.));
#2873 = CARTESIAN_POINT('',(-2.472661515411,9.067212086544,3.));
#2874 = CARTESIAN_POINT('',(-2.472311235817,9.065864509753,3.));
#2875 = ORIENTED_EDGE('',*,*,#2876,.T.);
#2876 = EDGE_CURVE('',#2850,#2877,#2879,.T.);
#2877 = VERTEX_POINT('',#2878);
#2878 = CARTESIAN_POINT('',(-2.367880797419,8.682922349602,3.));
#2879 = B_SPLINE_CURVE_WITH_KNOTS('',1,(#2880,#2881),.UNSPECIFIED.,.F.,
  .F.,(2,2),(0.,0.396926207859),.PIECEWISE_BEZIER_KNOTS.);
#2880 = CARTESIAN_POINT('',(-2.472311235817,9.065864509753,3.));
#2881 = CARTESIAN_POINT('',(-2.367880797419,8.682922349602,3.));
#2882 = ORIENTED_EDGE('',*,*,#2883,.T.);
#2883 = EDGE_CURVE('',#2877,#2884,#2886,.T.);
#2884 = VERTEX_POINT('',#2885);
#2885 = CARTESIAN_POINT('',(-3.18803789813,8.416437153576,3.));
#2886 = B_SPLINE_CURVE_WITH_KNOTS('',1,(#2887,#2888),.UNSPECIFIED.,.F.,
  .F.,(2,2),(0.,0.862364209338),.PIECEWISE_BEZIER_KNOTS.);
#2887 = CARTESIAN_POINT('',(-2.367880797419,8.682922349602,3.));
#2888 = CARTESIAN_POINT('',(-3.18803789813,8.416437153576,3.));
#2889 = ORIENTED_EDGE('',*,*,#2890,.T.);
#2890 = EDGE_CURVE('',#2884,#2891,#2893,.T.);
#2891 = VERTEX_POINT('',#2892);
#2892 = CARTESIAN_POINT('',(-3.328639652954,8.787626540581,3.));
#2893 = B_SPLINE_CURVE_WITH_KNOTS('',1,(#2894,#2895),.UNSPECIFIED.,.F.,
  .F.,(2,2),(0.,0.396926207859),.PIECEWISE_BEZIER_KNOTS.);
#2894 = CARTESIAN_POINT('',(-3.18803789813,8.416437153576,3.));
#2895 = CARTESIAN_POINT('',(-3.328639652954,8.787626540581,3.));
#2896 = ORIENTED_EDGE('',*,*,#2897,.T.);
#2897 = EDGE_CURVE('',#2891,#2898,#2900,.T.);
#2898 = VERTEX_POINT('',#2899);
#2899 = CARTESIAN_POINT('',(-4.33628831128,9.891238733417,3.));
#2900 = B_SPLINE_CURVE_WITH_KNOTS('',3,(#2901,#2902,#2903,#2904,#2905,
    #2906,#2907,#2908,#2909,#2910,#2911,#2912,#2913,#2914,#2915,#2916,
    #2917,#2918,#2919,#2920,#2921,#2922),.UNSPECIFIED.,.F.,.F.,(4,1,1,1,
    1,1,1,1,1,1,1,1,1,1,1,1,1,1,1,4),(0.,4.176688177199E-03,
    1.670661519072E-02,3.758980854408E-02,6.682627216637E-02,
    0.104416007367,0.150359014742,0.204655294612,0.267304847168,
    0.338307672535,0.417663770799,0.505373142021,0.601435786244,
    0.705851703504,0.818620893827,0.939743357234,1.069219093742,
    1.207048103365,1.353230386115,1.507765942),.UNSPECIFIED.);
#2901 = CARTESIAN_POINT('',(-3.328639652954,8.787626540581,3.));
#2902 = CARTESIAN_POINT('',(-3.329148356574,8.788922642286,3.));
#2903 = CARTESIAN_POINT('',(-3.331224736422,8.794089955646,3.));
#2904 = CARTESIAN_POINT('',(-3.336254100101,8.805569260601,3.));
#2905 = CARTESIAN_POINT('',(-3.345128864495,8.824475061306,3.));
#2906 = CARTESIAN_POINT('',(-3.358337921663,8.85056285068,3.));
#2907 = CARTESIAN_POINT('',(-3.376290313677,8.883594506144,3.));
#2908 = CARTESIAN_POINT('',(-3.39941751816,8.923299957386,3.));
#2909 = CARTESIAN_POINT('',(-3.428125987681,8.969395197839,3.));
#2910 = CARTESIAN_POINT('',(-3.462814535333,9.02157594132,3.));
#2911 = CARTESIAN_POINT('',(-3.503866948177,9.079520629569,3.));
#2912 = CARTESIAN_POINT('',(-3.551653552559,9.14289010711,3.));
#2913 = CARTESIAN_POINT('',(-3.606529754922,9.211328467431,3.));
#2914 = CARTESIAN_POINT('',(-3.668835615086,9.284463544308,3.));
#2915 = CARTESIAN_POINT('',(-3.738895122112,9.361907548029,3.));
#2916 = CARTESIAN_POINT('',(-3.817015575885,9.443257694525,3.));
#2917 = CARTESIAN_POINT('',(-3.903487046775,9.528096836931,3.));
#2918 = CARTESIAN_POINT('',(-3.998581511843,9.615994251674,3.));
#2919 = CARTESIAN_POINT('',(-4.102553489652,9.706505886523,3.));
#2920 = CARTESIAN_POINT('',(-4.215634649824,9.799176927357,3.));
#2921 = CARTESIAN_POINT('',(-4.295041227419,9.860382172714,3.));
#2922 = CARTESIAN_POINT('',(-4.33628831128,9.891238733417,3.));
#2923 = ORIENTED_EDGE('',*,*,#2924,.T.);
#2924 = EDGE_CURVE('',#2898,#2925,#2927,.T.);
#2925 = VERTEX_POINT('',#2926);
#2926 = CARTESIAN_POINT('',(-4.857276235478,9.646080425347,3.));
#2927 = B_SPLINE_CURVE_WITH_KNOTS('',1,(#2928,#2929),.UNSPECIFIED.,.F.,
  .F.,(2,2),(0.,0.575787298554),.PIECEWISE_BEZIER_KNOTS.);
#2928 = CARTESIAN_POINT('',(-4.33628831128,9.891238733417,3.));
#2929 = CARTESIAN_POINT('',(-4.857276235478,9.646080425347,3.));
#2930 = ORIENTED_EDGE('',*,*,#2931,.T.);
#2931 = EDGE_CURVE('',#2925,#2932,#2934,.T.);
#2932 = VERTEX_POINT('',#2933);
#2933 = CARTESIAN_POINT('',(-4.649227854064,8.166204902949,3.));
#2934 = B_SPLINE_CURVE_WITH_KNOTS('',3,(#2935,#2936,#2937,#2938,#2939,
    #2940,#2941,#2942,#2943,#2944,#2945,#2946,#2947,#2948,#2949,#2950,
    #2951,#2952,#2953,#2954,#2955,#2956),.UNSPECIFIED.,.F.,.F.,(4,1,1,1,
    1,1,1,1,1,1,1,1,1,1,1,1,1,1,1,4),(0.,0.154535555886,0.300717838635,
    0.438546848258,0.568022584766,0.689145048173,0.801914238496,
    0.906330155756,1.002392799979,1.090102171201,1.169458269465,
    1.240461094832,1.303110647389,1.357406927258,1.403349934633,
    1.440939669834,1.470176133456,1.491059326809,1.503589253823,
    1.507765942),.UNSPECIFIED.);
#2935 = CARTESIAN_POINT('',(-4.857276235478,9.646080425347,3.));
#2936 = CARTESIAN_POINT('',(-4.859792727589,9.594630288972,3.));
#2937 = CARTESIAN_POINT('',(-4.863248933018,9.494432777684,3.));
#2938 = CARTESIAN_POINT('',(-4.863925313115,9.348231501679,3.));
#2939 = CARTESIAN_POINT('',(-4.860459132757,9.210425428496,3.));
#2940 = CARTESIAN_POINT('',(-4.853348504018,9.081125963052,3.));
#2941 = CARTESIAN_POINT('',(-4.843097811262,8.96042004497,3.));
#2942 = CARTESIAN_POINT('',(-4.83021229741,8.84837266586,3.));
#2943 = CARTESIAN_POINT('',(-4.815198277458,8.74502622208,3.));
#2944 = CARTESIAN_POINT('',(-4.798561982183,8.650400679228,3.));
#2945 = CARTESIAN_POINT('',(-4.780808727095,8.564493585907,3.));
#2946 = CARTESIAN_POINT('',(-4.762442033484,8.4872801492,3.));
#2947 = CARTESIAN_POINT('',(-4.743962676623,8.418713387088,3.));
#2948 = CARTESIAN_POINT('',(-4.725868035196,8.358724144052,3.));
#2949 = CARTESIAN_POINT('',(-4.70865050918,8.307221676028,3.));
#2950 = CARTESIAN_POINT('',(-4.69279876814,8.26409265156,3.));
#2951 = CARTESIAN_POINT('',(-4.678790725518,8.22920492616,3.));
#2952 = CARTESIAN_POINT('',(-4.667109508251,8.202398189901,3.));
#2953 = CARTESIAN_POINT('',(-4.658199326171,8.183509055493,3.));
#2954 = CARTESIAN_POINT('',(-4.652560206747,8.172316679812,3.));
#2955 = CARTESIAN_POINT('',(-4.649902257701,8.167423032144,3.));
#2956 = CARTESIAN_POINT('',(-4.649227854064,8.166204902949,3.));
#2957 = ORIENTED_EDGE('',*,*,#2958,.T.);
#2958 = EDGE_CURVE('',#2932,#2959,#2961,.T.);
#2959 = VERTEX_POINT('',#2960);
#2960 = CARTESIAN_POINT('',(-4.452844447324,7.821264368882,3.));
#2961 = B_SPLINE_CURVE_WITH_KNOTS('',1,(#2962,#2963),.UNSPECIFIED.,.F.,
  .F.,(2,2),(0.,0.396926207859),.PIECEWISE_BEZIER_KNOTS.);
#2962 = CARTESIAN_POINT('',(-4.649227854064,8.166204902949,3.));
#2963 = CARTESIAN_POINT('',(-4.452844447324,7.821264368882,3.));
#2964 = ORIENTED_EDGE('',*,*,#2965,.T.);
#2965 = EDGE_CURVE('',#2959,#2966,#2968,.T.);
#2966 = VERTEX_POINT('',#2967);
#2967 = CARTESIAN_POINT('',(-5.180962631222,7.359186518487,3.));
#2968 = B_SPLINE_CURVE_WITH_KNOTS('',1,(#2969,#2970),.UNSPECIFIED.,.F.,
  .F.,(2,2),(0.,0.862364209338),.PIECEWISE_BEZIER_KNOTS.);
#2969 = CARTESIAN_POINT('',(-4.452844447324,7.821264368882,3.));
#2970 = CARTESIAN_POINT('',(-5.180962631222,7.359186518487,3.));
#2971 = ORIENTED_EDGE('',*,*,#2972,.T.);
#2972 = EDGE_CURVE('',#2966,#2973,#2975,.T.);
#2973 = VERTEX_POINT('',#2974);
#2974 = CARTESIAN_POINT('',(-5.40945817014,7.683748073789,3.));
#2975 = B_SPLINE_CURVE_WITH_KNOTS('',1,(#2976,#2977),.UNSPECIFIED.,.F.,
  .F.,(2,2),(0.,0.396926207859),.PIECEWISE_BEZIER_KNOTS.);
#2976 = CARTESIAN_POINT('',(-5.180962631222,7.359186518487,3.));
#2977 = CARTESIAN_POINT('',(-5.40945817014,7.683748073789,3.));
#2978 = ORIENTED_EDGE('',*,*,#2979,.T.);
#2979 = EDGE_CURVE('',#2973,#2980,#2982,.T.);
#2980 = VERTEX_POINT('',#2981);
#2981 = CARTESIAN_POINT('',(-6.659906884639,8.502096229045,3.));
#2982 = B_SPLINE_CURVE_WITH_KNOTS('',3,(#2983,#2984,#2985,#2986,#2987,
    #2988,#2989,#2990,#2991,#2992,#2993,#2994,#2995,#2996,#2997,#2998,
    #2999,#3000,#3001,#3002,#3003,#3004),.UNSPECIFIED.,.F.,.F.,(4,1,1,1,
    1,1,1,1,1,1,1,1,1,1,1,1,1,1,1,4),(0.,4.176688177199E-03,
    1.670661519072E-02,3.758980854408E-02,6.682627216637E-02,
    0.104416007367,0.150359014742,0.204655294612,0.267304847168,
    0.338307672535,0.417663770799,0.505373142021,0.601435786244,
    0.705851703504,0.818620893827,0.939743357234,1.069219093742,
    1.207048103365,1.353230386115,1.507765942),.UNSPECIFIED.);
#2983 = CARTESIAN_POINT('',(-5.40945817014,7.683748073789,3.));
#2984 = CARTESIAN_POINT('',(-5.410273219287,7.684876946629,3.));
#2985 = CARTESIAN_POINT('',(-5.413569424421,7.689365544667,3.));
#2986 = CARTESIAN_POINT('',(-5.421295568445,7.699233454263,3.));
#2987 = CARTESIAN_POINT('',(-5.434593197241,7.715338230317,3.));
#2988 = CARTESIAN_POINT('',(-5.453875036984,7.73732146488,3.));
#2989 = CARTESIAN_POINT('',(-5.479478060261,7.764850791802,3.));
#2990 = CARTESIAN_POINT('',(-5.511753025276,7.797557321407,3.));
#2991 = CARTESIAN_POINT('',(-5.551022985583,7.835064889072,3.));
#2992 = CARTESIAN_POINT('',(-5.597598551931,7.876979587541,3.));
#2993 = CARTESIAN_POINT('',(-5.651771485718,7.922894516938,3.));
#2994 = CARTESIAN_POINT('',(-5.713816134269,7.972389080562,3.));
#2995 = CARTESIAN_POINT('',(-5.783988227931,8.02503016737,3.));
#2996 = CARTESIAN_POINT('',(-5.862524588941,8.080372733987,3.));
#2997 = CARTESIAN_POINT('',(-5.949642588271,8.137960601024,3.));
#2998 = CARTESIAN_POINT('',(-6.045539703088,8.197327216242,3.));
#2999 = CARTESIAN_POINT('',(-6.150393150462,8.257996400642,3.));
#3000 = CARTESIAN_POINT('',(-6.264359246198,8.319483324682,3.));
#3001 = CARTESIAN_POINT('',(-6.387574081391,8.381294590652,3.));
#3002 = CARTESIAN_POINT('',(-6.520148939663,8.442932059365,3.));
#3003 = CARTESIAN_POINT('',(-6.612281939166,8.482466816568,3.));
#3004 = CARTESIAN_POINT('',(-6.659906884639,8.502096229045,3.));
#3005 = ORIENTED_EDGE('',*,*,#3006,.T.);
#3006 = EDGE_CURVE('',#2980,#3007,#3009,.T.);
#3007 = VERTEX_POINT('',#3008);
#3008 = CARTESIAN_POINT('',(-7.103558623197,8.135075591954,3.));
#3009 = B_SPLINE_CURVE_WITH_KNOTS('',1,(#3010,#3011),.UNSPECIFIED.,.F.,
  .F.,(2,2),(0.,0.575787298554),.PIECEWISE_BEZIER_KNOTS.);
#3010 = CARTESIAN_POINT('',(-6.659906884639,8.502096229045,3.));
#3011 = CARTESIAN_POINT('',(-7.103558623197,8.135075591954,3.));
#3012 = ORIENTED_EDGE('',*,*,#3013,.T.);
#3013 = EDGE_CURVE('',#3007,#3014,#3016,.T.);
#3014 = VERTEX_POINT('',#3015);
#3015 = CARTESIAN_POINT('',(-6.534016387576,6.753432608891,3.));
#3016 = B_SPLINE_CURVE_WITH_KNOTS('',3,(#3017,#3018,#3019,#3020,#3021,
    #3022,#3023,#3024,#3025,#3026,#3027,#3028,#3029,#3030,#3031,#3032,
    #3033,#3034,#3035,#3036,#3037,#3038),.UNSPECIFIED.,.F.,.F.,(4,1,1,1,
    1,1,1,1,1,1,1,1,1,1,1,1,1,1,1,4),(0.,0.154535555886,0.300717838635,
    0.438546848258,0.568022584766,0.689145048173,0.801914238496,
    0.906330155756,1.002392799979,1.090102171201,1.169458269465,
    1.240461094832,1.303110647389,1.357406927258,1.403349934633,
    1.440939669834,1.470176133456,1.491059326809,1.503589253823,
    1.507765942),.UNSPECIFIED.);
#3017 = CARTESIAN_POINT('',(-7.103558623197,8.135075591954,3.));
#3018 = CARTESIAN_POINT('',(-7.093200926472,8.084616030085,3.));
#3019 = CARTESIAN_POINT('',(-7.071630441074,7.986706884525,3.));
#3020 = CARTESIAN_POINT('',(-7.035926792614,7.844930581562,3.));
#3021 = CARTESIAN_POINT('',(-6.998298531895,7.712315943577,3.));
#3022 = CARTESIAN_POINT('',(-6.959255827161,7.588847000064,3.));
#3023 = CARTESIAN_POINT('',(-6.919308837621,7.474482523986,3.));
#3024 = CARTESIAN_POINT('',(-6.878963095813,7.369159816318,3.));
#3025 = CARTESIAN_POINT('',(-6.838719553464,7.272794026037,3.));
#3026 = CARTESIAN_POINT('',(-6.799073502423,7.185278597013,3.));
#3027 = CARTESIAN_POINT('',(-6.760513773144,7.106485488005,3.));
#3028 = CARTESIAN_POINT('',(-6.723521902124,7.03626546436,3.));
#3029 = CARTESIAN_POINT('',(-6.688571247908,6.974448482338,3.));
#3030 = CARTESIAN_POINT('',(-6.656126364833,6.920843866019,3.));
#3031 = CARTESIAN_POINT('',(-6.626641616096,6.875241267337,3.));
#3032 = CARTESIAN_POINT('',(-6.600562134422,6.837409388172,3.));
#3033 = CARTESIAN_POINT('',(-6.578317955725,6.807101383358,3.));
#3034 = CARTESIAN_POINT('',(-6.560337161163,6.784041830617,3.));
#3035 = CARTESIAN_POINT('',(-6.547009372133,6.767962005278,3.));
#3036 = CARTESIAN_POINT('',(-6.53876398537,6.758523650633,3.));
#3037 = CARTESIAN_POINT('',(-6.534972539994,6.754444750953,3.));
#3038 = CARTESIAN_POINT('',(-6.534016387576,6.753432608891,3.));
#3039 = ORIENTED_EDGE('',*,*,#3040,.T.);
#3040 = EDGE_CURVE('',#3014,#3041,#3043,.T.);
#3041 = VERTEX_POINT('',#3042);
#3042 = CARTESIAN_POINT('',(-6.258019504187,6.468167583266,3.));
#3043 = B_SPLINE_CURVE_WITH_KNOTS('',1,(#3044,#3045),.UNSPECIFIED.,.F.,
  .F.,(2,2),(0.,0.396926207859),.PIECEWISE_BEZIER_KNOTS.);
#3044 = CARTESIAN_POINT('',(-6.534016387576,6.753432608891,3.));
#3045 = CARTESIAN_POINT('',(-6.258019504187,6.468167583266,3.));
#3046 = ORIENTED_EDGE('',*,*,#3047,.T.);
#3047 = EDGE_CURVE('',#3041,#3048,#3050,.T.);
#3048 = VERTEX_POINT('',#3049);
#3049 = CARTESIAN_POINT('',(-6.848348427946,5.839531129248,3.));
#3050 = B_SPLINE_CURVE_WITH_KNOTS('',1,(#3051,#3052),.UNSPECIFIED.,.F.,
  .F.,(2,2),(0.,0.862364209338),.PIECEWISE_BEZIER_KNOTS.);
#3051 = CARTESIAN_POINT('',(-6.258019504187,6.468167583266,3.));
#3052 = CARTESIAN_POINT('',(-6.848348427946,5.839531129248,3.));
#3053 = ORIENTED_EDGE('',*,*,#3054,.T.);
#3054 = EDGE_CURVE('',#3048,#3055,#3057,.T.);
#3055 = VERTEX_POINT('',#3056);
#3056 = CARTESIAN_POINT('',(-7.150380535901,6.097071456671,3.));
#3057 = B_SPLINE_CURVE_WITH_KNOTS('',1,(#3058,#3059),.UNSPECIFIED.,.F.,
  .F.,(2,2),(0.,0.396926207859),.PIECEWISE_BEZIER_KNOTS.);
#3058 = CARTESIAN_POINT('',(-6.848348427946,5.839531129248,3.));
#3059 = CARTESIAN_POINT('',(-7.150380535901,6.097071456671,3.));
#3060 = ORIENTED_EDGE('',*,*,#3061,.T.);
#3061 = EDGE_CURVE('',#3055,#3062,#3064,.T.);
#3062 = VERTEX_POINT('',#3063);
#3063 = CARTESIAN_POINT('',(-8.565059015012,6.578735750079,3.));
#3064 = B_SPLINE_CURVE_WITH_KNOTS('',3,(#3065,#3066,#3067,#3068,#3069,
    #3070,#3071,#3072,#3073,#3074,#3075,#3076,#3077,#3078,#3079,#3080,
    #3081,#3082,#3083,#3084,#3085,#3086),.UNSPECIFIED.,.F.,.F.,(4,1,1,1,
    1,1,1,1,1,1,1,1,1,1,1,1,1,1,1,4),(0.,4.176688177199E-03,
    1.670661519072E-02,3.758980854408E-02,6.682627216637E-02,
    0.104416007367,0.150359014742,0.204655294612,0.267304847168,
    0.338307672535,0.417663770799,0.505373142021,0.601435786244,
    0.705851703504,0.818620893827,0.939743357234,1.069219093742,
    1.207048103365,1.353230386115,1.507765942),.UNSPECIFIED.);
#3065 = CARTESIAN_POINT('',(-7.150380535901,6.097071456671,3.));
#3066 = CARTESIAN_POINT('',(-7.151450718039,6.097962169415,3.));
#3067 = CARTESIAN_POINT('',(-7.155759635767,6.101490017009,3.));
#3068 = CARTESIAN_POINT('',(-7.165697098094,6.109126494194,3.));
#3069 = CARTESIAN_POINT('',(-7.182582052368,6.121418323289,3.));
#3070 = CARTESIAN_POINT('',(-7.206725125782,6.137915715563,3.));
#3071 = CARTESIAN_POINT('',(-7.238370048207,6.158212945087,3.));
#3072 = CARTESIAN_POINT('',(-7.277764819004,6.181865481514,3.));
#3073 = CARTESIAN_POINT('',(-7.325128794067,6.208428637971,3.));
#3074 = CARTESIAN_POINT('',(-7.380664864984,6.237443636772,3.));
#3075 = CARTESIAN_POINT('',(-7.44455443505,6.26844380344,3.));
#3076 = CARTESIAN_POINT('',(-7.516958634318,6.300953527686,3.));
#3077 = CARTESIAN_POINT('',(-7.598017448558,6.334489707897,3.));
#3078 = CARTESIAN_POINT('',(-7.687849582016,6.368562387258,3.));
#3079 = CARTESIAN_POINT('',(-7.786552129354,6.402675660132,3.));
#3080 = CARTESIAN_POINT('',(-7.894200336806,6.436328521302,3.));
#3081 = CARTESIAN_POINT('',(-8.010847432942,6.469015679715,3.));
#3082 = CARTESIAN_POINT('',(-8.136524250413,6.50022866348,3.));
#3083 = CARTESIAN_POINT('',(-8.271239901741,6.529455731406,3.));
#3084 = CARTESIAN_POINT('',(-8.414978292193,6.556186719151,3.));
#3085 = CARTESIAN_POINT('',(-8.514048658403,6.571566874007,3.));
#3086 = CARTESIAN_POINT('',(-8.565059015012,6.578735750079,3.));
#3087 = ORIENTED_EDGE('',*,*,#3088,.T.);
#3088 = EDGE_CURVE('',#3062,#3089,#3091,.T.);
#3089 = VERTEX_POINT('',#3090);
#3090 = CARTESIAN_POINT('',(-8.903498297559,6.112914040403,3.));
#3091 = B_SPLINE_CURVE_WITH_KNOTS('',1,(#3092,#3093),.UNSPECIFIED.,.F.,
  .F.,(2,2),(0.,0.575787298554),.PIECEWISE_BEZIER_KNOTS.);
#3092 = CARTESIAN_POINT('',(-8.565059015012,6.578735750079,3.));
#3093 = CARTESIAN_POINT('',(-8.903498297559,6.112914040403,3.));
#3094 = ORIENTED_EDGE('',*,*,#3095,.T.);
#3095 = EDGE_CURVE('',#3089,#3096,#3098,.T.);
#3096 = VERTEX_POINT('',#3097);
#3097 = CARTESIAN_POINT('',(-8.008248641025,4.916317306629,3.));
#3098 = B_SPLINE_CURVE_WITH_KNOTS('',3,(#3099,#3100,#3101,#3102,#3103,
    #3104,#3105,#3106,#3107,#3108,#3109,#3110,#3111,#3112,#3113,#3114,
    #3115,#3116,#3117,#3118,#3119,#3120),.UNSPECIFIED.,.F.,.F.,(4,1,1,1,
    1,1,1,1,1,1,1,1,1,1,1,1,1,1,1,4),(0.,0.154535555886,0.300717838635,
    0.438546848258,0.568022584766,0.689145048173,0.801914238496,
    0.906330155756,1.002392799979,1.090102171201,1.169458269465,
    1.240461094832,1.303110647389,1.357406927258,1.403349934633,
    1.440939669834,1.470176133456,1.491059326809,1.503589253823,
    1.507765942),.UNSPECIFIED.);
#3099 = CARTESIAN_POINT('',(-8.903498297559,6.112914040403,3.));
#3100 = CARTESIAN_POINT('',(-8.880917224175,6.066615612889,3.));
#3101 = CARTESIAN_POINT('',(-8.83567540088,5.977146824759,3.));
#3102 = CARTESIAN_POINT('',(-8.765835115405,5.848703821368,3.));
#3103 = CARTESIAN_POINT('',(-8.696409096333,5.72961328401,3.));
#3104 = CARTESIAN_POINT('',(-8.627887512332,5.619732870235,3.));
#3105 = CARTESIAN_POINT('',(-8.560754242274,5.518895776797,3.));
#3106 = CARTESIAN_POINT('',(-8.49548334385,5.426915553642,3.));
#3107 = CARTESIAN_POINT('',(-8.432538928875,5.343585433874,3.));
#3108 = CARTESIAN_POINT('',(-8.372374229262,5.268679034942,3.));
#3109 = CARTESIAN_POINT('',(-8.315430875396,5.201950771067,3.));
#3110 = CARTESIAN_POINT('',(-8.262138162271,5.143136342821,3.));
#3111 = CARTESIAN_POINT('',(-8.212912288842,5.091953329215,3.));
#3112 = CARTESIAN_POINT('',(-8.168155795447,5.048101514801,3.));
#3113 = CARTESIAN_POINT('',(-8.12825645919,5.01126416445,3.));
#3114 = CARTESIAN_POINT('',(-8.093587906629,4.981106546692,3.));
#3115 = CARTESIAN_POINT('',(-8.064505275412,4.957282625873,3.));
#3116 = CARTESIAN_POINT('',(-8.041354703006,4.939419173155,3.));
#3117 = CARTESIAN_POINT('',(-8.024446741028,4.927159011447,3.));
#3118 = CARTESIAN_POINT('',(-8.014113174901,4.920067724373,3.));
#3119 = CARTESIAN_POINT('',(-8.009426463652,4.91705986495,3.));
#3120 = CARTESIAN_POINT('',(-8.008248641025,4.916317306629,3.));
#3121 = ORIENTED_EDGE('',*,*,#3122,.T.);
#3122 = EDGE_CURVE('',#3096,#3123,#3125,.T.);
#3123 = VERTEX_POINT('',#3124);
#3124 = CARTESIAN_POINT('',(-7.669980180216,4.708652040138,3.));
#3125 = B_SPLINE_CURVE_WITH_KNOTS('',1,(#3126,#3127),.UNSPECIFIED.,.F.,
  .F.,(2,2),(0.,0.396926207859),.PIECEWISE_BEZIER_KNOTS.);
#3126 = CARTESIAN_POINT('',(-8.008248641025,4.916317306629,3.));
#3127 = CARTESIAN_POINT('',(-7.669980180216,4.708652040138,3.));
#3128 = ORIENTED_EDGE('',*,*,#3129,.T.);
#3129 = EDGE_CURVE('',#3123,#3130,#3132,.T.);
#3130 = VERTEX_POINT('',#3131);
#3131 = CARTESIAN_POINT('',(-8.085427306478,3.952956522865,3.));
#3132 = B_SPLINE_CURVE_WITH_KNOTS('',1,(#3133,#3134),.UNSPECIFIED.,.F.,
  .F.,(2,2),(0.,0.862364209338),.PIECEWISE_BEZIER_KNOTS.);
#3133 = CARTESIAN_POINT('',(-7.669980180216,4.708652040138,3.));
#3134 = CARTESIAN_POINT('',(-8.085427306478,3.952956522865,3.));
#3135 = ORIENTED_EDGE('',*,*,#3136,.T.);
#3136 = EDGE_CURVE('',#3130,#3137,#3139,.T.);
#3137 = VERTEX_POINT('',#3138);
#3138 = CARTESIAN_POINT('',(-8.442018195332,4.12729341647,3.));
#3139 = B_SPLINE_CURVE_WITH_KNOTS('',1,(#3140,#3141),.UNSPECIFIED.,.F.,
  .F.,(2,2),(0.,0.396926207859),.PIECEWISE_BEZIER_KNOTS.);
#3140 = CARTESIAN_POINT('',(-8.085427306478,3.952956522865,3.));
#3141 = CARTESIAN_POINT('',(-8.442018195332,4.12729341647,3.));
#3142 = ORIENTED_EDGE('',*,*,#3143,.T.);
#3143 = EDGE_CURVE('',#3137,#3144,#3146,.T.);
#3144 = VERTEX_POINT('',#3145);
#3145 = CARTESIAN_POINT('',(-9.932036987388,4.242009109038,3.));
#3146 = B_SPLINE_CURVE_WITH_KNOTS('',3,(#3147,#3148,#3149,#3150,#3151,
    #3152,#3153,#3154,#3155,#3156,#3157,#3158,#3159,#3160,#3161,#3162,
    #3163,#3164,#3165,#3166,#3167,#3168),.UNSPECIFIED.,.F.,.F.,(4,1,1,1,
    1,1,1,1,1,1,1,1,1,1,1,1,1,1,1,4),(0.,4.176688177199E-03,
    1.670661519072E-02,3.758980854408E-02,6.682627216637E-02,
    0.104416007367,0.150359014742,0.204655294612,0.267304847168,
    0.338307672535,0.417663770799,0.505373142021,0.601435786244,
    0.705851703504,0.818620893827,0.939743357234,1.069219093742,
    1.207048103365,1.353230386115,1.507765942),.UNSPECIFIED.);
#3147 = CARTESIAN_POINT('',(-8.442018195332,4.12729341647,3.));
#3148 = CARTESIAN_POINT('',(-8.443276266982,4.12789000236,3.));
#3149 = CARTESIAN_POINT('',(-8.448327152156,4.130235431872,3.));
#3150 = CARTESIAN_POINT('',(-8.459851525479,4.135160648698,3.));
#3151 = CARTESIAN_POINT('',(-8.479262861456,4.142867190006,3.));
#3152 = CARTESIAN_POINT('',(-8.506750170445,4.152842148162,3.));
#3153 = CARTESIAN_POINT('',(-8.542448625162,4.164631930709,3.));
#3154 = CARTESIAN_POINT('',(-8.586487883408,4.177744298106,3.));
#3155 = CARTESIAN_POINT('',(-8.638969820479,4.191693982543,3.));
#3156 = CARTESIAN_POINT('',(-8.699976860383,4.205986162592,3.));
#3157 = CARTESIAN_POINT('',(-8.769568650071,4.220123712048,3.));
#3158 = CARTESIAN_POINT('',(-8.847782977932,4.233605891379,3.));
#3159 = CARTESIAN_POINT('',(-8.934635289338,4.245929963453,3.));
#3160 = CARTESIAN_POINT('',(-9.03011871192,4.256591843803,3.));
#3161 = CARTESIAN_POINT('',(-9.134203963214,4.26508706012,3.));
#3162 = CARTESIAN_POINT('',(-9.246839330525,4.270911634208,3.));
#3163 = CARTESIAN_POINT('',(-9.367950709374,4.273562912256,3.));
#3164 = CARTESIAN_POINT('',(-9.497441511931,4.272540729183,3.));
#3165 = CARTESIAN_POINT('',(-9.635193299573,4.267347154897,3.));
#3166 = CARTESIAN_POINT('',(-9.781063610498,4.257492055405,3.));
#3167 = CARTESIAN_POINT('',(-9.880846387952,4.247751216219,3.));
#3168 = CARTESIAN_POINT('',(-9.932036987388,4.242009109038,3.));
#3169 = ORIENTED_EDGE('',*,*,#3170,.T.);
#3170 = EDGE_CURVE('',#3144,#3171,#3173,.T.);
#3171 = VERTEX_POINT('',#3172);
#3172 = CARTESIAN_POINT('',(-10.14399842911,3.706655617969,3.));
#3173 = B_SPLINE_CURVE_WITH_KNOTS('',1,(#3174,#3175),.UNSPECIFIED.,.F.,
  .F.,(2,2),(0.,0.575787298554),.PIECEWISE_BEZIER_KNOTS.);
#3174 = CARTESIAN_POINT('',(-9.932036987388,4.242009109038,3.));
#3175 = CARTESIAN_POINT('',(-10.14399842911,3.706655617969,3.));
#3176 = ORIENTED_EDGE('',*,*,#3177,.T.);
#3177 = EDGE_CURVE('',#3171,#3178,#3180,.T.);
#3178 = VERTEX_POINT('',#3179);
#3179 = CARTESIAN_POINT('',(-8.979293180081,2.770291707042,3.));
#3180 = B_SPLINE_CURVE_WITH_KNOTS('',3,(#3181,#3182,#3183,#3184,#3185,
    #3186,#3187,#3188,#3189,#3190,#3191,#3192,#3193,#3194,#3195,#3196,
    #3197,#3198,#3199,#3200,#3201,#3202),.UNSPECIFIED.,.F.,.F.,(4,1,1,1,
    1,1,1,1,1,1,1,1,1,1,1,1,1,1,1,4),(0.,0.154535555886,0.300717838635,
    0.438546848258,0.568022584766,0.689145048173,0.801914238496,
    0.906330155756,1.002392799979,1.090102171201,1.169458269465,
    1.240461094832,1.303110647389,1.357406927258,1.403349934633,
    1.440939669834,1.470176133456,1.491059326809,1.503589253823,
    1.507765942),.UNSPECIFIED.);
#3181 = CARTESIAN_POINT('',(-10.14399842911,3.706655617969,3.));
#3182 = CARTESIAN_POINT('',(-10.11061283095,3.667427425283,3.));
#3183 = CARTESIAN_POINT('',(-10.0445423799,3.592020647585,3.));
#3184 = CARTESIAN_POINT('',(-9.944953779408,3.48498149005,3.));
#3185 = CARTESIAN_POINT('',(-9.848092294093,3.386897949765,3.));
#3186 = CARTESIAN_POINT('',(-9.754397293952,3.297510256238,3.));
#3187 = CARTESIAN_POINT('',(-9.664295973633,3.216536510872,3.));
#3188 = CARTESIAN_POINT('',(-9.57820112919,3.143678227932,3.));
#3189 = CARTESIAN_POINT('',(-9.496510870676,3.078619716567,3.));
#3190 = CARTESIAN_POINT('',(-9.419607891838,3.021028992259,3.));
#3191 = CARTESIAN_POINT('',(-9.347858873732,2.970558355746,3.));
#3192 = CARTESIAN_POINT('',(-9.281613895664,2.926845049729,3.));
#3193 = CARTESIAN_POINT('',(-9.22120584569,2.889512021524,3.));
#3194 = CARTESIAN_POINT('',(-9.166949957058,2.85816837979,3.));
#3195 = CARTESIAN_POINT('',(-9.119143055317,2.832410903971,3.));
#3196 = CARTESIAN_POINT('',(-9.078063784528,2.811822461655,3.));
#3197 = CARTESIAN_POINT('',(-9.04397006947,2.795979569393,3.));
#3198 = CARTESIAN_POINT('',(-9.017104354826,2.78443464313,3.));
#3199 = CARTESIAN_POINT('',(-8.997678609334,2.776764496104,3.));
#3200 = CARTESIAN_POINT('',(-8.985906159806,2.772465848248,3.));
#3201 = CARTESIAN_POINT('',(-8.980618665989,2.770718023951,3.));
#3202 = CARTESIAN_POINT('',(-8.979293180081,2.770291707042,3.));
#3203 = ORIENTED_EDGE('',*,*,#3204,.T.);
#3204 = EDGE_CURVE('',#3178,#3205,#3207,.T.);
#3205 = VERTEX_POINT('',#3206);
#3206 = CARTESIAN_POINT('',(-8.600007793308,2.653274572117,3.));
#3207 = B_SPLINE_CURVE_WITH_KNOTS('',1,(#3208,#3209),.UNSPECIFIED.,.F.,
  .F.,(2,2),(0.,0.396926207859),.PIECEWISE_BEZIER_KNOTS.);
#3208 = CARTESIAN_POINT('',(-8.979293180081,2.770291707042,3.));
#3209 = CARTESIAN_POINT('',(-8.600007793308,2.653274572117,3.));
#3210 = ORIENTED_EDGE('',*,*,#3211,.T.);
#3211 = EDGE_CURVE('',#3205,#3212,#3214,.T.);
#3212 = VERTEX_POINT('',#3213);
#3213 = CARTESIAN_POINT('',(-8.814469051223,1.818003120193,3.));
#3214 = B_SPLINE_CURVE_WITH_KNOTS('',1,(#3215,#3216),.UNSPECIFIED.,.F.,
  .F.,(2,2),(0.,0.862364209338),.PIECEWISE_BEZIER_KNOTS.);
#3215 = CARTESIAN_POINT('',(-8.600007793308,2.653274572117,3.));
#3216 = CARTESIAN_POINT('',(-8.814469051223,1.818003120193,3.));
#3217 = ORIENTED_EDGE('',*,*,#3218,.T.);
#3218 = EDGE_CURVE('',#3212,#3219,#3221,.T.);
#3219 = VERTEX_POINT('',#3220);
#3220 = CARTESIAN_POINT('',(-9.203212803978,1.89818235179,3.));
#3221 = B_SPLINE_CURVE_WITH_KNOTS('',1,(#3222,#3223),.UNSPECIFIED.,.F.,
  .F.,(2,2),(0.,0.396926207859),.PIECEWISE_BEZIER_KNOTS.);
#3222 = CARTESIAN_POINT('',(-8.814469051223,1.818003120193,3.));
#3223 = CARTESIAN_POINT('',(-9.203212803978,1.89818235179,3.));
#3224 = ORIENTED_EDGE('',*,*,#3225,.T.);
#3225 = EDGE_CURVE('',#3219,#3226,#3228,.T.);
#3226 = VERTEX_POINT('',#3227);
#3227 = CARTESIAN_POINT('',(-10.67494854837,1.638741434657,3.));
#3228 = B_SPLINE_CURVE_WITH_KNOTS('',3,(#3229,#3230,#3231,#3232,#3233,
    #3234,#3235,#3236,#3237,#3238,#3239,#3240,#3241,#3242,#3243,#3244,
    #3245,#3246,#3247,#3248,#3249,#3250),.UNSPECIFIED.,.F.,.F.,(4,1,1,1,
    1,1,1,1,1,1,1,1,1,1,1,1,1,1,1,4),(0.,4.176688177199E-03,
    1.670661519072E-02,3.758980854408E-02,6.682627216637E-02,
    0.104416007367,0.150359014742,0.204655294612,0.267304847168,
    0.338307672535,0.417663770799,0.505373142021,0.601435786244,
    0.705851703504,0.818620893827,0.939743357234,1.069219093742,
    1.207048103365,1.353230386115,1.507765942),.UNSPECIFIED.);
#3229 = CARTESIAN_POINT('',(-9.203212803978,1.89818235179,3.));
#3230 = CARTESIAN_POINT('',(-9.204579715871,1.89844732514,3.));
#3231 = CARTESIAN_POINT('',(-9.2100552028,1.899462964606,3.));
#3232 = CARTESIAN_POINT('',(-9.22244236836,1.901367451588,3.));
#3233 = CARTESIAN_POINT('',(-9.243160400411,1.904004474775,3.));
#3234 = CARTESIAN_POINT('',(-9.272264816261,1.906830235508,3.));
#3235 = CARTESIAN_POINT('',(-9.30977373807,1.909371775681,3.));
#3236 = CARTESIAN_POINT('',(-9.355690335203,1.911120075779,3.));
#3237 = CARTESIAN_POINT('',(-9.409992601163,1.91157977822,3.));
#3238 = CARTESIAN_POINT('',(-9.472637313368,1.910251109281,3.));
#3239 = CARTESIAN_POINT('',(-9.543558614591,1.906637727298,3.));
#3240 = CARTESIAN_POINT('',(-9.622668577173,1.900245226804,3.));
#3241 = CARTESIAN_POINT('',(-9.7098571356,1.890582823968,3.));
#3242 = CARTESIAN_POINT('',(-9.804992272701,1.877163980153,3.));
#3243 = CARTESIAN_POINT('',(-9.907920168813,1.859507354227,3.));
#3244 = CARTESIAN_POINT('',(-10.01846540161,1.837137661822,3.));
#3245 = CARTESIAN_POINT('',(-10.13643118982,1.809586469955,3.));
#3246 = CARTESIAN_POINT('',(-10.2615995941,1.776393347566,3.));
#3247 = CARTESIAN_POINT('',(-10.39373206663,1.737105462441,3.));
#3248 = CARTESIAN_POINT('',(-10.53256872992,1.691283507857,3.));
#3249 = CARTESIAN_POINT('',(-10.62679419973,1.657033727381,3.));
#3250 = CARTESIAN_POINT('',(-10.67494854837,1.638741434657,3.));
#3251 = ORIENTED_EDGE('',*,*,#3252,.T.);
#3252 = EDGE_CURVE('',#3226,#3253,#3255,.T.);
#3253 = VERTEX_POINT('',#3254);
#3254 = CARTESIAN_POINT('',(-10.74711383234,1.067494390932,3.));
#3255 = B_SPLINE_CURVE_WITH_KNOTS('',1,(#3256,#3257),.UNSPECIFIED.,.F.,
  .F.,(2,2),(0.,0.575787298554),.PIECEWISE_BEZIER_KNOTS.);
#3256 = CARTESIAN_POINT('',(-10.67494854837,1.638741434657,3.));
#3257 = CARTESIAN_POINT('',(-10.74711383234,1.067494390932,3.));
#3258 = ORIENTED_EDGE('',*,*,#3259,.T.);
#3259 = EDGE_CURVE('',#3253,#3260,#3262,.T.);
#3260 = VERTEX_POINT('',#3261);
#3261 = CARTESIAN_POINT('',(-9.386135705101,0.45019849108,3.));
#3262 = B_SPLINE_CURVE_WITH_KNOTS('',3,(#3263,#3264,#3265,#3266,#3267,
    #3268,#3269,#3270,#3271,#3272,#3273,#3274,#3275,#3276,#3277,#3278,
    #3279,#3280,#3281,#3282,#3283,#3284),.UNSPECIFIED.,.F.,.F.,(4,1,1,1,
    1,1,1,1,1,1,1,1,1,1,1,1,1,1,1,4),(0.,0.154535555886,0.300717838635,
    0.438546848258,0.568022584766,0.689145048173,0.801914238496,
    0.906330155756,1.002392799979,1.090102171201,1.169458269465,
    1.240461094832,1.303110647389,1.357406927258,1.403349934633,
    1.440939669834,1.470176133456,1.491059326809,1.503589253823,
    1.507765942),.UNSPECIFIED.);
#3263 = CARTESIAN_POINT('',(-10.74711383234,1.067494390932,3.));
#3264 = CARTESIAN_POINT('',(-10.70502144933,1.037801284693,3.));
#3265 = CARTESIAN_POINT('',(-10.62227381996,0.981194602595,3.));
#3266 = CARTESIAN_POINT('',(-10.49919442246,0.902284954847,3.));
#3267 = CARTESIAN_POINT('',(-10.38098363426,0.831371361196,3.));
#3268 = CARTESIAN_POINT('',(-10.26800241943,0.768092945447,3.));
#3269 = CARTESIAN_POINT('',(-10.16059444617,0.712070426375,3.));
#3270 = CARTESIAN_POINT('',(-10.05908531142,0.662912037521,3.));
#3271 = CARTESIAN_POINT('',(-9.963782108748,0.620213000097,3.));
#3272 = CARTESIAN_POINT('',(-9.874972947675,0.583556587425,3.));
#3273 = CARTESIAN_POINT('',(-9.792926520011,0.552514833985,3.));
#3274 = CARTESIAN_POINT('',(-9.717891692603,0.52664931798,3.));
#3275 = CARTESIAN_POINT('',(-9.650097126031,0.505512046638,3.));
#3276 = CARTESIAN_POINT('',(-9.589750939183,0.488646013868,3.));
#3277 = CARTESIAN_POINT('',(-9.537040355416,0.475586849516,3.));
#3278 = CARTESIAN_POINT('',(-9.492131528062,0.465861230193,3.));
#3279 = CARTESIAN_POINT('',(-9.455168962667,0.458994833675,3.));
#3280 = CARTESIAN_POINT('',(-9.426276177442,0.454493844044,3.));
#3281 = CARTESIAN_POINT('',(-9.405553239467,0.451895655246,3.));
#3282 = CARTESIAN_POINT('',(-9.393081612839,0.450659746461,3.));
#3283 = CARTESIAN_POINT('',(-9.387525569137,0.45028177952,3.));
#3284 = CARTESIAN_POINT('',(-9.386135705101,0.45019849108,3.));
#3285 = ORIENTED_EDGE('',*,*,#3286,.T.);
#3286 = EDGE_CURVE('',#3260,#3287,#3289,.T.);
#3287 = VERTEX_POINT('',#3288);
#3288 = CARTESIAN_POINT('',(-8.98966528813,0.431182104669,3.));
#3289 = B_SPLINE_CURVE_WITH_KNOTS('',1,(#3290,#3291),.UNSPECIFIED.,.F.,
  .F.,(2,2),(0.,0.396926207859),.PIECEWISE_BEZIER_KNOTS.);
#3290 = CARTESIAN_POINT('',(-9.386135705101,0.45019849108,3.));
#3291 = CARTESIAN_POINT('',(-8.98966528813,0.431182104669,3.));
#3292 = ORIENTED_EDGE('',*,*,#3293,.T.);
#3293 = EDGE_CURVE('',#3287,#3294,#3296,.T.);
#3294 = VERTEX_POINT('',#3295);
#3295 = CARTESIAN_POINT('',(-8.98966528813,-0.431182104669,3.));
#3296 = B_SPLINE_CURVE_WITH_KNOTS('',1,(#3297,#3298),.UNSPECIFIED.,.F.,
  .F.,(2,2),(0.,0.862364209338),.PIECEWISE_BEZIER_KNOTS.);
#3297 = CARTESIAN_POINT('',(-8.98966528813,0.431182104669,3.));
#3298 = CARTESIAN_POINT('',(-8.98966528813,-0.431182104669,3.));
#3299 = ORIENTED_EDGE('',*,*,#3300,.T.);
#3300 = EDGE_CURVE('',#3294,#3301,#3303,.T.);
#3301 = VERTEX_POINT('',#3302);
#3302 = CARTESIAN_POINT('',(-9.386135705101,-0.45019849108,3.));
#3303 = B_SPLINE_CURVE_WITH_KNOTS('',1,(#3304,#3305),.UNSPECIFIED.,.F.,
  .F.,(2,2),(0.,0.396926207859),.PIECEWISE_BEZIER_KNOTS.);
#3304 = CARTESIAN_POINT('',(-8.98966528813,-0.431182104669,3.));
#3305 = CARTESIAN_POINT('',(-9.386135705101,-0.45019849108,3.));
#3306 = ORIENTED_EDGE('',*,*,#3307,.T.);
#3307 = EDGE_CURVE('',#3301,#3308,#3310,.T.);
#3308 = VERTEX_POINT('',#3309);
#3309 = CARTESIAN_POINT('',(-10.74711383234,-1.067494390932,3.));
#3310 = B_SPLINE_CURVE_WITH_KNOTS('',3,(#3311,#3312,#3313,#3314,#3315,
    #3316,#3317,#3318,#3319,#3320,#3321,#3322,#3323,#3324,#3325,#3326,
    #3327,#3328,#3329,#3330,#3331,#3332),.UNSPECIFIED.,.F.,.F.,(4,1,1,1,
    1,1,1,1,1,1,1,1,1,1,1,1,1,1,1,4),(0.,4.176688177199E-03,
    1.670661519072E-02,3.758980854408E-02,6.682627216637E-02,
    0.104416007367,0.150359014742,0.204655294612,0.267304847168,
    0.338307672535,0.417663770799,0.505373142021,0.601435786244,
    0.705851703504,0.818620893827,0.939743357234,1.069219093742,
    1.207048103365,1.353230386115,1.507765942),.UNSPECIFIED.);
#3311 = CARTESIAN_POINT('',(-9.386135705101,-0.45019849108,3.));
#3312 = CARTESIAN_POINT('',(-9.387525569137,-0.45028177952,3.));
#3313 = CARTESIAN_POINT('',(-9.393081612839,-0.450659746461,3.));
#3314 = CARTESIAN_POINT('',(-9.405553239467,-0.451895655246,3.));
#3315 = CARTESIAN_POINT('',(-9.426276177442,-0.454493844044,3.));
#3316 = CARTESIAN_POINT('',(-9.455168962667,-0.458994833675,3.));
#3317 = CARTESIAN_POINT('',(-9.492131528062,-0.465861230193,3.));
#3318 = CARTESIAN_POINT('',(-9.537040355416,-0.475586849516,3.));
#3319 = CARTESIAN_POINT('',(-9.589750939183,-0.488646013868,3.));
#3320 = CARTESIAN_POINT('',(-9.650097126031,-0.505512046638,3.));
#3321 = CARTESIAN_POINT('',(-9.717891692603,-0.52664931798,3.));
#3322 = CARTESIAN_POINT('',(-9.792926520011,-0.552514833985,3.));
#3323 = CARTESIAN_POINT('',(-9.874972947675,-0.583556587425,3.));
#3324 = CARTESIAN_POINT('',(-9.963782108748,-0.620213000097,3.));
#3325 = CARTESIAN_POINT('',(-10.05908531142,-0.662912037521,3.));
#3326 = CARTESIAN_POINT('',(-10.16059444617,-0.712070426375,3.));
#3327 = CARTESIAN_POINT('',(-10.26800241943,-0.768092945447,3.));
#3328 = CARTESIAN_POINT('',(-10.38098363426,-0.831371361196,3.));
#3329 = CARTESIAN_POINT('',(-10.49919442246,-0.902284954847,3.));
#3330 = CARTESIAN_POINT('',(-10.62227381996,-0.981194602595,3.));
#3331 = CARTESIAN_POINT('',(-10.70502144933,-1.037801284693,3.));
#3332 = CARTESIAN_POINT('',(-10.74711383234,-1.067494390932,3.));
#3333 = ORIENTED_EDGE('',*,*,#3334,.T.);
#3334 = EDGE_CURVE('',#3308,#3335,#3337,.T.);
#3335 = VERTEX_POINT('',#3336);
#3336 = CARTESIAN_POINT('',(-10.67494854837,-1.638741434657,3.));
#3337 = B_SPLINE_CURVE_WITH_KNOTS('',1,(#3338,#3339),.UNSPECIFIED.,.F.,
  .F.,(2,2),(0.,0.575787298554),.PIECEWISE_BEZIER_KNOTS.);
#3338 = CARTESIAN_POINT('',(-10.74711383234,-1.067494390932,3.));
#3339 = CARTESIAN_POINT('',(-10.67494854837,-1.638741434657,3.));
#3340 = ORIENTED_EDGE('',*,*,#3341,.T.);
#3341 = EDGE_CURVE('',#3335,#3342,#3344,.T.);
#3342 = VERTEX_POINT('',#3343);
#3343 = CARTESIAN_POINT('',(-9.203212803978,-1.89818235179,3.));
#3344 = B_SPLINE_CURVE_WITH_KNOTS('',3,(#3345,#3346,#3347,#3348,#3349,
    #3350,#3351,#3352,#3353,#3354,#3355,#3356,#3357,#3358,#3359,#3360,
    #3361,#3362,#3363,#3364,#3365,#3366),.UNSPECIFIED.,.F.,.F.,(4,1,1,1,
    1,1,1,1,1,1,1,1,1,1,1,1,1,1,1,4),(0.,0.154535555886,0.300717838635,
    0.438546848258,0.568022584766,0.689145048173,0.801914238496,
    0.906330155756,1.002392799979,1.090102171201,1.169458269465,
    1.240461094832,1.303110647389,1.357406927258,1.403349934633,
    1.440939669834,1.470176133456,1.491059326809,1.503589253823,
    1.507765942),.UNSPECIFIED.);
#3345 = CARTESIAN_POINT('',(-10.67494854837,-1.638741434657,3.));
#3346 = CARTESIAN_POINT('',(-10.62679419973,-1.657033727381,3.));
#3347 = CARTESIAN_POINT('',(-10.53256872992,-1.691283507857,3.));
#3348 = CARTESIAN_POINT('',(-10.39373206663,-1.737105462441,3.));
#3349 = CARTESIAN_POINT('',(-10.2615995941,-1.776393347566,3.));
#3350 = CARTESIAN_POINT('',(-10.13643118982,-1.809586469955,3.));
#3351 = CARTESIAN_POINT('',(-10.01846540161,-1.837137661822,3.));
#3352 = CARTESIAN_POINT('',(-9.907920168813,-1.859507354227,3.));
#3353 = CARTESIAN_POINT('',(-9.804992272701,-1.877163980153,3.));
#3354 = CARTESIAN_POINT('',(-9.7098571356,-1.890582823968,3.));
#3355 = CARTESIAN_POINT('',(-9.622668577173,-1.900245226804,3.));
#3356 = CARTESIAN_POINT('',(-9.543558614591,-1.906637727298,3.));
#3357 = CARTESIAN_POINT('',(-9.472637313368,-1.910251109281,3.));
#3358 = CARTESIAN_POINT('',(-9.409992601163,-1.91157977822,3.));
#3359 = CARTESIAN_POINT('',(-9.355690335203,-1.911120075779,3.));
#3360 = CARTESIAN_POINT('',(-9.30977373807,-1.909371775681,3.));
#3361 = CARTESIAN_POINT('',(-9.272264816261,-1.906830235508,3.));
#3362 = CARTESIAN_POINT('',(-9.243160400411,-1.904004474775,3.));
#3363 = CARTESIAN_POINT('',(-9.22244236836,-1.901367451588,3.));
#3364 = CARTESIAN_POINT('',(-9.2100552028,-1.899462964606,3.));
#3365 = CARTESIAN_POINT('',(-9.204579715871,-1.89844732514,3.));
#3366 = CARTESIAN_POINT('',(-9.203212803978,-1.89818235179,3.));
#3367 = ORIENTED_EDGE('',*,*,#3368,.T.);
#3368 = EDGE_CURVE('',#3342,#3369,#3371,.T.);
#3369 = VERTEX_POINT('',#3370);
#3370 = CARTESIAN_POINT('',(-8.814469051223,-1.818003120193,3.));
#3371 = B_SPLINE_CURVE_WITH_KNOTS('',1,(#3372,#3373),.UNSPECIFIED.,.F.,
  .F.,(2,2),(0.,0.396926207859),.PIECEWISE_BEZIER_KNOTS.);
#3372 = CARTESIAN_POINT('',(-9.203212803978,-1.89818235179,3.));
#3373 = CARTESIAN_POINT('',(-8.814469051223,-1.818003120193,3.));
#3374 = ORIENTED_EDGE('',*,*,#3375,.T.);
#3375 = EDGE_CURVE('',#3369,#3376,#3378,.T.);
#3376 = VERTEX_POINT('',#3377);
#3377 = CARTESIAN_POINT('',(-8.600007793308,-2.653274572117,3.));
#3378 = B_SPLINE_CURVE_WITH_KNOTS('',1,(#3379,#3380),.UNSPECIFIED.,.F.,
  .F.,(2,2),(0.,0.862364209338),.PIECEWISE_BEZIER_KNOTS.);
#3379 = CARTESIAN_POINT('',(-8.814469051223,-1.818003120193,3.));
#3380 = CARTESIAN_POINT('',(-8.600007793308,-2.653274572117,3.));
#3381 = ORIENTED_EDGE('',*,*,#3382,.T.);
#3382 = EDGE_CURVE('',#3376,#3383,#3385,.T.);
#3383 = VERTEX_POINT('',#3384);
#3384 = CARTESIAN_POINT('',(-8.979293180081,-2.770291707042,3.));
#3385 = B_SPLINE_CURVE_WITH_KNOTS('',1,(#3386,#3387),.UNSPECIFIED.,.F.,
  .F.,(2,2),(0.,0.396926207859),.PIECEWISE_BEZIER_KNOTS.);
#3386 = CARTESIAN_POINT('',(-8.600007793308,-2.653274572117,3.));
#3387 = CARTESIAN_POINT('',(-8.979293180081,-2.770291707042,3.));
#3388 = ORIENTED_EDGE('',*,*,#3389,.T.);
#3389 = EDGE_CURVE('',#3383,#3390,#3392,.T.);
#3390 = VERTEX_POINT('',#3391);
#3391 = CARTESIAN_POINT('',(-10.14399842911,-3.706655617969,3.));
#3392 = B_SPLINE_CURVE_WITH_KNOTS('',3,(#3393,#3394,#3395,#3396,#3397,
    #3398,#3399,#3400,#3401,#3402,#3403,#3404,#3405,#3406,#3407,#3408,
    #3409,#3410,#3411,#3412,#3413,#3414),.UNSPECIFIED.,.F.,.F.,(4,1,1,1,
    1,1,1,1,1,1,1,1,1,1,1,1,1,1,1,4),(0.,4.176688177199E-03,
    1.670661519072E-02,3.758980854408E-02,6.682627216637E-02,
    0.104416007367,0.150359014742,0.204655294612,0.267304847168,
    0.338307672535,0.417663770799,0.505373142021,0.601435786244,
    0.705851703504,0.818620893827,0.939743357234,1.069219093742,
    1.207048103365,1.353230386115,1.507765942),.UNSPECIFIED.);
#3393 = CARTESIAN_POINT('',(-8.979293180081,-2.770291707042,3.));
#3394 = CARTESIAN_POINT('',(-8.980618665989,-2.770718023951,3.));
#3395 = CARTESIAN_POINT('',(-8.985906159806,-2.772465848248,3.));
#3396 = CARTESIAN_POINT('',(-8.997678609334,-2.776764496104,3.));
#3397 = CARTESIAN_POINT('',(-9.017104354826,-2.78443464313,3.));
#3398 = CARTESIAN_POINT('',(-9.04397006947,-2.795979569393,3.));
#3399 = CARTESIAN_POINT('',(-9.078063784528,-2.811822461655,3.));
#3400 = CARTESIAN_POINT('',(-9.119143055317,-2.832410903971,3.));
#3401 = CARTESIAN_POINT('',(-9.166949957058,-2.85816837979,3.));
#3402 = CARTESIAN_POINT('',(-9.22120584569,-2.889512021524,3.));
#3403 = CARTESIAN_POINT('',(-9.281613895664,-2.926845049729,3.));
#3404 = CARTESIAN_POINT('',(-9.347858873732,-2.970558355746,3.));
#3405 = CARTESIAN_POINT('',(-9.419607891838,-3.021028992259,3.));
#3406 = CARTESIAN_POINT('',(-9.496510870676,-3.078619716567,3.));
#3407 = CARTESIAN_POINT('',(-9.57820112919,-3.143678227932,3.));
#3408 = CARTESIAN_POINT('',(-9.664295973633,-3.216536510872,3.));
#3409 = CARTESIAN_POINT('',(-9.754397293952,-3.297510256238,3.));
#3410 = CARTESIAN_POINT('',(-9.848092294093,-3.386897949765,3.));
#3411 = CARTESIAN_POINT('',(-9.944953779408,-3.48498149005,3.));
#3412 = CARTESIAN_POINT('',(-10.0445423799,-3.592020647585,3.));
#3413 = CARTESIAN_POINT('',(-10.11061283095,-3.667427425283,3.));
#3414 = CARTESIAN_POINT('',(-10.14399842911,-3.706655617969,3.));
#3415 = ORIENTED_EDGE('',*,*,#3416,.T.);
#3416 = EDGE_CURVE('',#3390,#3417,#3419,.T.);
#3417 = VERTEX_POINT('',#3418);
#3418 = CARTESIAN_POINT('',(-9.932036987388,-4.242009109038,3.));
#3419 = B_SPLINE_CURVE_WITH_KNOTS('',1,(#3420,#3421),.UNSPECIFIED.,.F.,
  .F.,(2,2),(0.,0.575787298554),.PIECEWISE_BEZIER_KNOTS.);
#3420 = CARTESIAN_POINT('',(-10.14399842911,-3.706655617969,3.));
#3421 = CARTESIAN_POINT('',(-9.932036987388,-4.242009109038,3.));
#3422 = ORIENTED_EDGE('',*,*,#3423,.T.);
#3423 = EDGE_CURVE('',#3417,#3424,#3426,.T.);
#3424 = VERTEX_POINT('',#3425);
#3425 = CARTESIAN_POINT('',(-8.442018195332,-4.12729341647,3.));
#3426 = B_SPLINE_CURVE_WITH_KNOTS('',3,(#3427,#3428,#3429,#3430,#3431,
    #3432,#3433,#3434,#3435,#3436,#3437,#3438,#3439,#3440,#3441,#3442,
    #3443,#3444,#3445,#3446,#3447,#3448),.UNSPECIFIED.,.F.,.F.,(4,1,1,1,
    1,1,1,1,1,1,1,1,1,1,1,1,1,1,1,4),(0.,0.154535555886,0.300717838635,
    0.438546848258,0.568022584766,0.689145048173,0.801914238496,
    0.906330155756,1.002392799979,1.090102171201,1.169458269465,
    1.240461094832,1.303110647389,1.357406927258,1.403349934633,
    1.440939669834,1.470176133456,1.491059326809,1.503589253823,
    1.507765942),.UNSPECIFIED.);
#3427 = CARTESIAN_POINT('',(-9.932036987388,-4.242009109038,3.));
#3428 = CARTESIAN_POINT('',(-9.880846387952,-4.247751216219,3.));
#3429 = CARTESIAN_POINT('',(-9.781063610498,-4.257492055405,3.));
#3430 = CARTESIAN_POINT('',(-9.635193299573,-4.267347154897,3.));
#3431 = CARTESIAN_POINT('',(-9.497441511931,-4.272540729183,3.));
#3432 = CARTESIAN_POINT('',(-9.367950709374,-4.273562912256,3.));
#3433 = CARTESIAN_POINT('',(-9.246839330525,-4.270911634208,3.));
#3434 = CARTESIAN_POINT('',(-9.134203963214,-4.26508706012,3.));
#3435 = CARTESIAN_POINT('',(-9.03011871192,-4.256591843803,3.));
#3436 = CARTESIAN_POINT('',(-8.934635289338,-4.245929963453,3.));
#3437 = CARTESIAN_POINT('',(-8.847782977932,-4.233605891379,3.));
#3438 = CARTESIAN_POINT('',(-8.769568650071,-4.220123712048,3.));
#3439 = CARTESIAN_POINT('',(-8.699976860383,-4.205986162592,3.));
#3440 = CARTESIAN_POINT('',(-8.638969820479,-4.191693982543,3.));
#3441 = CARTESIAN_POINT('',(-8.586487883408,-4.177744298106,3.));
#3442 = CARTESIAN_POINT('',(-8.542448625162,-4.164631930709,3.));
#3443 = CARTESIAN_POINT('',(-8.506750170445,-4.152842148162,3.));
#3444 = CARTESIAN_POINT('',(-8.479262861456,-4.142867190006,3.));
#3445 = CARTESIAN_POINT('',(-8.459851525479,-4.135160648698,3.));
#3446 = CARTESIAN_POINT('',(-8.448327152156,-4.130235431872,3.));
#3447 = CARTESIAN_POINT('',(-8.443276266981,-4.12789000236,3.));
#3448 = CARTESIAN_POINT('',(-8.442018195332,-4.12729341647,3.));
#3449 = ORIENTED_EDGE('',*,*,#3450,.T.);
#3450 = EDGE_CURVE('',#3424,#3451,#3453,.T.);
#3451 = VERTEX_POINT('',#3452);
#3452 = CARTESIAN_POINT('',(-8.085427306478,-3.952956522865,3.));
#3453 = B_SPLINE_CURVE_WITH_KNOTS('',1,(#3454,#3455),.UNSPECIFIED.,.F.,
  .F.,(2,2),(0.,0.396926207859),.PIECEWISE_BEZIER_KNOTS.);
#3454 = CARTESIAN_POINT('',(-8.442018195332,-4.12729341647,3.));
#3455 = CARTESIAN_POINT('',(-8.085427306478,-3.952956522865,3.));
#3456 = ORIENTED_EDGE('',*,*,#3457,.T.);
#3457 = EDGE_CURVE('',#3451,#3458,#3460,.T.);
#3458 = VERTEX_POINT('',#3459);
#3459 = CARTESIAN_POINT('',(-7.669980180216,-4.708652040138,3.));
#3460 = B_SPLINE_CURVE_WITH_KNOTS('',1,(#3461,#3462),.UNSPECIFIED.,.F.,
  .F.,(2,2),(0.,0.862364209338),.PIECEWISE_BEZIER_KNOTS.);
#3461 = CARTESIAN_POINT('',(-8.085427306478,-3.952956522865,3.));
#3462 = CARTESIAN_POINT('',(-7.669980180216,-4.708652040138,3.));
#3463 = ORIENTED_EDGE('',*,*,#3464,.T.);
#3464 = EDGE_CURVE('',#3458,#3465,#3467,.T.);
#3465 = VERTEX_POINT('',#3466);
#3466 = CARTESIAN_POINT('',(-8.008248641025,-4.916317306629,3.));
#3467 = B_SPLINE_CURVE_WITH_KNOTS('',1,(#3468,#3469),.UNSPECIFIED.,.F.,
  .F.,(2,2),(0.,0.396926207859),.PIECEWISE_BEZIER_KNOTS.);
#3468 = CARTESIAN_POINT('',(-7.669980180216,-4.708652040138,3.));
#3469 = CARTESIAN_POINT('',(-8.008248641025,-4.916317306629,3.));
#3470 = ORIENTED_EDGE('',*,*,#3471,.T.);
#3471 = EDGE_CURVE('',#3465,#3472,#3474,.T.);
#3472 = VERTEX_POINT('',#3473);
#3473 = CARTESIAN_POINT('',(-8.903498297559,-6.112914040403,3.));
#3474 = B_SPLINE_CURVE_WITH_KNOTS('',3,(#3475,#3476,#3477,#3478,#3479,
    #3480,#3481,#3482,#3483,#3484,#3485,#3486,#3487,#3488,#3489,#3490,
    #3491,#3492,#3493,#3494,#3495,#3496),.UNSPECIFIED.,.F.,.F.,(4,1,1,1,
    1,1,1,1,1,1,1,1,1,1,1,1,1,1,1,4),(0.,4.176688177199E-03,
    1.670661519072E-02,3.758980854408E-02,6.682627216637E-02,
    0.104416007367,0.150359014742,0.204655294612,0.267304847168,
    0.338307672535,0.417663770799,0.505373142021,0.601435786244,
    0.705851703504,0.818620893827,0.939743357234,1.069219093742,
    1.207048103365,1.353230386115,1.507765942),.UNSPECIFIED.);
#3475 = CARTESIAN_POINT('',(-8.008248641025,-4.916317306629,3.));
#3476 = CARTESIAN_POINT('',(-8.009426463652,-4.91705986495,3.));
#3477 = CARTESIAN_POINT('',(-8.014113174901,-4.920067724373,3.));
#3478 = CARTESIAN_POINT('',(-8.024446741028,-4.927159011447,3.));
#3479 = CARTESIAN_POINT('',(-8.041354703006,-4.939419173155,3.));
#3480 = CARTESIAN_POINT('',(-8.064505275412,-4.957282625873,3.));
#3481 = CARTESIAN_POINT('',(-8.093587906629,-4.981106546692,3.));
#3482 = CARTESIAN_POINT('',(-8.12825645919,-5.01126416445,3.));
#3483 = CARTESIAN_POINT('',(-8.168155795447,-5.048101514801,3.));
#3484 = CARTESIAN_POINT('',(-8.212912288842,-5.091953329215,3.));
#3485 = CARTESIAN_POINT('',(-8.262138162271,-5.143136342821,3.));
#3486 = CARTESIAN_POINT('',(-8.315430875396,-5.201950771067,3.));
#3487 = CARTESIAN_POINT('',(-8.372374229262,-5.268679034942,3.));
#3488 = CARTESIAN_POINT('',(-8.432538928875,-5.343585433874,3.));
#3489 = CARTESIAN_POINT('',(-8.49548334385,-5.426915553642,3.));
#3490 = CARTESIAN_POINT('',(-8.560754242274,-5.518895776797,3.));
#3491 = CARTESIAN_POINT('',(-8.627887512332,-5.619732870235,3.));
#3492 = CARTESIAN_POINT('',(-8.696409096333,-5.72961328401,3.));
#3493 = CARTESIAN_POINT('',(-8.765835115405,-5.848703821368,3.));
#3494 = CARTESIAN_POINT('',(-8.83567540088,-5.977146824759,3.));
#3495 = CARTESIAN_POINT('',(-8.880917224175,-6.066615612889,3.));
#3496 = CARTESIAN_POINT('',(-8.903498297559,-6.112914040403,3.));
#3497 = ORIENTED_EDGE('',*,*,#3498,.T.);
#3498 = EDGE_CURVE('',#3472,#3499,#3501,.T.);
#3499 = VERTEX_POINT('',#3500);
#3500 = CARTESIAN_POINT('',(-8.565059015012,-6.578735750079,3.));
#3501 = B_SPLINE_CURVE_WITH_KNOTS('',1,(#3502,#3503),.UNSPECIFIED.,.F.,
  .F.,(2,2),(0.,0.575787298554),.PIECEWISE_BEZIER_KNOTS.);
#3502 = CARTESIAN_POINT('',(-8.903498297559,-6.112914040403,3.));
#3503 = CARTESIAN_POINT('',(-8.565059015012,-6.578735750079,3.));
#3504 = ORIENTED_EDGE('',*,*,#3505,.T.);
#3505 = EDGE_CURVE('',#3499,#3506,#3508,.T.);
#3506 = VERTEX_POINT('',#3507);
#3507 = CARTESIAN_POINT('',(-7.150380535901,-6.097071456671,3.));
#3508 = B_SPLINE_CURVE_WITH_KNOTS('',3,(#3509,#3510,#3511,#3512,#3513,
    #3514,#3515,#3516,#3517,#3518,#3519,#3520,#3521,#3522,#3523,#3524,
    #3525,#3526,#3527,#3528,#3529,#3530),.UNSPECIFIED.,.F.,.F.,(4,1,1,1,
    1,1,1,1,1,1,1,1,1,1,1,1,1,1,1,4),(0.,0.154535555886,0.300717838635,
    0.438546848258,0.568022584766,0.689145048173,0.801914238496,
    0.906330155756,1.002392799979,1.090102171201,1.169458269465,
    1.240461094832,1.303110647389,1.357406927258,1.403349934633,
    1.440939669834,1.470176133456,1.491059326809,1.503589253823,
    1.507765942),.UNSPECIFIED.);
#3509 = CARTESIAN_POINT('',(-8.565059015012,-6.578735750079,3.));
#3510 = CARTESIAN_POINT('',(-8.514048658403,-6.571566874007,3.));
#3511 = CARTESIAN_POINT('',(-8.414978292193,-6.556186719151,3.));
#3512 = CARTESIAN_POINT('',(-8.271239901741,-6.529455731406,3.));
#3513 = CARTESIAN_POINT('',(-8.136524250413,-6.50022866348,3.));
#3514 = CARTESIAN_POINT('',(-8.010847432942,-6.469015679715,3.));
#3515 = CARTESIAN_POINT('',(-7.894200336806,-6.436328521302,3.));
#3516 = CARTESIAN_POINT('',(-7.786552129354,-6.402675660132,3.));
#3517 = CARTESIAN_POINT('',(-7.687849582016,-6.368562387258,3.));
#3518 = CARTESIAN_POINT('',(-7.598017448558,-6.334489707897,3.));
#3519 = CARTESIAN_POINT('',(-7.516958634318,-6.300953527686,3.));
#3520 = CARTESIAN_POINT('',(-7.44455443505,-6.26844380344,3.));
#3521 = CARTESIAN_POINT('',(-7.380664864984,-6.237443636772,3.));
#3522 = CARTESIAN_POINT('',(-7.325128794067,-6.208428637971,3.));
#3523 = CARTESIAN_POINT('',(-7.277764819004,-6.181865481514,3.));
#3524 = CARTESIAN_POINT('',(-7.238370048207,-6.158212945087,3.));
#3525 = CARTESIAN_POINT('',(-7.206725125782,-6.137915715563,3.));
#3526 = CARTESIAN_POINT('',(-7.182582052368,-6.121418323289,3.));
#3527 = CARTESIAN_POINT('',(-7.165697098094,-6.109126494194,3.));
#3528 = CARTESIAN_POINT('',(-7.155759635767,-6.101490017009,3.));
#3529 = CARTESIAN_POINT('',(-7.151450718039,-6.097962169415,3.));
#3530 = CARTESIAN_POINT('',(-7.150380535901,-6.097071456671,3.));
#3531 = ORIENTED_EDGE('',*,*,#3532,.T.);
#3532 = EDGE_CURVE('',#3506,#3533,#3535,.T.);
#3533 = VERTEX_POINT('',#3534);
#3534 = CARTESIAN_POINT('',(-6.848348427946,-5.839531129248,3.));
#3535 = B_SPLINE_CURVE_WITH_KNOTS('',1,(#3536,#3537),.UNSPECIFIED.,.F.,
  .F.,(2,2),(0.,0.396926207859),.PIECEWISE_BEZIER_KNOTS.);
#3536 = CARTESIAN_POINT('',(-7.150380535901,-6.097071456671,3.));
#3537 = CARTESIAN_POINT('',(-6.848348427946,-5.839531129248,3.));
#3538 = ORIENTED_EDGE('',*,*,#3539,.T.);
#3539 = EDGE_CURVE('',#3533,#3540,#3542,.T.);
#3540 = VERTEX_POINT('',#3541);
#3541 = CARTESIAN_POINT('',(-6.258019504187,-6.468167583266,3.));
#3542 = B_SPLINE_CURVE_WITH_KNOTS('',1,(#3543,#3544),.UNSPECIFIED.,.F.,
  .F.,(2,2),(0.,0.862364209338),.PIECEWISE_BEZIER_KNOTS.);
#3543 = CARTESIAN_POINT('',(-6.848348427946,-5.839531129248,3.));
#3544 = CARTESIAN_POINT('',(-6.258019504187,-6.468167583266,3.));
#3545 = ORIENTED_EDGE('',*,*,#3546,.T.);
#3546 = EDGE_CURVE('',#3540,#3547,#3549,.T.);
#3547 = VERTEX_POINT('',#3548);
#3548 = CARTESIAN_POINT('',(-6.534016387576,-6.753432608891,3.));
#3549 = B_SPLINE_CURVE_WITH_KNOTS('',1,(#3550,#3551),.UNSPECIFIED.,.F.,
  .F.,(2,2),(0.,0.396926207859),.PIECEWISE_BEZIER_KNOTS.);
#3550 = CARTESIAN_POINT('',(-6.258019504187,-6.468167583266,3.));
#3551 = CARTESIAN_POINT('',(-6.534016387576,-6.753432608891,3.));
#3552 = ORIENTED_EDGE('',*,*,#3553,.T.);
#3553 = EDGE_CURVE('',#3547,#3554,#3556,.T.);
#3554 = VERTEX_POINT('',#3555);
#3555 = CARTESIAN_POINT('',(-7.103558623197,-8.135075591954,3.));
#3556 = B_SPLINE_CURVE_WITH_KNOTS('',3,(#3557,#3558,#3559,#3560,#3561,
    #3562,#3563,#3564,#3565,#3566,#3567,#3568,#3569,#3570,#3571,#3572,
    #3573,#3574,#3575,#3576,#3577,#3578),.UNSPECIFIED.,.F.,.F.,(4,1,1,1,
    1,1,1,1,1,1,1,1,1,1,1,1,1,1,1,4),(0.,4.176688177199E-03,
    1.670661519072E-02,3.758980854408E-02,6.682627216637E-02,
    0.104416007367,0.150359014742,0.204655294612,0.267304847168,
    0.338307672535,0.417663770799,0.505373142021,0.601435786244,
    0.705851703504,0.818620893827,0.939743357234,1.069219093742,
    1.207048103365,1.353230386115,1.507765942),.UNSPECIFIED.);
#3557 = CARTESIAN_POINT('',(-6.534016387576,-6.753432608891,3.));
#3558 = CARTESIAN_POINT('',(-6.534972539994,-6.754444750953,3.));
#3559 = CARTESIAN_POINT('',(-6.53876398537,-6.758523650633,3.));
#3560 = CARTESIAN_POINT('',(-6.547009372133,-6.767962005278,3.));
#3561 = CARTESIAN_POINT('',(-6.560337161163,-6.784041830617,3.));
#3562 = CARTESIAN_POINT('',(-6.578317955725,-6.807101383358,3.));
#3563 = CARTESIAN_POINT('',(-6.600562134422,-6.837409388172,3.));
#3564 = CARTESIAN_POINT('',(-6.626641616096,-6.875241267337,3.));
#3565 = CARTESIAN_POINT('',(-6.656126364833,-6.920843866019,3.));
#3566 = CARTESIAN_POINT('',(-6.688571247908,-6.974448482338,3.));
#3567 = CARTESIAN_POINT('',(-6.723521902124,-7.03626546436,3.));
#3568 = CARTESIAN_POINT('',(-6.760513773144,-7.106485488005,3.));
#3569 = CARTESIAN_POINT('',(-6.799073502423,-7.185278597013,3.));
#3570 = CARTESIAN_POINT('',(-6.838719553464,-7.272794026037,3.));
#3571 = CARTESIAN_POINT('',(-6.878963095813,-7.369159816318,3.));
#3572 = CARTESIAN_POINT('',(-6.919308837621,-7.474482523986,3.));
#3573 = CARTESIAN_POINT('',(-6.959255827161,-7.588847000064,3.));
#3574 = CARTESIAN_POINT('',(-6.998298531895,-7.712315943577,3.));
#3575 = CARTESIAN_POINT('',(-7.035926792614,-7.844930581562,3.));
#3576 = CARTESIAN_POINT('',(-7.071630441074,-7.986706884525,3.));
#3577 = CARTESIAN_POINT('',(-7.093200926472,-8.084616030085,3.));
#3578 = CARTESIAN_POINT('',(-7.103558623197,-8.135075591954,3.));
#3579 = ORIENTED_EDGE('',*,*,#3580,.T.);
#3580 = EDGE_CURVE('',#3554,#3581,#3583,.T.);
#3581 = VERTEX_POINT('',#3582);
#3582 = CARTESIAN_POINT('',(-6.659906884639,-8.502096229045,3.));
#3583 = B_SPLINE_CURVE_WITH_KNOTS('',1,(#3584,#3585),.UNSPECIFIED.,.F.,
  .F.,(2,2),(0.,0.575787298554),.PIECEWISE_BEZIER_KNOTS.);
#3584 = CARTESIAN_POINT('',(-7.103558623197,-8.135075591954,3.));
#3585 = CARTESIAN_POINT('',(-6.659906884639,-8.502096229045,3.));
#3586 = ORIENTED_EDGE('',*,*,#3587,.T.);
#3587 = EDGE_CURVE('',#3581,#3588,#3590,.T.);
#3588 = VERTEX_POINT('',#3589);
#3589 = CARTESIAN_POINT('',(-5.40945817014,-7.683748073789,3.));
#3590 = B_SPLINE_CURVE_WITH_KNOTS('',3,(#3591,#3592,#3593,#3594,#3595,
    #3596,#3597,#3598,#3599,#3600,#3601,#3602,#3603,#3604,#3605,#3606,
    #3607,#3608,#3609,#3610,#3611,#3612),.UNSPECIFIED.,.F.,.F.,(4,1,1,1,
    1,1,1,1,1,1,1,1,1,1,1,1,1,1,1,4),(0.,0.154535555886,0.300717838635,
    0.438546848258,0.568022584766,0.689145048173,0.801914238496,
    0.906330155756,1.002392799979,1.090102171201,1.169458269465,
    1.240461094832,1.303110647389,1.357406927258,1.403349934633,
    1.440939669834,1.470176133456,1.491059326809,1.503589253823,
    1.507765942),.UNSPECIFIED.);
#3591 = CARTESIAN_POINT('',(-6.659906884639,-8.502096229045,3.));
#3592 = CARTESIAN_POINT('',(-6.612281939166,-8.482466816568,3.));
#3593 = CARTESIAN_POINT('',(-6.520148939663,-8.442932059365,3.));
#3594 = CARTESIAN_POINT('',(-6.387574081391,-8.381294590652,3.));
#3595 = CARTESIAN_POINT('',(-6.264359246198,-8.319483324682,3.));
#3596 = CARTESIAN_POINT('',(-6.150393150462,-8.257996400642,3.));
#3597 = CARTESIAN_POINT('',(-6.045539703088,-8.197327216242,3.));
#3598 = CARTESIAN_POINT('',(-5.949642588271,-8.137960601024,3.));
#3599 = CARTESIAN_POINT('',(-5.862524588941,-8.080372733987,3.));
#3600 = CARTESIAN_POINT('',(-5.783988227931,-8.02503016737,3.));
#3601 = CARTESIAN_POINT('',(-5.713816134269,-7.972389080562,3.));
#3602 = CARTESIAN_POINT('',(-5.651771485718,-7.922894516938,3.));
#3603 = CARTESIAN_POINT('',(-5.597598551931,-7.876979587541,3.));
#3604 = CARTESIAN_POINT('',(-5.551022985583,-7.835064889072,3.));
#3605 = CARTESIAN_POINT('',(-5.511753025276,-7.797557321407,3.));
#3606 = CARTESIAN_POINT('',(-5.479478060261,-7.764850791802,3.));
#3607 = CARTESIAN_POINT('',(-5.453875036984,-7.73732146488,3.));
#3608 = CARTESIAN_POINT('',(-5.434593197241,-7.715338230317,3.));
#3609 = CARTESIAN_POINT('',(-5.421295568445,-7.699233454263,3.));
#3610 = CARTESIAN_POINT('',(-5.413569424421,-7.689365544667,3.));
#3611 = CARTESIAN_POINT('',(-5.410273219287,-7.684876946629,3.));
#3612 = CARTESIAN_POINT('',(-5.40945817014,-7.683748073789,3.));
#3613 = ORIENTED_EDGE('',*,*,#3614,.T.);
#3614 = EDGE_CURVE('',#3588,#3615,#3617,.T.);
#3615 = VERTEX_POINT('',#3616);
#3616 = CARTESIAN_POINT('',(-5.180962631222,-7.359186518487,3.));
#3617 = B_SPLINE_CURVE_WITH_KNOTS('',1,(#3618,#3619),.UNSPECIFIED.,.F.,
  .F.,(2,2),(0.,0.396926207859),.PIECEWISE_BEZIER_KNOTS.);
#3618 = CARTESIAN_POINT('',(-5.40945817014,-7.683748073789,3.));
#3619 = CARTESIAN_POINT('',(-5.180962631222,-7.359186518487,3.));
#3620 = ORIENTED_EDGE('',*,*,#3621,.T.);
#3621 = EDGE_CURVE('',#3615,#3622,#3624,.T.);
#3622 = VERTEX_POINT('',#3623);
#3623 = CARTESIAN_POINT('',(-4.452844447324,-7.821264368882,3.));
#3624 = B_SPLINE_CURVE_WITH_KNOTS('',1,(#3625,#3626),.UNSPECIFIED.,.F.,
  .F.,(2,2),(0.,0.862364209338),.PIECEWISE_BEZIER_KNOTS.);
#3625 = CARTESIAN_POINT('',(-5.180962631222,-7.359186518487,3.));
#3626 = CARTESIAN_POINT('',(-4.452844447324,-7.821264368882,3.));
#3627 = ORIENTED_EDGE('',*,*,#3628,.T.);
#3628 = EDGE_CURVE('',#3622,#3629,#3631,.T.);
#3629 = VERTEX_POINT('',#3630);
#3630 = CARTESIAN_POINT('',(-4.649227854064,-8.166204902949,3.));
#3631 = B_SPLINE_CURVE_WITH_KNOTS('',1,(#3632,#3633),.UNSPECIFIED.,.F.,
  .F.,(2,2),(0.,0.396926207859),.PIECEWISE_BEZIER_KNOTS.);
#3632 = CARTESIAN_POINT('',(-4.452844447324,-7.821264368882,3.));
#3633 = CARTESIAN_POINT('',(-4.649227854064,-8.166204902949,3.));
#3634 = ORIENTED_EDGE('',*,*,#3635,.T.);
#3635 = EDGE_CURVE('',#3629,#3636,#3638,.T.);
#3636 = VERTEX_POINT('',#3637);
#3637 = CARTESIAN_POINT('',(-4.857276235478,-9.646080425347,3.));
#3638 = B_SPLINE_CURVE_WITH_KNOTS('',3,(#3639,#3640,#3641,#3642,#3643,
    #3644,#3645,#3646,#3647,#3648,#3649,#3650,#3651,#3652,#3653,#3654,
    #3655,#3656,#3657,#3658,#3659,#3660),.UNSPECIFIED.,.F.,.F.,(4,1,1,1,
    1,1,1,1,1,1,1,1,1,1,1,1,1,1,1,4),(0.,4.176688177199E-03,
    1.670661519072E-02,3.758980854408E-02,6.682627216637E-02,
    0.104416007367,0.150359014742,0.204655294612,0.267304847168,
    0.338307672535,0.417663770799,0.505373142021,0.601435786244,
    0.705851703504,0.818620893827,0.939743357234,1.069219093742,
    1.207048103365,1.353230386115,1.507765942),.UNSPECIFIED.);
#3639 = CARTESIAN_POINT('',(-4.649227854064,-8.166204902949,3.));
#3640 = CARTESIAN_POINT('',(-4.649902257701,-8.167423032144,3.));
#3641 = CARTESIAN_POINT('',(-4.652560206747,-8.172316679812,3.));
#3642 = CARTESIAN_POINT('',(-4.658199326171,-8.183509055493,3.));
#3643 = CARTESIAN_POINT('',(-4.667109508251,-8.202398189901,3.));
#3644 = CARTESIAN_POINT('',(-4.678790725518,-8.22920492616,3.));
#3645 = CARTESIAN_POINT('',(-4.69279876814,-8.26409265156,3.));
#3646 = CARTESIAN_POINT('',(-4.70865050918,-8.307221676028,3.));
#3647 = CARTESIAN_POINT('',(-4.725868035196,-8.358724144052,3.));
#3648 = CARTESIAN_POINT('',(-4.743962676623,-8.418713387088,3.));
#3649 = CARTESIAN_POINT('',(-4.762442033484,-8.4872801492,3.));
#3650 = CARTESIAN_POINT('',(-4.780808727095,-8.564493585907,3.));
#3651 = CARTESIAN_POINT('',(-4.798561982183,-8.650400679228,3.));
#3652 = CARTESIAN_POINT('',(-4.815198277458,-8.74502622208,3.));
#3653 = CARTESIAN_POINT('',(-4.83021229741,-8.84837266586,3.));
#3654 = CARTESIAN_POINT('',(-4.843097811262,-8.96042004497,3.));
#3655 = CARTESIAN_POINT('',(-4.853348504018,-9.081125963052,3.));
#3656 = CARTESIAN_POINT('',(-4.860459132757,-9.210425428496,3.));
#3657 = CARTESIAN_POINT('',(-4.863925313115,-9.348231501679,3.));
#3658 = CARTESIAN_POINT('',(-4.863248933018,-9.494432777684,3.));
#3659 = CARTESIAN_POINT('',(-4.859792727589,-9.594630288972,3.));
#3660 = CARTESIAN_POINT('',(-4.857276235478,-9.646080425347,3.));
#3661 = ORIENTED_EDGE('',*,*,#3662,.T.);
#3662 = EDGE_CURVE('',#3636,#3663,#3665,.T.);
#3663 = VERTEX_POINT('',#3664);
#3664 = CARTESIAN_POINT('',(-4.33628831128,-9.891238733417,3.));
#3665 = B_SPLINE_CURVE_WITH_KNOTS('',1,(#3666,#3667),.UNSPECIFIED.,.F.,
  .F.,(2,2),(0.,0.575787298554),.PIECEWISE_BEZIER_KNOTS.);
#3666 = CARTESIAN_POINT('',(-4.857276235478,-9.646080425347,3.));
#3667 = CARTESIAN_POINT('',(-4.33628831128,-9.891238733417,3.));
#3668 = ORIENTED_EDGE('',*,*,#3669,.T.);
#3669 = EDGE_CURVE('',#3663,#3670,#3672,.T.);
#3670 = VERTEX_POINT('',#3671);
#3671 = CARTESIAN_POINT('',(-3.328639652954,-8.787626540581,3.));
#3672 = B_SPLINE_CURVE_WITH_KNOTS('',3,(#3673,#3674,#3675,#3676,#3677,
    #3678,#3679,#3680,#3681,#3682,#3683,#3684,#3685,#3686,#3687,#3688,
    #3689,#3690,#3691,#3692,#3693,#3694),.UNSPECIFIED.,.F.,.F.,(4,1,1,1,
    1,1,1,1,1,1,1,1,1,1,1,1,1,1,1,4),(0.,0.154535555886,0.300717838635,
    0.438546848258,0.568022584766,0.689145048173,0.801914238496,
    0.906330155756,1.002392799979,1.090102171201,1.169458269465,
    1.240461094832,1.303110647389,1.357406927258,1.403349934633,
    1.440939669834,1.470176133456,1.491059326809,1.503589253823,
    1.507765942),.UNSPECIFIED.);
#3673 = CARTESIAN_POINT('',(-4.33628831128,-9.891238733417,3.));
#3674 = CARTESIAN_POINT('',(-4.295041227419,-9.860382172714,3.));
#3675 = CARTESIAN_POINT('',(-4.215634649824,-9.799176927357,3.));
#3676 = CARTESIAN_POINT('',(-4.102553489652,-9.706505886523,3.));
#3677 = CARTESIAN_POINT('',(-3.998581511843,-9.615994251674,3.));
#3678 = CARTESIAN_POINT('',(-3.903487046775,-9.528096836931,3.));
#3679 = CARTESIAN_POINT('',(-3.817015575885,-9.443257694525,3.));
#3680 = CARTESIAN_POINT('',(-3.738895122112,-9.361907548029,3.));
#3681 = CARTESIAN_POINT('',(-3.668835615086,-9.284463544308,3.));
#3682 = CARTESIAN_POINT('',(-3.606529754922,-9.211328467431,3.));
#3683 = CARTESIAN_POINT('',(-3.551653552559,-9.14289010711,3.));
#3684 = CARTESIAN_POINT('',(-3.503866948177,-9.079520629569,3.));
#3685 = CARTESIAN_POINT('',(-3.462814535333,-9.02157594132,3.));
#3686 = CARTESIAN_POINT('',(-3.428125987681,-8.969395197839,3.));
#3687 = CARTESIAN_POINT('',(-3.39941751816,-8.923299957386,3.));
#3688 = CARTESIAN_POINT('',(-3.376290313677,-8.883594506144,3.));
#3689 = CARTESIAN_POINT('',(-3.358337921663,-8.85056285068,3.));
#3690 = CARTESIAN_POINT('',(-3.345128864495,-8.824475061306,3.));
#3691 = CARTESIAN_POINT('',(-3.336254100101,-8.805569260601,3.));
#3692 = CARTESIAN_POINT('',(-3.331224736422,-8.794089955646,3.));
#3693 = CARTESIAN_POINT('',(-3.329148356574,-8.788922642286,3.));
#3694 = CARTESIAN_POINT('',(-3.328639652954,-8.787626540581,3.));
#3695 = ORIENTED_EDGE('',*,*,#3696,.T.);
#3696 = EDGE_CURVE('',#3670,#3697,#3699,.T.);
#3697 = VERTEX_POINT('',#3698);
#3698 = CARTESIAN_POINT('',(-3.18803789813,-8.416437153576,3.));
#3699 = B_SPLINE_CURVE_WITH_KNOTS('',1,(#3700,#3701),.UNSPECIFIED.,.F.,
  .F.,(2,2),(0.,0.396926207859),.PIECEWISE_BEZIER_KNOTS.);
#3700 = CARTESIAN_POINT('',(-3.328639652954,-8.787626540581,3.));
#3701 = CARTESIAN_POINT('',(-3.18803789813,-8.416437153576,3.));
#3702 = ORIENTED_EDGE('',*,*,#3703,.T.);
#3703 = EDGE_CURVE('',#3697,#3704,#3706,.T.);
#3704 = VERTEX_POINT('',#3705);
#3705 = CARTESIAN_POINT('',(-2.367880797419,-8.682922349602,3.));
#3706 = B_SPLINE_CURVE_WITH_KNOTS('',1,(#3707,#3708),.UNSPECIFIED.,.F.,
  .F.,(2,2),(0.,0.862364209338),.PIECEWISE_BEZIER_KNOTS.);
#3707 = CARTESIAN_POINT('',(-3.18803789813,-8.416437153576,3.));
#3708 = CARTESIAN_POINT('',(-2.367880797419,-8.682922349602,3.));
#3709 = ORIENTED_EDGE('',*,*,#3710,.T.);
#3710 = EDGE_CURVE('',#3704,#3711,#3713,.T.);
#3711 = VERTEX_POINT('',#3712);
#3712 = CARTESIAN_POINT('',(-2.472311235817,-9.065864509753,3.));
#3713 = B_SPLINE_CURVE_WITH_KNOTS('',1,(#3714,#3715),.UNSPECIFIED.,.F.,
  .F.,(2,2),(0.,0.396926207859),.PIECEWISE_BEZIER_KNOTS.);
#3714 = CARTESIAN_POINT('',(-2.367880797419,-8.682922349602,3.));
#3715 = CARTESIAN_POINT('',(-2.472311235817,-9.065864509753,3.));
#3716 = ORIENTED_EDGE('',*,*,#3717,.T.);
#3717 = EDGE_CURVE('',#3711,#3718,#3720,.T.);
#3718 = VERTEX_POINT('',#3719);
#3719 = CARTESIAN_POINT('',(-2.305793318072,-10.55098654981,3.));
#3720 = B_SPLINE_CURVE_WITH_KNOTS('',3,(#3721,#3722,#3723,#3724,#3725,
    #3726,#3727,#3728,#3729,#3730,#3731,#3732,#3733,#3734,#3735,#3736,
    #3737,#3738,#3739,#3740,#3741,#3742),.UNSPECIFIED.,.F.,.F.,(4,1,1,1,
    1,1,1,1,1,1,1,1,1,1,1,1,1,1,1,4),(0.,4.176688177199E-03,
    1.670661519072E-02,3.758980854408E-02,6.682627216637E-02,
    0.104416007367,0.150359014742,0.204655294612,0.267304847168,
    0.338307672535,0.417663770799,0.505373142021,0.601435786244,
    0.705851703504,0.818620893827,0.939743357234,1.069219093742,
    1.207048103365,1.353230386115,1.507765942),.UNSPECIFIED.);
#3721 = CARTESIAN_POINT('',(-2.472311235817,-9.065864509753,3.));
#3722 = CARTESIAN_POINT('',(-2.472661515411,-9.067212086544,3.));
#3723 = CARTESIAN_POINT('',(-2.474018959414,-9.07261299632,3.));
#3724 = CARTESIAN_POINT('',(-2.476697484887,-9.084856134912,3.));
#3725 = CARTESIAN_POINT('',(-2.480630200507,-9.105367704603,3.));
#3726 = CARTESIAN_POINT('',(-2.485277866638,-9.134237258552,3.));
#3727 = CARTESIAN_POINT('',(-2.49016959635,-9.171512580444,3.));
#3728 = CARTESIAN_POINT('',(-2.494797573566,-9.21722879499,3.));
#3729 = CARTESIAN_POINT('',(-2.49866603638,-9.271395042877,3.));
#3730 = CARTESIAN_POINT('',(-2.501273483292,-9.333999567865,3.));
#3731 = CARTESIAN_POINT('',(-2.502120416842,-9.405007808233,3.));
#3732 = CARTESIAN_POINT('',(-2.500707886138,-9.484363053801,3.));
#3733 = CARTESIAN_POINT('',(-2.496539164727,-9.571986272819,3.));
#3734 = CARTESIAN_POINT('',(-2.489120384619,-9.667776258632,3.));
#3735 = CARTESIAN_POINT('',(-2.477961496082,-9.771609718768,3.));
#3736 = CARTESIAN_POINT('',(-2.462577137754,-9.883341420409,3.));
#3737 = CARTESIAN_POINT('',(-2.442487444999,-10.00280438373,3.));
#3738 = CARTESIAN_POINT('',(-2.417219210789,-10.12981001016,3.));
#3739 = CARTESIAN_POINT('',(-2.386305517927,-10.26414865615,3.));
#3740 = CARTESIAN_POINT('',(-2.349291608721,-10.40558854133,3.));
#3741 = CARTESIAN_POINT('',(-2.321025878565,-10.50177864022,3.));
#3742 = CARTESIAN_POINT('',(-2.305793318072,-10.55098654981,3.));
#3743 = ORIENTED_EDGE('',*,*,#3744,.T.);
#3744 = EDGE_CURVE('',#3718,#3745,#3747,.T.);
#3745 = VERTEX_POINT('',#3746);
#3746 = CARTESIAN_POINT('',(-1.740204795571,-10.65887833073,3.));
#3747 = B_SPLINE_CURVE_WITH_KNOTS('',1,(#3748,#3749),.UNSPECIFIED.,.F.,
  .F.,(2,2),(0.,0.575787298554),.PIECEWISE_BEZIER_KNOTS.);
#3748 = CARTESIAN_POINT('',(-2.305793318072,-10.55098654981,3.));
#3749 = CARTESIAN_POINT('',(-1.740204795571,-10.65887833073,3.));
#3750 = ORIENTED_EDGE('',*,*,#3751,.T.);
#3751 = EDGE_CURVE('',#3745,#3752,#3754,.T.);
#3752 = VERTEX_POINT('',#3753);
#3753 = CARTESIAN_POINT('',(-1.038670464492,-9.3393461132,3.));
#3754 = B_SPLINE_CURVE_WITH_KNOTS('',3,(#3755,#3756,#3757,#3758,#3759,
    #3760,#3761,#3762,#3763,#3764,#3765,#3766,#3767,#3768,#3769,#3770,
    #3771,#3772,#3773,#3774,#3775,#3776),.UNSPECIFIED.,.F.,.F.,(4,1,1,1,
    1,1,1,1,1,1,1,1,1,1,1,1,1,1,1,4),(0.,0.154535555886,0.300717838635,
    0.438546848258,0.568022584766,0.689145048173,0.801914238496,
    0.906330155756,1.002392799979,1.090102171201,1.169458269465,
    1.240461094832,1.303110647389,1.357406927258,1.403349934633,
    1.440939669834,1.470176133456,1.491059326809,1.503589253823,
    1.507765942),.UNSPECIFIED.);
#3755 = CARTESIAN_POINT('',(-1.740204795571,-10.65887833073,3.));
#3756 = CARTESIAN_POINT('',(-1.707927279297,-10.61873345299,3.));
#3757 = CARTESIAN_POINT('',(-1.646236530917,-10.53970347015,3.));
#3758 = CARTESIAN_POINT('',(-1.559754374022,-10.42182171951,3.));
#3759 = CARTESIAN_POINT('',(-1.481558195344,-10.30829689468,3.));
#3760 = CARTESIAN_POINT('',(-1.411310495918,-10.19951190706,3.));
#3761 = CARTESIAN_POINT('',(-1.348654322048,-10.09583356198,3.));
#3762 = CARTESIAN_POINT('',(-1.293219124737,-9.997611413103,3.));
#3763 = CARTESIAN_POINT('',(-1.244620206501,-9.905177364271,3.));
#3764 = CARTESIAN_POINT('',(-1.202459753523,-9.818845122987,3.));
#3765 = CARTESIAN_POINT('',(-1.166327516074,-9.738909723031,3.));
#3766 = CARTESIAN_POINT('',(-1.135801563961,-9.665647068903,3.));
#3767 = CARTESIAN_POINT('',(-1.110449146139,-9.599313499671,3.));
#3768 = CARTESIAN_POINT('',(-1.089827226208,-9.540145419199,3.));
#3769 = CARTESIAN_POINT('',(-1.073484106195,-9.488358839442,3.));
#3770 = CARTESIAN_POINT('',(-1.060957829558,-9.44414930609,3.));
#3771 = CARTESIAN_POINT('',(-1.051784083622,-9.40769082248,3.));
#3772 = CARTESIAN_POINT('',(-1.04547778267,-9.379137670044,3.));
#3773 = CARTESIAN_POINT('',(-1.041583516762,-9.358618765678,3.));
#3774 = CARTESIAN_POINT('',(-1.039566946846,-9.34624935231,3.));
#3775 = CARTESIAN_POINT('',(-1.038840858866,-9.340728004931,3.));
#3776 = CARTESIAN_POINT('',(-1.038670464492,-9.3393461132,3.));
#3777 = ORIENTED_EDGE('',*,*,#3778,.T.);
#3778 = EDGE_CURVE('',#3752,#3779,#3781,.T.);
#3779 = VERTEX_POINT('',#3780);
#3780 = CARTESIAN_POINT('',(-0.994797019116,-8.944852088814,3.));
#3781 = B_SPLINE_CURVE_WITH_KNOTS('',1,(#3782,#3783),.UNSPECIFIED.,.F.,
  .F.,(2,2),(0.,0.396926207859),.PIECEWISE_BEZIER_KNOTS.);
#3782 = CARTESIAN_POINT('',(-1.038670464492,-9.3393461132,3.));
#3783 = CARTESIAN_POINT('',(-0.994797019116,-8.944852088814,3.));
#3784 = ORIENTED_EDGE('',*,*,#3785,.T.);
#3785 = EDGE_CURVE('',#3779,#3786,#3788,.T.);
#3786 = VERTEX_POINT('',#3787);
#3787 = CARTESIAN_POINT('',(-0.134134488557,-8.999000385542,3.));
#3788 = B_SPLINE_CURVE_WITH_KNOTS('',1,(#3789,#3790),.UNSPECIFIED.,.F.,
  .F.,(2,2),(0.,0.862364209338),.PIECEWISE_BEZIER_KNOTS.);
#3789 = CARTESIAN_POINT('',(-0.994797019116,-8.944852088814,3.));
#3790 = CARTESIAN_POINT('',(-0.134134488557,-8.999000385542,3.));
#3791 = ORIENTED_EDGE('',*,*,#3792,.T.);
#3792 = EDGE_CURVE('',#3786,#3793,#3795,.T.);
#3793 = VERTEX_POINT('',#3794);
#3794 = CARTESIAN_POINT('',(-0.1400502101,-9.395882507492,3.));
#3795 = B_SPLINE_CURVE_WITH_KNOTS('',1,(#3796,#3797),.UNSPECIFIED.,.F.,
  .F.,(2,2),(0.,0.396926207859),.PIECEWISE_BEZIER_KNOTS.);
#3796 = CARTESIAN_POINT('',(-0.134134488557,-8.999000385542,3.));
#3797 = CARTESIAN_POINT('',(-0.1400502101,-9.395882507492,3.));
#3798 = ORIENTED_EDGE('',*,*,#3799,.T.);
#3799 = EDGE_CURVE('',#3793,#3800,#3802,.T.);
#3800 = VERTEX_POINT('',#3801);
#3801 = CARTESIAN_POINT('',(0.390571073624,-10.79293538554,3.));
#3802 = B_SPLINE_CURVE_WITH_KNOTS('',3,(#3803,#3804,#3805,#3806,#3807,
    #3808,#3809,#3810,#3811,#3812,#3813,#3814,#3815,#3816,#3817,#3818,
    #3819,#3820,#3821,#3822,#3823,#3824),.UNSPECIFIED.,.F.,.F.,(4,1,1,1,
    1,1,1,1,1,1,1,1,1,1,1,1,1,1,1,4),(0.,4.176688177199E-03,
    1.670661519072E-02,3.758980854408E-02,6.682627216637E-02,
    0.104416007367,0.150359014742,0.204655294612,0.267304847168,
    0.338307672535,0.417663770799,0.505373142021,0.601435786244,
    0.705851703504,0.818620893827,0.939743357234,1.069219093742,
    1.207048103365,1.353230386115,1.507765942),.UNSPECIFIED.);
#3803 = CARTESIAN_POINT('',(-0.1400502101,-9.395882507492,3.));
#3804 = CARTESIAN_POINT('',(-0.140054356296,-9.397274858673,3.));
#3805 = CARTESIAN_POINT('',(-0.140026002056,-9.402843671533,3.));
#3806 = CARTESIAN_POINT('',(-0.139575631971,-9.415368291609,3.));
#3807 = CARTESIAN_POINT('',(-0.138283774146,-9.436213479225,3.));
#3808 = CARTESIAN_POINT('',(-0.135605859185,-9.465331870615,3.));
#3809 = CARTESIAN_POINT('',(-0.131073910617,-9.502652643435,3.));
#3810 = CARTESIAN_POINT('',(-0.124187331182,-9.548083530167,3.));
#3811 = CARTESIAN_POINT('',(-0.114463661048,-9.601510093352,3.));
#3812 = CARTESIAN_POINT('',(-0.101420077965,-9.662796227744,3.));
#3813 = CARTESIAN_POINT('',(-8.458137225559E-02,-9.731784237475,3.));
#3814 = CARTESIAN_POINT('',(-6.347837173417E-02,-9.808295109978,3.));
#3815 = CARTESIAN_POINT('',(-3.76496099217E-02,-9.892128765585,3.));
#3816 = CARTESIAN_POINT('',(-6.641903669604E-03,-9.983064357261,3.));
#3817 = CARTESIAN_POINT('',(2.998873934897E-02,-10.08086059557,3.));
#3818 = CARTESIAN_POINT('',(7.267631404394E-02,-10.18525610601,3.));
#3819 = CARTESIAN_POINT('',(0.121844083029,-10.29596981724,3.));
#3820 = CARTESIAN_POINT('',(0.177903484103,-10.41270137406,3.));
#3821 = CARTESIAN_POINT('',(0.24125462917,-10.53513160166,3.));
#3822 = CARTESIAN_POINT('',(0.312280347441,-10.66292290786,3.));
#3823 = CARTESIAN_POINT('',(0.363579562545,-10.74906161666,3.));
#3824 = CARTESIAN_POINT('',(0.390571073624,-10.79293538554,3.));
#3825 = ORIENTED_EDGE('',*,*,#3826,.T.);
#3826 = EDGE_CURVE('',#3800,#3827,#3829,.T.);
#3827 = VERTEX_POINT('',#3828);
#3828 = CARTESIAN_POINT('',(0.96522218747,-10.75678140192,3.));
#3829 = B_SPLINE_CURVE_WITH_KNOTS('',1,(#3830,#3831),.UNSPECIFIED.,.F.,
  .F.,(2,2),(0.,0.575787298554),.PIECEWISE_BEZIER_KNOTS.);
#3830 = CARTESIAN_POINT('',(0.390571073624,-10.79293538554,3.));
#3831 = CARTESIAN_POINT('',(0.96522218747,-10.75678140192,3.));
#3832 = ORIENTED_EDGE('',*,*,#3833,.T.);
#3833 = EDGE_CURVE('',#3827,#3834,#3836,.T.);
#3834 = VERTEX_POINT('',#3835);
#3835 = CARTESIAN_POINT('',(1.316562209216,-9.304240221814,3.));
#3836 = B_SPLINE_CURVE_WITH_KNOTS('',3,(#3837,#3838,#3839,#3840,#3841,
    #3842,#3843,#3844,#3845,#3846,#3847,#3848,#3849,#3850,#3851,#3852,
    #3853,#3854,#3855,#3856,#3857,#3858),.UNSPECIFIED.,.F.,.F.,(4,1,1,1,
    1,1,1,1,1,1,1,1,1,1,1,1,1,1,1,4),(0.,0.154535555886,0.300717838635,
    0.438546848258,0.568022584766,0.689145048173,0.801914238496,
    0.906330155756,1.002392799979,1.090102171201,1.169458269465,
    1.240461094832,1.303110647389,1.357406927258,1.403349934633,
    1.440939669834,1.470176133456,1.491059326809,1.503589253823,
    1.507765942),.UNSPECIFIED.);
#3837 = CARTESIAN_POINT('',(0.96522218747,-10.75678140192,3.));
#3838 = CARTESIAN_POINT('',(0.986502021101,-10.70987065746,3.));
#3839 = CARTESIAN_POINT('',(1.026600683662,-10.61798168159,3.));
#3840 = CARTESIAN_POINT('',(1.081049845303,-10.48229616508,3.));
#3841 = CARTESIAN_POINT('',(1.128556871358,-10.35289133253,3.));
#3842 = CARTESIAN_POINT('',(1.169543883835,-10.23005413289,3.));
#3843 = CARTESIAN_POINT('',(1.204447842847,-10.11405107687,3.));
#3844 = CARTESIAN_POINT('',(1.233714586373,-10.00512858444,3.));
#3845 = CARTESIAN_POINT('',(1.257799267051,-9.903512461743,3.));
#3846 = CARTESIAN_POINT('',(1.277165216527,-9.809407628279,3.));
#3847 = CARTESIAN_POINT('',(1.2922831677,-9.72299782385,3.));
#3848 = CARTESIAN_POINT('',(1.303630409705,-9.644445355135,3.));
#3849 = CARTESIAN_POINT('',(1.311689846853,-9.573890887032,3.));
#3850 = CARTESIAN_POINT('',(1.316949387992,-9.511453217669,3.));
#3851 = CARTESIAN_POINT('',(1.319900260161,-9.457229239872,3.));
#3852 = CARTESIAN_POINT('',(1.321038536922,-9.411293471983,3.));
#3853 = CARTESIAN_POINT('',(1.320857216585,-9.373698980836,3.));
#3854 = CARTESIAN_POINT('',(1.319864513238,-9.344474564917,3.));
#3855 = CARTESIAN_POINT('',(1.31853358961,-9.323631835114,3.));
#3856 = CARTESIAN_POINT('',(1.317410657259,-9.311149529069,3.));
#3857 = CARTESIAN_POINT('',(1.316740830594,-9.305621074233,3.));
#3858 = CARTESIAN_POINT('',(1.316562209216,-9.304240221814,3.));
#3859 = ORIENTED_EDGE('',*,*,#3860,.T.);
#3860 = EDGE_CURVE('',#3834,#3861,#3863,.T.);
#3861 = VERTEX_POINT('',#3862);
#3862 = CARTESIAN_POINT('',(1.260950615217,-8.911229070447,3.));
#3863 = B_SPLINE_CURVE_WITH_KNOTS('',1,(#3864,#3865),.UNSPECIFIED.,.F.,
  .F.,(2,2),(0.,0.396926207859),.PIECEWISE_BEZIER_KNOTS.);
#3864 = CARTESIAN_POINT('',(1.316562209216,-9.304240221814,3.));
#3865 = CARTESIAN_POINT('',(1.260950615217,-8.911229070447,3.));
#3866 = ORIENTED_EDGE('',*,*,#3867,.T.);
#3867 = EDGE_CURVE('',#3861,#3868,#3870,.T.);
#3868 = VERTEX_POINT('',#3869);
#3869 = CARTESIAN_POINT('',(2.108039983534,-8.74963813125,3.));
#3870 = B_SPLINE_CURVE_WITH_KNOTS('',1,(#3871,#3872),.UNSPECIFIED.,.F.,
  .F.,(2,2),(0.,0.862364209338),.PIECEWISE_BEZIER_KNOTS.);
#3871 = CARTESIAN_POINT('',(1.260950615217,-8.911229070447,3.));
#3872 = CARTESIAN_POINT('',(2.108039983534,-8.74963813125,3.));
#3873 = ORIENTED_EDGE('',*,*,#3874,.T.);
#3874 = EDGE_CURVE('',#3868,#3875,#3877,.T.);
#3875 = VERTEX_POINT('',#3876);
#3876 = CARTESIAN_POINT('',(2.201010685387,-9.135522651647,3.));
#3877 = B_SPLINE_CURVE_WITH_KNOTS('',1,(#3878,#3879),.UNSPECIFIED.,.F.,
  .F.,(2,2),(0.,0.396926207859),.PIECEWISE_BEZIER_KNOTS.);
#3878 = CARTESIAN_POINT('',(2.108039983534,-8.74963813125,3.));
#3879 = CARTESIAN_POINT('',(2.201010685387,-9.135522651647,3.));
#3880 = ORIENTED_EDGE('',*,*,#3881,.T.);
#3881 = EDGE_CURVE('',#3875,#3882,#3884,.T.);
#3882 = VERTEX_POINT('',#3883);
#3883 = CARTESIAN_POINT('',(3.062394448343,-10.35672439735,3.));
#3884 = B_SPLINE_CURVE_WITH_KNOTS('',3,(#3885,#3886,#3887,#3888,#3889,
    #3890,#3891,#3892,#3893,#3894,#3895,#3896,#3897,#3898,#3899,#3900,
    #3901,#3902,#3903,#3904,#3905,#3906),.UNSPECIFIED.,.F.,.F.,(4,1,1,1,
    1,1,1,1,1,1,1,1,1,1,1,1,1,1,1,4),(0.,4.176688177199E-03,
    1.670661519072E-02,3.758980854408E-02,6.682627216637E-02,
    0.104416007367,0.150359014742,0.204655294612,0.267304847168,
    0.338307672535,0.417663770799,0.505373142021,0.601435786244,
    0.705851703504,0.818620893827,0.939743357234,1.069219093742,
    1.207048103365,1.353230386115,1.507765942),.UNSPECIFIED.);
#3885 = CARTESIAN_POINT('',(2.201010685387,-9.135522651647,3.));
#3886 = CARTESIAN_POINT('',(2.201352933109,-9.136872290672,3.));
#3887 = CARTESIAN_POINT('',(2.20276530399,-9.142259097623,3.));
#3888 = CARTESIAN_POINT('',(2.206316271225,-9.154278231243,3.));
#3889 = CARTESIAN_POINT('',(2.212751530316,-9.174147256981,3.));
#3890 = CARTESIAN_POINT('',(2.222586763124,-9.201684870192,3.));
#3891 = CARTESIAN_POINT('',(2.236257630976,-9.236706092527,3.));
#3892 = CARTESIAN_POINT('',(2.254226057949,-9.278997061748,3.));
#3893 = CARTESIAN_POINT('',(2.276930887076,-9.328326952778,3.));
#3894 = CARTESIAN_POINT('',(2.304805923858,-9.384443863356,3.));
#3895 = CARTESIAN_POINT('',(2.338272231018,-9.447076872078,3.));
#3896 = CARTESIAN_POINT('',(2.377739722223,-9.515935912009,3.));
#3897 = CARTESIAN_POINT('',(2.42360560834,-9.590712427305,3.));
#3898 = CARTESIAN_POINT('',(2.476253912515,-9.671079807181,3.));
#3899 = CARTESIAN_POINT('',(2.536054671996,-9.756693926358,3.));
#3900 = CARTESIAN_POINT('',(2.603363245746,-9.847193691731,3.));
#3901 = CARTESIAN_POINT('',(2.678519699209,-9.942201601215,3.));
#3902 = CARTESIAN_POINT('',(2.761847848805,-10.04132441539,3.));
#3903 = CARTESIAN_POINT('',(2.853655860644,-10.14415348314,3.));
#3904 = CARTESIAN_POINT('',(2.954230580887,-10.2502666126,3.));
#3905 = CARTESIAN_POINT('',(3.025339962588,-10.32094151945,3.));
#3906 = CARTESIAN_POINT('',(3.062394448343,-10.35672439735,3.));
#3907 = ORIENTED_EDGE('',*,*,#3908,.T.);
#3908 = EDGE_CURVE('',#3882,#3909,#3911,.T.);
#3909 = VERTEX_POINT('',#3910);
#3910 = CARTESIAN_POINT('',(3.610000710633,-10.17879633695,3.));
#3911 = B_SPLINE_CURVE_WITH_KNOTS('',1,(#3912,#3913),.UNSPECIFIED.,.F.,
  .F.,(2,2),(0.,0.575787298554),.PIECEWISE_BEZIER_KNOTS.);
#3912 = CARTESIAN_POINT('',(3.062394448343,-10.35672439735,3.));
#3913 = CARTESIAN_POINT('',(3.610000710633,-10.17879633695,3.));
#3914 = ORIENTED_EDGE('',*,*,#3915,.T.);
#3915 = EDGE_CURVE('',#3909,#3916,#3918,.T.);
#3916 = VERTEX_POINT('',#3917);
#3917 = CARTESIAN_POINT('',(3.589070437343,-8.684514698689,3.));
#3918 = B_SPLINE_CURVE_WITH_KNOTS('',3,(#3919,#3920,#3921,#3922,#3923,
    #3924,#3925,#3926,#3927,#3928,#3929,#3930,#3931,#3932,#3933,#3934,
    #3935,#3936,#3937,#3938,#3939,#3940),.UNSPECIFIED.,.F.,.F.,(4,1,1,1,
    1,1,1,1,1,1,1,1,1,1,1,1,1,1,1,4),(0.,0.154535555886,0.300717838635,
    0.438546848258,0.568022584766,0.689145048173,0.801914238496,
    0.906330155756,1.002392799979,1.090102171201,1.169458269465,
    1.240461094832,1.303110647389,1.357406927258,1.403349934633,
    1.440939669834,1.470176133456,1.491059326809,1.503589253823,
    1.507765942),.UNSPECIFIED.);
#3919 = CARTESIAN_POINT('',(3.610000710633,-10.17879633695,3.));
#3920 = CARTESIAN_POINT('',(3.618945771412,-10.12806730036,3.));
#3921 = CARTESIAN_POINT('',(3.634932801713,-10.02909305378,3.));
#3922 = CARTESIAN_POINT('',(3.653927727024,-9.884129391415,3.));
#3923 = CARTESIAN_POINT('',(3.66776055929,-9.746975532687,3.));
#3924 = CARTESIAN_POINT('',(3.676911520084,-9.617804434055,3.));
#3925 = CARTESIAN_POINT('',(3.681870120127,-9.496765565722,3.));
#3926 = CARTESIAN_POINT('',(3.683129472736,-9.383986730545,3.));
#3927 = CARTESIAN_POINT('',(3.681186586793,-9.279573448673,3.));
#3928 = CARTESIAN_POINT('',(3.676541198938,-9.183608975808,3.));
#3929 = CARTESIAN_POINT('',(3.669694947361,-9.096154212711,3.));
#3930 = CARTESIAN_POINT('',(3.661150490312,-9.017247669915,3.));
#3931 = CARTESIAN_POINT('',(3.65141054271,-8.946905499652,3.));
#3932 = CARTESIAN_POINT('',(3.640977228744,-8.885121429795,3.));
#3933 = CARTESIAN_POINT('',(3.630350438917,-8.831867145905,3.));
#3934 = CARTESIAN_POINT('',(3.620029193687,-8.787091456715,3.));
#3935 = CARTESIAN_POINT('',(3.610504200101,-8.750723158173,3.));
#3936 = CARTESIAN_POINT('',(3.602274867658,-8.722663756304,3.));
#3937 = CARTESIAN_POINT('',(3.59580238132,-8.702806826431,3.));
#3938 = CARTESIAN_POINT('',(3.591610504672,-8.690995936903,3.));
#3939 = CARTESIAN_POINT('',(3.589586851034,-8.68580774776,3.));
#3940 = CARTESIAN_POINT('',(3.589070437343,-8.684514698689,3.));
#3941 = ORIENTED_EDGE('',*,*,#3942,.T.);
#3942 = EDGE_CURVE('',#3916,#3943,#3945,.T.);
#3943 = VERTEX_POINT('',#3944);
#3944 = CARTESIAN_POINT('',(3.437468084943,-8.317680756376,3.));
#3945 = B_SPLINE_CURVE_WITH_KNOTS('',1,(#3946,#3947),.UNSPECIFIED.,.F.,
  .F.,(2,2),(0.,0.396926207859),.PIECEWISE_BEZIER_KNOTS.);
#3946 = CARTESIAN_POINT('',(3.589070437343,-8.684514698689,3.));
#3947 = CARTESIAN_POINT('',(3.437468084943,-8.317680756376,3.));
#3948 = ORIENTED_EDGE('',*,*,#3949,.T.);
#3949 = EDGE_CURVE('',#3943,#3950,#3952,.T.);
#3950 = VERTEX_POINT('',#3951);
#3951 = CARTESIAN_POINT('',(4.217758550631,-7.950503934253,3.));
#3952 = B_SPLINE_CURVE_WITH_KNOTS('',1,(#3953,#3954),.UNSPECIFIED.,.F.,
  .F.,(2,2),(0.,0.862364209338),.PIECEWISE_BEZIER_KNOTS.);
#3953 = CARTESIAN_POINT('',(3.437468084943,-8.317680756376,3.));
#3954 = CARTESIAN_POINT('',(4.217758550631,-7.950503934253,3.));
#3955 = ORIENTED_EDGE('',*,*,#3956,.T.);
#3956 = EDGE_CURVE('',#3950,#3957,#3959,.T.);
#3957 = VERTEX_POINT('',#3958);
#3958 = CARTESIAN_POINT('',(4.403773984761,-8.301144309497,3.));
#3959 = B_SPLINE_CURVE_WITH_KNOTS('',1,(#3960,#3961),.UNSPECIFIED.,.F.,
  .F.,(2,2),(0.,0.396926207859),.PIECEWISE_BEZIER_KNOTS.);
#3960 = CARTESIAN_POINT('',(4.217758550631,-7.950503934253,3.));
#3961 = CARTESIAN_POINT('',(4.403773984761,-8.301144309497,3.));
#3962 = ORIENTED_EDGE('',*,*,#3963,.T.);
#3963 = EDGE_CURVE('',#3957,#3964,#3966,.T.);
#3964 = VERTEX_POINT('',#3965);
#3965 = CARTESIAN_POINT('',(5.541796317175,-9.269762325915,3.));
#3966 = B_SPLINE_CURVE_WITH_KNOTS('',3,(#3967,#3968,#3969,#3970,#3971,
    #3972,#3973,#3974,#3975,#3976,#3977,#3978,#3979,#3980,#3981,#3982,
    #3983,#3984,#3985,#3986,#3987,#3988),.UNSPECIFIED.,.F.,.F.,(4,1,1,1,
    1,1,1,1,1,1,1,1,1,1,1,1,1,1,1,4),(0.,4.176688177199E-03,
    1.670661519072E-02,3.758980854408E-02,6.682627216637E-02,
    0.104416007367,0.150359014742,0.204655294612,0.267304847168,
    0.338307672535,0.417663770799,0.505373142021,0.601435786244,
    0.705851703504,0.818620893827,0.939743357234,1.069219093742,
    1.207048103365,1.353230386115,1.507765942),.UNSPECIFIED.);
#3967 = CARTESIAN_POINT('',(4.403773984761,-8.301144309497,3.));
#3968 = CARTESIAN_POINT('',(4.404441121718,-8.302366433583,3.));
#3969 = CARTESIAN_POINT('',(4.407148764783,-8.307232761733,3.));
#3970 = CARTESIAN_POINT('',(4.413577208836,-8.317991202528,3.));
#3971 = CARTESIAN_POINT('',(4.424751518198,-8.335635622428,3.));
#3972 = CARTESIAN_POINT('',(4.441126085004,-8.359862167944,3.));
#3973 = CARTESIAN_POINT('',(4.463076881234,-8.390383327597,3.));
#3974 = CARTESIAN_POINT('',(4.490998133396,-8.426877082176,3.));
#3975 = CARTESIAN_POINT('',(4.525257493598,-8.469010722574,3.));
#3976 = CARTESIAN_POINT('',(4.566212493001,-8.516432377462,3.));
#3977 = CARTESIAN_POINT('',(4.614203590454,-8.56877492289,3.));
#3978 = CARTESIAN_POINT('',(4.669555684717,-8.625655463525,3.));
#3979 = CARTESIAN_POINT('',(4.732576772832,-8.686676355044,3.));
#3980 = CARTESIAN_POINT('',(4.803557588351,-8.751425745072,3.));
#3981 = CARTESIAN_POINT('',(4.882770962645,-8.819478295134,3.));
#3982 = CARTESIAN_POINT('',(4.970471290218,-8.890395882349,3.));
#3983 = CARTESIAN_POINT('',(5.066894071782,-8.963728293718,3.));
#3984 = CARTESIAN_POINT('',(5.172255155801,-9.039014114292,3.));
#3985 = CARTESIAN_POINT('',(5.286751399382,-9.115780893686,3.));
#3986 = CARTESIAN_POINT('',(5.410555642036,-9.193548368224,3.));
#3987 = CARTESIAN_POINT('',(5.49700712636,-9.244318708804,3.));
#3988 = CARTESIAN_POINT('',(5.541796317175,-9.269762325915,3.));
#3989 = ORIENTED_EDGE('',*,*,#3990,.T.);
#3990 = EDGE_CURVE('',#3964,#3991,#3993,.T.);
#3991 = VERTEX_POINT('',#3992);
#3992 = CARTESIAN_POINT('',(6.027949612493,-8.961240063141,3.));
#3993 = B_SPLINE_CURVE_WITH_KNOTS('',1,(#3994,#3995),.UNSPECIFIED.,.F.,
  .F.,(2,2),(0.,0.575787298554),.PIECEWISE_BEZIER_KNOTS.);
#3994 = CARTESIAN_POINT('',(5.541796317175,-9.269762325915,3.));
#3995 = CARTESIAN_POINT('',(6.027949612493,-8.961240063141,3.));
#3996 = ORIENTED_EDGE('',*,*,#3997,.T.);
#3997 = EDGE_CURVE('',#3991,#3998,#4000,.T.);
#3998 = VERTEX_POINT('',#3999);
#3999 = CARTESIAN_POINT('',(5.636064170213,-7.519109177635,3.));
#4000 = B_SPLINE_CURVE_WITH_KNOTS('',3,(#4001,#4002,#4003,#4004,#4005,
    #4006,#4007,#4008,#4009,#4010,#4011,#4012,#4013,#4014,#4015,#4016,
    #4017,#4018,#4019,#4020,#4021,#4022),.UNSPECIFIED.,.F.,.F.,(4,1,1,1,
    1,1,1,1,1,1,1,1,1,1,1,1,1,1,1,4),(0.,0.154535555886,0.300717838635,
    0.438546848258,0.568022584766,0.689145048173,0.801914238496,
    0.906330155756,1.002392799979,1.090102171201,1.169458269465,
    1.240461094832,1.303110647389,1.357406927258,1.403349934633,
    1.440939669834,1.470176133456,1.491059326809,1.503589253823,
    1.507765942),.UNSPECIFIED.);
#4001 = CARTESIAN_POINT('',(6.027949612493,-8.961240063141,3.));
#4002 = CARTESIAN_POINT('',(6.023997849354,-8.909880226366,3.));
#4003 = CARTESIAN_POINT('',(6.014868723485,-8.810039624979,3.));
#4004 = CARTESIAN_POINT('',(5.997215891451,-8.664906416799,3.));
#4005 = CARTESIAN_POINT('',(5.976505362203,-8.528621413256,3.));
#4006 = CARTESIAN_POINT('',(5.953245282793,-8.401232710809,3.));
#4007 = CARTESIAN_POINT('',(5.927946956788,-8.282763347414,3.));
#4008 = CARTESIAN_POINT('',(5.901119788725,-8.173214478472,3.));
#4009 = CARTESIAN_POINT('',(5.873271414828,-8.072564707939,3.));
#4010 = CARTESIAN_POINT('',(5.844906576447,-7.980770396437,3.));
#4011 = CARTESIAN_POINT('',(5.816526297286,-7.897765779072,3.));
#4012 = CARTESIAN_POINT('',(5.788627020842,-7.823463150477,3.));
#4013 = CARTESIAN_POINT('',(5.76169968522,-7.757753135313,3.));
#4014 = CARTESIAN_POINT('',(5.736229079636,-7.700504785297,3.));
#4015 = CARTESIAN_POINT('',(5.712692348101,-7.651566357826,3.));
#4016 = CARTESIAN_POINT('',(5.691560102677,-7.61076416856,3.));
#4017 = CARTESIAN_POINT('',(5.673289926219,-7.577907216573,3.));
#4018 = CARTESIAN_POINT('',(5.658341043902,-7.552775904168,3.));
#4019 = CARTESIAN_POINT('',(5.647133684975,-7.535152458159,3.));
#4020 = CARTESIAN_POINT('',(5.640136255057,-7.524755106775,3.));
#4021 = CARTESIAN_POINT('',(5.636885928046,-7.520233176328,3.));
#4022 = CARTESIAN_POINT('',(5.636064170213,-7.519109177635,3.));
#4023 = ORIENTED_EDGE('',*,*,#4024,.T.);
#4024 = EDGE_CURVE('',#3998,#4025,#4027,.T.);
#4025 = VERTEX_POINT('',#4026);
#4026 = CARTESIAN_POINT('',(5.39799679277,-7.201501970092,3.));
#4027 = B_SPLINE_CURVE_WITH_KNOTS('',1,(#4028,#4029),.UNSPECIFIED.,.F.,
  .F.,(2,2),(0.,0.396926207859),.PIECEWISE_BEZIER_KNOTS.);
#4028 = CARTESIAN_POINT('',(5.636064170213,-7.519109177635,3.));
#4029 = CARTESIAN_POINT('',(5.39799679277,-7.201501970092,3.));
#4030 = ORIENTED_EDGE('',*,*,#4031,.T.);
#4031 = EDGE_CURVE('',#4025,#4032,#4034,.T.);
#4032 = VERTEX_POINT('',#4033);
#4033 = CARTESIAN_POINT('',(6.062459836161,-6.65181033516,3.));
#4034 = B_SPLINE_CURVE_WITH_KNOTS('',1,(#4035,#4036),.UNSPECIFIED.,.F.,
  .F.,(2,2),(0.,0.862364209338),.PIECEWISE_BEZIER_KNOTS.);
#4035 = CARTESIAN_POINT('',(5.39799679277,-7.201501970092,3.));
#4036 = CARTESIAN_POINT('',(6.062459836161,-6.65181033516,3.));
#4037 = ORIENTED_EDGE('',*,*,#4038,.T.);
#4038 = EDGE_CURVE('',#4032,#4039,#4041,.T.);
#4039 = VERTEX_POINT('',#4040);
#4040 = CARTESIAN_POINT('',(6.329831968723,-6.945174540908,3.));
#4041 = B_SPLINE_CURVE_WITH_KNOTS('',1,(#4042,#4043),.UNSPECIFIED.,.F.,
  .F.,(2,2),(0.,0.396926207859),.PIECEWISE_BEZIER_KNOTS.);
#4042 = CARTESIAN_POINT('',(6.062459836161,-6.65181033516,3.));
#4043 = CARTESIAN_POINT('',(6.329831968723,-6.945174540908,3.));
#4044 = ORIENTED_EDGE('',*,*,#4045,.T.);
#4045 = EDGE_CURVE('',#4039,#4046,#4048,.T.);
#4046 = VERTEX_POINT('',#4047);
#4047 = CARTESIAN_POINT('',(7.672986742097,-7.600346995737,3.));
#4048 = B_SPLINE_CURVE_WITH_KNOTS('',3,(#4049,#4050,#4051,#4052,#4053,
    #4054,#4055,#4056,#4057,#4058,#4059,#4060,#4061,#4062,#4063,#4064,
    #4065,#4066,#4067,#4068,#4069,#4070),.UNSPECIFIED.,.F.,.F.,(4,1,1,1,
    1,1,1,1,1,1,1,1,1,1,1,1,1,1,1,4),(0.,4.176688177199E-03,
    1.670661519072E-02,3.758980854408E-02,6.682627216637E-02,
    0.104416007367,0.150359014742,0.204655294612,0.267304847168,
    0.338307672535,0.417663770799,0.505373142021,0.601435786244,
    0.705851703504,0.818620893827,0.939743357234,1.069219093742,
    1.207048103365,1.353230386115,1.507765942),.UNSPECIFIED.);
#4049 = CARTESIAN_POINT('',(6.329831968723,-6.945174540908,3.));
#4050 = CARTESIAN_POINT('',(6.330782076247,-6.946192359504,3.));
#4051 = CARTESIAN_POINT('',(6.334614860325,-6.950232439558,3.));
#4052 = CARTESIAN_POINT('',(6.343516858415,-6.959054195126,3.));
#4053 = CARTESIAN_POINT('',(6.358728095094,-6.973365345395,3.));
#4054 = CARTESIAN_POINT('',(6.380613121644,-6.992758580262,3.));
#4055 = CARTESIAN_POINT('',(6.409464596996,-7.016861920523,3.));
#4056 = CARTESIAN_POINT('',(6.445584279386,-7.045265423644,3.));
#4057 = CARTESIAN_POINT('',(6.489245529065,-7.077555401828,3.));
#4058 = CARTESIAN_POINT('',(6.540707137854,-7.113302124045,3.));
#4059 = CARTESIAN_POINT('',(6.600207568447,-7.152065331546,3.));
#4060 = CARTESIAN_POINT('',(6.667966290116,-7.193393359325,3.));
#4061 = CARTESIAN_POINT('',(6.744182733488,-7.236824460036,3.));
#4062 = CARTESIAN_POINT('',(6.829036074661,-7.281887417907,3.));
#4063 = CARTESIAN_POINT('',(6.922684796136,-7.328102406854,3.));
#4064 = CARTESIAN_POINT('',(7.02526634341,-7.37498180309,3.));
#4065 = CARTESIAN_POINT('',(7.136896855092,-7.42203097124,3.));
#4066 = CARTESIAN_POINT('',(7.257670649135,-7.468749313223,3.));
#4067 = CARTESIAN_POINT('',(7.387660904384,-7.514630265181,3.));
#4068 = CARTESIAN_POINT('',(7.526915593564,-7.559165668367,3.));
#4069 = CARTESIAN_POINT('',(7.623277115805,-7.586841355455,3.));
#4070 = CARTESIAN_POINT('',(7.672986742097,-7.600346995737,3.));
#4071 = ORIENTED_EDGE('',*,*,#4072,.T.);
#4072 = EDGE_CURVE('',#4046,#4073,#4075,.T.);
#4073 = VERTEX_POINT('',#4074);
#4074 = CARTESIAN_POINT('',(8.067140270953,-7.180616119023,3.));
#4075 = B_SPLINE_CURVE_WITH_KNOTS('',1,(#4076,#4077),.UNSPECIFIED.,.F.,
  .F.,(2,2),(0.,0.575787298554),.PIECEWISE_BEZIER_KNOTS.);
#4076 = CARTESIAN_POINT('',(7.672986742097,-7.600346995737,3.));
#4077 = CARTESIAN_POINT('',(8.067140270953,-7.180616119023,3.));
#4078 = ORIENTED_EDGE('',*,*,#4079,.T.);
#4079 = EDGE_CURVE('',#4073,#4080,#4082,.T.);
#4080 = VERTEX_POINT('',#4081);
#4081 = CARTESIAN_POINT('',(7.328923263275,-5.8812503736,3.));
#4082 = B_SPLINE_CURVE_WITH_KNOTS('',3,(#4083,#4084,#4085,#4086,#4087,
    #4088,#4089,#4090,#4091,#4092,#4093,#4094,#4095,#4096,#4097,#4098,
    #4099,#4100,#4101,#4102,#4103,#4104),.UNSPECIFIED.,.F.,.F.,(4,1,1,1,
    1,1,1,1,1,1,1,1,1,1,1,1,1,1,1,4),(0.,0.154535555886,0.300717838635,
    0.438546848258,0.568022584766,0.689145048173,0.801914238496,
    0.906330155756,1.002392799979,1.090102171201,1.169458269465,
    1.240461094832,1.303110647389,1.357406927258,1.403349934633,
    1.440939669834,1.470176133456,1.491059326809,1.503589253823,
    1.507765942),.UNSPECIFIED.);
#4083 = CARTESIAN_POINT('',(8.067140270953,-7.180616119023,3.));
#4084 = CARTESIAN_POINT('',(8.050539987706,-7.131852609494,3.));
#4085 = CARTESIAN_POINT('',(8.016868322221,-7.037419005475,3.));
#4086 = CARTESIAN_POINT('',(7.9636769252,-6.901235504719,3.));
#4087 = CARTESIAN_POINT('',(7.909724353159,-6.774382644354,3.));
#4088 = CARTESIAN_POINT('',(7.855514749878,-6.656780638771,3.));
#4089 = CARTESIAN_POINT('',(7.80154908469,-6.548324646116,3.));
#4090 = CARTESIAN_POINT('',(7.748321045587,-6.448889101737,3.));
#4091 = CARTESIAN_POINT('',(7.696316999489,-6.358327037789,3.));
#4092 = CARTESIAN_POINT('',(7.646014977695,-6.276470661837,3.));
#4093 = CARTESIAN_POINT('',(7.597883908265,-6.203131675584,3.));
#4094 = CARTESIAN_POINT('',(7.552382826573,-6.13810166861,3.));
#4095 = CARTESIAN_POINT('',(7.509960046458,-6.081152610462,3.));
#4096 = CARTESIAN_POINT('',(7.47105256108,-6.032037104663,3.));
#4097 = CARTESIAN_POINT('',(7.436084787241,-5.990489514992,3.));
#4098 = CARTESIAN_POINT('',(7.405469358322,-5.956224577261,3.));
#4099 = CARTESIAN_POINT('',(7.379601981372,-5.928943494963,3.));
#4100 = CARTESIAN_POINT('',(7.358872842436,-5.908319364807,3.));
#4101 = CARTESIAN_POINT('',(7.343634810499,-5.894036748588,3.));
#4102 = CARTESIAN_POINT('',(7.334271501566,-5.885706239174,3.));
#4103 = CARTESIAN_POINT('',(7.329998731183,-5.882134696946,3.));
#4104 = CARTESIAN_POINT('',(7.328923263275,-5.8812503736,3.));
#4105 = ORIENTED_EDGE('',*,*,#4106,.T.);
#4106 = EDGE_CURVE('',#4080,#4107,#4109,.T.);
#4107 = VERTEX_POINT('',#4108);
#4108 = CARTESIAN_POINT('',(7.019349509663,-5.632826329756,3.));
#4109 = B_SPLINE_CURVE_WITH_KNOTS('',1,(#4110,#4111),.UNSPECIFIED.,.F.,
  .F.,(2,2),(0.,0.396926207859),.PIECEWISE_BEZIER_KNOTS.);
#4110 = CARTESIAN_POINT('',(7.328923263275,-5.8812503736,3.));
#4111 = CARTESIAN_POINT('',(7.019349509663,-5.632826329756,3.));
#4112 = ORIENTED_EDGE('',*,*,#4113,.T.);
#4113 = EDGE_CURVE('',#4107,#4114,#4116,.T.);
#4114 = VERTEX_POINT('',#4115);
#4115 = CARTESIAN_POINT('',(7.526234474017,-4.935159029061,3.));
#4116 = B_SPLINE_CURVE_WITH_KNOTS('',1,(#4117,#4118),.UNSPECIFIED.,.F.,
  .F.,(2,2),(0.,0.862364209338),.PIECEWISE_BEZIER_KNOTS.);
#4117 = CARTESIAN_POINT('',(7.019349509663,-5.632826329756,3.));
#4118 = CARTESIAN_POINT('',(7.526234474017,-4.935159029061,3.));
#4119 = ORIENTED_EDGE('',*,*,#4120,.T.);
#4120 = EDGE_CURVE('',#4114,#4121,#4123,.T.);
#4121 = VERTEX_POINT('',#4122);
#4122 = CARTESIAN_POINT('',(7.858163330598,-5.152813913348,3.));
#4123 = B_SPLINE_CURVE_WITH_KNOTS('',1,(#4124,#4125),.UNSPECIFIED.,.F.,
  .F.,(2,2),(0.,0.396926207859),.PIECEWISE_BEZIER_KNOTS.);
#4124 = CARTESIAN_POINT('',(7.526234474017,-4.935159029061,3.));
#4125 = CARTESIAN_POINT('',(7.858163330598,-5.152813913348,3.));
#4126 = ORIENTED_EDGE('',*,*,#4127,.T.);
#4127 = EDGE_CURVE('',#4121,#4128,#4130,.T.);
#4128 = VERTEX_POINT('',#4129);
#4129 = CARTESIAN_POINT('',(9.322055190742,-5.453373911696,3.));
#4130 = B_SPLINE_CURVE_WITH_KNOTS('',3,(#4131,#4132,#4133,#4134,#4135,
    #4136,#4137,#4138,#4139,#4140,#4141,#4142,#4143,#4144,#4145,#4146,
    #4147,#4148,#4149,#4150,#4151,#4152),.UNSPECIFIED.,.F.,.F.,(4,1,1,1,
    1,1,1,1,1,1,1,1,1,1,1,1,1,1,1,4),(0.,4.176688177199E-03,
    1.670661519072E-02,3.758980854408E-02,6.682627216637E-02,
    0.104416007367,0.150359014742,0.204655294612,0.267304847168,
    0.338307672535,0.417663770799,0.505373142021,0.601435786244,
    0.705851703504,0.818620893827,0.939743357234,1.069219093742,
    1.207048103365,1.353230386115,1.507765942),.UNSPECIFIED.);
#4131 = CARTESIAN_POINT('',(7.858163330598,-5.152813913348,3.));
#4132 = CARTESIAN_POINT('',(7.859336709938,-5.153563473168,3.));
#4133 = CARTESIAN_POINT('',(7.864053807109,-5.156523452039,3.));
#4134 = CARTESIAN_POINT('',(7.874870013956,-5.162854219033,3.));
#4135 = CARTESIAN_POINT('',(7.893162400009,-5.172932877466,3.));
#4136 = CARTESIAN_POINT('',(7.919182769597,-5.186274253416,3.));
#4137 = CARTESIAN_POINT('',(7.953122079766,-5.202445272769,3.));
#4138 = CARTESIAN_POINT('',(7.995170659901,-5.220973827872,3.));
#4139 = CARTESIAN_POINT('',(8.045490402166,-5.241391245757,3.));
#4140 = CARTESIAN_POINT('',(8.104225098198,-5.26321693728,3.));
#4141 = CARTESIAN_POINT('',(8.17149623105,-5.285965171966,3.));
#4142 = CARTESIAN_POINT('',(8.247404050443,-5.309143894908,3.));
#4143 = CARTESIAN_POINT('',(8.332026889629,-5.332256269024,3.));
#4144 = CARTESIAN_POINT('',(8.425421108964,-5.354801323367,3.));
#4145 = CARTESIAN_POINT('',(8.527620884031,-5.376274893476,3.));
#4146 = CARTESIAN_POINT('',(8.638638075124,-5.396170493857,3.));
#4147 = CARTESIAN_POINT('',(8.758462161326,-5.413980146518,3.));
#4148 = CARTESIAN_POINT('',(8.887060003738,-5.429195524666,3.));
#4149 = CARTESIAN_POINT('',(9.024376504849,-5.441307780239,3.));
#4150 = CARTESIAN_POINT('',(9.170331756289,-5.449812788899,3.));
#4151 = CARTESIAN_POINT('',(9.270548567612,-5.452654857292,3.));
#4152 = CARTESIAN_POINT('',(9.322055190742,-5.453373911696,3.));
#4153 = ORIENTED_EDGE('',*,*,#4154,.T.);
#4154 = EDGE_CURVE('',#4128,#4155,#4157,.T.);
#4155 = VERTEX_POINT('',#4156);
#4156 = CARTESIAN_POINT('',(9.599442837321,-4.948807655688,3.));
#4157 = B_SPLINE_CURVE_WITH_KNOTS('',1,(#4158,#4159),.UNSPECIFIED.,.F.,
  .F.,(2,2),(0.,0.575787298554),.PIECEWISE_BEZIER_KNOTS.);
#4158 = CARTESIAN_POINT('',(9.322055190742,-5.453373911696,3.));
#4159 = CARTESIAN_POINT('',(9.599442837321,-4.948807655688,3.));
#4160 = ORIENTED_EDGE('',*,*,#4161,.T.);
#4161 = EDGE_CURVE('',#4155,#4162,#4164,.T.);
#4162 = VERTEX_POINT('',#4163);
#4163 = CARTESIAN_POINT('',(8.561279153811,-3.873850978867,3.));
#4164 = B_SPLINE_CURVE_WITH_KNOTS('',3,(#4165,#4166,#4167,#4168,#4169,
    #4170,#4171,#4172,#4173,#4174,#4175,#4176,#4177,#4178,#4179,#4180,
    #4181,#4182,#4183,#4184,#4185,#4186),.UNSPECIFIED.,.F.,.F.,(4,1,1,1,
    1,1,1,1,1,1,1,1,1,1,1,1,1,1,1,4),(0.,0.154535555886,0.300717838635,
    0.438546848258,0.568022584766,0.689145048173,0.801914238496,
    0.906330155756,1.002392799979,1.090102171201,1.169458269465,
    1.240461094832,1.303110647389,1.357406927258,1.403349934633,
    1.440939669834,1.470176133456,1.491059326809,1.503589253823,
    1.507765942),.UNSPECIFIED.);
#4165 = CARTESIAN_POINT('',(9.599442837321,-4.948807655688,3.));
#4166 = CARTESIAN_POINT('',(9.571237090816,-4.905704464048,3.));
#4167 = CARTESIAN_POINT('',(9.515138600292,-4.822611468042,3.));
#4168 = CARTESIAN_POINT('',(9.429750849384,-4.703934584908,3.));
#4169 = CARTESIAN_POINT('',(9.345946273075,-4.594484499472,3.));
#4170 = CARTESIAN_POINT('',(9.264193334667,-4.494058557271,3.));
#4171 = CARTESIAN_POINT('',(9.184951191511,-4.402430624249,3.));
#4172 = CARTESIAN_POINT('',(9.108666794824,-4.319356305384,3.));
#4173 = CARTESIAN_POINT('',(9.035774681998,-4.244572295563,3.));
#4174 = CARTESIAN_POINT('',(8.966696137819,-4.177797192309,3.));
#4175 = CARTESIAN_POINT('',(8.901838530225,-4.118731995396,3.));
#4176 = CARTESIAN_POINT('',(8.841594643588,-4.067060684545,3.));
#4177 = CARTESIAN_POINT('',(8.786341998276,-4.022450902181,3.));
#4178 = CARTESIAN_POINT('',(8.736442333501,-3.984554348462,3.));
#4179 = CARTESIAN_POINT('',(8.692240671192,-3.953008184451,3.));
#4180 = CARTESIAN_POINT('',(8.654065738773,-3.927433490312,3.));
#4181 = CARTESIAN_POINT('',(8.622226503757,-3.907442448435,3.));
#4182 = CARTESIAN_POINT('',(8.597019596238,-3.892621390476,3.));
#4183 = CARTESIAN_POINT('',(8.578708352879,-3.882577033353,3.));
#4184 = CARTESIAN_POINT('',(8.567567496068,-3.876836802453,3.));
#4185 = CARTESIAN_POINT('',(8.56254075619,-3.874440061576,3.));
#4186 = CARTESIAN_POINT('',(8.561279153811,-3.873850978867,3.));
#4187 = ORIENTED_EDGE('',*,*,#4188,.T.);
#4188 = EDGE_CURVE('',#4162,#4189,#4191,.T.);
#4189 = VERTEX_POINT('',#4190);
#4190 = CARTESIAN_POINT('',(8.199650681502,-3.710219495035,3.));
#4191 = B_SPLINE_CURVE_WITH_KNOTS('',1,(#4192,#4193),.UNSPECIFIED.,.F.,
  .F.,(2,2),(0.,0.396926207859),.PIECEWISE_BEZIER_KNOTS.);
#4192 = CARTESIAN_POINT('',(8.561279153811,-3.873850978867,3.));
#4193 = CARTESIAN_POINT('',(8.199650681502,-3.710219495035,3.));
#4194 = ORIENTED_EDGE('',*,*,#4195,.T.);
#4195 = EDGE_CURVE('',#4189,#4196,#4198,.T.);
#4196 = VERTEX_POINT('',#4197);
#4197 = CARTESIAN_POINT('',(8.517108120316,-2.908413530921,3.));
#4198 = B_SPLINE_CURVE_WITH_KNOTS('',1,(#4199,#4200),.UNSPECIFIED.,.F.,
  .F.,(2,2),(0.,0.862364209338),.PIECEWISE_BEZIER_KNOTS.);
#4199 = CARTESIAN_POINT('',(8.199650681502,-3.710219495035,3.));
#4200 = CARTESIAN_POINT('',(8.517108120316,-2.908413530921,3.));
#4201 = ORIENTED_EDGE('',*,*,#4202,.T.);
#4202 = EDGE_CURVE('',#4196,#4203,#4205,.T.);
#4203 = VERTEX_POINT('',#4204);
#4204 = CARTESIAN_POINT('',(8.892737390108,-3.036683036889,3.));
#4205 = B_SPLINE_CURVE_WITH_KNOTS('',1,(#4206,#4207),.UNSPECIFIED.,.F.,
  .F.,(2,2),(0.,0.396926207859),.PIECEWISE_BEZIER_KNOTS.);
#4206 = CARTESIAN_POINT('',(8.517108120316,-2.908413530921,3.));
#4207 = CARTESIAN_POINT('',(8.892737390108,-3.036683036889,3.));
#4208 = ORIENTED_EDGE('',*,*,#4209,.T.);
#4209 = EDGE_CURVE('',#4203,#4210,#4212,.T.);
#4210 = VERTEX_POINT('',#4211);
#4211 = CARTESIAN_POINT('',(10.385384627632,-2.963745288677,3.));
#4212 = B_SPLINE_CURVE_WITH_KNOTS('',3,(#4213,#4214,#4215,#4216,#4217,
    #4218,#4219,#4220,#4221,#4222,#4223,#4224,#4225,#4226,#4227,#4228,
    #4229,#4230,#4231,#4232,#4233,#4234),.UNSPECIFIED.,.F.,.F.,(4,1,1,1,
    1,1,1,1,1,1,1,1,1,1,1,1,1,1,1,4),(0.,4.176688177199E-03,
    1.670661519072E-02,3.758980854408E-02,6.682627216637E-02,
    0.104416007367,0.150359014742,0.204655294612,0.267304847168,
    0.338307672535,0.417663770799,0.505373142021,0.601435786244,
    0.705851703504,0.818620893827,0.939743357234,1.069219093742,
    1.207048103365,1.353230386115,1.507765942),.UNSPECIFIED.);
#4213 = CARTESIAN_POINT('',(8.892737390108,-3.036683036889,3.));
#4214 = CARTESIAN_POINT('',(8.894060313526,-3.037117240333,3.));
#4215 = CARTESIAN_POINT('',(8.899365331226,-3.038811131661,3.));
#4216 = CARTESIAN_POINT('',(8.911416124774,-3.042253124708,3.));
#4217 = CARTESIAN_POINT('',(8.931640282311,-3.04746601213,3.));
#4218 = CARTESIAN_POINT('',(8.96016103942,-3.053917241445,3.));
#4219 = CARTESIAN_POINT('',(8.997055652728,-3.061139855272,3.));
#4220 = CARTESIAN_POINT('',(9.042391063674,-3.068629245095,3.));
#4221 = CARTESIAN_POINT('',(9.096207524054,-3.075891201227,3.));
#4222 = CARTESIAN_POINT('',(9.158524790367,-3.082424473587,3.));
#4223 = CARTESIAN_POINT('',(9.229339732794,-3.087728380211,3.));
#4224 = CARTESIAN_POINT('',(9.30862708245,-3.09130139391,3.));
#4225 = CARTESIAN_POINT('',(9.396339153243,-3.092642805963,3.));
#4226 = CARTESIAN_POINT('',(9.492405948458,-3.091253368098,3.));
#4227 = CARTESIAN_POINT('',(9.596735189387,-3.086636255985,3.));
#4228 = CARTESIAN_POINT('',(9.70921240589,-3.078297946768,3.));
#4229 = CARTESIAN_POINT('',(9.829701078593,-3.065749037964,3.));
#4230 = CARTESIAN_POINT('',(9.958042693985,-3.04850541411,3.));
#4231 = CARTESIAN_POINT('',(10.094057340178,-3.026087915734,3.));
#4232 = CARTESIAN_POINT('',(10.237542248646,-2.998028128895,3.));
#4233 = CARTESIAN_POINT('',(10.335317358223,-2.975858000983,3.));
#4234 = CARTESIAN_POINT('',(10.385384627632,-2.963745288677,3.));
#4235 = ORIENTED_EDGE('',*,*,#4236,.T.);
#4236 = EDGE_CURVE('',#4210,#4237,#4239,.T.);
#4237 = VERTEX_POINT('',#4238);
#4238 = CARTESIAN_POINT('',(10.52857710594,-2.406047406905,3.));
#4239 = B_SPLINE_CURVE_WITH_KNOTS('',1,(#4240,#4241),.UNSPECIFIED.,.F.,
  .F.,(2,2),(0.,0.575787298554),.PIECEWISE_BEZIER_KNOTS.);
#4240 = CARTESIAN_POINT('',(10.385384627632,-2.963745288677,3.));
#4241 = CARTESIAN_POINT('',(10.52857710594,-2.406047406905,3.));
#4242 = ORIENTED_EDGE('',*,*,#4243,.T.);
#4243 = EDGE_CURVE('',#4237,#4244,#4246,.T.);
#4244 = VERTEX_POINT('',#4245);
#4245 = CARTESIAN_POINT('',(9.255698388931,-1.623043280104,3.));
#4246 = B_SPLINE_CURVE_WITH_KNOTS('',3,(#4247,#4248,#4249,#4250,#4251,
    #4252,#4253,#4254,#4255,#4256,#4257,#4258,#4259,#4260,#4261,#4262,
    #4263,#4264,#4265,#4266,#4267,#4268),.UNSPECIFIED.,.F.,.F.,(4,1,1,1,
    1,1,1,1,1,1,1,1,1,1,1,1,1,1,1,4),(0.,0.154535555886,0.300717838635,
    0.438546848258,0.568022584766,0.689145048173,0.801914238496,
    0.906330155756,1.002392799979,1.090102171201,1.169458269465,
    1.240461094832,1.303110647389,1.357406927258,1.403349934633,
    1.440939669834,1.470176133456,1.491059326809,1.503589253823,
    1.507765942),.UNSPECIFIED.);
#4247 = CARTESIAN_POINT('',(10.52857710594,-2.406047406905,3.));
#4248 = CARTESIAN_POINT('',(10.490538166963,-2.371312865207,3.));
#4249 = CARTESIAN_POINT('',(10.415537725875,-2.304781515746,3.));
#4250 = CARTESIAN_POINT('',(10.303318847503,-2.211068155267,3.));
#4251 = CARTESIAN_POINT('',(10.194928016667,-2.125897996155,3.));
#4252 = CARTESIAN_POINT('',(10.090768580918,-2.048958248627,3.));
#4253 = CARTESIAN_POINT('',(9.991229035081,-1.979915695253,3.));
#4254 = CARTESIAN_POINT('',(9.896681510009,-1.918422466883,3.));
#4255 = CARTESIAN_POINT('',(9.807481409983,-1.864115465562,3.));
#4256 = CARTESIAN_POINT('',(9.723966802401,-1.816617360326,3.));
#4257 = CARTESIAN_POINT('',(9.64645789866,-1.775537236301,3.));
#4258 = CARTESIAN_POINT('',(9.575256552037,-1.740471320067,3.));
#4259 = CARTESIAN_POINT('',(9.510645768437,-1.711003810176,3.));
#4260 = CARTESIAN_POINT('',(9.452889303722,-1.686707388381,3.));
#4261 = CARTESIAN_POINT('',(9.402231105947,-1.667144811534,3.));
#4262 = CARTESIAN_POINT('',(9.358895341429,-1.651867313076,3.));
#4263 = CARTESIAN_POINT('',(9.323084824581,-1.640422422304,3.));
#4264 = CARTESIAN_POINT('',(9.294983991182,-1.632335698122,3.));
#4265 = CARTESIAN_POINT('',(9.274750099166,-1.627160723993,3.));
#4266 = CARTESIAN_POINT('',(9.262531715483,-1.624371451425,3.));
#4267 = CARTESIAN_POINT('',(9.257066854664,-1.623300107943,3.));
#4268 = CARTESIAN_POINT('',(9.255698388931,-1.623043280104,3.));
#4269 = ORIENTED_EDGE('',*,*,#4270,.T.);
#4270 = EDGE_CURVE('',#4244,#4271,#4273,.T.);
#4271 = VERTEX_POINT('',#4272);
#4272 = CARTESIAN_POINT('',(8.864737644817,-1.554485924208,3.));
#4273 = B_SPLINE_CURVE_WITH_KNOTS('',1,(#4274,#4275),.UNSPECIFIED.,.F.,
  .F.,(2,2),(0.,0.396926207859),.PIECEWISE_BEZIER_KNOTS.);
#4274 = CARTESIAN_POINT('',(9.255698388931,-1.623043280104,3.));
#4275 = CARTESIAN_POINT('',(8.864737644817,-1.554485924208,3.));
#4276 = ORIENTED_EDGE('',*,*,#4277,.T.);
#4277 = EDGE_CURVE('',#4271,#4278,#4280,.T.);
#4278 = VERTEX_POINT('',#4279);
#4279 = CARTESIAN_POINT('',(8.972820539684,-0.698921714236,3.));
#4280 = B_SPLINE_CURVE_WITH_KNOTS('',1,(#4281,#4282),.UNSPECIFIED.,.F.,
  .F.,(2,2),(0.,0.862364209338),.PIECEWISE_BEZIER_KNOTS.);
#4281 = CARTESIAN_POINT('',(8.864737644817,-1.554485924208,3.));
#4282 = CARTESIAN_POINT('',(8.972820539684,-0.698921714236,3.));
#4283 = ORIENTED_EDGE('',*,*,#4284,.T.);
#4284 = EDGE_CURVE('',#4278,#64,#4285,.T.);
#4285 = B_SPLINE_CURVE_WITH_KNOTS('',1,(#4286,#4287),.UNSPECIFIED.,.F.,
  .F.,(2,2),(0.,0.396926207859),.PIECEWISE_BEZIER_KNOTS.);
#4286 = CARTESIAN_POINT('',(8.972820539684,-0.698921714236,3.));
#4287 = CARTESIAN_POINT('',(9.368548054197,-0.729746197083,3.));
#4288 = ORIENTED_EDGE('',*,*,#71,.T.);
#4289 = FACE_BOUND('',#4290,.T.);
#4290 = EDGE_LOOP('',(#4291));
#4291 = ORIENTED_EDGE('',*,*,#4292,.F.);
#4292 = EDGE_CURVE('',#4293,#4293,#4295,.T.);
#4293 = VERTEX_POINT('',#4294);
#4294 = CARTESIAN_POINT('',(-1.05,-6.,3.));
#4295 = CIRCLE('',#4296,1.05);
#4296 = AXIS2_PLACEMENT_3D('',#4297,#4298,#4299);
#4297 = CARTESIAN_POINT('',(0.,-6.,3.));
#4298 = DIRECTION('',(0.,0.,1.));
#4299 = DIRECTION('',(-1.,0.,0.));
#4300 = FACE_BOUND('',#4301,.T.);
#4301 = EDGE_LOOP('',(#4302));
#4302 = ORIENTED_EDGE('',*,*,#4303,.F.);
#4303 = EDGE_CURVE('',#4304,#4304,#4306,.T.);
#4304 = VERTEX_POINT('',#4305);
#4305 = CARTESIAN_POINT('',(-6.,1.05,3.));
#4306 = CIRCLE('',#4307,1.05);
#4307 = AXIS2_PLACEMENT_3D('',#4308,#4309,#4310);
#4308 = CARTESIAN_POINT('',(-6.,0.,3.));
#4309 = DIRECTION('',(0.,-0.,1.));
#4310 = DIRECTION('',(0.,1.,0.));
#4311 = FACE_BOUND('',#4312,.T.);
#4312 = EDGE_LOOP('',(#4313));
#4313 = ORIENTED_EDGE('',*,*,#4314,.T.);
#4314 = EDGE_CURVE('',#4315,#4315,#4317,.T.);
#4315 = VERTEX_POINT('',#4316);
#4316 = CARTESIAN_POINT('',(2.75,0.,3.));
#4317 = CIRCLE('',#4318,2.75);
#4318 = AXIS2_PLACEMENT_3D('',#4319,#4320,#4321);
#4319 = CARTESIAN_POINT('',(0.,0.,3.));
#4320 = DIRECTION('',(0.,0.,-1.));
#4321 = DIRECTION('',(1.,0.,0.));
#4322 = FACE_BOUND('',#4323,.T.);
#4323 = EDGE_LOOP('',(#4324));
#4324 = ORIENTED_EDGE('',*,*,#4325,.F.);
#4325 = EDGE_CURVE('',#4326,#4326,#4328,.T.);
#4326 = VERTEX_POINT('',#4327);
#4327 = CARTESIAN_POINT('',(6.,-1.05,3.));
#4328 = CIRCLE('',#4329,1.05);
#4329 = AXIS2_PLACEMENT_3D('',#4330,#4331,#4332);
#4330 = CARTESIAN_POINT('',(6.,0.,3.));
#4331 = DIRECTION('',(-0.,0.,1.));
#4332 = DIRECTION('',(0.,-1.,0.));
#4333 = FACE_BOUND('',#4334,.T.);
#4334 = EDGE_LOOP('',(#4335));
#4335 = ORIENTED_EDGE('',*,*,#4336,.F.);
#4336 = EDGE_CURVE('',#4337,#4337,#4339,.T.);
#4337 = VERTEX_POINT('',#4338);
#4338 = CARTESIAN_POINT('',(1.05,6.,3.));
#4339 = CIRCLE('',#4340,1.05);
#4340 = AXIS2_PLACEMENT_3D('',#4341,#4342,#4343);
#4341 = CARTESIAN_POINT('',(0.,6.,3.));
#4342 = DIRECTION('',(0.,0.,1.));
#4343 = DIRECTION('',(1.,0.,0.));
#4344 = PLANE('',#4345);
#4345 = AXIS2_PLACEMENT_3D('',#4346,#4347,#4348);
#4346 = CARTESIAN_POINT('',(-3.02E-15,3.56E-15,3.));
#4347 = DIRECTION('',(0.,0.,1.));
#4348 = DIRECTION('',(1.,0.,0.));
#4349 = ADVANCED_FACE('',(#4350),#4361,.F.);
#4350 = FACE_BOUND('',#4351,.F.);
#4351 = EDGE_LOOP('',(#4352,#4358,#4359,#4360));
#4352 = ORIENTED_EDGE('',*,*,#4353,.T.);
#4353 = EDGE_CURVE('',#2222,#4278,#4354,.T.);
#4354 = LINE('',#4355,#4356);
#4355 = CARTESIAN_POINT('',(8.972820539684,-0.698921714236,0.));
#4356 = VECTOR('',#4357,1.);
#4357 = DIRECTION('',(0.,0.,1.));
#4358 = ORIENTED_EDGE('',*,*,#4284,.T.);
#4359 = ORIENTED_EDGE('',*,*,#61,.F.);
#4360 = ORIENTED_EDGE('',*,*,#2228,.F.);
#4361 = SURFACE_OF_LINEAR_EXTRUSION('',#4362,#4365);
#4362 = B_SPLINE_CURVE_WITH_KNOTS('',1,(#4363,#4364),.UNSPECIFIED.,.F.,
  .F.,(2,2),(0.,0.396926207859),.PIECEWISE_BEZIER_KNOTS.);
#4363 = CARTESIAN_POINT('',(8.972820539684,-0.698921714236,0.));
#4364 = CARTESIAN_POINT('',(9.368548054197,-0.729746197083,0.));
#4365 = VECTOR('',#4366,1.);
#4366 = DIRECTION('',(-0.,-0.,-1.));
#4367 = ADVANCED_FACE('',(#4368),#4379,.F.);
#4368 = FACE_BOUND('',#4369,.F.);
#4369 = EDGE_LOOP('',(#4370,#4371,#4372,#4378));
#4370 = ORIENTED_EDGE('',*,*,#179,.T.);
#4371 = ORIENTED_EDGE('',*,*,#2299,.T.);
#4372 = ORIENTED_EDGE('',*,*,#4373,.F.);
#4373 = EDGE_CURVE('',#244,#2300,#4374,.T.);
#4374 = LINE('',#4375,#4376);
#4375 = CARTESIAN_POINT('',(8.972820539684,0.698921714236,0.));
#4376 = VECTOR('',#4377,1.);
#4377 = DIRECTION('',(0.,0.,1.));
#4378 = ORIENTED_EDGE('',*,*,#243,.F.);
#4379 = PLANE('',#4380);
#4380 = AXIS2_PLACEMENT_3D('',#4381,#4382,#4383);
#4381 = CARTESIAN_POINT('',(9.368548054197,0.729746197083,0.));
#4382 = DIRECTION('',(7.765796824848E-02,-0.996980059965,0.));
#4383 = DIRECTION('',(-0.996980059965,-7.765796824848E-02,0.));
#4384 = ADVANCED_FACE('',(#4385),#4396,.F.);
#4385 = FACE_BOUND('',#4386,.F.);
#4386 = EDGE_LOOP('',(#4387,#4393,#4394,#4395));
#4387 = ORIENTED_EDGE('',*,*,#4388,.T.);
#4388 = EDGE_CURVE('',#2215,#4271,#4389,.T.);
#4389 = LINE('',#4390,#4391);
#4390 = CARTESIAN_POINT('',(8.864737644817,-1.554485924208,0.));
#4391 = VECTOR('',#4392,1.);
#4392 = DIRECTION('',(0.,0.,1.));
#4393 = ORIENTED_EDGE('',*,*,#4277,.T.);
#4394 = ORIENTED_EDGE('',*,*,#4353,.F.);
#4395 = ORIENTED_EDGE('',*,*,#2221,.F.);
#4396 = SURFACE_OF_LINEAR_EXTRUSION('',#4397,#4400);
#4397 = B_SPLINE_CURVE_WITH_KNOTS('',1,(#4398,#4399),.UNSPECIFIED.,.F.,
  .F.,(2,2),(0.,0.862364209338),.PIECEWISE_BEZIER_KNOTS.);
#4398 = CARTESIAN_POINT('',(8.864737644817,-1.554485924208,0.));
#4399 = CARTESIAN_POINT('',(8.972820539684,-0.698921714236,0.));
#4400 = VECTOR('',#4401,1.);
#4401 = DIRECTION('',(-0.,-0.,-1.));
#4402 = ADVANCED_FACE('',(#4403),#4414,.F.);
#4403 = FACE_BOUND('',#4404,.F.);
#4404 = EDGE_LOOP('',(#4405,#4406,#4407,#4413));
#4405 = ORIENTED_EDGE('',*,*,#4373,.T.);
#4406 = ORIENTED_EDGE('',*,*,#2307,.T.);
#4407 = ORIENTED_EDGE('',*,*,#4408,.F.);
#4408 = EDGE_CURVE('',#252,#2308,#4409,.T.);
#4409 = LINE('',#4410,#4411);
#4410 = CARTESIAN_POINT('',(8.864737644817,1.554485924208,0.));
#4411 = VECTOR('',#4412,1.);
#4412 = DIRECTION('',(0.,0.,1.));
#4413 = ORIENTED_EDGE('',*,*,#251,.F.);
#4414 = PLANE('',#4415);
#4415 = AXIS2_PLACEMENT_3D('',#4416,#4417,#4418);
#4416 = CARTESIAN_POINT('',(8.972820539684,0.698921714236,0.));
#4417 = DIRECTION('',(-0.992114701314,-0.125333233564,0.));
#4418 = DIRECTION('',(-0.125333233564,0.992114701314,0.));
#4419 = ADVANCED_FACE('',(#4420),#4431,.F.);
#4420 = FACE_BOUND('',#4421,.F.);
#4421 = EDGE_LOOP('',(#4422,#4428,#4429,#4430));
#4422 = ORIENTED_EDGE('',*,*,#4423,.T.);
#4423 = EDGE_CURVE('',#2188,#4244,#4424,.T.);
#4424 = LINE('',#4425,#4426);
#4425 = CARTESIAN_POINT('',(9.255698388931,-1.623043280104,0.));
#4426 = VECTOR('',#4427,1.);
#4427 = DIRECTION('',(0.,0.,1.));
#4428 = ORIENTED_EDGE('',*,*,#4270,.T.);
#4429 = ORIENTED_EDGE('',*,*,#4388,.F.);
#4430 = ORIENTED_EDGE('',*,*,#2214,.F.);
#4431 = SURFACE_OF_LINEAR_EXTRUSION('',#4432,#4435);
#4432 = B_SPLINE_CURVE_WITH_KNOTS('',1,(#4433,#4434),.UNSPECIFIED.,.F.,
  .F.,(2,2),(0.,0.396926207859),.PIECEWISE_BEZIER_KNOTS.);
#4433 = CARTESIAN_POINT('',(9.255698388931,-1.623043280104,0.));
#4434 = CARTESIAN_POINT('',(8.864737644817,-1.554485924208,0.));
#4435 = VECTOR('',#4436,1.);
#4436 = DIRECTION('',(-0.,-0.,-1.));
#4437 = ADVANCED_FACE('',(#4438),#4449,.F.);
#4438 = FACE_BOUND('',#4439,.F.);
#4439 = EDGE_LOOP('',(#4440,#4441,#4442,#4448));
#4440 = ORIENTED_EDGE('',*,*,#4408,.T.);
#4441 = ORIENTED_EDGE('',*,*,#2315,.T.);
#4442 = ORIENTED_EDGE('',*,*,#4443,.F.);
#4443 = EDGE_CURVE('',#260,#2316,#4444,.T.);
#4444 = LINE('',#4445,#4446);
#4445 = CARTESIAN_POINT('',(9.255698388931,1.623043280104,0.));
#4446 = VECTOR('',#4447,1.);
#4447 = DIRECTION('',(0.,0.,1.));
#4448 = ORIENTED_EDGE('',*,*,#259,.F.);
#4449 = PLANE('',#4450);
#4450 = AXIS2_PLACEMENT_3D('',#4451,#4452,#4453);
#4451 = CARTESIAN_POINT('',(8.864737644817,1.554485924208,0.));
#4452 = DIRECTION('',(-0.172720658245,0.984970849424,0.));
#4453 = DIRECTION('',(0.984970849424,0.172720658245,0.));
#4454 = ADVANCED_FACE('',(#4455),#4466,.F.);
#4455 = FACE_BOUND('',#4456,.F.);
#4456 = EDGE_LOOP('',(#4457,#4463,#4464,#4465));
#4457 = ORIENTED_EDGE('',*,*,#4458,.T.);
#4458 = EDGE_CURVE('',#2181,#4237,#4459,.T.);
#4459 = LINE('',#4460,#4461);
#4460 = CARTESIAN_POINT('',(10.52857710594,-2.406047406905,0.));
#4461 = VECTOR('',#4462,1.);
#4462 = DIRECTION('',(0.,0.,1.));
#4463 = ORIENTED_EDGE('',*,*,#4243,.T.);
#4464 = ORIENTED_EDGE('',*,*,#4423,.F.);
#4465 = ORIENTED_EDGE('',*,*,#2187,.F.);
#4466 = SURFACE_OF_LINEAR_EXTRUSION('',#4467,#4490);
#4467 = B_SPLINE_CURVE_WITH_KNOTS('',3,(#4468,#4469,#4470,#4471,#4472,
    #4473,#4474,#4475,#4476,#4477,#4478,#4479,#4480,#4481,#4482,#4483,
    #4484,#4485,#4486,#4487,#4488,#4489),.UNSPECIFIED.,.F.,.F.,(4,1,1,1,
    1,1,1,1,1,1,1,1,1,1,1,1,1,1,1,4),(0.,0.154535555886,0.300717838635,
    0.438546848258,0.568022584766,0.689145048173,0.801914238496,
    0.906330155756,1.002392799979,1.090102171201,1.169458269465,
    1.240461094832,1.303110647389,1.357406927258,1.403349934633,
    1.440939669834,1.470176133456,1.491059326809,1.503589253823,
    1.507765942),.UNSPECIFIED.);
#4468 = CARTESIAN_POINT('',(10.52857710594,-2.406047406905,0.));
#4469 = CARTESIAN_POINT('',(10.490538166963,-2.371312865207,0.));
#4470 = CARTESIAN_POINT('',(10.415537725875,-2.304781515746,0.));
#4471 = CARTESIAN_POINT('',(10.303318847503,-2.211068155267,0.));
#4472 = CARTESIAN_POINT('',(10.194928016667,-2.125897996155,0.));
#4473 = CARTESIAN_POINT('',(10.090768580918,-2.048958248627,0.));
#4474 = CARTESIAN_POINT('',(9.991229035081,-1.979915695253,0.));
#4475 = CARTESIAN_POINT('',(9.896681510009,-1.918422466883,0.));
#4476 = CARTESIAN_POINT('',(9.807481409983,-1.864115465562,0.));
#4477 = CARTESIAN_POINT('',(9.723966802401,-1.816617360326,0.));
#4478 = CARTESIAN_POINT('',(9.64645789866,-1.775537236301,0.));
#4479 = CARTESIAN_POINT('',(9.575256552037,-1.740471320067,0.));
#4480 = CARTESIAN_POINT('',(9.510645768437,-1.711003810176,0.));
#4481 = CARTESIAN_POINT('',(9.452889303722,-1.686707388381,0.));
#4482 = CARTESIAN_POINT('',(9.402231105947,-1.667144811534,0.));
#4483 = CARTESIAN_POINT('',(9.358895341429,-1.651867313076,0.));
#4484 = CARTESIAN_POINT('',(9.323084824581,-1.640422422304,0.));
#4485 = CARTESIAN_POINT('',(9.294983991182,-1.632335698122,0.));
#4486 = CARTESIAN_POINT('',(9.274750099166,-1.627160723993,0.));
#4487 = CARTESIAN_POINT('',(9.262531715483,-1.624371451425,0.));
#4488 = CARTESIAN_POINT('',(9.257066854664,-1.623300107943,0.));
#4489 = CARTESIAN_POINT('',(9.255698388931,-1.623043280104,0.));
#4490 = VECTOR('',#4491,1.);
#4491 = DIRECTION('',(-0.,-0.,-1.));
#4492 = ADVANCED_FACE('',(#4493),#4504,.F.);
#4493 = FACE_BOUND('',#4494,.F.);
#4494 = EDGE_LOOP('',(#4495,#4496,#4497,#4503));
#4495 = ORIENTED_EDGE('',*,*,#4443,.T.);
#4496 = ORIENTED_EDGE('',*,*,#2323,.T.);
#4497 = ORIENTED_EDGE('',*,*,#4498,.F.);
#4498 = EDGE_CURVE('',#268,#2324,#4499,.T.);
#4499 = LINE('',#4500,#4501);
#4500 = CARTESIAN_POINT('',(10.52857710594,2.406047406905,0.));
#4501 = VECTOR('',#4502,1.);
#4502 = DIRECTION('',(0.,0.,1.));
#4503 = ORIENTED_EDGE('',*,*,#267,.F.);
#4504 = SURFACE_OF_LINEAR_EXTRUSION('',#4505,#4528);
#4505 = B_SPLINE_CURVE_WITH_KNOTS('',3,(#4506,#4507,#4508,#4509,#4510,
    #4511,#4512,#4513,#4514,#4515,#4516,#4517,#4518,#4519,#4520,#4521,
    #4522,#4523,#4524,#4525,#4526,#4527),.UNSPECIFIED.,.F.,.F.,(4,1,1,1,
    1,1,1,1,1,1,1,1,1,1,1,1,1,1,1,4),(0.,4.176688177199E-03,
    1.670661519072E-02,3.758980854408E-02,6.682627216637E-02,
    0.104416007367,0.150359014742,0.204655294612,0.267304847168,
    0.338307672535,0.417663770799,0.505373142021,0.601435786244,
    0.705851703504,0.818620893827,0.939743357234,1.069219093742,
    1.207048103365,1.353230386115,1.507765942),.UNSPECIFIED.);
#4506 = CARTESIAN_POINT('',(9.255698388931,1.623043280104,0.));
#4507 = CARTESIAN_POINT('',(9.257066854664,1.623300107943,0.));
#4508 = CARTESIAN_POINT('',(9.262531715483,1.624371451425,0.));
#4509 = CARTESIAN_POINT('',(9.274750099166,1.627160723993,0.));
#4510 = CARTESIAN_POINT('',(9.294983991182,1.632335698122,0.));
#4511 = CARTESIAN_POINT('',(9.323084824581,1.640422422304,0.));
#4512 = CARTESIAN_POINT('',(9.358895341429,1.651867313076,0.));
#4513 = CARTESIAN_POINT('',(9.402231105947,1.667144811535,0.));
#4514 = CARTESIAN_POINT('',(9.452889303722,1.686707388381,0.));
#4515 = CARTESIAN_POINT('',(9.510645768437,1.711003810176,0.));
#4516 = CARTESIAN_POINT('',(9.575256552037,1.740471320067,0.));
#4517 = CARTESIAN_POINT('',(9.64645789866,1.775537236301,0.));
#4518 = CARTESIAN_POINT('',(9.723966802401,1.816617360326,0.));
#4519 = CARTESIAN_POINT('',(9.807481409983,1.864115465562,0.));
#4520 = CARTESIAN_POINT('',(9.896681510009,1.918422466883,0.));
#4521 = CARTESIAN_POINT('',(9.991229035081,1.979915695253,0.));
#4522 = CARTESIAN_POINT('',(10.090768580918,2.048958248627,0.));
#4523 = CARTESIAN_POINT('',(10.194928016667,2.125897996155,0.));
#4524 = CARTESIAN_POINT('',(10.303318847503,2.211068155267,0.));
#4525 = CARTESIAN_POINT('',(10.415537725875,2.304781515746,0.));
#4526 = CARTESIAN_POINT('',(10.490538166963,2.371312865207,0.));
#4527 = CARTESIAN_POINT('',(10.52857710594,2.406047406905,0.));
#4528 = VECTOR('',#4529,1.);
#4529 = DIRECTION('',(-0.,-0.,-1.));
#4530 = ADVANCED_FACE('',(#4531),#4542,.F.);
#4531 = FACE_BOUND('',#4532,.F.);
#4532 = EDGE_LOOP('',(#4533,#4539,#4540,#4541));
#4533 = ORIENTED_EDGE('',*,*,#4534,.T.);
#4534 = EDGE_CURVE('',#2154,#4210,#4535,.T.);
#4535 = LINE('',#4536,#4537);
#4536 = CARTESIAN_POINT('',(10.385384627632,-2.963745288677,0.));
#4537 = VECTOR('',#4538,1.);
#4538 = DIRECTION('',(0.,0.,1.));
#4539 = ORIENTED_EDGE('',*,*,#4236,.T.);
#4540 = ORIENTED_EDGE('',*,*,#4458,.F.);
#4541 = ORIENTED_EDGE('',*,*,#2180,.F.);
#4542 = SURFACE_OF_LINEAR_EXTRUSION('',#4543,#4546);
#4543 = B_SPLINE_CURVE_WITH_KNOTS('',1,(#4544,#4545),.UNSPECIFIED.,.F.,
  .F.,(2,2),(0.,0.575787298554),.PIECEWISE_BEZIER_KNOTS.);
#4544 = CARTESIAN_POINT('',(10.385384627632,-2.963745288677,0.));
#4545 = CARTESIAN_POINT('',(10.52857710594,-2.406047406905,0.));
#4546 = VECTOR('',#4547,1.);
#4547 = DIRECTION('',(-0.,-0.,-1.));
#4548 = ADVANCED_FACE('',(#4549),#4560,.F.);
#4549 = FACE_BOUND('',#4550,.F.);
#4550 = EDGE_LOOP('',(#4551,#4552,#4553,#4559));
#4551 = ORIENTED_EDGE('',*,*,#4498,.T.);
#4552 = ORIENTED_EDGE('',*,*,#2350,.T.);
#4553 = ORIENTED_EDGE('',*,*,#4554,.F.);
#4554 = EDGE_CURVE('',#295,#2351,#4555,.T.);
#4555 = LINE('',#4556,#4557);
#4556 = CARTESIAN_POINT('',(10.385384627632,2.963745288677,0.));
#4557 = VECTOR('',#4558,1.);
#4558 = DIRECTION('',(0.,0.,1.));
#4559 = ORIENTED_EDGE('',*,*,#294,.F.);
#4560 = SURFACE_OF_LINEAR_EXTRUSION('',#4561,#4564);
#4561 = B_SPLINE_CURVE_WITH_KNOTS('',1,(#4562,#4563),.UNSPECIFIED.,.F.,
  .F.,(2,2),(0.,0.575787298554),.PIECEWISE_BEZIER_KNOTS.);
#4562 = CARTESIAN_POINT('',(10.52857710594,2.406047406905,0.));
#4563 = CARTESIAN_POINT('',(10.385384627632,2.963745288677,0.));
#4564 = VECTOR('',#4565,1.);
#4565 = DIRECTION('',(-0.,-0.,-1.));
#4566 = ADVANCED_FACE('',(#4567),#4578,.F.);
#4567 = FACE_BOUND('',#4568,.F.);
#4568 = EDGE_LOOP('',(#4569,#4575,#4576,#4577));
#4569 = ORIENTED_EDGE('',*,*,#4570,.T.);
#4570 = EDGE_CURVE('',#2147,#4203,#4571,.T.);
#4571 = LINE('',#4572,#4573);
#4572 = CARTESIAN_POINT('',(8.892737390108,-3.036683036889,0.));
#4573 = VECTOR('',#4574,1.);
#4574 = DIRECTION('',(0.,0.,1.));
#4575 = ORIENTED_EDGE('',*,*,#4209,.T.);
#4576 = ORIENTED_EDGE('',*,*,#4534,.F.);
#4577 = ORIENTED_EDGE('',*,*,#2153,.F.);
#4578 = SURFACE_OF_LINEAR_EXTRUSION('',#4579,#4602);
#4579 = B_SPLINE_CURVE_WITH_KNOTS('',3,(#4580,#4581,#4582,#4583,#4584,
    #4585,#4586,#4587,#4588,#4589,#4590,#4591,#4592,#4593,#4594,#4595,
    #4596,#4597,#4598,#4599,#4600,#4601),.UNSPECIFIED.,.F.,.F.,(4,1,1,1,
    1,1,1,1,1,1,1,1,1,1,1,1,1,1,1,4),(0.,4.176688177199E-03,
    1.670661519072E-02,3.758980854408E-02,6.682627216637E-02,
    0.104416007367,0.150359014742,0.204655294612,0.267304847168,
    0.338307672535,0.417663770799,0.505373142021,0.601435786244,
    0.705851703504,0.818620893827,0.939743357234,1.069219093742,
    1.207048103365,1.353230386115,1.507765942),.UNSPECIFIED.);
#4580 = CARTESIAN_POINT('',(8.892737390108,-3.036683036889,0.));
#4581 = CARTESIAN_POINT('',(8.894060313526,-3.037117240333,0.));
#4582 = CARTESIAN_POINT('',(8.899365331226,-3.038811131661,0.));
#4583 = CARTESIAN_POINT('',(8.911416124774,-3.042253124708,0.));
#4584 = CARTESIAN_POINT('',(8.931640282311,-3.04746601213,0.));
#4585 = CARTESIAN_POINT('',(8.96016103942,-3.053917241445,0.));
#4586 = CARTESIAN_POINT('',(8.997055652728,-3.061139855272,0.));
#4587 = CARTESIAN_POINT('',(9.042391063674,-3.068629245095,0.));
#4588 = CARTESIAN_POINT('',(9.096207524054,-3.075891201227,0.));
#4589 = CARTESIAN_POINT('',(9.158524790367,-3.082424473587,0.));
#4590 = CARTESIAN_POINT('',(9.229339732794,-3.087728380211,0.));
#4591 = CARTESIAN_POINT('',(9.30862708245,-3.09130139391,0.));
#4592 = CARTESIAN_POINT('',(9.396339153243,-3.092642805963,0.));
#4593 = CARTESIAN_POINT('',(9.492405948458,-3.091253368098,0.));
#4594 = CARTESIAN_POINT('',(9.596735189387,-3.086636255985,0.));
#4595 = CARTESIAN_POINT('',(9.70921240589,-3.078297946768,0.));
#4596 = CARTESIAN_POINT('',(9.829701078593,-3.065749037964,0.));
#4597 = CARTESIAN_POINT('',(9.958042693985,-3.04850541411,0.));
#4598 = CARTESIAN_POINT('',(10.094057340178,-3.026087915734,0.));
#4599 = CARTESIAN_POINT('',(10.237542248646,-2.998028128895,0.));
#4600 = CARTESIAN_POINT('',(10.335317358223,-2.975858000983,0.));
#4601 = CARTESIAN_POINT('',(10.385384627632,-2.963745288677,0.));
#4602 = VECTOR('',#4603,1.);
#4603 = DIRECTION('',(-0.,-0.,-1.));
#4604 = ADVANCED_FACE('',(#4605),#4616,.F.);
#4605 = FACE_BOUND('',#4606,.F.);
#4606 = EDGE_LOOP('',(#4607,#4608,#4609,#4615));
#4607 = ORIENTED_EDGE('',*,*,#4554,.T.);
#4608 = ORIENTED_EDGE('',*,*,#2357,.T.);
#4609 = ORIENTED_EDGE('',*,*,#4610,.F.);
#4610 = EDGE_CURVE('',#302,#2358,#4611,.T.);
#4611 = LINE('',#4612,#4613);
#4612 = CARTESIAN_POINT('',(8.892737390108,3.036683036889,0.));
#4613 = VECTOR('',#4614,1.);
#4614 = DIRECTION('',(0.,0.,1.));
#4615 = ORIENTED_EDGE('',*,*,#301,.F.);
#4616 = SURFACE_OF_LINEAR_EXTRUSION('',#4617,#4640);
#4617 = B_SPLINE_CURVE_WITH_KNOTS('',3,(#4618,#4619,#4620,#4621,#4622,
    #4623,#4624,#4625,#4626,#4627,#4628,#4629,#4630,#4631,#4632,#4633,
    #4634,#4635,#4636,#4637,#4638,#4639),.UNSPECIFIED.,.F.,.F.,(4,1,1,1,
    1,1,1,1,1,1,1,1,1,1,1,1,1,1,1,4),(0.,0.154535555886,0.300717838635,
    0.438546848258,0.568022584766,0.689145048173,0.801914238496,
    0.906330155756,1.002392799979,1.090102171201,1.169458269465,
    1.240461094832,1.303110647389,1.357406927258,1.403349934633,
    1.440939669834,1.470176133456,1.491059326809,1.503589253823,
    1.507765942),.UNSPECIFIED.);
#4618 = CARTESIAN_POINT('',(10.385384627632,2.963745288677,0.));
#4619 = CARTESIAN_POINT('',(10.335317358223,2.975858000983,0.));
#4620 = CARTESIAN_POINT('',(10.237542248646,2.998028128895,0.));
#4621 = CARTESIAN_POINT('',(10.094057340178,3.026087915734,0.));
#4622 = CARTESIAN_POINT('',(9.958042693985,3.04850541411,0.));
#4623 = CARTESIAN_POINT('',(9.829701078593,3.065749037964,0.));
#4624 = CARTESIAN_POINT('',(9.70921240589,3.078297946768,0.));
#4625 = CARTESIAN_POINT('',(9.596735189387,3.086636255985,0.));
#4626 = CARTESIAN_POINT('',(9.492405948458,3.091253368098,0.));
#4627 = CARTESIAN_POINT('',(9.396339153243,3.092642805963,0.));
#4628 = CARTESIAN_POINT('',(9.30862708245,3.09130139391,0.));
#4629 = CARTESIAN_POINT('',(9.229339732794,3.087728380211,0.));
#4630 = CARTESIAN_POINT('',(9.158524790367,3.082424473587,0.));
#4631 = CARTESIAN_POINT('',(9.096207524054,3.075891201227,0.));
#4632 = CARTESIAN_POINT('',(9.042391063674,3.068629245095,0.));
#4633 = CARTESIAN_POINT('',(8.997055652728,3.061139855272,0.));
#4634 = CARTESIAN_POINT('',(8.96016103942,3.053917241445,0.));
#4635 = CARTESIAN_POINT('',(8.931640282311,3.04746601213,0.));
#4636 = CARTESIAN_POINT('',(8.911416124774,3.042253124708,0.));
#4637 = CARTESIAN_POINT('',(8.899365331226,3.038811131661,0.));
#4638 = CARTESIAN_POINT('',(8.894060313526,3.037117240333,0.));
#4639 = CARTESIAN_POINT('',(8.892737390108,3.036683036889,0.));
#4640 = VECTOR('',#4641,1.);
#4641 = DIRECTION('',(-0.,-0.,-1.));
#4642 = ADVANCED_FACE('',(#4643),#4654,.F.);
#4643 = FACE_BOUND('',#4644,.F.);
#4644 = EDGE_LOOP('',(#4645,#4651,#4652,#4653));
#4645 = ORIENTED_EDGE('',*,*,#4646,.T.);
#4646 = EDGE_CURVE('',#2140,#4196,#4647,.T.);
#4647 = LINE('',#4648,#4649);
#4648 = CARTESIAN_POINT('',(8.517108120316,-2.908413530921,0.));
#4649 = VECTOR('',#4650,1.);
#4650 = DIRECTION('',(0.,0.,1.));
#4651 = ORIENTED_EDGE('',*,*,#4202,.T.);
#4652 = ORIENTED_EDGE('',*,*,#4570,.F.);
#4653 = ORIENTED_EDGE('',*,*,#2146,.F.);
#4654 = SURFACE_OF_LINEAR_EXTRUSION('',#4655,#4658);
#4655 = B_SPLINE_CURVE_WITH_KNOTS('',1,(#4656,#4657),.UNSPECIFIED.,.F.,
  .F.,(2,2),(0.,0.396926207859),.PIECEWISE_BEZIER_KNOTS.);
#4656 = CARTESIAN_POINT('',(8.517108120316,-2.908413530921,0.));
#4657 = CARTESIAN_POINT('',(8.892737390108,-3.036683036889,0.));
#4658 = VECTOR('',#4659,1.);
#4659 = DIRECTION('',(-0.,-0.,-1.));
#4660 = ADVANCED_FACE('',(#4661),#4672,.F.);
#4661 = FACE_BOUND('',#4662,.F.);
#4662 = EDGE_LOOP('',(#4663,#4664,#4665,#4671));
#4663 = ORIENTED_EDGE('',*,*,#4610,.T.);
#4664 = ORIENTED_EDGE('',*,*,#2384,.T.);
#4665 = ORIENTED_EDGE('',*,*,#4666,.F.);
#4666 = EDGE_CURVE('',#329,#2385,#4667,.T.);
#4667 = LINE('',#4668,#4669);
#4668 = CARTESIAN_POINT('',(8.517108120316,2.908413530921,0.));
#4669 = VECTOR('',#4670,1.);
#4670 = DIRECTION('',(0.,0.,1.));
#4671 = ORIENTED_EDGE('',*,*,#328,.F.);
#4672 = SURFACE_OF_LINEAR_EXTRUSION('',#4673,#4676);
#4673 = B_SPLINE_CURVE_WITH_KNOTS('',1,(#4674,#4675),.UNSPECIFIED.,.F.,
  .F.,(2,2),(0.,0.396926207859),.PIECEWISE_BEZIER_KNOTS.);
#4674 = CARTESIAN_POINT('',(8.892737390108,3.036683036889,0.));
#4675 = CARTESIAN_POINT('',(8.517108120316,2.908413530921,0.));
#4676 = VECTOR('',#4677,1.);
#4677 = DIRECTION('',(-0.,-0.,-1.));
#4678 = ADVANCED_FACE('',(#4679),#4690,.F.);
#4679 = FACE_BOUND('',#4680,.F.);
#4680 = EDGE_LOOP('',(#4681,#4687,#4688,#4689));
#4681 = ORIENTED_EDGE('',*,*,#4682,.T.);
#4682 = EDGE_CURVE('',#2133,#4189,#4683,.T.);
#4683 = LINE('',#4684,#4685);
#4684 = CARTESIAN_POINT('',(8.199650681502,-3.710219495035,0.));
#4685 = VECTOR('',#4686,1.);
#4686 = DIRECTION('',(0.,0.,1.));
#4687 = ORIENTED_EDGE('',*,*,#4195,.T.);
#4688 = ORIENTED_EDGE('',*,*,#4646,.F.);
#4689 = ORIENTED_EDGE('',*,*,#2139,.F.);
#4690 = SURFACE_OF_LINEAR_EXTRUSION('',#4691,#4694);
#4691 = B_SPLINE_CURVE_WITH_KNOTS('',1,(#4692,#4693),.UNSPECIFIED.,.F.,
  .F.,(2,2),(0.,0.862364209338),.PIECEWISE_BEZIER_KNOTS.);
#4692 = CARTESIAN_POINT('',(8.199650681502,-3.710219495035,0.));
#4693 = CARTESIAN_POINT('',(8.517108120316,-2.908413530921,0.));
#4694 = VECTOR('',#4695,1.);
#4695 = DIRECTION('',(-0.,-0.,-1.));
#4696 = ADVANCED_FACE('',(#4697),#4708,.F.);
#4697 = FACE_BOUND('',#4698,.F.);
#4698 = EDGE_LOOP('',(#4699,#4700,#4701,#4707));
#4699 = ORIENTED_EDGE('',*,*,#4666,.T.);
#4700 = ORIENTED_EDGE('',*,*,#2391,.T.);
#4701 = ORIENTED_EDGE('',*,*,#4702,.F.);
#4702 = EDGE_CURVE('',#336,#2392,#4703,.T.);
#4703 = LINE('',#4704,#4705);
#4704 = CARTESIAN_POINT('',(8.199650681502,3.710219495035,0.));
#4705 = VECTOR('',#4706,1.);
#4706 = DIRECTION('',(0.,0.,1.));
#4707 = ORIENTED_EDGE('',*,*,#335,.F.);
#4708 = SURFACE_OF_LINEAR_EXTRUSION('',#4709,#4712);
#4709 = B_SPLINE_CURVE_WITH_KNOTS('',1,(#4710,#4711),.UNSPECIFIED.,.F.,
  .F.,(2,2),(0.,0.862364209338),.PIECEWISE_BEZIER_KNOTS.);
#4710 = CARTESIAN_POINT('',(8.517108120316,2.908413530921,0.));
#4711 = CARTESIAN_POINT('',(8.199650681502,3.710219495035,0.));
#4712 = VECTOR('',#4713,1.);
#4713 = DIRECTION('',(-0.,-0.,-1.));
#4714 = ADVANCED_FACE('',(#4715),#4726,.F.);
#4715 = FACE_BOUND('',#4716,.F.);
#4716 = EDGE_LOOP('',(#4717,#4723,#4724,#4725));
#4717 = ORIENTED_EDGE('',*,*,#4718,.T.);
#4718 = EDGE_CURVE('',#2106,#4162,#4719,.T.);
#4719 = LINE('',#4720,#4721);
#4720 = CARTESIAN_POINT('',(8.561279153811,-3.873850978867,0.));
#4721 = VECTOR('',#4722,1.);
#4722 = DIRECTION('',(0.,0.,1.));
#4723 = ORIENTED_EDGE('',*,*,#4188,.T.);
#4724 = ORIENTED_EDGE('',*,*,#4682,.F.);
#4725 = ORIENTED_EDGE('',*,*,#2132,.F.);
#4726 = SURFACE_OF_LINEAR_EXTRUSION('',#4727,#4730);
#4727 = B_SPLINE_CURVE_WITH_KNOTS('',1,(#4728,#4729),.UNSPECIFIED.,.F.,
  .F.,(2,2),(0.,0.396926207859),.PIECEWISE_BEZIER_KNOTS.);
#4728 = CARTESIAN_POINT('',(8.561279153811,-3.873850978867,0.));
#4729 = CARTESIAN_POINT('',(8.199650681502,-3.710219495035,0.));
#4730 = VECTOR('',#4731,1.);
#4731 = DIRECTION('',(-0.,-0.,-1.));
#4732 = ADVANCED_FACE('',(#4733),#4744,.F.);
#4733 = FACE_BOUND('',#4734,.F.);
#4734 = EDGE_LOOP('',(#4735,#4736,#4737,#4743));
#4735 = ORIENTED_EDGE('',*,*,#4702,.T.);
#4736 = ORIENTED_EDGE('',*,*,#2398,.T.);
#4737 = ORIENTED_EDGE('',*,*,#4738,.F.);
#4738 = EDGE_CURVE('',#343,#2399,#4739,.T.);
#4739 = LINE('',#4740,#4741);
#4740 = CARTESIAN_POINT('',(8.561279153811,3.873850978867,0.));
#4741 = VECTOR('',#4742,1.);
#4742 = DIRECTION('',(0.,0.,1.));
#4743 = ORIENTED_EDGE('',*,*,#342,.F.);
#4744 = SURFACE_OF_LINEAR_EXTRUSION('',#4745,#4748);
#4745 = B_SPLINE_CURVE_WITH_KNOTS('',1,(#4746,#4747),.UNSPECIFIED.,.F.,
  .F.,(2,2),(0.,0.396926207859),.PIECEWISE_BEZIER_KNOTS.);
#4746 = CARTESIAN_POINT('',(8.199650681502,3.710219495035,0.));
#4747 = CARTESIAN_POINT('',(8.561279153811,3.873850978867,0.));
#4748 = VECTOR('',#4749,1.);
#4749 = DIRECTION('',(-0.,-0.,-1.));
#4750 = ADVANCED_FACE('',(#4751),#4762,.F.);
#4751 = FACE_BOUND('',#4752,.F.);
#4752 = EDGE_LOOP('',(#4753,#4759,#4760,#4761));
#4753 = ORIENTED_EDGE('',*,*,#4754,.T.);
#4754 = EDGE_CURVE('',#2099,#4155,#4755,.T.);
#4755 = LINE('',#4756,#4757);
#4756 = CARTESIAN_POINT('',(9.599442837321,-4.948807655688,0.));
#4757 = VECTOR('',#4758,1.);
#4758 = DIRECTION('',(0.,0.,1.));
#4759 = ORIENTED_EDGE('',*,*,#4161,.T.);
#4760 = ORIENTED_EDGE('',*,*,#4718,.F.);
#4761 = ORIENTED_EDGE('',*,*,#2105,.F.);
#4762 = SURFACE_OF_LINEAR_EXTRUSION('',#4763,#4786);
#4763 = B_SPLINE_CURVE_WITH_KNOTS('',3,(#4764,#4765,#4766,#4767,#4768,
    #4769,#4770,#4771,#4772,#4773,#4774,#4775,#4776,#4777,#4778,#4779,
    #4780,#4781,#4782,#4783,#4784,#4785),.UNSPECIFIED.,.F.,.F.,(4,1,1,1,
    1,1,1,1,1,1,1,1,1,1,1,1,1,1,1,4),(0.,0.154535555886,0.300717838635,
    0.438546848258,0.568022584766,0.689145048173,0.801914238496,
    0.906330155756,1.002392799979,1.090102171201,1.169458269465,
    1.240461094832,1.303110647389,1.357406927258,1.403349934633,
    1.440939669834,1.470176133456,1.491059326809,1.503589253823,
    1.507765942),.UNSPECIFIED.);
#4764 = CARTESIAN_POINT('',(9.599442837321,-4.948807655688,0.));
#4765 = CARTESIAN_POINT('',(9.571237090816,-4.905704464048,0.));
#4766 = CARTESIAN_POINT('',(9.515138600292,-4.822611468042,0.));
#4767 = CARTESIAN_POINT('',(9.429750849384,-4.703934584908,0.));
#4768 = CARTESIAN_POINT('',(9.345946273075,-4.594484499472,0.));
#4769 = CARTESIAN_POINT('',(9.264193334667,-4.494058557271,0.));
#4770 = CARTESIAN_POINT('',(9.184951191511,-4.402430624249,0.));
#4771 = CARTESIAN_POINT('',(9.108666794824,-4.319356305384,0.));
#4772 = CARTESIAN_POINT('',(9.035774681998,-4.244572295563,0.));
#4773 = CARTESIAN_POINT('',(8.966696137819,-4.177797192309,0.));
#4774 = CARTESIAN_POINT('',(8.901838530225,-4.118731995396,0.));
#4775 = CARTESIAN_POINT('',(8.841594643588,-4.067060684545,0.));
#4776 = CARTESIAN_POINT('',(8.786341998276,-4.022450902181,0.));
#4777 = CARTESIAN_POINT('',(8.736442333501,-3.984554348462,0.));
#4778 = CARTESIAN_POINT('',(8.692240671192,-3.953008184451,0.));
#4779 = CARTESIAN_POINT('',(8.654065738773,-3.927433490312,0.));
#4780 = CARTESIAN_POINT('',(8.622226503757,-3.907442448435,0.));
#4781 = CARTESIAN_POINT('',(8.597019596238,-3.892621390476,0.));
#4782 = CARTESIAN_POINT('',(8.578708352879,-3.882577033353,0.));
#4783 = CARTESIAN_POINT('',(8.567567496068,-3.876836802453,0.));
#4784 = CARTESIAN_POINT('',(8.56254075619,-3.874440061576,0.));
#4785 = CARTESIAN_POINT('',(8.561279153811,-3.873850978867,0.));
#4786 = VECTOR('',#4787,1.);
#4787 = DIRECTION('',(-0.,-0.,-1.));
#4788 = ADVANCED_FACE('',(#4789),#4800,.F.);
#4789 = FACE_BOUND('',#4790,.F.);
#4790 = EDGE_LOOP('',(#4791,#4792,#4793,#4799));
#4791 = ORIENTED_EDGE('',*,*,#4738,.T.);
#4792 = ORIENTED_EDGE('',*,*,#2405,.T.);
#4793 = ORIENTED_EDGE('',*,*,#4794,.F.);
#4794 = EDGE_CURVE('',#350,#2406,#4795,.T.);
#4795 = LINE('',#4796,#4797);
#4796 = CARTESIAN_POINT('',(9.599442837321,4.948807655688,0.));
#4797 = VECTOR('',#4798,1.);
#4798 = DIRECTION('',(0.,0.,1.));
#4799 = ORIENTED_EDGE('',*,*,#349,.F.);
#4800 = SURFACE_OF_LINEAR_EXTRUSION('',#4801,#4824);
#4801 = B_SPLINE_CURVE_WITH_KNOTS('',3,(#4802,#4803,#4804,#4805,#4806,
    #4807,#4808,#4809,#4810,#4811,#4812,#4813,#4814,#4815,#4816,#4817,
    #4818,#4819,#4820,#4821,#4822,#4823),.UNSPECIFIED.,.F.,.F.,(4,1,1,1,
    1,1,1,1,1,1,1,1,1,1,1,1,1,1,1,4),(0.,4.176688177199E-03,
    1.670661519072E-02,3.758980854408E-02,6.682627216637E-02,
    0.104416007367,0.150359014742,0.204655294612,0.267304847168,
    0.338307672535,0.417663770799,0.505373142021,0.601435786244,
    0.705851703504,0.818620893827,0.939743357234,1.069219093742,
    1.207048103365,1.353230386115,1.507765942),.UNSPECIFIED.);
#4802 = CARTESIAN_POINT('',(8.561279153811,3.873850978867,0.));
#4803 = CARTESIAN_POINT('',(8.56254075619,3.874440061576,0.));
#4804 = CARTESIAN_POINT('',(8.567567496068,3.876836802453,0.));
#4805 = CARTESIAN_POINT('',(8.578708352879,3.882577033353,0.));
#4806 = CARTESIAN_POINT('',(8.597019596238,3.892621390476,0.));
#4807 = CARTESIAN_POINT('',(8.622226503757,3.907442448435,0.));
#4808 = CARTESIAN_POINT('',(8.654065738773,3.927433490312,0.));
#4809 = CARTESIAN_POINT('',(8.692240671192,3.953008184451,0.));
#4810 = CARTESIAN_POINT('',(8.736442333501,3.984554348462,0.));
#4811 = CARTESIAN_POINT('',(8.786341998276,4.022450902181,0.));
#4812 = CARTESIAN_POINT('',(8.841594643588,4.067060684545,0.));
#4813 = CARTESIAN_POINT('',(8.901838530225,4.118731995396,0.));
#4814 = CARTESIAN_POINT('',(8.966696137819,4.177797192309,0.));
#4815 = CARTESIAN_POINT('',(9.035774681998,4.244572295563,0.));
#4816 = CARTESIAN_POINT('',(9.108666794824,4.319356305384,0.));
#4817 = CARTESIAN_POINT('',(9.184951191511,4.402430624249,0.));
#4818 = CARTESIAN_POINT('',(9.264193334667,4.494058557271,0.));
#4819 = CARTESIAN_POINT('',(9.345946273075,4.594484499472,0.));
#4820 = CARTESIAN_POINT('',(9.429750849384,4.703934584908,0.));
#4821 = CARTESIAN_POINT('',(9.515138600292,4.822611468042,0.));
#4822 = CARTESIAN_POINT('',(9.571237090816,4.905704464048,0.));
#4823 = CARTESIAN_POINT('',(9.599442837321,4.948807655688,0.));
#4824 = VECTOR('',#4825,1.);
#4825 = DIRECTION('',(-0.,-0.,-1.));
#4826 = ADVANCED_FACE('',(#4827),#4838,.F.);
#4827 = FACE_BOUND('',#4828,.F.);
#4828 = EDGE_LOOP('',(#4829,#4835,#4836,#4837));
#4829 = ORIENTED_EDGE('',*,*,#4830,.T.);
#4830 = EDGE_CURVE('',#2072,#4128,#4831,.T.);
#4831 = LINE('',#4832,#4833);
#4832 = CARTESIAN_POINT('',(9.322055190742,-5.453373911696,0.));
#4833 = VECTOR('',#4834,1.);
#4834 = DIRECTION('',(0.,0.,1.));
#4835 = ORIENTED_EDGE('',*,*,#4154,.T.);
#4836 = ORIENTED_EDGE('',*,*,#4754,.F.);
#4837 = ORIENTED_EDGE('',*,*,#2098,.F.);
#4838 = SURFACE_OF_LINEAR_EXTRUSION('',#4839,#4842);
#4839 = B_SPLINE_CURVE_WITH_KNOTS('',1,(#4840,#4841),.UNSPECIFIED.,.F.,
  .F.,(2,2),(0.,0.575787298554),.PIECEWISE_BEZIER_KNOTS.);
#4840 = CARTESIAN_POINT('',(9.322055190742,-5.453373911696,0.));
#4841 = CARTESIAN_POINT('',(9.599442837321,-4.948807655688,0.));
#4842 = VECTOR('',#4843,1.);
#4843 = DIRECTION('',(-0.,-0.,-1.));
#4844 = ADVANCED_FACE('',(#4845),#4856,.F.);
#4845 = FACE_BOUND('',#4846,.F.);
#4846 = EDGE_LOOP('',(#4847,#4848,#4849,#4855));
#4847 = ORIENTED_EDGE('',*,*,#4794,.T.);
#4848 = ORIENTED_EDGE('',*,*,#2432,.T.);
#4849 = ORIENTED_EDGE('',*,*,#4850,.F.);
#4850 = EDGE_CURVE('',#377,#2433,#4851,.T.);
#4851 = LINE('',#4852,#4853);
#4852 = CARTESIAN_POINT('',(9.322055190742,5.453373911696,0.));
#4853 = VECTOR('',#4854,1.);
#4854 = DIRECTION('',(0.,0.,1.));
#4855 = ORIENTED_EDGE('',*,*,#376,.F.);
#4856 = SURFACE_OF_LINEAR_EXTRUSION('',#4857,#4860);
#4857 = B_SPLINE_CURVE_WITH_KNOTS('',1,(#4858,#4859),.UNSPECIFIED.,.F.,
  .F.,(2,2),(0.,0.575787298554),.PIECEWISE_BEZIER_KNOTS.);
#4858 = CARTESIAN_POINT('',(9.599442837321,4.948807655688,0.));
#4859 = CARTESIAN_POINT('',(9.322055190742,5.453373911696,0.));
#4860 = VECTOR('',#4861,1.);
#4861 = DIRECTION('',(-0.,-0.,-1.));
#4862 = ADVANCED_FACE('',(#4863),#4874,.F.);
#4863 = FACE_BOUND('',#4864,.F.);
#4864 = EDGE_LOOP('',(#4865,#4871,#4872,#4873));
#4865 = ORIENTED_EDGE('',*,*,#4866,.T.);
#4866 = EDGE_CURVE('',#2065,#4121,#4867,.T.);
#4867 = LINE('',#4868,#4869);
#4868 = CARTESIAN_POINT('',(7.858163330598,-5.152813913348,0.));
#4869 = VECTOR('',#4870,1.);
#4870 = DIRECTION('',(0.,0.,1.));
#4871 = ORIENTED_EDGE('',*,*,#4127,.T.);
#4872 = ORIENTED_EDGE('',*,*,#4830,.F.);
#4873 = ORIENTED_EDGE('',*,*,#2071,.F.);
#4874 = SURFACE_OF_LINEAR_EXTRUSION('',#4875,#4898);
#4875 = B_SPLINE_CURVE_WITH_KNOTS('',3,(#4876,#4877,#4878,#4879,#4880,
    #4881,#4882,#4883,#4884,#4885,#4886,#4887,#4888,#4889,#4890,#4891,
    #4892,#4893,#4894,#4895,#4896,#4897),.UNSPECIFIED.,.F.,.F.,(4,1,1,1,
    1,1,1,1,1,1,1,1,1,1,1,1,1,1,1,4),(0.,4.176688177199E-03,
    1.670661519072E-02,3.758980854408E-02,6.682627216637E-02,
    0.104416007367,0.150359014742,0.204655294612,0.267304847168,
    0.338307672535,0.417663770799,0.505373142021,0.601435786244,
    0.705851703504,0.818620893827,0.939743357234,1.069219093742,
    1.207048103365,1.353230386115,1.507765942),.UNSPECIFIED.);
#4876 = CARTESIAN_POINT('',(7.858163330598,-5.152813913348,0.));
#4877 = CARTESIAN_POINT('',(7.859336709938,-5.153563473168,0.));
#4878 = CARTESIAN_POINT('',(7.864053807109,-5.156523452039,0.));
#4879 = CARTESIAN_POINT('',(7.874870013956,-5.162854219033,0.));
#4880 = CARTESIAN_POINT('',(7.893162400009,-5.172932877466,0.));
#4881 = CARTESIAN_POINT('',(7.919182769597,-5.186274253416,0.));
#4882 = CARTESIAN_POINT('',(7.953122079766,-5.202445272769,0.));
#4883 = CARTESIAN_POINT('',(7.995170659901,-5.220973827872,0.));
#4884 = CARTESIAN_POINT('',(8.045490402166,-5.241391245757,0.));
#4885 = CARTESIAN_POINT('',(8.104225098198,-5.26321693728,0.));
#4886 = CARTESIAN_POINT('',(8.17149623105,-5.285965171966,0.));
#4887 = CARTESIAN_POINT('',(8.247404050443,-5.309143894908,0.));
#4888 = CARTESIAN_POINT('',(8.332026889629,-5.332256269024,0.));
#4889 = CARTESIAN_POINT('',(8.425421108964,-5.354801323367,0.));
#4890 = CARTESIAN_POINT('',(8.527620884031,-5.376274893476,0.));
#4891 = CARTESIAN_POINT('',(8.638638075124,-5.396170493857,0.));
#4892 = CARTESIAN_POINT('',(8.758462161326,-5.413980146518,0.));
#4893 = CARTESIAN_POINT('',(8.887060003738,-5.429195524666,0.));
#4894 = CARTESIAN_POINT('',(9.024376504849,-5.441307780239,0.));
#4895 = CARTESIAN_POINT('',(9.170331756289,-5.449812788899,0.));
#4896 = CARTESIAN_POINT('',(9.270548567612,-5.452654857292,0.));
#4897 = CARTESIAN_POINT('',(9.322055190742,-5.453373911696,0.));
#4898 = VECTOR('',#4899,1.);
#4899 = DIRECTION('',(-0.,-0.,-1.));
#4900 = ADVANCED_FACE('',(#4901),#4912,.F.);
#4901 = FACE_BOUND('',#4902,.F.);
#4902 = EDGE_LOOP('',(#4903,#4904,#4905,#4911));
#4903 = ORIENTED_EDGE('',*,*,#4850,.T.);
#4904 = ORIENTED_EDGE('',*,*,#2439,.T.);
#4905 = ORIENTED_EDGE('',*,*,#4906,.F.);
#4906 = EDGE_CURVE('',#384,#2440,#4907,.T.);
#4907 = LINE('',#4908,#4909);
#4908 = CARTESIAN_POINT('',(7.858163330598,5.152813913348,0.));
#4909 = VECTOR('',#4910,1.);
#4910 = DIRECTION('',(0.,0.,1.));
#4911 = ORIENTED_EDGE('',*,*,#383,.F.);
#4912 = SURFACE_OF_LINEAR_EXTRUSION('',#4913,#4936);
#4913 = B_SPLINE_CURVE_WITH_KNOTS('',3,(#4914,#4915,#4916,#4917,#4918,
    #4919,#4920,#4921,#4922,#4923,#4924,#4925,#4926,#4927,#4928,#4929,
    #4930,#4931,#4932,#4933,#4934,#4935),.UNSPECIFIED.,.F.,.F.,(4,1,1,1,
    1,1,1,1,1,1,1,1,1,1,1,1,1,1,1,4),(0.,0.154535555886,0.300717838635,
    0.438546848258,0.568022584766,0.689145048173,0.801914238496,
    0.906330155756,1.002392799979,1.090102171201,1.169458269465,
    1.240461094832,1.303110647389,1.357406927258,1.403349934633,
    1.440939669834,1.470176133456,1.491059326809,1.503589253823,
    1.507765942),.UNSPECIFIED.);
#4914 = CARTESIAN_POINT('',(9.322055190742,5.453373911696,0.));
#4915 = CARTESIAN_POINT('',(9.270548567612,5.452654857292,0.));
#4916 = CARTESIAN_POINT('',(9.170331756289,5.449812788899,0.));
#4917 = CARTESIAN_POINT('',(9.024376504849,5.441307780239,0.));
#4918 = CARTESIAN_POINT('',(8.887060003738,5.429195524666,0.));
#4919 = CARTESIAN_POINT('',(8.758462161326,5.413980146518,0.));
#4920 = CARTESIAN_POINT('',(8.638638075124,5.396170493857,0.));
#4921 = CARTESIAN_POINT('',(8.527620884031,5.376274893476,0.));
#4922 = CARTESIAN_POINT('',(8.425421108964,5.354801323367,0.));
#4923 = CARTESIAN_POINT('',(8.332026889629,5.332256269024,0.));
#4924 = CARTESIAN_POINT('',(8.247404050443,5.309143894908,0.));
#4925 = CARTESIAN_POINT('',(8.17149623105,5.285965171966,0.));
#4926 = CARTESIAN_POINT('',(8.104225098198,5.26321693728,0.));
#4927 = CARTESIAN_POINT('',(8.045490402166,5.241391245757,0.));
#4928 = CARTESIAN_POINT('',(7.995170659901,5.220973827872,0.));
#4929 = CARTESIAN_POINT('',(7.953122079766,5.202445272769,0.));
#4930 = CARTESIAN_POINT('',(7.919182769597,5.186274253416,0.));
#4931 = CARTESIAN_POINT('',(7.893162400009,5.172932877466,0.));
#4932 = CARTESIAN_POINT('',(7.874870013956,5.162854219033,0.));
#4933 = CARTESIAN_POINT('',(7.864053807109,5.156523452039,0.));
#4934 = CARTESIAN_POINT('',(7.859336709938,5.153563473168,0.));
#4935 = CARTESIAN_POINT('',(7.858163330598,5.152813913348,0.));
#4936 = VECTOR('',#4937,1.);
#4937 = DIRECTION('',(-0.,-0.,-1.));
#4938 = ADVANCED_FACE('',(#4939),#4950,.F.);
#4939 = FACE_BOUND('',#4940,.F.);
#4940 = EDGE_LOOP('',(#4941,#4947,#4948,#4949));
#4941 = ORIENTED_EDGE('',*,*,#4942,.T.);
#4942 = EDGE_CURVE('',#2058,#4114,#4943,.T.);
#4943 = LINE('',#4944,#4945);
#4944 = CARTESIAN_POINT('',(7.526234474017,-4.935159029061,0.));
#4945 = VECTOR('',#4946,1.);
#4946 = DIRECTION('',(0.,0.,1.));
#4947 = ORIENTED_EDGE('',*,*,#4120,.T.);
#4948 = ORIENTED_EDGE('',*,*,#4866,.F.);
#4949 = ORIENTED_EDGE('',*,*,#2064,.F.);
#4950 = SURFACE_OF_LINEAR_EXTRUSION('',#4951,#4954);
#4951 = B_SPLINE_CURVE_WITH_KNOTS('',1,(#4952,#4953),.UNSPECIFIED.,.F.,
  .F.,(2,2),(0.,0.396926207859),.PIECEWISE_BEZIER_KNOTS.);
#4952 = CARTESIAN_POINT('',(7.526234474017,-4.935159029061,0.));
#4953 = CARTESIAN_POINT('',(7.858163330598,-5.152813913348,0.));
#4954 = VECTOR('',#4955,1.);
#4955 = DIRECTION('',(-0.,-0.,-1.));
#4956 = ADVANCED_FACE('',(#4957),#4968,.F.);
#4957 = FACE_BOUND('',#4958,.F.);
#4958 = EDGE_LOOP('',(#4959,#4960,#4961,#4967));
#4959 = ORIENTED_EDGE('',*,*,#4906,.T.);
#4960 = ORIENTED_EDGE('',*,*,#2466,.T.);
#4961 = ORIENTED_EDGE('',*,*,#4962,.F.);
#4962 = EDGE_CURVE('',#411,#2467,#4963,.T.);
#4963 = LINE('',#4964,#4965);
#4964 = CARTESIAN_POINT('',(7.526234474017,4.935159029061,0.));
#4965 = VECTOR('',#4966,1.);
#4966 = DIRECTION('',(0.,0.,1.));
#4967 = ORIENTED_EDGE('',*,*,#410,.F.);
#4968 = SURFACE_OF_LINEAR_EXTRUSION('',#4969,#4972);
#4969 = B_SPLINE_CURVE_WITH_KNOTS('',1,(#4970,#4971),.UNSPECIFIED.,.F.,
  .F.,(2,2),(0.,0.396926207859),.PIECEWISE_BEZIER_KNOTS.);
#4970 = CARTESIAN_POINT('',(7.858163330598,5.152813913348,0.));
#4971 = CARTESIAN_POINT('',(7.526234474017,4.935159029061,0.));
#4972 = VECTOR('',#4973,1.);
#4973 = DIRECTION('',(-0.,-0.,-1.));
#4974 = ADVANCED_FACE('',(#4975),#4986,.F.);
#4975 = FACE_BOUND('',#4976,.F.);
#4976 = EDGE_LOOP('',(#4977,#4983,#4984,#4985));
#4977 = ORIENTED_EDGE('',*,*,#4978,.T.);
#4978 = EDGE_CURVE('',#2051,#4107,#4979,.T.);
#4979 = LINE('',#4980,#4981);
#4980 = CARTESIAN_POINT('',(7.019349509663,-5.632826329756,0.));
#4981 = VECTOR('',#4982,1.);
#4982 = DIRECTION('',(0.,0.,1.));
#4983 = ORIENTED_EDGE('',*,*,#4113,.T.);
#4984 = ORIENTED_EDGE('',*,*,#4942,.F.);
#4985 = ORIENTED_EDGE('',*,*,#2057,.F.);
#4986 = SURFACE_OF_LINEAR_EXTRUSION('',#4987,#4990);
#4987 = B_SPLINE_CURVE_WITH_KNOTS('',1,(#4988,#4989),.UNSPECIFIED.,.F.,
  .F.,(2,2),(0.,0.862364209338),.PIECEWISE_BEZIER_KNOTS.);
#4988 = CARTESIAN_POINT('',(7.019349509663,-5.632826329756,0.));
#4989 = CARTESIAN_POINT('',(7.526234474017,-4.935159029061,0.));
#4990 = VECTOR('',#4991,1.);
#4991 = DIRECTION('',(-0.,-0.,-1.));
#4992 = ADVANCED_FACE('',(#4993),#5004,.F.);
#4993 = FACE_BOUND('',#4994,.F.);
#4994 = EDGE_LOOP('',(#4995,#4996,#4997,#5003));
#4995 = ORIENTED_EDGE('',*,*,#4962,.T.);
#4996 = ORIENTED_EDGE('',*,*,#2473,.T.);
#4997 = ORIENTED_EDGE('',*,*,#4998,.F.);
#4998 = EDGE_CURVE('',#418,#2474,#4999,.T.);
#4999 = LINE('',#5000,#5001);
#5000 = CARTESIAN_POINT('',(7.019349509663,5.632826329756,0.));
#5001 = VECTOR('',#5002,1.);
#5002 = DIRECTION('',(0.,0.,1.));
#5003 = ORIENTED_EDGE('',*,*,#417,.F.);
#5004 = SURFACE_OF_LINEAR_EXTRUSION('',#5005,#5008);
#5005 = B_SPLINE_CURVE_WITH_KNOTS('',1,(#5006,#5007),.UNSPECIFIED.,.F.,
  .F.,(2,2),(0.,0.862364209338),.PIECEWISE_BEZIER_KNOTS.);
#5006 = CARTESIAN_POINT('',(7.526234474017,4.935159029061,0.));
#5007 = CARTESIAN_POINT('',(7.019349509663,5.632826329756,0.));
#5008 = VECTOR('',#5009,1.);
#5009 = DIRECTION('',(-0.,-0.,-1.));
#5010 = ADVANCED_FACE('',(#5011),#5022,.F.);
#5011 = FACE_BOUND('',#5012,.F.);
#5012 = EDGE_LOOP('',(#5013,#5019,#5020,#5021));
#5013 = ORIENTED_EDGE('',*,*,#5014,.T.);
#5014 = EDGE_CURVE('',#2024,#4080,#5015,.T.);
#5015 = LINE('',#5016,#5017);
#5016 = CARTESIAN_POINT('',(7.328923263275,-5.8812503736,0.));
#5017 = VECTOR('',#5018,1.);
#5018 = DIRECTION('',(0.,0.,1.));
#5019 = ORIENTED_EDGE('',*,*,#4106,.T.);
#5020 = ORIENTED_EDGE('',*,*,#4978,.F.);
#5021 = ORIENTED_EDGE('',*,*,#2050,.F.);
#5022 = SURFACE_OF_LINEAR_EXTRUSION('',#5023,#5026);
#5023 = B_SPLINE_CURVE_WITH_KNOTS('',1,(#5024,#5025),.UNSPECIFIED.,.F.,
  .F.,(2,2),(0.,0.396926207859),.PIECEWISE_BEZIER_KNOTS.);
#5024 = CARTESIAN_POINT('',(7.328923263275,-5.8812503736,0.));
#5025 = CARTESIAN_POINT('',(7.019349509663,-5.632826329756,0.));
#5026 = VECTOR('',#5027,1.);
#5027 = DIRECTION('',(-0.,-0.,-1.));
#5028 = ADVANCED_FACE('',(#5029),#5040,.F.);
#5029 = FACE_BOUND('',#5030,.F.);
#5030 = EDGE_LOOP('',(#5031,#5032,#5033,#5039));
#5031 = ORIENTED_EDGE('',*,*,#4998,.T.);
#5032 = ORIENTED_EDGE('',*,*,#2480,.T.);
#5033 = ORIENTED_EDGE('',*,*,#5034,.F.);
#5034 = EDGE_CURVE('',#425,#2481,#5035,.T.);
#5035 = LINE('',#5036,#5037);
#5036 = CARTESIAN_POINT('',(7.328923263275,5.8812503736,0.));
#5037 = VECTOR('',#5038,1.);
#5038 = DIRECTION('',(0.,0.,1.));
#5039 = ORIENTED_EDGE('',*,*,#424,.F.);
#5040 = SURFACE_OF_LINEAR_EXTRUSION('',#5041,#5044);
#5041 = B_SPLINE_CURVE_WITH_KNOTS('',1,(#5042,#5043),.UNSPECIFIED.,.F.,
  .F.,(2,2),(0.,0.396926207859),.PIECEWISE_BEZIER_KNOTS.);
#5042 = CARTESIAN_POINT('',(7.019349509663,5.632826329756,0.));
#5043 = CARTESIAN_POINT('',(7.328923263275,5.8812503736,0.));
#5044 = VECTOR('',#5045,1.);
#5045 = DIRECTION('',(-0.,-0.,-1.));
#5046 = ADVANCED_FACE('',(#5047),#5058,.F.);
#5047 = FACE_BOUND('',#5048,.F.);
#5048 = EDGE_LOOP('',(#5049,#5055,#5056,#5057));
#5049 = ORIENTED_EDGE('',*,*,#5050,.T.);
#5050 = EDGE_CURVE('',#2017,#4073,#5051,.T.);
#5051 = LINE('',#5052,#5053);
#5052 = CARTESIAN_POINT('',(8.067140270953,-7.180616119023,0.));
#5053 = VECTOR('',#5054,1.);
#5054 = DIRECTION('',(0.,0.,1.));
#5055 = ORIENTED_EDGE('',*,*,#4079,.T.);
#5056 = ORIENTED_EDGE('',*,*,#5014,.F.);
#5057 = ORIENTED_EDGE('',*,*,#2023,.F.);
#5058 = SURFACE_OF_LINEAR_EXTRUSION('',#5059,#5082);
#5059 = B_SPLINE_CURVE_WITH_KNOTS('',3,(#5060,#5061,#5062,#5063,#5064,
    #5065,#5066,#5067,#5068,#5069,#5070,#5071,#5072,#5073,#5074,#5075,
    #5076,#5077,#5078,#5079,#5080,#5081),.UNSPECIFIED.,.F.,.F.,(4,1,1,1,
    1,1,1,1,1,1,1,1,1,1,1,1,1,1,1,4),(0.,0.154535555886,0.300717838635,
    0.438546848258,0.568022584766,0.689145048173,0.801914238496,
    0.906330155756,1.002392799979,1.090102171201,1.169458269465,
    1.240461094832,1.303110647389,1.357406927258,1.403349934633,
    1.440939669834,1.470176133456,1.491059326809,1.503589253823,
    1.507765942),.UNSPECIFIED.);
#5060 = CARTESIAN_POINT('',(8.067140270953,-7.180616119023,0.));
#5061 = CARTESIAN_POINT('',(8.050539987706,-7.131852609494,0.));
#5062 = CARTESIAN_POINT('',(8.016868322221,-7.037419005475,0.));
#5063 = CARTESIAN_POINT('',(7.9636769252,-6.901235504719,0.));
#5064 = CARTESIAN_POINT('',(7.909724353159,-6.774382644354,0.));
#5065 = CARTESIAN_POINT('',(7.855514749878,-6.656780638771,0.));
#5066 = CARTESIAN_POINT('',(7.80154908469,-6.548324646116,0.));
#5067 = CARTESIAN_POINT('',(7.748321045587,-6.448889101737,0.));
#5068 = CARTESIAN_POINT('',(7.696316999489,-6.358327037789,0.));
#5069 = CARTESIAN_POINT('',(7.646014977695,-6.276470661837,0.));
#5070 = CARTESIAN_POINT('',(7.597883908265,-6.203131675584,0.));
#5071 = CARTESIAN_POINT('',(7.552382826573,-6.13810166861,0.));
#5072 = CARTESIAN_POINT('',(7.509960046458,-6.081152610462,0.));
#5073 = CARTESIAN_POINT('',(7.47105256108,-6.032037104663,0.));
#5074 = CARTESIAN_POINT('',(7.436084787241,-5.990489514992,0.));
#5075 = CARTESIAN_POINT('',(7.405469358322,-5.956224577261,0.));
#5076 = CARTESIAN_POINT('',(7.379601981372,-5.928943494963,0.));
#5077 = CARTESIAN_POINT('',(7.358872842436,-5.908319364807,0.));
#5078 = CARTESIAN_POINT('',(7.343634810499,-5.894036748588,0.));
#5079 = CARTESIAN_POINT('',(7.334271501566,-5.885706239174,0.));
#5080 = CARTESIAN_POINT('',(7.329998731183,-5.882134696946,0.));
#5081 = CARTESIAN_POINT('',(7.328923263275,-5.8812503736,0.));
#5082 = VECTOR('',#5083,1.);
#5083 = DIRECTION('',(-0.,-0.,-1.));
#5084 = ADVANCED_FACE('',(#5085),#5096,.F.);
#5085 = FACE_BOUND('',#5086,.F.);
#5086 = EDGE_LOOP('',(#5087,#5088,#5089,#5095));
#5087 = ORIENTED_EDGE('',*,*,#5034,.T.);
#5088 = ORIENTED_EDGE('',*,*,#2487,.T.);
#5089 = ORIENTED_EDGE('',*,*,#5090,.F.);
#5090 = EDGE_CURVE('',#432,#2488,#5091,.T.);
#5091 = LINE('',#5092,#5093);
#5092 = CARTESIAN_POINT('',(8.067140270953,7.180616119023,0.));
#5093 = VECTOR('',#5094,1.);
#5094 = DIRECTION('',(0.,0.,1.));
#5095 = ORIENTED_EDGE('',*,*,#431,.F.);
#5096 = SURFACE_OF_LINEAR_EXTRUSION('',#5097,#5120);
#5097 = B_SPLINE_CURVE_WITH_KNOTS('',3,(#5098,#5099,#5100,#5101,#5102,
    #5103,#5104,#5105,#5106,#5107,#5108,#5109,#5110,#5111,#5112,#5113,
    #5114,#5115,#5116,#5117,#5118,#5119),.UNSPECIFIED.,.F.,.F.,(4,1,1,1,
    1,1,1,1,1,1,1,1,1,1,1,1,1,1,1,4),(0.,4.176688177199E-03,
    1.670661519072E-02,3.758980854408E-02,6.682627216637E-02,
    0.104416007367,0.150359014742,0.204655294612,0.267304847168,
    0.338307672535,0.417663770799,0.505373142021,0.601435786244,
    0.705851703504,0.818620893827,0.939743357234,1.069219093742,
    1.207048103365,1.353230386115,1.507765942),.UNSPECIFIED.);
#5098 = CARTESIAN_POINT('',(7.328923263275,5.8812503736,0.));
#5099 = CARTESIAN_POINT('',(7.329998731183,5.882134696946,0.));
#5100 = CARTESIAN_POINT('',(7.334271501566,5.885706239174,0.));
#5101 = CARTESIAN_POINT('',(7.343634810499,5.894036748588,0.));
#5102 = CARTESIAN_POINT('',(7.358872842436,5.908319364807,0.));
#5103 = CARTESIAN_POINT('',(7.379601981372,5.928943494963,0.));
#5104 = CARTESIAN_POINT('',(7.405469358322,5.956224577261,0.));
#5105 = CARTESIAN_POINT('',(7.436084787241,5.990489514992,0.));
#5106 = CARTESIAN_POINT('',(7.47105256108,6.032037104663,0.));
#5107 = CARTESIAN_POINT('',(7.509960046458,6.081152610462,0.));
#5108 = CARTESIAN_POINT('',(7.552382826573,6.13810166861,0.));
#5109 = CARTESIAN_POINT('',(7.597883908265,6.203131675584,0.));
#5110 = CARTESIAN_POINT('',(7.646014977695,6.276470661837,0.));
#5111 = CARTESIAN_POINT('',(7.696316999489,6.358327037789,0.));
#5112 = CARTESIAN_POINT('',(7.748321045587,6.448889101737,0.));
#5113 = CARTESIAN_POINT('',(7.80154908469,6.548324646116,0.));
#5114 = CARTESIAN_POINT('',(7.855514749878,6.656780638771,0.));
#5115 = CARTESIAN_POINT('',(7.909724353159,6.774382644354,0.));
#5116 = CARTESIAN_POINT('',(7.9636769252,6.901235504719,0.));
#5117 = CARTESIAN_POINT('',(8.016868322221,7.037419005475,0.));
#5118 = CARTESIAN_POINT('',(8.050539987706,7.131852609494,0.));
#5119 = CARTESIAN_POINT('',(8.067140270953,7.180616119023,0.));
#5120 = VECTOR('',#5121,1.);
#5121 = DIRECTION('',(-0.,-0.,-1.));
#5122 = ADVANCED_FACE('',(#5123),#5134,.F.);
#5123 = FACE_BOUND('',#5124,.F.);
#5124 = EDGE_LOOP('',(#5125,#5131,#5132,#5133));
#5125 = ORIENTED_EDGE('',*,*,#5126,.T.);
#5126 = EDGE_CURVE('',#1990,#4046,#5127,.T.);
#5127 = LINE('',#5128,#5129);
#5128 = CARTESIAN_POINT('',(7.672986742097,-7.600346995737,0.));
#5129 = VECTOR('',#5130,1.);
#5130 = DIRECTION('',(0.,0.,1.));
#5131 = ORIENTED_EDGE('',*,*,#4072,.T.);
#5132 = ORIENTED_EDGE('',*,*,#5050,.F.);
#5133 = ORIENTED_EDGE('',*,*,#2016,.F.);
#5134 = SURFACE_OF_LINEAR_EXTRUSION('',#5135,#5138);
#5135 = B_SPLINE_CURVE_WITH_KNOTS('',1,(#5136,#5137),.UNSPECIFIED.,.F.,
  .F.,(2,2),(0.,0.575787298554),.PIECEWISE_BEZIER_KNOTS.);
#5136 = CARTESIAN_POINT('',(7.672986742097,-7.600346995737,0.));
#5137 = CARTESIAN_POINT('',(8.067140270953,-7.180616119023,0.));
#5138 = VECTOR('',#5139,1.);
#5139 = DIRECTION('',(-0.,-0.,-1.));
#5140 = ADVANCED_FACE('',(#5141),#5152,.F.);
#5141 = FACE_BOUND('',#5142,.F.);
#5142 = EDGE_LOOP('',(#5143,#5144,#5145,#5151));
#5143 = ORIENTED_EDGE('',*,*,#5090,.T.);
#5144 = ORIENTED_EDGE('',*,*,#2514,.T.);
#5145 = ORIENTED_EDGE('',*,*,#5146,.F.);
#5146 = EDGE_CURVE('',#459,#2515,#5147,.T.);
#5147 = LINE('',#5148,#5149);
#5148 = CARTESIAN_POINT('',(7.672986742097,7.600346995737,0.));
#5149 = VECTOR('',#5150,1.);
#5150 = DIRECTION('',(0.,0.,1.));
#5151 = ORIENTED_EDGE('',*,*,#458,.F.);
#5152 = SURFACE_OF_LINEAR_EXTRUSION('',#5153,#5156);
#5153 = B_SPLINE_CURVE_WITH_KNOTS('',1,(#5154,#5155),.UNSPECIFIED.,.F.,
  .F.,(2,2),(0.,0.575787298554),.PIECEWISE_BEZIER_KNOTS.);
#5154 = CARTESIAN_POINT('',(8.067140270953,7.180616119023,0.));
#5155 = CARTESIAN_POINT('',(7.672986742097,7.600346995737,0.));
#5156 = VECTOR('',#5157,1.);
#5157 = DIRECTION('',(-0.,-0.,-1.));
#5158 = ADVANCED_FACE('',(#5159),#5170,.F.);
#5159 = FACE_BOUND('',#5160,.F.);
#5160 = EDGE_LOOP('',(#5161,#5167,#5168,#5169));
#5161 = ORIENTED_EDGE('',*,*,#5162,.T.);
#5162 = EDGE_CURVE('',#1983,#4039,#5163,.T.);
#5163 = LINE('',#5164,#5165);
#5164 = CARTESIAN_POINT('',(6.329831968723,-6.945174540908,0.));
#5165 = VECTOR('',#5166,1.);
#5166 = DIRECTION('',(0.,0.,1.));
#5167 = ORIENTED_EDGE('',*,*,#4045,.T.);
#5168 = ORIENTED_EDGE('',*,*,#5126,.F.);
#5169 = ORIENTED_EDGE('',*,*,#1989,.F.);
#5170 = SURFACE_OF_LINEAR_EXTRUSION('',#5171,#5194);
#5171 = B_SPLINE_CURVE_WITH_KNOTS('',3,(#5172,#5173,#5174,#5175,#5176,
    #5177,#5178,#5179,#5180,#5181,#5182,#5183,#5184,#5185,#5186,#5187,
    #5188,#5189,#5190,#5191,#5192,#5193),.UNSPECIFIED.,.F.,.F.,(4,1,1,1,
    1,1,1,1,1,1,1,1,1,1,1,1,1,1,1,4),(0.,4.176688177199E-03,
    1.670661519072E-02,3.758980854408E-02,6.682627216637E-02,
    0.104416007367,0.150359014742,0.204655294612,0.267304847168,
    0.338307672535,0.417663770799,0.505373142021,0.601435786244,
    0.705851703504,0.818620893827,0.939743357234,1.069219093742,
    1.207048103365,1.353230386115,1.507765942),.UNSPECIFIED.);
#5172 = CARTESIAN_POINT('',(6.329831968723,-6.945174540908,0.));
#5173 = CARTESIAN_POINT('',(6.330782076247,-6.946192359504,0.));
#5174 = CARTESIAN_POINT('',(6.334614860325,-6.950232439558,0.));
#5175 = CARTESIAN_POINT('',(6.343516858415,-6.959054195126,0.));
#5176 = CARTESIAN_POINT('',(6.358728095094,-6.973365345395,0.));
#5177 = CARTESIAN_POINT('',(6.380613121644,-6.992758580262,0.));
#5178 = CARTESIAN_POINT('',(6.409464596996,-7.016861920523,0.));
#5179 = CARTESIAN_POINT('',(6.445584279386,-7.045265423644,0.));
#5180 = CARTESIAN_POINT('',(6.489245529065,-7.077555401828,0.));
#5181 = CARTESIAN_POINT('',(6.540707137854,-7.113302124045,0.));
#5182 = CARTESIAN_POINT('',(6.600207568447,-7.152065331546,0.));
#5183 = CARTESIAN_POINT('',(6.667966290116,-7.193393359325,0.));
#5184 = CARTESIAN_POINT('',(6.744182733488,-7.236824460036,0.));
#5185 = CARTESIAN_POINT('',(6.829036074661,-7.281887417907,0.));
#5186 = CARTESIAN_POINT('',(6.922684796136,-7.328102406854,0.));
#5187 = CARTESIAN_POINT('',(7.02526634341,-7.37498180309,0.));
#5188 = CARTESIAN_POINT('',(7.136896855092,-7.42203097124,0.));
#5189 = CARTESIAN_POINT('',(7.257670649135,-7.468749313223,0.));
#5190 = CARTESIAN_POINT('',(7.387660904384,-7.514630265181,0.));
#5191 = CARTESIAN_POINT('',(7.526915593564,-7.559165668367,0.));
#5192 = CARTESIAN_POINT('',(7.623277115805,-7.586841355455,0.));
#5193 = CARTESIAN_POINT('',(7.672986742097,-7.600346995737,0.));
#5194 = VECTOR('',#5195,1.);
#5195 = DIRECTION('',(-0.,-0.,-1.));
#5196 = ADVANCED_FACE('',(#5197),#5208,.F.);
#5197 = FACE_BOUND('',#5198,.F.);
#5198 = EDGE_LOOP('',(#5199,#5200,#5201,#5207));
#5199 = ORIENTED_EDGE('',*,*,#5146,.T.);
#5200 = ORIENTED_EDGE('',*,*,#2521,.T.);
#5201 = ORIENTED_EDGE('',*,*,#5202,.F.);
#5202 = EDGE_CURVE('',#466,#2522,#5203,.T.);
#5203 = LINE('',#5204,#5205);
#5204 = CARTESIAN_POINT('',(6.329831968723,6.945174540908,0.));
#5205 = VECTOR('',#5206,1.);
#5206 = DIRECTION('',(0.,0.,1.));
#5207 = ORIENTED_EDGE('',*,*,#465,.F.);
#5208 = SURFACE_OF_LINEAR_EXTRUSION('',#5209,#5232);
#5209 = B_SPLINE_CURVE_WITH_KNOTS('',3,(#5210,#5211,#5212,#5213,#5214,
    #5215,#5216,#5217,#5218,#5219,#5220,#5221,#5222,#5223,#5224,#5225,
    #5226,#5227,#5228,#5229,#5230,#5231),.UNSPECIFIED.,.F.,.F.,(4,1,1,1,
    1,1,1,1,1,1,1,1,1,1,1,1,1,1,1,4),(0.,0.154535555886,0.300717838635,
    0.438546848258,0.568022584766,0.689145048173,0.801914238496,
    0.906330155756,1.002392799979,1.090102171201,1.169458269465,
    1.240461094832,1.303110647389,1.357406927258,1.403349934633,
    1.440939669834,1.470176133456,1.491059326809,1.503589253823,
    1.507765942),.UNSPECIFIED.);
#5210 = CARTESIAN_POINT('',(7.672986742097,7.600346995737,0.));
#5211 = CARTESIAN_POINT('',(7.623277115805,7.586841355455,0.));
#5212 = CARTESIAN_POINT('',(7.526915593564,7.559165668367,0.));
#5213 = CARTESIAN_POINT('',(7.387660904384,7.514630265181,0.));
#5214 = CARTESIAN_POINT('',(7.257670649135,7.468749313223,0.));
#5215 = CARTESIAN_POINT('',(7.136896855092,7.42203097124,0.));
#5216 = CARTESIAN_POINT('',(7.02526634341,7.37498180309,0.));
#5217 = CARTESIAN_POINT('',(6.922684796136,7.328102406854,0.));
#5218 = CARTESIAN_POINT('',(6.829036074661,7.281887417907,0.));
#5219 = CARTESIAN_POINT('',(6.744182733488,7.236824460036,0.));
#5220 = CARTESIAN_POINT('',(6.667966290116,7.193393359325,0.));
#5221 = CARTESIAN_POINT('',(6.600207568447,7.152065331546,0.));
#5222 = CARTESIAN_POINT('',(6.540707137854,7.113302124045,0.));
#5223 = CARTESIAN_POINT('',(6.489245529065,7.077555401828,0.));
#5224 = CARTESIAN_POINT('',(6.445584279386,7.045265423644,0.));
#5225 = CARTESIAN_POINT('',(6.409464596996,7.016861920523,0.));
#5226 = CARTESIAN_POINT('',(6.380613121644,6.992758580263,0.));
#5227 = CARTESIAN_POINT('',(6.358728095094,6.973365345395,0.));
#5228 = CARTESIAN_POINT('',(6.343516858415,6.959054195126,0.));
#5229 = CARTESIAN_POINT('',(6.334614860325,6.950232439558,0.));
#5230 = CARTESIAN_POINT('',(6.330782076247,6.946192359504,0.));
#5231 = CARTESIAN_POINT('',(6.329831968723,6.945174540908,0.));
#5232 = VECTOR('',#5233,1.);
#5233 = DIRECTION('',(-0.,-0.,-1.));
#5234 = ADVANCED_FACE('',(#5235),#5246,.F.);
#5235 = FACE_BOUND('',#5236,.F.);
#5236 = EDGE_LOOP('',(#5237,#5243,#5244,#5245));
#5237 = ORIENTED_EDGE('',*,*,#5238,.T.);
#5238 = EDGE_CURVE('',#1976,#4032,#5239,.T.);
#5239 = LINE('',#5240,#5241);
#5240 = CARTESIAN_POINT('',(6.062459836161,-6.65181033516,0.));
#5241 = VECTOR('',#5242,1.);
#5242 = DIRECTION('',(0.,0.,1.));
#5243 = ORIENTED_EDGE('',*,*,#4038,.T.);
#5244 = ORIENTED_EDGE('',*,*,#5162,.F.);
#5245 = ORIENTED_EDGE('',*,*,#1982,.F.);
#5246 = SURFACE_OF_LINEAR_EXTRUSION('',#5247,#5250);
#5247 = B_SPLINE_CURVE_WITH_KNOTS('',1,(#5248,#5249),.UNSPECIFIED.,.F.,
  .F.,(2,2),(0.,0.396926207859),.PIECEWISE_BEZIER_KNOTS.);
#5248 = CARTESIAN_POINT('',(6.062459836161,-6.65181033516,0.));
#5249 = CARTESIAN_POINT('',(6.329831968723,-6.945174540908,0.));
#5250 = VECTOR('',#5251,1.);
#5251 = DIRECTION('',(-0.,-0.,-1.));
#5252 = ADVANCED_FACE('',(#5253),#5264,.F.);
#5253 = FACE_BOUND('',#5254,.F.);
#5254 = EDGE_LOOP('',(#5255,#5256,#5257,#5263));
#5255 = ORIENTED_EDGE('',*,*,#5202,.T.);
#5256 = ORIENTED_EDGE('',*,*,#2548,.T.);
#5257 = ORIENTED_EDGE('',*,*,#5258,.F.);
#5258 = EDGE_CURVE('',#493,#2549,#5259,.T.);
#5259 = LINE('',#5260,#5261);
#5260 = CARTESIAN_POINT('',(6.062459836161,6.65181033516,0.));
#5261 = VECTOR('',#5262,1.);
#5262 = DIRECTION('',(0.,0.,1.));
#5263 = ORIENTED_EDGE('',*,*,#492,.F.);
#5264 = SURFACE_OF_LINEAR_EXTRUSION('',#5265,#5268);
#5265 = B_SPLINE_CURVE_WITH_KNOTS('',1,(#5266,#5267),.UNSPECIFIED.,.F.,
  .F.,(2,2),(0.,0.396926207859),.PIECEWISE_BEZIER_KNOTS.);
#5266 = CARTESIAN_POINT('',(6.329831968723,6.945174540908,0.));
#5267 = CARTESIAN_POINT('',(6.062459836161,6.65181033516,0.));
#5268 = VECTOR('',#5269,1.);
#5269 = DIRECTION('',(-0.,-0.,-1.));
#5270 = ADVANCED_FACE('',(#5271),#5282,.F.);
#5271 = FACE_BOUND('',#5272,.F.);
#5272 = EDGE_LOOP('',(#5273,#5279,#5280,#5281));
#5273 = ORIENTED_EDGE('',*,*,#5274,.T.);
#5274 = EDGE_CURVE('',#1969,#4025,#5275,.T.);
#5275 = LINE('',#5276,#5277);
#5276 = CARTESIAN_POINT('',(5.39799679277,-7.201501970092,0.));
#5277 = VECTOR('',#5278,1.);
#5278 = DIRECTION('',(0.,0.,1.));
#5279 = ORIENTED_EDGE('',*,*,#4031,.T.);
#5280 = ORIENTED_EDGE('',*,*,#5238,.F.);
#5281 = ORIENTED_EDGE('',*,*,#1975,.F.);
#5282 = SURFACE_OF_LINEAR_EXTRUSION('',#5283,#5286);
#5283 = B_SPLINE_CURVE_WITH_KNOTS('',1,(#5284,#5285),.UNSPECIFIED.,.F.,
  .F.,(2,2),(0.,0.862364209338),.PIECEWISE_BEZIER_KNOTS.);
#5284 = CARTESIAN_POINT('',(5.39799679277,-7.201501970092,0.));
#5285 = CARTESIAN_POINT('',(6.062459836161,-6.65181033516,0.));
#5286 = VECTOR('',#5287,1.);
#5287 = DIRECTION('',(-0.,-0.,-1.));
#5288 = ADVANCED_FACE('',(#5289),#5300,.F.);
#5289 = FACE_BOUND('',#5290,.F.);
#5290 = EDGE_LOOP('',(#5291,#5292,#5293,#5299));
#5291 = ORIENTED_EDGE('',*,*,#5258,.T.);
#5292 = ORIENTED_EDGE('',*,*,#2555,.T.);
#5293 = ORIENTED_EDGE('',*,*,#5294,.F.);
#5294 = EDGE_CURVE('',#500,#2556,#5295,.T.);
#5295 = LINE('',#5296,#5297);
#5296 = CARTESIAN_POINT('',(5.39799679277,7.201501970093,0.));
#5297 = VECTOR('',#5298,1.);
#5298 = DIRECTION('',(0.,0.,1.));
#5299 = ORIENTED_EDGE('',*,*,#499,.F.);
#5300 = SURFACE_OF_LINEAR_EXTRUSION('',#5301,#5304);
#5301 = B_SPLINE_CURVE_WITH_KNOTS('',1,(#5302,#5303),.UNSPECIFIED.,.F.,
  .F.,(2,2),(0.,0.862364209338),.PIECEWISE_BEZIER_KNOTS.);
#5302 = CARTESIAN_POINT('',(6.062459836161,6.65181033516,0.));
#5303 = CARTESIAN_POINT('',(5.39799679277,7.201501970093,0.));
#5304 = VECTOR('',#5305,1.);
#5305 = DIRECTION('',(-0.,-0.,-1.));
#5306 = ADVANCED_FACE('',(#5307),#5318,.F.);
#5307 = FACE_BOUND('',#5308,.F.);
#5308 = EDGE_LOOP('',(#5309,#5315,#5316,#5317));
#5309 = ORIENTED_EDGE('',*,*,#5310,.T.);
#5310 = EDGE_CURVE('',#1942,#3998,#5311,.T.);
#5311 = LINE('',#5312,#5313);
#5312 = CARTESIAN_POINT('',(5.636064170213,-7.519109177635,0.));
#5313 = VECTOR('',#5314,1.);
#5314 = DIRECTION('',(0.,0.,1.));
#5315 = ORIENTED_EDGE('',*,*,#4024,.T.);
#5316 = ORIENTED_EDGE('',*,*,#5274,.F.);
#5317 = ORIENTED_EDGE('',*,*,#1968,.F.);
#5318 = SURFACE_OF_LINEAR_EXTRUSION('',#5319,#5322);
#5319 = B_SPLINE_CURVE_WITH_KNOTS('',1,(#5320,#5321),.UNSPECIFIED.,.F.,
  .F.,(2,2),(0.,0.396926207859),.PIECEWISE_BEZIER_KNOTS.);
#5320 = CARTESIAN_POINT('',(5.636064170213,-7.519109177635,0.));
#5321 = CARTESIAN_POINT('',(5.39799679277,-7.201501970092,0.));
#5322 = VECTOR('',#5323,1.);
#5323 = DIRECTION('',(-0.,-0.,-1.));
#5324 = ADVANCED_FACE('',(#5325),#5336,.F.);
#5325 = FACE_BOUND('',#5326,.F.);
#5326 = EDGE_LOOP('',(#5327,#5328,#5329,#5335));
#5327 = ORIENTED_EDGE('',*,*,#5294,.T.);
#5328 = ORIENTED_EDGE('',*,*,#2562,.T.);
#5329 = ORIENTED_EDGE('',*,*,#5330,.F.);
#5330 = EDGE_CURVE('',#507,#2563,#5331,.T.);
#5331 = LINE('',#5332,#5333);
#5332 = CARTESIAN_POINT('',(5.636064170213,7.519109177635,0.));
#5333 = VECTOR('',#5334,1.);
#5334 = DIRECTION('',(0.,0.,1.));
#5335 = ORIENTED_EDGE('',*,*,#506,.F.);
#5336 = SURFACE_OF_LINEAR_EXTRUSION('',#5337,#5340);
#5337 = B_SPLINE_CURVE_WITH_KNOTS('',1,(#5338,#5339),.UNSPECIFIED.,.F.,
  .F.,(2,2),(0.,0.396926207859),.PIECEWISE_BEZIER_KNOTS.);
#5338 = CARTESIAN_POINT('',(5.39799679277,7.201501970093,0.));
#5339 = CARTESIAN_POINT('',(5.636064170213,7.519109177635,0.));
#5340 = VECTOR('',#5341,1.);
#5341 = DIRECTION('',(-0.,-0.,-1.));
#5342 = ADVANCED_FACE('',(#5343),#5354,.F.);
#5343 = FACE_BOUND('',#5344,.F.);
#5344 = EDGE_LOOP('',(#5345,#5351,#5352,#5353));
#5345 = ORIENTED_EDGE('',*,*,#5346,.T.);
#5346 = EDGE_CURVE('',#1935,#3991,#5347,.T.);
#5347 = LINE('',#5348,#5349);
#5348 = CARTESIAN_POINT('',(6.027949612493,-8.961240063141,0.));
#5349 = VECTOR('',#5350,1.);
#5350 = DIRECTION('',(0.,0.,1.));
#5351 = ORIENTED_EDGE('',*,*,#3997,.T.);
#5352 = ORIENTED_EDGE('',*,*,#5310,.F.);
#5353 = ORIENTED_EDGE('',*,*,#1941,.F.);
#5354 = SURFACE_OF_LINEAR_EXTRUSION('',#5355,#5378);
#5355 = B_SPLINE_CURVE_WITH_KNOTS('',3,(#5356,#5357,#5358,#5359,#5360,
    #5361,#5362,#5363,#5364,#5365,#5366,#5367,#5368,#5369,#5370,#5371,
    #5372,#5373,#5374,#5375,#5376,#5377),.UNSPECIFIED.,.F.,.F.,(4,1,1,1,
    1,1,1,1,1,1,1,1,1,1,1,1,1,1,1,4),(0.,0.154535555886,0.300717838635,
    0.438546848258,0.568022584766,0.689145048173,0.801914238496,
    0.906330155756,1.002392799979,1.090102171201,1.169458269465,
    1.240461094832,1.303110647389,1.357406927258,1.403349934633,
    1.440939669834,1.470176133456,1.491059326809,1.503589253823,
    1.507765942),.UNSPECIFIED.);
#5356 = CARTESIAN_POINT('',(6.027949612493,-8.961240063141,0.));
#5357 = CARTESIAN_POINT('',(6.023997849354,-8.909880226366,0.));
#5358 = CARTESIAN_POINT('',(6.014868723485,-8.810039624979,0.));
#5359 = CARTESIAN_POINT('',(5.997215891451,-8.664906416799,0.));
#5360 = CARTESIAN_POINT('',(5.976505362203,-8.528621413256,0.));
#5361 = CARTESIAN_POINT('',(5.953245282793,-8.401232710809,0.));
#5362 = CARTESIAN_POINT('',(5.927946956788,-8.282763347414,0.));
#5363 = CARTESIAN_POINT('',(5.901119788725,-8.173214478472,0.));
#5364 = CARTESIAN_POINT('',(5.873271414828,-8.072564707939,0.));
#5365 = CARTESIAN_POINT('',(5.844906576447,-7.980770396437,0.));
#5366 = CARTESIAN_POINT('',(5.816526297286,-7.897765779072,0.));
#5367 = CARTESIAN_POINT('',(5.788627020842,-7.823463150477,0.));
#5368 = CARTESIAN_POINT('',(5.76169968522,-7.757753135313,0.));
#5369 = CARTESIAN_POINT('',(5.736229079636,-7.700504785297,0.));
#5370 = CARTESIAN_POINT('',(5.712692348101,-7.651566357826,0.));
#5371 = CARTESIAN_POINT('',(5.691560102677,-7.61076416856,0.));
#5372 = CARTESIAN_POINT('',(5.673289926219,-7.577907216573,0.));
#5373 = CARTESIAN_POINT('',(5.658341043902,-7.552775904168,0.));
#5374 = CARTESIAN_POINT('',(5.647133684975,-7.535152458159,0.));
#5375 = CARTESIAN_POINT('',(5.640136255057,-7.524755106775,0.));
#5376 = CARTESIAN_POINT('',(5.636885928046,-7.520233176328,0.));
#5377 = CARTESIAN_POINT('',(5.636064170213,-7.519109177635,0.));
#5378 = VECTOR('',#5379,1.);
#5379 = DIRECTION('',(-0.,-0.,-1.));
#5380 = ADVANCED_FACE('',(#5381),#5392,.F.);
#5381 = FACE_BOUND('',#5382,.F.);
#5382 = EDGE_LOOP('',(#5383,#5384,#5385,#5391));
#5383 = ORIENTED_EDGE('',*,*,#5330,.T.);
#5384 = ORIENTED_EDGE('',*,*,#2569,.T.);
#5385 = ORIENTED_EDGE('',*,*,#5386,.F.);
#5386 = EDGE_CURVE('',#514,#2570,#5387,.T.);
#5387 = LINE('',#5388,#5389);
#5388 = CARTESIAN_POINT('',(6.027949612493,8.961240063141,0.));
#5389 = VECTOR('',#5390,1.);
#5390 = DIRECTION('',(0.,0.,1.));
#5391 = ORIENTED_EDGE('',*,*,#513,.F.);
#5392 = SURFACE_OF_LINEAR_EXTRUSION('',#5393,#5416);
#5393 = B_SPLINE_CURVE_WITH_KNOTS('',3,(#5394,#5395,#5396,#5397,#5398,
    #5399,#5400,#5401,#5402,#5403,#5404,#5405,#5406,#5407,#5408,#5409,
    #5410,#5411,#5412,#5413,#5414,#5415),.UNSPECIFIED.,.F.,.F.,(4,1,1,1,
    1,1,1,1,1,1,1,1,1,1,1,1,1,1,1,4),(0.,4.176688177199E-03,
    1.670661519072E-02,3.758980854408E-02,6.682627216637E-02,
    0.104416007367,0.150359014742,0.204655294612,0.267304847168,
    0.338307672535,0.417663770799,0.505373142021,0.601435786244,
    0.705851703504,0.818620893827,0.939743357234,1.069219093742,
    1.207048103365,1.353230386115,1.507765942),.UNSPECIFIED.);
#5394 = CARTESIAN_POINT('',(5.636064170213,7.519109177635,0.));
#5395 = CARTESIAN_POINT('',(5.636885928046,7.520233176329,0.));
#5396 = CARTESIAN_POINT('',(5.640136255057,7.524755106775,0.));
#5397 = CARTESIAN_POINT('',(5.647133684975,7.535152458159,0.));
#5398 = CARTESIAN_POINT('',(5.658341043902,7.552775904168,0.));
#5399 = CARTESIAN_POINT('',(5.673289926219,7.577907216573,0.));
#5400 = CARTESIAN_POINT('',(5.691560102677,7.61076416856,0.));
#5401 = CARTESIAN_POINT('',(5.712692348101,7.651566357826,0.));
#5402 = CARTESIAN_POINT('',(5.736229079636,7.700504785297,0.));
#5403 = CARTESIAN_POINT('',(5.76169968522,7.757753135313,0.));
#5404 = CARTESIAN_POINT('',(5.788627020842,7.823463150477,0.));
#5405 = CARTESIAN_POINT('',(5.816526297286,7.897765779072,0.));
#5406 = CARTESIAN_POINT('',(5.844906576447,7.980770396437,0.));
#5407 = CARTESIAN_POINT('',(5.873271414828,8.072564707939,0.));
#5408 = CARTESIAN_POINT('',(5.901119788725,8.173214478472,0.));
#5409 = CARTESIAN_POINT('',(5.927946956788,8.282763347414,0.));
#5410 = CARTESIAN_POINT('',(5.953245282793,8.401232710809,0.));
#5411 = CARTESIAN_POINT('',(5.976505362203,8.528621413256,0.));
#5412 = CARTESIAN_POINT('',(5.997215891451,8.664906416799,0.));
#5413 = CARTESIAN_POINT('',(6.014868723485,8.810039624979,0.));
#5414 = CARTESIAN_POINT('',(6.023997849354,8.909880226366,0.));
#5415 = CARTESIAN_POINT('',(6.027949612493,8.961240063141,0.));
#5416 = VECTOR('',#5417,1.);
#5417 = DIRECTION('',(-0.,-0.,-1.));
#5418 = ADVANCED_FACE('',(#5419),#5430,.F.);
#5419 = FACE_BOUND('',#5420,.F.);
#5420 = EDGE_LOOP('',(#5421,#5427,#5428,#5429));
#5421 = ORIENTED_EDGE('',*,*,#5422,.T.);
#5422 = EDGE_CURVE('',#1908,#3964,#5423,.T.);
#5423 = LINE('',#5424,#5425);
#5424 = CARTESIAN_POINT('',(5.541796317175,-9.269762325915,0.));
#5425 = VECTOR('',#5426,1.);
#5426 = DIRECTION('',(0.,0.,1.));
#5427 = ORIENTED_EDGE('',*,*,#3990,.T.);
#5428 = ORIENTED_EDGE('',*,*,#5346,.F.);
#5429 = ORIENTED_EDGE('',*,*,#1934,.F.);
#5430 = SURFACE_OF_LINEAR_EXTRUSION('',#5431,#5434);
#5431 = B_SPLINE_CURVE_WITH_KNOTS('',1,(#5432,#5433),.UNSPECIFIED.,.F.,
  .F.,(2,2),(0.,0.575787298554),.PIECEWISE_BEZIER_KNOTS.);
#5432 = CARTESIAN_POINT('',(5.541796317175,-9.269762325915,0.));
#5433 = CARTESIAN_POINT('',(6.027949612493,-8.961240063141,0.));
#5434 = VECTOR('',#5435,1.);
#5435 = DIRECTION('',(-0.,-0.,-1.));
#5436 = ADVANCED_FACE('',(#5437),#5448,.F.);
#5437 = FACE_BOUND('',#5438,.F.);
#5438 = EDGE_LOOP('',(#5439,#5440,#5441,#5447));
#5439 = ORIENTED_EDGE('',*,*,#5386,.T.);
#5440 = ORIENTED_EDGE('',*,*,#2596,.T.);
#5441 = ORIENTED_EDGE('',*,*,#5442,.F.);
#5442 = EDGE_CURVE('',#541,#2597,#5443,.T.);
#5443 = LINE('',#5444,#5445);
#5444 = CARTESIAN_POINT('',(5.541796317175,9.269762325915,0.));
#5445 = VECTOR('',#5446,1.);
#5446 = DIRECTION('',(0.,0.,1.));
#5447 = ORIENTED_EDGE('',*,*,#540,.F.);
#5448 = SURFACE_OF_LINEAR_EXTRUSION('',#5449,#5452);
#5449 = B_SPLINE_CURVE_WITH_KNOTS('',1,(#5450,#5451),.UNSPECIFIED.,.F.,
  .F.,(2,2),(0.,0.575787298554),.PIECEWISE_BEZIER_KNOTS.);
#5450 = CARTESIAN_POINT('',(6.027949612493,8.961240063141,0.));
#5451 = CARTESIAN_POINT('',(5.541796317175,9.269762325915,0.));
#5452 = VECTOR('',#5453,1.);
#5453 = DIRECTION('',(-0.,-0.,-1.));
#5454 = ADVANCED_FACE('',(#5455),#5466,.F.);
#5455 = FACE_BOUND('',#5456,.F.);
#5456 = EDGE_LOOP('',(#5457,#5463,#5464,#5465));
#5457 = ORIENTED_EDGE('',*,*,#5458,.T.);
#5458 = EDGE_CURVE('',#1901,#3957,#5459,.T.);
#5459 = LINE('',#5460,#5461);
#5460 = CARTESIAN_POINT('',(4.403773984761,-8.301144309497,0.));
#5461 = VECTOR('',#5462,1.);
#5462 = DIRECTION('',(0.,0.,1.));
#5463 = ORIENTED_EDGE('',*,*,#3963,.T.);
#5464 = ORIENTED_EDGE('',*,*,#5422,.F.);
#5465 = ORIENTED_EDGE('',*,*,#1907,.F.);
#5466 = SURFACE_OF_LINEAR_EXTRUSION('',#5467,#5490);
#5467 = B_SPLINE_CURVE_WITH_KNOTS('',3,(#5468,#5469,#5470,#5471,#5472,
    #5473,#5474,#5475,#5476,#5477,#5478,#5479,#5480,#5481,#5482,#5483,
    #5484,#5485,#5486,#5487,#5488,#5489),.UNSPECIFIED.,.F.,.F.,(4,1,1,1,
    1,1,1,1,1,1,1,1,1,1,1,1,1,1,1,4),(0.,4.176688177199E-03,
    1.670661519072E-02,3.758980854408E-02,6.682627216637E-02,
    0.104416007367,0.150359014742,0.204655294612,0.267304847168,
    0.338307672535,0.417663770799,0.505373142021,0.601435786244,
    0.705851703504,0.818620893827,0.939743357234,1.069219093742,
    1.207048103365,1.353230386115,1.507765942),.UNSPECIFIED.);
#5468 = CARTESIAN_POINT('',(4.403773984761,-8.301144309497,0.));
#5469 = CARTESIAN_POINT('',(4.404441121718,-8.302366433583,0.));
#5470 = CARTESIAN_POINT('',(4.407148764783,-8.307232761733,0.));
#5471 = CARTESIAN_POINT('',(4.413577208836,-8.317991202528,0.));
#5472 = CARTESIAN_POINT('',(4.424751518198,-8.335635622428,0.));
#5473 = CARTESIAN_POINT('',(4.441126085004,-8.359862167944,0.));
#5474 = CARTESIAN_POINT('',(4.463076881234,-8.390383327597,0.));
#5475 = CARTESIAN_POINT('',(4.490998133396,-8.426877082176,0.));
#5476 = CARTESIAN_POINT('',(4.525257493598,-8.469010722574,0.));
#5477 = CARTESIAN_POINT('',(4.566212493001,-8.516432377462,0.));
#5478 = CARTESIAN_POINT('',(4.614203590454,-8.56877492289,0.));
#5479 = CARTESIAN_POINT('',(4.669555684717,-8.625655463525,0.));
#5480 = CARTESIAN_POINT('',(4.732576772832,-8.686676355044,0.));
#5481 = CARTESIAN_POINT('',(4.803557588351,-8.751425745072,0.));
#5482 = CARTESIAN_POINT('',(4.882770962645,-8.819478295134,0.));
#5483 = CARTESIAN_POINT('',(4.970471290218,-8.890395882349,0.));
#5484 = CARTESIAN_POINT('',(5.066894071782,-8.963728293718,0.));
#5485 = CARTESIAN_POINT('',(5.172255155801,-9.039014114292,0.));
#5486 = CARTESIAN_POINT('',(5.286751399382,-9.115780893686,0.));
#5487 = CARTESIAN_POINT('',(5.410555642036,-9.193548368224,0.));
#5488 = CARTESIAN_POINT('',(5.49700712636,-9.244318708804,0.));
#5489 = CARTESIAN_POINT('',(5.541796317175,-9.269762325915,0.));
#5490 = VECTOR('',#5491,1.);
#5491 = DIRECTION('',(-0.,-0.,-1.));
#5492 = ADVANCED_FACE('',(#5493),#5504,.F.);
#5493 = FACE_BOUND('',#5494,.F.);
#5494 = EDGE_LOOP('',(#5495,#5496,#5497,#5503));
#5495 = ORIENTED_EDGE('',*,*,#5442,.T.);
#5496 = ORIENTED_EDGE('',*,*,#2603,.T.);
#5497 = ORIENTED_EDGE('',*,*,#5498,.F.);
#5498 = EDGE_CURVE('',#548,#2604,#5499,.T.);
#5499 = LINE('',#5500,#5501);
#5500 = CARTESIAN_POINT('',(4.403773984761,8.301144309497,0.));
#5501 = VECTOR('',#5502,1.);
#5502 = DIRECTION('',(0.,0.,1.));
#5503 = ORIENTED_EDGE('',*,*,#547,.F.);
#5504 = SURFACE_OF_LINEAR_EXTRUSION('',#5505,#5528);
#5505 = B_SPLINE_CURVE_WITH_KNOTS('',3,(#5506,#5507,#5508,#5509,#5510,
    #5511,#5512,#5513,#5514,#5515,#5516,#5517,#5518,#5519,#5520,#5521,
    #5522,#5523,#5524,#5525,#5526,#5527),.UNSPECIFIED.,.F.,.F.,(4,1,1,1,
    1,1,1,1,1,1,1,1,1,1,1,1,1,1,1,4),(0.,0.154535555886,0.300717838635,
    0.438546848258,0.568022584766,0.689145048173,0.801914238496,
    0.906330155756,1.002392799979,1.090102171201,1.169458269465,
    1.240461094832,1.303110647389,1.357406927258,1.403349934633,
    1.440939669834,1.470176133456,1.491059326809,1.503589253823,
    1.507765942),.UNSPECIFIED.);
#5506 = CARTESIAN_POINT('',(5.541796317175,9.269762325915,0.));
#5507 = CARTESIAN_POINT('',(5.49700712636,9.244318708804,0.));
#5508 = CARTESIAN_POINT('',(5.410555642036,9.193548368224,0.));
#5509 = CARTESIAN_POINT('',(5.286751399382,9.115780893686,0.));
#5510 = CARTESIAN_POINT('',(5.172255155801,9.039014114292,0.));
#5511 = CARTESIAN_POINT('',(5.066894071782,8.963728293718,0.));
#5512 = CARTESIAN_POINT('',(4.970471290218,8.890395882349,0.));
#5513 = CARTESIAN_POINT('',(4.882770962645,8.819478295134,0.));
#5514 = CARTESIAN_POINT('',(4.803557588351,8.751425745072,0.));
#5515 = CARTESIAN_POINT('',(4.732576772832,8.686676355044,0.));
#5516 = CARTESIAN_POINT('',(4.669555684717,8.625655463525,0.));
#5517 = CARTESIAN_POINT('',(4.614203590454,8.56877492289,0.));
#5518 = CARTESIAN_POINT('',(4.566212493001,8.516432377462,0.));
#5519 = CARTESIAN_POINT('',(4.525257493598,8.469010722574,0.));
#5520 = CARTESIAN_POINT('',(4.490998133396,8.426877082176,0.));
#5521 = CARTESIAN_POINT('',(4.463076881234,8.390383327597,0.));
#5522 = CARTESIAN_POINT('',(4.441126085004,8.359862167944,0.));
#5523 = CARTESIAN_POINT('',(4.424751518198,8.335635622428,0.));
#5524 = CARTESIAN_POINT('',(4.413577208836,8.317991202528,0.));
#5525 = CARTESIAN_POINT('',(4.407148764783,8.307232761733,0.));
#5526 = CARTESIAN_POINT('',(4.404441121718,8.302366433583,0.));
#5527 = CARTESIAN_POINT('',(4.403773984761,8.301144309497,0.));
#5528 = VECTOR('',#5529,1.);
#5529 = DIRECTION('',(-0.,-0.,-1.));
#5530 = ADVANCED_FACE('',(#5531),#5542,.F.);
#5531 = FACE_BOUND('',#5532,.F.);
#5532 = EDGE_LOOP('',(#5533,#5539,#5540,#5541));
#5533 = ORIENTED_EDGE('',*,*,#5534,.T.);
#5534 = EDGE_CURVE('',#1894,#3950,#5535,.T.);
#5535 = LINE('',#5536,#5537);
#5536 = CARTESIAN_POINT('',(4.217758550631,-7.950503934253,0.));
#5537 = VECTOR('',#5538,1.);
#5538 = DIRECTION('',(0.,0.,1.));
#5539 = ORIENTED_EDGE('',*,*,#3956,.T.);
#5540 = ORIENTED_EDGE('',*,*,#5458,.F.);
#5541 = ORIENTED_EDGE('',*,*,#1900,.F.);
#5542 = SURFACE_OF_LINEAR_EXTRUSION('',#5543,#5546);
#5543 = B_SPLINE_CURVE_WITH_KNOTS('',1,(#5544,#5545),.UNSPECIFIED.,.F.,
  .F.,(2,2),(0.,0.396926207859),.PIECEWISE_BEZIER_KNOTS.);
#5544 = CARTESIAN_POINT('',(4.217758550631,-7.950503934253,0.));
#5545 = CARTESIAN_POINT('',(4.403773984761,-8.301144309497,0.));
#5546 = VECTOR('',#5547,1.);
#5547 = DIRECTION('',(-0.,-0.,-1.));
#5548 = ADVANCED_FACE('',(#5549),#5560,.F.);
#5549 = FACE_BOUND('',#5550,.F.);
#5550 = EDGE_LOOP('',(#5551,#5552,#5553,#5559));
#5551 = ORIENTED_EDGE('',*,*,#5498,.T.);
#5552 = ORIENTED_EDGE('',*,*,#2630,.T.);
#5553 = ORIENTED_EDGE('',*,*,#5554,.F.);
#5554 = EDGE_CURVE('',#575,#2631,#5555,.T.);
#5555 = LINE('',#5556,#5557);
#5556 = CARTESIAN_POINT('',(4.217758550631,7.950503934253,0.));
#5557 = VECTOR('',#5558,1.);
#5558 = DIRECTION('',(0.,0.,1.));
#5559 = ORIENTED_EDGE('',*,*,#574,.F.);
#5560 = SURFACE_OF_LINEAR_EXTRUSION('',#5561,#5564);
#5561 = B_SPLINE_CURVE_WITH_KNOTS('',1,(#5562,#5563),.UNSPECIFIED.,.F.,
  .F.,(2,2),(0.,0.396926207859),.PIECEWISE_BEZIER_KNOTS.);
#5562 = CARTESIAN_POINT('',(4.403773984761,8.301144309497,0.));
#5563 = CARTESIAN_POINT('',(4.217758550631,7.950503934253,0.));
#5564 = VECTOR('',#5565,1.);
#5565 = DIRECTION('',(-0.,-0.,-1.));
#5566 = ADVANCED_FACE('',(#5567),#5578,.F.);
#5567 = FACE_BOUND('',#5568,.F.);
#5568 = EDGE_LOOP('',(#5569,#5575,#5576,#5577));
#5569 = ORIENTED_EDGE('',*,*,#5570,.T.);
#5570 = EDGE_CURVE('',#1887,#3943,#5571,.T.);
#5571 = LINE('',#5572,#5573);
#5572 = CARTESIAN_POINT('',(3.437468084943,-8.317680756376,0.));
#5573 = VECTOR('',#5574,1.);
#5574 = DIRECTION('',(0.,0.,1.));
#5575 = ORIENTED_EDGE('',*,*,#3949,.T.);
#5576 = ORIENTED_EDGE('',*,*,#5534,.F.);
#5577 = ORIENTED_EDGE('',*,*,#1893,.F.);
#5578 = SURFACE_OF_LINEAR_EXTRUSION('',#5579,#5582);
#5579 = B_SPLINE_CURVE_WITH_KNOTS('',1,(#5580,#5581),.UNSPECIFIED.,.F.,
  .F.,(2,2),(0.,0.862364209338),.PIECEWISE_BEZIER_KNOTS.);
#5580 = CARTESIAN_POINT('',(3.437468084943,-8.317680756376,0.));
#5581 = CARTESIAN_POINT('',(4.217758550631,-7.950503934253,0.));
#5582 = VECTOR('',#5583,1.);
#5583 = DIRECTION('',(-0.,-0.,-1.));
#5584 = ADVANCED_FACE('',(#5585),#5596,.F.);
#5585 = FACE_BOUND('',#5586,.F.);
#5586 = EDGE_LOOP('',(#5587,#5588,#5589,#5595));
#5587 = ORIENTED_EDGE('',*,*,#5554,.T.);
#5588 = ORIENTED_EDGE('',*,*,#2637,.T.);
#5589 = ORIENTED_EDGE('',*,*,#5590,.F.);
#5590 = EDGE_CURVE('',#582,#2638,#5591,.T.);
#5591 = LINE('',#5592,#5593);
#5592 = CARTESIAN_POINT('',(3.437468084943,8.317680756376,0.));
#5593 = VECTOR('',#5594,1.);
#5594 = DIRECTION('',(0.,0.,1.));
#5595 = ORIENTED_EDGE('',*,*,#581,.F.);
#5596 = SURFACE_OF_LINEAR_EXTRUSION('',#5597,#5600);
#5597 = B_SPLINE_CURVE_WITH_KNOTS('',1,(#5598,#5599),.UNSPECIFIED.,.F.,
  .F.,(2,2),(0.,0.862364209338),.PIECEWISE_BEZIER_KNOTS.);
#5598 = CARTESIAN_POINT('',(4.217758550631,7.950503934253,0.));
#5599 = CARTESIAN_POINT('',(3.437468084943,8.317680756376,0.));
#5600 = VECTOR('',#5601,1.);
#5601 = DIRECTION('',(-0.,-0.,-1.));
#5602 = ADVANCED_FACE('',(#5603),#5614,.F.);
#5603 = FACE_BOUND('',#5604,.F.);
#5604 = EDGE_LOOP('',(#5605,#5611,#5612,#5613));
#5605 = ORIENTED_EDGE('',*,*,#5606,.T.);
#5606 = EDGE_CURVE('',#1860,#3916,#5607,.T.);
#5607 = LINE('',#5608,#5609);
#5608 = CARTESIAN_POINT('',(3.589070437343,-8.684514698689,0.));
#5609 = VECTOR('',#5610,1.);
#5610 = DIRECTION('',(0.,0.,1.));
#5611 = ORIENTED_EDGE('',*,*,#3942,.T.);
#5612 = ORIENTED_EDGE('',*,*,#5570,.F.);
#5613 = ORIENTED_EDGE('',*,*,#1886,.F.);
#5614 = SURFACE_OF_LINEAR_EXTRUSION('',#5615,#5618);
#5615 = B_SPLINE_CURVE_WITH_KNOTS('',1,(#5616,#5617),.UNSPECIFIED.,.F.,
  .F.,(2,2),(0.,0.396926207859),.PIECEWISE_BEZIER_KNOTS.);
#5616 = CARTESIAN_POINT('',(3.589070437343,-8.684514698689,0.));
#5617 = CARTESIAN_POINT('',(3.437468084943,-8.317680756376,0.));
#5618 = VECTOR('',#5619,1.);
#5619 = DIRECTION('',(-0.,-0.,-1.));
#5620 = ADVANCED_FACE('',(#5621),#5632,.F.);
#5621 = FACE_BOUND('',#5622,.F.);
#5622 = EDGE_LOOP('',(#5623,#5624,#5625,#5631));
#5623 = ORIENTED_EDGE('',*,*,#5590,.T.);
#5624 = ORIENTED_EDGE('',*,*,#2644,.T.);
#5625 = ORIENTED_EDGE('',*,*,#5626,.F.);
#5626 = EDGE_CURVE('',#589,#2645,#5627,.T.);
#5627 = LINE('',#5628,#5629);
#5628 = CARTESIAN_POINT('',(3.589070437343,8.684514698689,0.));
#5629 = VECTOR('',#5630,1.);
#5630 = DIRECTION('',(0.,0.,1.));
#5631 = ORIENTED_EDGE('',*,*,#588,.F.);
#5632 = SURFACE_OF_LINEAR_EXTRUSION('',#5633,#5636);
#5633 = B_SPLINE_CURVE_WITH_KNOTS('',1,(#5634,#5635),.UNSPECIFIED.,.F.,
  .F.,(2,2),(0.,0.396926207859),.PIECEWISE_BEZIER_KNOTS.);
#5634 = CARTESIAN_POINT('',(3.437468084943,8.317680756376,0.));
#5635 = CARTESIAN_POINT('',(3.589070437343,8.684514698689,0.));
#5636 = VECTOR('',#5637,1.);
#5637 = DIRECTION('',(-0.,-0.,-1.));
#5638 = ADVANCED_FACE('',(#5639),#5650,.F.);
#5639 = FACE_BOUND('',#5640,.F.);
#5640 = EDGE_LOOP('',(#5641,#5647,#5648,#5649));
#5641 = ORIENTED_EDGE('',*,*,#5642,.T.);
#5642 = EDGE_CURVE('',#1853,#3909,#5643,.T.);
#5643 = LINE('',#5644,#5645);
#5644 = CARTESIAN_POINT('',(3.610000710633,-10.17879633695,0.));
#5645 = VECTOR('',#5646,1.);
#5646 = DIRECTION('',(0.,0.,1.));
#5647 = ORIENTED_EDGE('',*,*,#3915,.T.);
#5648 = ORIENTED_EDGE('',*,*,#5606,.F.);
#5649 = ORIENTED_EDGE('',*,*,#1859,.F.);
#5650 = SURFACE_OF_LINEAR_EXTRUSION('',#5651,#5674);
#5651 = B_SPLINE_CURVE_WITH_KNOTS('',3,(#5652,#5653,#5654,#5655,#5656,
    #5657,#5658,#5659,#5660,#5661,#5662,#5663,#5664,#5665,#5666,#5667,
    #5668,#5669,#5670,#5671,#5672,#5673),.UNSPECIFIED.,.F.,.F.,(4,1,1,1,
    1,1,1,1,1,1,1,1,1,1,1,1,1,1,1,4),(0.,0.154535555886,0.300717838635,
    0.438546848258,0.568022584766,0.689145048173,0.801914238496,
    0.906330155756,1.002392799979,1.090102171201,1.169458269465,
    1.240461094832,1.303110647389,1.357406927258,1.403349934633,
    1.440939669834,1.470176133456,1.491059326809,1.503589253823,
    1.507765942),.UNSPECIFIED.);
#5652 = CARTESIAN_POINT('',(3.610000710633,-10.17879633695,0.));
#5653 = CARTESIAN_POINT('',(3.618945771412,-10.12806730036,0.));
#5654 = CARTESIAN_POINT('',(3.634932801713,-10.02909305378,0.));
#5655 = CARTESIAN_POINT('',(3.653927727024,-9.884129391415,0.));
#5656 = CARTESIAN_POINT('',(3.66776055929,-9.746975532687,0.));
#5657 = CARTESIAN_POINT('',(3.676911520084,-9.617804434055,0.));
#5658 = CARTESIAN_POINT('',(3.681870120127,-9.496765565722,0.));
#5659 = CARTESIAN_POINT('',(3.683129472736,-9.383986730545,0.));
#5660 = CARTESIAN_POINT('',(3.681186586793,-9.279573448673,0.));
#5661 = CARTESIAN_POINT('',(3.676541198938,-9.183608975808,0.));
#5662 = CARTESIAN_POINT('',(3.669694947361,-9.096154212711,0.));
#5663 = CARTESIAN_POINT('',(3.661150490312,-9.017247669915,0.));
#5664 = CARTESIAN_POINT('',(3.65141054271,-8.946905499652,0.));
#5665 = CARTESIAN_POINT('',(3.640977228744,-8.885121429795,0.));
#5666 = CARTESIAN_POINT('',(3.630350438917,-8.831867145905,0.));
#5667 = CARTESIAN_POINT('',(3.620029193687,-8.787091456715,0.));
#5668 = CARTESIAN_POINT('',(3.610504200101,-8.750723158173,0.));
#5669 = CARTESIAN_POINT('',(3.602274867658,-8.722663756304,0.));
#5670 = CARTESIAN_POINT('',(3.59580238132,-8.702806826431,0.));
#5671 = CARTESIAN_POINT('',(3.591610504672,-8.690995936903,0.));
#5672 = CARTESIAN_POINT('',(3.589586851034,-8.68580774776,0.));
#5673 = CARTESIAN_POINT('',(3.589070437343,-8.684514698689,0.));
#5674 = VECTOR('',#5675,1.);
#5675 = DIRECTION('',(-0.,-0.,-1.));
#5676 = ADVANCED_FACE('',(#5677),#5688,.F.);
#5677 = FACE_BOUND('',#5678,.F.);
#5678 = EDGE_LOOP('',(#5679,#5680,#5681,#5687));
#5679 = ORIENTED_EDGE('',*,*,#5626,.T.);
#5680 = ORIENTED_EDGE('',*,*,#2651,.T.);
#5681 = ORIENTED_EDGE('',*,*,#5682,.F.);
#5682 = EDGE_CURVE('',#596,#2652,#5683,.T.);
#5683 = LINE('',#5684,#5685);
#5684 = CARTESIAN_POINT('',(3.610000710633,10.178796336956,0.));
#5685 = VECTOR('',#5686,1.);
#5686 = DIRECTION('',(0.,0.,1.));
#5687 = ORIENTED_EDGE('',*,*,#595,.F.);
#5688 = SURFACE_OF_LINEAR_EXTRUSION('',#5689,#5712);
#5689 = B_SPLINE_CURVE_WITH_KNOTS('',3,(#5690,#5691,#5692,#5693,#5694,
    #5695,#5696,#5697,#5698,#5699,#5700,#5701,#5702,#5703,#5704,#5705,
    #5706,#5707,#5708,#5709,#5710,#5711),.UNSPECIFIED.,.F.,.F.,(4,1,1,1,
    1,1,1,1,1,1,1,1,1,1,1,1,1,1,1,4),(0.,4.176688177199E-03,
    1.670661519072E-02,3.758980854408E-02,6.682627216637E-02,
    0.104416007367,0.150359014742,0.204655294612,0.267304847168,
    0.338307672535,0.417663770799,0.505373142021,0.601435786244,
    0.705851703504,0.818620893827,0.939743357234,1.069219093742,
    1.207048103365,1.353230386115,1.507765942),.UNSPECIFIED.);
#5690 = CARTESIAN_POINT('',(3.589070437343,8.684514698689,0.));
#5691 = CARTESIAN_POINT('',(3.589586851034,8.68580774776,0.));
#5692 = CARTESIAN_POINT('',(3.591610504672,8.690995936903,0.));
#5693 = CARTESIAN_POINT('',(3.59580238132,8.702806826431,0.));
#5694 = CARTESIAN_POINT('',(3.602274867658,8.722663756304,0.));
#5695 = CARTESIAN_POINT('',(3.610504200101,8.750723158173,0.));
#5696 = CARTESIAN_POINT('',(3.620029193687,8.787091456715,0.));
#5697 = CARTESIAN_POINT('',(3.630350438917,8.831867145905,0.));
#5698 = CARTESIAN_POINT('',(3.640977228744,8.885121429795,0.));
#5699 = CARTESIAN_POINT('',(3.65141054271,8.946905499652,0.));
#5700 = CARTESIAN_POINT('',(3.661150490312,9.017247669915,0.));
#5701 = CARTESIAN_POINT('',(3.669694947361,9.096154212711,0.));
#5702 = CARTESIAN_POINT('',(3.676541198938,9.183608975808,0.));
#5703 = CARTESIAN_POINT('',(3.681186586793,9.279573448673,0.));
#5704 = CARTESIAN_POINT('',(3.683129472736,9.383986730545,0.));
#5705 = CARTESIAN_POINT('',(3.681870120127,9.496765565722,0.));
#5706 = CARTESIAN_POINT('',(3.676911520084,9.617804434055,0.));
#5707 = CARTESIAN_POINT('',(3.66776055929,9.746975532687,0.));
#5708 = CARTESIAN_POINT('',(3.653927727024,9.884129391415,0.));
#5709 = CARTESIAN_POINT('',(3.634932801713,10.029093053785,0.));
#5710 = CARTESIAN_POINT('',(3.618945771412,10.128067300368,0.));
#5711 = CARTESIAN_POINT('',(3.610000710633,10.178796336956,0.));
#5712 = VECTOR('',#5713,1.);
#5713 = DIRECTION('',(-0.,-0.,-1.));
#5714 = ADVANCED_FACE('',(#5715),#5726,.F.);
#5715 = FACE_BOUND('',#5716,.F.);
#5716 = EDGE_LOOP('',(#5717,#5723,#5724,#5725));
#5717 = ORIENTED_EDGE('',*,*,#5718,.T.);
#5718 = EDGE_CURVE('',#1826,#3882,#5719,.T.);
#5719 = LINE('',#5720,#5721);
#5720 = CARTESIAN_POINT('',(3.062394448343,-10.35672439735,0.));
#5721 = VECTOR('',#5722,1.);
#5722 = DIRECTION('',(0.,0.,1.));
#5723 = ORIENTED_EDGE('',*,*,#3908,.T.);
#5724 = ORIENTED_EDGE('',*,*,#5642,.F.);
#5725 = ORIENTED_EDGE('',*,*,#1852,.F.);
#5726 = SURFACE_OF_LINEAR_EXTRUSION('',#5727,#5730);
#5727 = B_SPLINE_CURVE_WITH_KNOTS('',1,(#5728,#5729),.UNSPECIFIED.,.F.,
  .F.,(2,2),(0.,0.575787298554),.PIECEWISE_BEZIER_KNOTS.);
#5728 = CARTESIAN_POINT('',(3.062394448343,-10.35672439735,0.));
#5729 = CARTESIAN_POINT('',(3.610000710633,-10.17879633695,0.));
#5730 = VECTOR('',#5731,1.);
#5731 = DIRECTION('',(-0.,-0.,-1.));
#5732 = ADVANCED_FACE('',(#5733),#5744,.F.);
#5733 = FACE_BOUND('',#5734,.F.);
#5734 = EDGE_LOOP('',(#5735,#5736,#5737,#5743));
#5735 = ORIENTED_EDGE('',*,*,#5682,.T.);
#5736 = ORIENTED_EDGE('',*,*,#2678,.T.);
#5737 = ORIENTED_EDGE('',*,*,#5738,.F.);
#5738 = EDGE_CURVE('',#623,#2679,#5739,.T.);
#5739 = LINE('',#5740,#5741);
#5740 = CARTESIAN_POINT('',(3.062394448343,10.356724397354,0.));
#5741 = VECTOR('',#5742,1.);
#5742 = DIRECTION('',(0.,0.,1.));
#5743 = ORIENTED_EDGE('',*,*,#622,.F.);
#5744 = SURFACE_OF_LINEAR_EXTRUSION('',#5745,#5748);
#5745 = B_SPLINE_CURVE_WITH_KNOTS('',1,(#5746,#5747),.UNSPECIFIED.,.F.,
  .F.,(2,2),(0.,0.575787298554),.PIECEWISE_BEZIER_KNOTS.);
#5746 = CARTESIAN_POINT('',(3.610000710633,10.178796336956,0.));
#5747 = CARTESIAN_POINT('',(3.062394448343,10.356724397354,0.));
#5748 = VECTOR('',#5749,1.);
#5749 = DIRECTION('',(-0.,-0.,-1.));
#5750 = ADVANCED_FACE('',(#5751),#5762,.F.);
#5751 = FACE_BOUND('',#5752,.F.);
#5752 = EDGE_LOOP('',(#5753,#5759,#5760,#5761));
#5753 = ORIENTED_EDGE('',*,*,#5754,.T.);
#5754 = EDGE_CURVE('',#1819,#3875,#5755,.T.);
#5755 = LINE('',#5756,#5757);
#5756 = CARTESIAN_POINT('',(2.201010685387,-9.135522651647,0.));
#5757 = VECTOR('',#5758,1.);
#5758 = DIRECTION('',(0.,0.,1.));
#5759 = ORIENTED_EDGE('',*,*,#3881,.T.);
#5760 = ORIENTED_EDGE('',*,*,#5718,.F.);
#5761 = ORIENTED_EDGE('',*,*,#1825,.F.);
#5762 = SURFACE_OF_LINEAR_EXTRUSION('',#5763,#5786);
#5763 = B_SPLINE_CURVE_WITH_KNOTS('',3,(#5764,#5765,#5766,#5767,#5768,
    #5769,#5770,#5771,#5772,#5773,#5774,#5775,#5776,#5777,#5778,#5779,
    #5780,#5781,#5782,#5783,#5784,#5785),.UNSPECIFIED.,.F.,.F.,(4,1,1,1,
    1,1,1,1,1,1,1,1,1,1,1,1,1,1,1,4),(0.,4.176688177199E-03,
    1.670661519072E-02,3.758980854408E-02,6.682627216637E-02,
    0.104416007367,0.150359014742,0.204655294612,0.267304847168,
    0.338307672535,0.417663770799,0.505373142021,0.601435786244,
    0.705851703504,0.818620893827,0.939743357234,1.069219093742,
    1.207048103365,1.353230386115,1.507765942),.UNSPECIFIED.);
#5764 = CARTESIAN_POINT('',(2.201010685387,-9.135522651647,0.));
#5765 = CARTESIAN_POINT('',(2.201352933109,-9.136872290672,0.));
#5766 = CARTESIAN_POINT('',(2.20276530399,-9.142259097623,0.));
#5767 = CARTESIAN_POINT('',(2.206316271225,-9.154278231243,0.));
#5768 = CARTESIAN_POINT('',(2.212751530316,-9.174147256981,0.));
#5769 = CARTESIAN_POINT('',(2.222586763124,-9.201684870192,0.));
#5770 = CARTESIAN_POINT('',(2.236257630976,-9.236706092527,0.));
#5771 = CARTESIAN_POINT('',(2.254226057949,-9.278997061748,0.));
#5772 = CARTESIAN_POINT('',(2.276930887076,-9.328326952778,0.));
#5773 = CARTESIAN_POINT('',(2.304805923858,-9.384443863356,0.));
#5774 = CARTESIAN_POINT('',(2.338272231018,-9.447076872078,0.));
#5775 = CARTESIAN_POINT('',(2.377739722223,-9.515935912009,0.));
#5776 = CARTESIAN_POINT('',(2.42360560834,-9.590712427305,0.));
#5777 = CARTESIAN_POINT('',(2.476253912515,-9.671079807181,0.));
#5778 = CARTESIAN_POINT('',(2.536054671996,-9.756693926358,0.));
#5779 = CARTESIAN_POINT('',(2.603363245746,-9.847193691731,0.));
#5780 = CARTESIAN_POINT('',(2.678519699209,-9.942201601215,0.));
#5781 = CARTESIAN_POINT('',(2.761847848805,-10.04132441539,0.));
#5782 = CARTESIAN_POINT('',(2.853655860644,-10.14415348314,0.));
#5783 = CARTESIAN_POINT('',(2.954230580887,-10.2502666126,0.));
#5784 = CARTESIAN_POINT('',(3.025339962588,-10.32094151945,0.));
#5785 = CARTESIAN_POINT('',(3.062394448343,-10.35672439735,0.));
#5786 = VECTOR('',#5787,1.);
#5787 = DIRECTION('',(-0.,-0.,-1.));
#5788 = ADVANCED_FACE('',(#5789),#5800,.F.);
#5789 = FACE_BOUND('',#5790,.F.);
#5790 = EDGE_LOOP('',(#5791,#5792,#5793,#5799));
#5791 = ORIENTED_EDGE('',*,*,#5738,.T.);
#5792 = ORIENTED_EDGE('',*,*,#2685,.T.);
#5793 = ORIENTED_EDGE('',*,*,#5794,.F.);
#5794 = EDGE_CURVE('',#630,#2686,#5795,.T.);
#5795 = LINE('',#5796,#5797);
#5796 = CARTESIAN_POINT('',(2.201010685387,9.135522651647,0.));
#5797 = VECTOR('',#5798,1.);
#5798 = DIRECTION('',(0.,0.,1.));
#5799 = ORIENTED_EDGE('',*,*,#629,.F.);
#5800 = SURFACE_OF_LINEAR_EXTRUSION('',#5801,#5824);
#5801 = B_SPLINE_CURVE_WITH_KNOTS('',3,(#5802,#5803,#5804,#5805,#5806,
    #5807,#5808,#5809,#5810,#5811,#5812,#5813,#5814,#5815,#5816,#5817,
    #5818,#5819,#5820,#5821,#5822,#5823),.UNSPECIFIED.,.F.,.F.,(4,1,1,1,
    1,1,1,1,1,1,1,1,1,1,1,1,1,1,1,4),(0.,0.154535555886,0.300717838635,
    0.438546848258,0.568022584766,0.689145048173,0.801914238496,
    0.906330155756,1.002392799979,1.090102171201,1.169458269465,
    1.240461094832,1.303110647389,1.357406927258,1.403349934633,
    1.440939669834,1.470176133456,1.491059326809,1.503589253823,
    1.507765942),.UNSPECIFIED.);
#5802 = CARTESIAN_POINT('',(3.062394448343,10.356724397354,0.));
#5803 = CARTESIAN_POINT('',(3.025339962588,10.320941519453,0.));
#5804 = CARTESIAN_POINT('',(2.954230580887,10.250266612601,0.));
#5805 = CARTESIAN_POINT('',(2.853655860644,10.144153483143,0.));
#5806 = CARTESIAN_POINT('',(2.761847848805,10.041324415391,0.));
#5807 = CARTESIAN_POINT('',(2.678519699209,9.942201601215,0.));
#5808 = CARTESIAN_POINT('',(2.603363245746,9.847193691731,0.));
#5809 = CARTESIAN_POINT('',(2.536054671996,9.756693926358,0.));
#5810 = CARTESIAN_POINT('',(2.476253912515,9.671079807181,0.));
#5811 = CARTESIAN_POINT('',(2.42360560834,9.590712427305,0.));
#5812 = CARTESIAN_POINT('',(2.377739722223,9.515935912009,0.));
#5813 = CARTESIAN_POINT('',(2.338272231018,9.447076872078,0.));
#5814 = CARTESIAN_POINT('',(2.304805923858,9.384443863356,0.));
#5815 = CARTESIAN_POINT('',(2.276930887076,9.328326952778,0.));
#5816 = CARTESIAN_POINT('',(2.254226057949,9.278997061748,0.));
#5817 = CARTESIAN_POINT('',(2.236257630976,9.236706092527,0.));
#5818 = CARTESIAN_POINT('',(2.222586763124,9.201684870192,0.));
#5819 = CARTESIAN_POINT('',(2.212751530316,9.174147256981,0.));
#5820 = CARTESIAN_POINT('',(2.206316271225,9.154278231243,0.));
#5821 = CARTESIAN_POINT('',(2.20276530399,9.142259097623,0.));
#5822 = CARTESIAN_POINT('',(2.201352933109,9.136872290672,0.));
#5823 = CARTESIAN_POINT('',(2.201010685387,9.135522651647,0.));
#5824 = VECTOR('',#5825,1.);
#5825 = DIRECTION('',(-0.,-0.,-1.));
#5826 = ADVANCED_FACE('',(#5827),#5838,.F.);
#5827 = FACE_BOUND('',#5828,.F.);
#5828 = EDGE_LOOP('',(#5829,#5835,#5836,#5837));
#5829 = ORIENTED_EDGE('',*,*,#5830,.T.);
#5830 = EDGE_CURVE('',#1812,#3868,#5831,.T.);
#5831 = LINE('',#5832,#5833);
#5832 = CARTESIAN_POINT('',(2.108039983534,-8.74963813125,0.));
#5833 = VECTOR('',#5834,1.);
#5834 = DIRECTION('',(0.,0.,1.));
#5835 = ORIENTED_EDGE('',*,*,#3874,.T.);
#5836 = ORIENTED_EDGE('',*,*,#5754,.F.);
#5837 = ORIENTED_EDGE('',*,*,#1818,.F.);
#5838 = SURFACE_OF_LINEAR_EXTRUSION('',#5839,#5842);
#5839 = B_SPLINE_CURVE_WITH_KNOTS('',1,(#5840,#5841),.UNSPECIFIED.,.F.,
  .F.,(2,2),(0.,0.396926207859),.PIECEWISE_BEZIER_KNOTS.);
#5840 = CARTESIAN_POINT('',(2.108039983534,-8.74963813125,0.));
#5841 = CARTESIAN_POINT('',(2.201010685387,-9.135522651647,0.));
#5842 = VECTOR('',#5843,1.);
#5843 = DIRECTION('',(-0.,-0.,-1.));
#5844 = ADVANCED_FACE('',(#5845),#5856,.F.);
#5845 = FACE_BOUND('',#5846,.F.);
#5846 = EDGE_LOOP('',(#5847,#5848,#5849,#5855));
#5847 = ORIENTED_EDGE('',*,*,#5794,.T.);
#5848 = ORIENTED_EDGE('',*,*,#2712,.T.);
#5849 = ORIENTED_EDGE('',*,*,#5850,.F.);
#5850 = EDGE_CURVE('',#657,#2713,#5851,.T.);
#5851 = LINE('',#5852,#5853);
#5852 = CARTESIAN_POINT('',(2.108039983534,8.74963813125,0.));
#5853 = VECTOR('',#5854,1.);
#5854 = DIRECTION('',(0.,0.,1.));
#5855 = ORIENTED_EDGE('',*,*,#656,.F.);
#5856 = SURFACE_OF_LINEAR_EXTRUSION('',#5857,#5860);
#5857 = B_SPLINE_CURVE_WITH_KNOTS('',1,(#5858,#5859),.UNSPECIFIED.,.F.,
  .F.,(2,2),(0.,0.396926207859),.PIECEWISE_BEZIER_KNOTS.);
#5858 = CARTESIAN_POINT('',(2.201010685387,9.135522651647,0.));
#5859 = CARTESIAN_POINT('',(2.108039983534,8.74963813125,0.));
#5860 = VECTOR('',#5861,1.);
#5861 = DIRECTION('',(-0.,-0.,-1.));
#5862 = ADVANCED_FACE('',(#5863),#5874,.F.);
#5863 = FACE_BOUND('',#5864,.F.);
#5864 = EDGE_LOOP('',(#5865,#5871,#5872,#5873));
#5865 = ORIENTED_EDGE('',*,*,#5866,.T.);
#5866 = EDGE_CURVE('',#1805,#3861,#5867,.T.);
#5867 = LINE('',#5868,#5869);
#5868 = CARTESIAN_POINT('',(1.260950615217,-8.911229070447,0.));
#5869 = VECTOR('',#5870,1.);
#5870 = DIRECTION('',(0.,0.,1.));
#5871 = ORIENTED_EDGE('',*,*,#3867,.T.);
#5872 = ORIENTED_EDGE('',*,*,#5830,.F.);
#5873 = ORIENTED_EDGE('',*,*,#1811,.F.);
#5874 = SURFACE_OF_LINEAR_EXTRUSION('',#5875,#5878);
#5875 = B_SPLINE_CURVE_WITH_KNOTS('',1,(#5876,#5877),.UNSPECIFIED.,.F.,
  .F.,(2,2),(0.,0.862364209338),.PIECEWISE_BEZIER_KNOTS.);
#5876 = CARTESIAN_POINT('',(1.260950615217,-8.911229070447,0.));
#5877 = CARTESIAN_POINT('',(2.108039983534,-8.74963813125,0.));
#5878 = VECTOR('',#5879,1.);
#5879 = DIRECTION('',(-0.,-0.,-1.));
#5880 = ADVANCED_FACE('',(#5881),#5892,.F.);
#5881 = FACE_BOUND('',#5882,.F.);
#5882 = EDGE_LOOP('',(#5883,#5884,#5885,#5891));
#5883 = ORIENTED_EDGE('',*,*,#5850,.T.);
#5884 = ORIENTED_EDGE('',*,*,#2719,.T.);
#5885 = ORIENTED_EDGE('',*,*,#5886,.F.);
#5886 = EDGE_CURVE('',#664,#2720,#5887,.T.);
#5887 = LINE('',#5888,#5889);
#5888 = CARTESIAN_POINT('',(1.260950615217,8.911229070447,0.));
#5889 = VECTOR('',#5890,1.);
#5890 = DIRECTION('',(0.,0.,1.));
#5891 = ORIENTED_EDGE('',*,*,#663,.F.);
#5892 = SURFACE_OF_LINEAR_EXTRUSION('',#5893,#5896);
#5893 = B_SPLINE_CURVE_WITH_KNOTS('',1,(#5894,#5895),.UNSPECIFIED.,.F.,
  .F.,(2,2),(0.,0.862364209338),.PIECEWISE_BEZIER_KNOTS.);
#5894 = CARTESIAN_POINT('',(2.108039983534,8.74963813125,0.));
#5895 = CARTESIAN_POINT('',(1.260950615217,8.911229070447,0.));
#5896 = VECTOR('',#5897,1.);
#5897 = DIRECTION('',(-0.,-0.,-1.));
#5898 = ADVANCED_FACE('',(#5899),#5910,.F.);
#5899 = FACE_BOUND('',#5900,.F.);
#5900 = EDGE_LOOP('',(#5901,#5907,#5908,#5909));
#5901 = ORIENTED_EDGE('',*,*,#5902,.T.);
#5902 = EDGE_CURVE('',#1778,#3834,#5903,.T.);
#5903 = LINE('',#5904,#5905);
#5904 = CARTESIAN_POINT('',(1.316562209216,-9.304240221814,0.));
#5905 = VECTOR('',#5906,1.);
#5906 = DIRECTION('',(0.,0.,1.));
#5907 = ORIENTED_EDGE('',*,*,#3860,.T.);
#5908 = ORIENTED_EDGE('',*,*,#5866,.F.);
#5909 = ORIENTED_EDGE('',*,*,#1804,.F.);
#5910 = SURFACE_OF_LINEAR_EXTRUSION('',#5911,#5914);
#5911 = B_SPLINE_CURVE_WITH_KNOTS('',1,(#5912,#5913),.UNSPECIFIED.,.F.,
  .F.,(2,2),(0.,0.396926207859),.PIECEWISE_BEZIER_KNOTS.);
#5912 = CARTESIAN_POINT('',(1.316562209216,-9.304240221814,0.));
#5913 = CARTESIAN_POINT('',(1.260950615217,-8.911229070447,0.));
#5914 = VECTOR('',#5915,1.);
#5915 = DIRECTION('',(-0.,-0.,-1.));
#5916 = ADVANCED_FACE('',(#5917),#5928,.F.);
#5917 = FACE_BOUND('',#5918,.F.);
#5918 = EDGE_LOOP('',(#5919,#5920,#5921,#5927));
#5919 = ORIENTED_EDGE('',*,*,#5886,.T.);
#5920 = ORIENTED_EDGE('',*,*,#2726,.T.);
#5921 = ORIENTED_EDGE('',*,*,#5922,.F.);
#5922 = EDGE_CURVE('',#671,#2727,#5923,.T.);
#5923 = LINE('',#5924,#5925);
#5924 = CARTESIAN_POINT('',(1.316562209216,9.304240221814,0.));
#5925 = VECTOR('',#5926,1.);
#5926 = DIRECTION('',(0.,0.,1.));
#5927 = ORIENTED_EDGE('',*,*,#670,.F.);
#5928 = SURFACE_OF_LINEAR_EXTRUSION('',#5929,#5932);
#5929 = B_SPLINE_CURVE_WITH_KNOTS('',1,(#5930,#5931),.UNSPECIFIED.,.F.,
  .F.,(2,2),(0.,0.396926207859),.PIECEWISE_BEZIER_KNOTS.);
#5930 = CARTESIAN_POINT('',(1.260950615217,8.911229070447,0.));
#5931 = CARTESIAN_POINT('',(1.316562209216,9.304240221814,0.));
#5932 = VECTOR('',#5933,1.);
#5933 = DIRECTION('',(-0.,-0.,-1.));
#5934 = ADVANCED_FACE('',(#5935),#5946,.F.);
#5935 = FACE_BOUND('',#5936,.F.);
#5936 = EDGE_LOOP('',(#5937,#5943,#5944,#5945));
#5937 = ORIENTED_EDGE('',*,*,#5938,.T.);
#5938 = EDGE_CURVE('',#1771,#3827,#5939,.T.);
#5939 = LINE('',#5940,#5941);
#5940 = CARTESIAN_POINT('',(0.96522218747,-10.75678140192,0.));
#5941 = VECTOR('',#5942,1.);
#5942 = DIRECTION('',(0.,0.,1.));
#5943 = ORIENTED_EDGE('',*,*,#3833,.T.);
#5944 = ORIENTED_EDGE('',*,*,#5902,.F.);
#5945 = ORIENTED_EDGE('',*,*,#1777,.F.);
#5946 = SURFACE_OF_LINEAR_EXTRUSION('',#5947,#5970);
#5947 = B_SPLINE_CURVE_WITH_KNOTS('',3,(#5948,#5949,#5950,#5951,#5952,
    #5953,#5954,#5955,#5956,#5957,#5958,#5959,#5960,#5961,#5962,#5963,
    #5964,#5965,#5966,#5967,#5968,#5969),.UNSPECIFIED.,.F.,.F.,(4,1,1,1,
    1,1,1,1,1,1,1,1,1,1,1,1,1,1,1,4),(0.,0.154535555886,0.300717838635,
    0.438546848258,0.568022584766,0.689145048173,0.801914238496,
    0.906330155756,1.002392799979,1.090102171201,1.169458269465,
    1.240461094832,1.303110647389,1.357406927258,1.403349934633,
    1.440939669834,1.470176133456,1.491059326809,1.503589253823,
    1.507765942),.UNSPECIFIED.);
#5948 = CARTESIAN_POINT('',(0.96522218747,-10.75678140192,0.));
#5949 = CARTESIAN_POINT('',(0.986502021101,-10.70987065746,0.));
#5950 = CARTESIAN_POINT('',(1.026600683662,-10.61798168159,0.));
#5951 = CARTESIAN_POINT('',(1.081049845303,-10.48229616508,0.));
#5952 = CARTESIAN_POINT('',(1.128556871358,-10.35289133253,0.));
#5953 = CARTESIAN_POINT('',(1.169543883835,-10.23005413289,0.));
#5954 = CARTESIAN_POINT('',(1.204447842847,-10.11405107687,0.));
#5955 = CARTESIAN_POINT('',(1.233714586373,-10.00512858444,0.));
#5956 = CARTESIAN_POINT('',(1.257799267051,-9.903512461743,0.));
#5957 = CARTESIAN_POINT('',(1.277165216527,-9.809407628279,0.));
#5958 = CARTESIAN_POINT('',(1.2922831677,-9.72299782385,0.));
#5959 = CARTESIAN_POINT('',(1.303630409705,-9.644445355135,0.));
#5960 = CARTESIAN_POINT('',(1.311689846853,-9.573890887032,0.));
#5961 = CARTESIAN_POINT('',(1.316949387992,-9.511453217669,0.));
#5962 = CARTESIAN_POINT('',(1.319900260161,-9.457229239872,0.));
#5963 = CARTESIAN_POINT('',(1.321038536922,-9.411293471983,0.));
#5964 = CARTESIAN_POINT('',(1.320857216585,-9.373698980836,0.));
#5965 = CARTESIAN_POINT('',(1.319864513238,-9.344474564917,0.));
#5966 = CARTESIAN_POINT('',(1.31853358961,-9.323631835114,0.));
#5967 = CARTESIAN_POINT('',(1.317410657259,-9.311149529069,0.));
#5968 = CARTESIAN_POINT('',(1.316740830594,-9.305621074233,0.));
#5969 = CARTESIAN_POINT('',(1.316562209216,-9.304240221814,0.));
#5970 = VECTOR('',#5971,1.);
#5971 = DIRECTION('',(-0.,-0.,-1.));
#5972 = ADVANCED_FACE('',(#5973),#5984,.F.);
#5973 = FACE_BOUND('',#5974,.F.);
#5974 = EDGE_LOOP('',(#5975,#5976,#5977,#5983));
#5975 = ORIENTED_EDGE('',*,*,#5922,.T.);
#5976 = ORIENTED_EDGE('',*,*,#2733,.T.);
#5977 = ORIENTED_EDGE('',*,*,#5978,.F.);
#5978 = EDGE_CURVE('',#678,#2734,#5979,.T.);
#5979 = LINE('',#5980,#5981);
#5980 = CARTESIAN_POINT('',(0.96522218747,10.756781401926,0.));
#5981 = VECTOR('',#5982,1.);
#5982 = DIRECTION('',(0.,0.,1.));
#5983 = ORIENTED_EDGE('',*,*,#677,.F.);
#5984 = SURFACE_OF_LINEAR_EXTRUSION('',#5985,#6008);
#5985 = B_SPLINE_CURVE_WITH_KNOTS('',3,(#5986,#5987,#5988,#5989,#5990,
    #5991,#5992,#5993,#5994,#5995,#5996,#5997,#5998,#5999,#6000,#6001,
    #6002,#6003,#6004,#6005,#6006,#6007),.UNSPECIFIED.,.F.,.F.,(4,1,1,1,
    1,1,1,1,1,1,1,1,1,1,1,1,1,1,1,4),(0.,4.176688177199E-03,
    1.670661519072E-02,3.758980854408E-02,6.682627216637E-02,
    0.104416007367,0.150359014742,0.204655294612,0.267304847168,
    0.338307672535,0.417663770799,0.505373142021,0.601435786244,
    0.705851703504,0.818620893827,0.939743357234,1.069219093742,
    1.207048103365,1.353230386115,1.507765942),.UNSPECIFIED.);
#5986 = CARTESIAN_POINT('',(1.316562209216,9.304240221814,0.));
#5987 = CARTESIAN_POINT('',(1.316740830594,9.305621074233,0.));
#5988 = CARTESIAN_POINT('',(1.317410657259,9.311149529069,0.));
#5989 = CARTESIAN_POINT('',(1.31853358961,9.323631835114,0.));
#5990 = CARTESIAN_POINT('',(1.319864513238,9.344474564917,0.));
#5991 = CARTESIAN_POINT('',(1.320857216585,9.373698980836,0.));
#5992 = CARTESIAN_POINT('',(1.321038536922,9.411293471983,0.));
#5993 = CARTESIAN_POINT('',(1.319900260161,9.457229239872,0.));
#5994 = CARTESIAN_POINT('',(1.316949387992,9.511453217669,0.));
#5995 = CARTESIAN_POINT('',(1.311689846853,9.573890887032,0.));
#5996 = CARTESIAN_POINT('',(1.303630409705,9.644445355135,0.));
#5997 = CARTESIAN_POINT('',(1.2922831677,9.72299782385,0.));
#5998 = CARTESIAN_POINT('',(1.277165216527,9.809407628279,0.));
#5999 = CARTESIAN_POINT('',(1.257799267051,9.903512461743,0.));
#6000 = CARTESIAN_POINT('',(1.233714586373,10.005128584449,0.));
#6001 = CARTESIAN_POINT('',(1.204447842847,10.114051076874,0.));
#6002 = CARTESIAN_POINT('',(1.169543883835,10.230054132899,0.));
#6003 = CARTESIAN_POINT('',(1.128556871358,10.352891332531,0.));
#6004 = CARTESIAN_POINT('',(1.081049845303,10.482296165083,0.));
#6005 = CARTESIAN_POINT('',(1.026600683662,10.617981681598,0.));
#6006 = CARTESIAN_POINT('',(0.986502021101,10.709870657462,0.));
#6007 = CARTESIAN_POINT('',(0.96522218747,10.756781401926,0.));
#6008 = VECTOR('',#6009,1.);
#6009 = DIRECTION('',(-0.,-0.,-1.));
#6010 = ADVANCED_FACE('',(#6011),#6022,.F.);
#6011 = FACE_BOUND('',#6012,.F.);
#6012 = EDGE_LOOP('',(#6013,#6019,#6020,#6021));
#6013 = ORIENTED_EDGE('',*,*,#6014,.T.);
#6014 = EDGE_CURVE('',#1744,#3800,#6015,.T.);
#6015 = LINE('',#6016,#6017);
#6016 = CARTESIAN_POINT('',(0.390571073624,-10.79293538554,0.));
#6017 = VECTOR('',#6018,1.);
#6018 = DIRECTION('',(0.,0.,1.));
#6019 = ORIENTED_EDGE('',*,*,#3826,.T.);
#6020 = ORIENTED_EDGE('',*,*,#5938,.F.);
#6021 = ORIENTED_EDGE('',*,*,#1770,.F.);
#6022 = SURFACE_OF_LINEAR_EXTRUSION('',#6023,#6026);
#6023 = B_SPLINE_CURVE_WITH_KNOTS('',1,(#6024,#6025),.UNSPECIFIED.,.F.,
  .F.,(2,2),(0.,0.575787298554),.PIECEWISE_BEZIER_KNOTS.);
#6024 = CARTESIAN_POINT('',(0.390571073624,-10.79293538554,0.));
#6025 = CARTESIAN_POINT('',(0.96522218747,-10.75678140192,0.));
#6026 = VECTOR('',#6027,1.);
#6027 = DIRECTION('',(-0.,-0.,-1.));
#6028 = ADVANCED_FACE('',(#6029),#6040,.F.);
#6029 = FACE_BOUND('',#6030,.F.);
#6030 = EDGE_LOOP('',(#6031,#6032,#6033,#6039));
#6031 = ORIENTED_EDGE('',*,*,#5978,.T.);
#6032 = ORIENTED_EDGE('',*,*,#2760,.T.);
#6033 = ORIENTED_EDGE('',*,*,#6034,.F.);
#6034 = EDGE_CURVE('',#705,#2761,#6035,.T.);
#6035 = LINE('',#6036,#6037);
#6036 = CARTESIAN_POINT('',(0.390571073624,10.79293538554,0.));
#6037 = VECTOR('',#6038,1.);
#6038 = DIRECTION('',(0.,0.,1.));
#6039 = ORIENTED_EDGE('',*,*,#704,.F.);
#6040 = SURFACE_OF_LINEAR_EXTRUSION('',#6041,#6044);
#6041 = B_SPLINE_CURVE_WITH_KNOTS('',1,(#6042,#6043),.UNSPECIFIED.,.F.,
  .F.,(2,2),(0.,0.575787298554),.PIECEWISE_BEZIER_KNOTS.);
#6042 = CARTESIAN_POINT('',(0.96522218747,10.756781401926,0.));
#6043 = CARTESIAN_POINT('',(0.390571073624,10.79293538554,0.));
#6044 = VECTOR('',#6045,1.);
#6045 = DIRECTION('',(-0.,-0.,-1.));
#6046 = ADVANCED_FACE('',(#6047),#6058,.F.);
#6047 = FACE_BOUND('',#6048,.F.);
#6048 = EDGE_LOOP('',(#6049,#6055,#6056,#6057));
#6049 = ORIENTED_EDGE('',*,*,#6050,.T.);
#6050 = EDGE_CURVE('',#1737,#3793,#6051,.T.);
#6051 = LINE('',#6052,#6053);
#6052 = CARTESIAN_POINT('',(-0.1400502101,-9.395882507492,0.));
#6053 = VECTOR('',#6054,1.);
#6054 = DIRECTION('',(0.,0.,1.));
#6055 = ORIENTED_EDGE('',*,*,#3799,.T.);
#6056 = ORIENTED_EDGE('',*,*,#6014,.F.);
#6057 = ORIENTED_EDGE('',*,*,#1743,.F.);
#6058 = SURFACE_OF_LINEAR_EXTRUSION('',#6059,#6082);
#6059 = B_SPLINE_CURVE_WITH_KNOTS('',3,(#6060,#6061,#6062,#6063,#6064,
    #6065,#6066,#6067,#6068,#6069,#6070,#6071,#6072,#6073,#6074,#6075,
    #6076,#6077,#6078,#6079,#6080,#6081),.UNSPECIFIED.,.F.,.F.,(4,1,1,1,
    1,1,1,1,1,1,1,1,1,1,1,1,1,1,1,4),(0.,4.176688177199E-03,
    1.670661519072E-02,3.758980854408E-02,6.682627216637E-02,
    0.104416007367,0.150359014742,0.204655294612,0.267304847168,
    0.338307672535,0.417663770799,0.505373142021,0.601435786244,
    0.705851703504,0.818620893827,0.939743357234,1.069219093742,
    1.207048103365,1.353230386115,1.507765942),.UNSPECIFIED.);
#6060 = CARTESIAN_POINT('',(-0.1400502101,-9.395882507492,0.));
#6061 = CARTESIAN_POINT('',(-0.140054356296,-9.397274858673,0.));
#6062 = CARTESIAN_POINT('',(-0.140026002056,-9.402843671533,0.));
#6063 = CARTESIAN_POINT('',(-0.139575631971,-9.415368291609,0.));
#6064 = CARTESIAN_POINT('',(-0.138283774146,-9.436213479225,0.));
#6065 = CARTESIAN_POINT('',(-0.135605859185,-9.465331870615,0.));
#6066 = CARTESIAN_POINT('',(-0.131073910617,-9.502652643435,0.));
#6067 = CARTESIAN_POINT('',(-0.124187331182,-9.548083530167,0.));
#6068 = CARTESIAN_POINT('',(-0.114463661048,-9.601510093352,0.));
#6069 = CARTESIAN_POINT('',(-0.101420077965,-9.662796227744,0.));
#6070 = CARTESIAN_POINT('',(-8.458137225559E-02,-9.731784237475,0.));
#6071 = CARTESIAN_POINT('',(-6.347837173417E-02,-9.808295109978,0.));
#6072 = CARTESIAN_POINT('',(-3.76496099217E-02,-9.892128765585,0.));
#6073 = CARTESIAN_POINT('',(-6.641903669604E-03,-9.983064357261,0.));
#6074 = CARTESIAN_POINT('',(2.998873934897E-02,-10.08086059557,0.));
#6075 = CARTESIAN_POINT('',(7.267631404394E-02,-10.18525610601,0.));
#6076 = CARTESIAN_POINT('',(0.121844083029,-10.29596981724,0.));
#6077 = CARTESIAN_POINT('',(0.177903484103,-10.41270137406,0.));
#6078 = CARTESIAN_POINT('',(0.24125462917,-10.53513160166,0.));
#6079 = CARTESIAN_POINT('',(0.312280347441,-10.66292290786,0.));
#6080 = CARTESIAN_POINT('',(0.363579562545,-10.74906161666,0.));
#6081 = CARTESIAN_POINT('',(0.390571073624,-10.79293538554,0.));
#6082 = VECTOR('',#6083,1.);
#6083 = DIRECTION('',(-0.,-0.,-1.));
#6084 = ADVANCED_FACE('',(#6085),#6096,.F.);
#6085 = FACE_BOUND('',#6086,.F.);
#6086 = EDGE_LOOP('',(#6087,#6088,#6089,#6095));
#6087 = ORIENTED_EDGE('',*,*,#6034,.T.);
#6088 = ORIENTED_EDGE('',*,*,#2767,.T.);
#6089 = ORIENTED_EDGE('',*,*,#6090,.F.);
#6090 = EDGE_CURVE('',#712,#2768,#6091,.T.);
#6091 = LINE('',#6092,#6093);
#6092 = CARTESIAN_POINT('',(-0.1400502101,9.395882507492,0.));
#6093 = VECTOR('',#6094,1.);
#6094 = DIRECTION('',(0.,0.,1.));
#6095 = ORIENTED_EDGE('',*,*,#711,.F.);
#6096 = SURFACE_OF_LINEAR_EXTRUSION('',#6097,#6120);
#6097 = B_SPLINE_CURVE_WITH_KNOTS('',3,(#6098,#6099,#6100,#6101,#6102,
    #6103,#6104,#6105,#6106,#6107,#6108,#6109,#6110,#6111,#6112,#6113,
    #6114,#6115,#6116,#6117,#6118,#6119),.UNSPECIFIED.,.F.,.F.,(4,1,1,1,
    1,1,1,1,1,1,1,1,1,1,1,1,1,1,1,4),(0.,0.154535555886,0.300717838635,
    0.438546848258,0.568022584766,0.689145048173,0.801914238496,
    0.906330155756,1.002392799979,1.090102171201,1.169458269465,
    1.240461094832,1.303110647389,1.357406927258,1.403349934633,
    1.440939669834,1.470176133456,1.491059326809,1.503589253823,
    1.507765942),.UNSPECIFIED.);
#6098 = CARTESIAN_POINT('',(0.390571073624,10.79293538554,0.));
#6099 = CARTESIAN_POINT('',(0.363579562545,10.749061616667,0.));
#6100 = CARTESIAN_POINT('',(0.312280347441,10.662922907864,0.));
#6101 = CARTESIAN_POINT('',(0.24125462917,10.535131601668,0.));
#6102 = CARTESIAN_POINT('',(0.177903484103,10.412701374064,0.));
#6103 = CARTESIAN_POINT('',(0.121844083029,10.295969817249,0.));
#6104 = CARTESIAN_POINT('',(7.267631404394E-02,10.185256106016,0.));
#6105 = CARTESIAN_POINT('',(2.998873934896E-02,10.080860595579,0.));
#6106 = CARTESIAN_POINT('',(-6.641903669609E-03,9.983064357261,0.));
#6107 = CARTESIAN_POINT('',(-3.764960992171E-02,9.892128765585,0.));
#6108 = CARTESIAN_POINT('',(-6.347837173418E-02,9.808295109978,0.));
#6109 = CARTESIAN_POINT('',(-8.458137225559E-02,9.731784237475,0.));
#6110 = CARTESIAN_POINT('',(-0.101420077965,9.662796227744,0.));
#6111 = CARTESIAN_POINT('',(-0.114463661048,9.601510093352,0.));
#6112 = CARTESIAN_POINT('',(-0.124187331182,9.548083530167,0.));
#6113 = CARTESIAN_POINT('',(-0.131073910617,9.502652643435,0.));
#6114 = CARTESIAN_POINT('',(-0.135605859185,9.465331870615,0.));
#6115 = CARTESIAN_POINT('',(-0.138283774146,9.436213479225,0.));
#6116 = CARTESIAN_POINT('',(-0.139575631971,9.415368291609,0.));
#6117 = CARTESIAN_POINT('',(-0.140026002056,9.402843671533,0.));
#6118 = CARTESIAN_POINT('',(-0.140054356296,9.397274858673,0.));
#6119 = CARTESIAN_POINT('',(-0.1400502101,9.395882507492,0.));
#6120 = VECTOR('',#6121,1.);
#6121 = DIRECTION('',(-0.,-0.,-1.));
#6122 = ADVANCED_FACE('',(#6123),#6134,.F.);
#6123 = FACE_BOUND('',#6124,.F.);
#6124 = EDGE_LOOP('',(#6125,#6131,#6132,#6133));
#6125 = ORIENTED_EDGE('',*,*,#6126,.T.);
#6126 = EDGE_CURVE('',#1730,#3786,#6127,.T.);
#6127 = LINE('',#6128,#6129);
#6128 = CARTESIAN_POINT('',(-0.134134488557,-8.999000385542,0.));
#6129 = VECTOR('',#6130,1.);
#6130 = DIRECTION('',(0.,0.,1.));
#6131 = ORIENTED_EDGE('',*,*,#3792,.T.);
#6132 = ORIENTED_EDGE('',*,*,#6050,.F.);
#6133 = ORIENTED_EDGE('',*,*,#1736,.F.);
#6134 = SURFACE_OF_LINEAR_EXTRUSION('',#6135,#6138);
#6135 = B_SPLINE_CURVE_WITH_KNOTS('',1,(#6136,#6137),.UNSPECIFIED.,.F.,
  .F.,(2,2),(0.,0.396926207859),.PIECEWISE_BEZIER_KNOTS.);
#6136 = CARTESIAN_POINT('',(-0.134134488557,-8.999000385542,0.));
#6137 = CARTESIAN_POINT('',(-0.1400502101,-9.395882507492,0.));
#6138 = VECTOR('',#6139,1.);
#6139 = DIRECTION('',(-0.,-0.,-1.));
#6140 = ADVANCED_FACE('',(#6141),#6152,.F.);
#6141 = FACE_BOUND('',#6142,.F.);
#6142 = EDGE_LOOP('',(#6143,#6144,#6145,#6151));
#6143 = ORIENTED_EDGE('',*,*,#6090,.T.);
#6144 = ORIENTED_EDGE('',*,*,#2794,.T.);
#6145 = ORIENTED_EDGE('',*,*,#6146,.F.);
#6146 = EDGE_CURVE('',#739,#2795,#6147,.T.);
#6147 = LINE('',#6148,#6149);
#6148 = CARTESIAN_POINT('',(-0.134134488557,8.999000385542,0.));
#6149 = VECTOR('',#6150,1.);
#6150 = DIRECTION('',(0.,0.,1.));
#6151 = ORIENTED_EDGE('',*,*,#738,.F.);
#6152 = SURFACE_OF_LINEAR_EXTRUSION('',#6153,#6156);
#6153 = B_SPLINE_CURVE_WITH_KNOTS('',1,(#6154,#6155),.UNSPECIFIED.,.F.,
  .F.,(2,2),(0.,0.396926207859),.PIECEWISE_BEZIER_KNOTS.);
#6154 = CARTESIAN_POINT('',(-0.1400502101,9.395882507492,0.));
#6155 = CARTESIAN_POINT('',(-0.134134488557,8.999000385542,0.));
#6156 = VECTOR('',#6157,1.);
#6157 = DIRECTION('',(-0.,-0.,-1.));
#6158 = ADVANCED_FACE('',(#6159),#6170,.F.);
#6159 = FACE_BOUND('',#6160,.F.);
#6160 = EDGE_LOOP('',(#6161,#6167,#6168,#6169));
#6161 = ORIENTED_EDGE('',*,*,#6162,.T.);
#6162 = EDGE_CURVE('',#1723,#3779,#6163,.T.);
#6163 = LINE('',#6164,#6165);
#6164 = CARTESIAN_POINT('',(-0.994797019116,-8.944852088814,0.));
#6165 = VECTOR('',#6166,1.);
#6166 = DIRECTION('',(0.,0.,1.));
#6167 = ORIENTED_EDGE('',*,*,#3785,.T.);
#6168 = ORIENTED_EDGE('',*,*,#6126,.F.);
#6169 = ORIENTED_EDGE('',*,*,#1729,.F.);
#6170 = SURFACE_OF_LINEAR_EXTRUSION('',#6171,#6174);
#6171 = B_SPLINE_CURVE_WITH_KNOTS('',1,(#6172,#6173),.UNSPECIFIED.,.F.,
  .F.,(2,2),(0.,0.862364209338),.PIECEWISE_BEZIER_KNOTS.);
#6172 = CARTESIAN_POINT('',(-0.994797019116,-8.944852088814,0.));
#6173 = CARTESIAN_POINT('',(-0.134134488557,-8.999000385542,0.));
#6174 = VECTOR('',#6175,1.);
#6175 = DIRECTION('',(-0.,-0.,-1.));
#6176 = ADVANCED_FACE('',(#6177),#6188,.F.);
#6177 = FACE_BOUND('',#6178,.F.);
#6178 = EDGE_LOOP('',(#6179,#6180,#6181,#6187));
#6179 = ORIENTED_EDGE('',*,*,#6146,.T.);
#6180 = ORIENTED_EDGE('',*,*,#2801,.T.);
#6181 = ORIENTED_EDGE('',*,*,#6182,.F.);
#6182 = EDGE_CURVE('',#746,#2802,#6183,.T.);
#6183 = LINE('',#6184,#6185);
#6184 = CARTESIAN_POINT('',(-0.994797019116,8.944852088814,0.));
#6185 = VECTOR('',#6186,1.);
#6186 = DIRECTION('',(0.,0.,1.));
#6187 = ORIENTED_EDGE('',*,*,#745,.F.);
#6188 = SURFACE_OF_LINEAR_EXTRUSION('',#6189,#6192);
#6189 = B_SPLINE_CURVE_WITH_KNOTS('',1,(#6190,#6191),.UNSPECIFIED.,.F.,
  .F.,(2,2),(0.,0.862364209338),.PIECEWISE_BEZIER_KNOTS.);
#6190 = CARTESIAN_POINT('',(-0.134134488557,8.999000385542,0.));
#6191 = CARTESIAN_POINT('',(-0.994797019116,8.944852088814,0.));
#6192 = VECTOR('',#6193,1.);
#6193 = DIRECTION('',(-0.,-0.,-1.));
#6194 = ADVANCED_FACE('',(#6195),#6206,.F.);
#6195 = FACE_BOUND('',#6196,.F.);
#6196 = EDGE_LOOP('',(#6197,#6203,#6204,#6205));
#6197 = ORIENTED_EDGE('',*,*,#6198,.T.);
#6198 = EDGE_CURVE('',#1696,#3752,#6199,.T.);
#6199 = LINE('',#6200,#6201);
#6200 = CARTESIAN_POINT('',(-1.038670464492,-9.3393461132,0.));
#6201 = VECTOR('',#6202,1.);
#6202 = DIRECTION('',(0.,0.,1.));
#6203 = ORIENTED_EDGE('',*,*,#3778,.T.);
#6204 = ORIENTED_EDGE('',*,*,#6162,.F.);
#6205 = ORIENTED_EDGE('',*,*,#1722,.F.);
#6206 = SURFACE_OF_LINEAR_EXTRUSION('',#6207,#6210);
#6207 = B_SPLINE_CURVE_WITH_KNOTS('',1,(#6208,#6209),.UNSPECIFIED.,.F.,
  .F.,(2,2),(0.,0.396926207859),.PIECEWISE_BEZIER_KNOTS.);
#6208 = CARTESIAN_POINT('',(-1.038670464492,-9.3393461132,0.));
#6209 = CARTESIAN_POINT('',(-0.994797019116,-8.944852088814,0.));
#6210 = VECTOR('',#6211,1.);
#6211 = DIRECTION('',(-0.,-0.,-1.));
#6212 = ADVANCED_FACE('',(#6213),#6224,.F.);
#6213 = FACE_BOUND('',#6214,.F.);
#6214 = EDGE_LOOP('',(#6215,#6216,#6217,#6223));
#6215 = ORIENTED_EDGE('',*,*,#6182,.T.);
#6216 = ORIENTED_EDGE('',*,*,#2808,.T.);
#6217 = ORIENTED_EDGE('',*,*,#6218,.F.);
#6218 = EDGE_CURVE('',#753,#2809,#6219,.T.);
#6219 = LINE('',#6220,#6221);
#6220 = CARTESIAN_POINT('',(-1.038670464492,9.3393461132,0.));
#6221 = VECTOR('',#6222,1.);
#6222 = DIRECTION('',(0.,0.,1.));
#6223 = ORIENTED_EDGE('',*,*,#752,.F.);
#6224 = SURFACE_OF_LINEAR_EXTRUSION('',#6225,#6228);
#6225 = B_SPLINE_CURVE_WITH_KNOTS('',1,(#6226,#6227),.UNSPECIFIED.,.F.,
  .F.,(2,2),(0.,0.396926207859),.PIECEWISE_BEZIER_KNOTS.);
#6226 = CARTESIAN_POINT('',(-0.994797019116,8.944852088814,0.));
#6227 = CARTESIAN_POINT('',(-1.038670464492,9.3393461132,0.));
#6228 = VECTOR('',#6229,1.);
#6229 = DIRECTION('',(-0.,-0.,-1.));
#6230 = ADVANCED_FACE('',(#6231),#6242,.F.);
#6231 = FACE_BOUND('',#6232,.F.);
#6232 = EDGE_LOOP('',(#6233,#6239,#6240,#6241));
#6233 = ORIENTED_EDGE('',*,*,#6234,.T.);
#6234 = EDGE_CURVE('',#1689,#3745,#6235,.T.);
#6235 = LINE('',#6236,#6237);
#6236 = CARTESIAN_POINT('',(-1.740204795571,-10.65887833073,0.));
#6237 = VECTOR('',#6238,1.);
#6238 = DIRECTION('',(0.,0.,1.));
#6239 = ORIENTED_EDGE('',*,*,#3751,.T.);
#6240 = ORIENTED_EDGE('',*,*,#6198,.F.);
#6241 = ORIENTED_EDGE('',*,*,#1695,.F.);
#6242 = SURFACE_OF_LINEAR_EXTRUSION('',#6243,#6266);
#6243 = B_SPLINE_CURVE_WITH_KNOTS('',3,(#6244,#6245,#6246,#6247,#6248,
    #6249,#6250,#6251,#6252,#6253,#6254,#6255,#6256,#6257,#6258,#6259,
    #6260,#6261,#6262,#6263,#6264,#6265),.UNSPECIFIED.,.F.,.F.,(4,1,1,1,
    1,1,1,1,1,1,1,1,1,1,1,1,1,1,1,4),(0.,0.154535555886,0.300717838635,
    0.438546848258,0.568022584766,0.689145048173,0.801914238496,
    0.906330155756,1.002392799979,1.090102171201,1.169458269465,
    1.240461094832,1.303110647389,1.357406927258,1.403349934633,
    1.440939669834,1.470176133456,1.491059326809,1.503589253823,
    1.507765942),.UNSPECIFIED.);
#6244 = CARTESIAN_POINT('',(-1.740204795571,-10.65887833073,0.));
#6245 = CARTESIAN_POINT('',(-1.707927279297,-10.61873345299,0.));
#6246 = CARTESIAN_POINT('',(-1.646236530917,-10.53970347015,0.));
#6247 = CARTESIAN_POINT('',(-1.559754374022,-10.42182171951,0.));
#6248 = CARTESIAN_POINT('',(-1.481558195344,-10.30829689468,0.));
#6249 = CARTESIAN_POINT('',(-1.411310495918,-10.19951190706,0.));
#6250 = CARTESIAN_POINT('',(-1.348654322048,-10.09583356198,0.));
#6251 = CARTESIAN_POINT('',(-1.293219124737,-9.997611413103,0.));
#6252 = CARTESIAN_POINT('',(-1.244620206501,-9.905177364271,0.));
#6253 = CARTESIAN_POINT('',(-1.202459753523,-9.818845122987,0.));
#6254 = CARTESIAN_POINT('',(-1.166327516074,-9.738909723031,0.));
#6255 = CARTESIAN_POINT('',(-1.135801563961,-9.665647068903,0.));
#6256 = CARTESIAN_POINT('',(-1.110449146139,-9.599313499671,0.));
#6257 = CARTESIAN_POINT('',(-1.089827226208,-9.540145419199,0.));
#6258 = CARTESIAN_POINT('',(-1.073484106195,-9.488358839442,0.));
#6259 = CARTESIAN_POINT('',(-1.060957829558,-9.44414930609,0.));
#6260 = CARTESIAN_POINT('',(-1.051784083622,-9.40769082248,0.));
#6261 = CARTESIAN_POINT('',(-1.04547778267,-9.379137670044,0.));
#6262 = CARTESIAN_POINT('',(-1.041583516762,-9.358618765678,0.));
#6263 = CARTESIAN_POINT('',(-1.039566946846,-9.34624935231,0.));
#6264 = CARTESIAN_POINT('',(-1.038840858866,-9.340728004931,0.));
#6265 = CARTESIAN_POINT('',(-1.038670464492,-9.3393461132,0.));
#6266 = VECTOR('',#6267,1.);
#6267 = DIRECTION('',(-0.,-0.,-1.));
#6268 = ADVANCED_FACE('',(#6269),#6280,.F.);
#6269 = FACE_BOUND('',#6270,.F.);
#6270 = EDGE_LOOP('',(#6271,#6272,#6273,#6279));
#6271 = ORIENTED_EDGE('',*,*,#6218,.T.);
#6272 = ORIENTED_EDGE('',*,*,#2815,.T.);
#6273 = ORIENTED_EDGE('',*,*,#6274,.F.);
#6274 = EDGE_CURVE('',#760,#2816,#6275,.T.);
#6275 = LINE('',#6276,#6277);
#6276 = CARTESIAN_POINT('',(-1.740204795571,10.658878330738,0.));
#6277 = VECTOR('',#6278,1.);
#6278 = DIRECTION('',(0.,0.,1.));
#6279 = ORIENTED_EDGE('',*,*,#759,.F.);
#6280 = SURFACE_OF_LINEAR_EXTRUSION('',#6281,#6304);
#6281 = B_SPLINE_CURVE_WITH_KNOTS('',3,(#6282,#6283,#6284,#6285,#6286,
    #6287,#6288,#6289,#6290,#6291,#6292,#6293,#6294,#6295,#6296,#6297,
    #6298,#6299,#6300,#6301,#6302,#6303),.UNSPECIFIED.,.F.,.F.,(4,1,1,1,
    1,1,1,1,1,1,1,1,1,1,1,1,1,1,1,4),(0.,4.176688177199E-03,
    1.670661519072E-02,3.758980854408E-02,6.682627216637E-02,
    0.104416007367,0.150359014742,0.204655294612,0.267304847168,
    0.338307672535,0.417663770799,0.505373142021,0.601435786244,
    0.705851703504,0.818620893827,0.939743357234,1.069219093742,
    1.207048103365,1.353230386115,1.507765942),.UNSPECIFIED.);
#6282 = CARTESIAN_POINT('',(-1.038670464492,9.3393461132,0.));
#6283 = CARTESIAN_POINT('',(-1.038840858866,9.340728004931,0.));
#6284 = CARTESIAN_POINT('',(-1.039566946846,9.34624935231,0.));
#6285 = CARTESIAN_POINT('',(-1.041583516762,9.358618765678,0.));
#6286 = CARTESIAN_POINT('',(-1.04547778267,9.379137670044,0.));
#6287 = CARTESIAN_POINT('',(-1.051784083622,9.40769082248,0.));
#6288 = CARTESIAN_POINT('',(-1.060957829558,9.44414930609,0.));
#6289 = CARTESIAN_POINT('',(-1.073484106195,9.488358839442,0.));
#6290 = CARTESIAN_POINT('',(-1.089827226208,9.540145419199,0.));
#6291 = CARTESIAN_POINT('',(-1.110449146139,9.599313499671,0.));
#6292 = CARTESIAN_POINT('',(-1.135801563961,9.665647068903,0.));
#6293 = CARTESIAN_POINT('',(-1.166327516074,9.738909723031,0.));
#6294 = CARTESIAN_POINT('',(-1.202459753523,9.818845122987,0.));
#6295 = CARTESIAN_POINT('',(-1.244620206501,9.905177364271,0.));
#6296 = CARTESIAN_POINT('',(-1.293219124737,9.997611413103,0.));
#6297 = CARTESIAN_POINT('',(-1.348654322048,10.095833561989,0.));
#6298 = CARTESIAN_POINT('',(-1.411310495918,10.199511907066,0.));
#6299 = CARTESIAN_POINT('',(-1.481558195344,10.308296894681,0.));
#6300 = CARTESIAN_POINT('',(-1.559754374022,10.421821719511,0.));
#6301 = CARTESIAN_POINT('',(-1.646236530917,10.539703470151,0.));
#6302 = CARTESIAN_POINT('',(-1.707927279297,10.618733452999,0.));
#6303 = CARTESIAN_POINT('',(-1.740204795571,10.658878330738,0.));
#6304 = VECTOR('',#6305,1.);
#6305 = DIRECTION('',(-0.,-0.,-1.));
#6306 = ADVANCED_FACE('',(#6307),#6318,.F.);
#6307 = FACE_BOUND('',#6308,.F.);
#6308 = EDGE_LOOP('',(#6309,#6315,#6316,#6317));
#6309 = ORIENTED_EDGE('',*,*,#6310,.T.);
#6310 = EDGE_CURVE('',#1662,#3718,#6311,.T.);
#6311 = LINE('',#6312,#6313);
#6312 = CARTESIAN_POINT('',(-2.305793318072,-10.55098654981,0.));
#6313 = VECTOR('',#6314,1.);
#6314 = DIRECTION('',(0.,0.,1.));
#6315 = ORIENTED_EDGE('',*,*,#3744,.T.);
#6316 = ORIENTED_EDGE('',*,*,#6234,.F.);
#6317 = ORIENTED_EDGE('',*,*,#1688,.F.);
#6318 = SURFACE_OF_LINEAR_EXTRUSION('',#6319,#6322);
#6319 = B_SPLINE_CURVE_WITH_KNOTS('',1,(#6320,#6321),.UNSPECIFIED.,.F.,
  .F.,(2,2),(0.,0.575787298554),.PIECEWISE_BEZIER_KNOTS.);
#6320 = CARTESIAN_POINT('',(-2.305793318072,-10.55098654981,0.));
#6321 = CARTESIAN_POINT('',(-1.740204795571,-10.65887833073,0.));
#6322 = VECTOR('',#6323,1.);
#6323 = DIRECTION('',(-0.,-0.,-1.));
#6324 = ADVANCED_FACE('',(#6325),#6336,.F.);
#6325 = FACE_BOUND('',#6326,.F.);
#6326 = EDGE_LOOP('',(#6327,#6328,#6329,#6335));
#6327 = ORIENTED_EDGE('',*,*,#6274,.T.);
#6328 = ORIENTED_EDGE('',*,*,#2842,.T.);
#6329 = ORIENTED_EDGE('',*,*,#6330,.F.);
#6330 = EDGE_CURVE('',#787,#2843,#6331,.T.);
#6331 = LINE('',#6332,#6333);
#6332 = CARTESIAN_POINT('',(-2.305793318072,10.550986549813,0.));
#6333 = VECTOR('',#6334,1.);
#6334 = DIRECTION('',(0.,0.,1.));
#6335 = ORIENTED_EDGE('',*,*,#786,.F.);
#6336 = SURFACE_OF_LINEAR_EXTRUSION('',#6337,#6340);
#6337 = B_SPLINE_CURVE_WITH_KNOTS('',1,(#6338,#6339),.UNSPECIFIED.,.F.,
  .F.,(2,2),(0.,0.575787298554),.PIECEWISE_BEZIER_KNOTS.);
#6338 = CARTESIAN_POINT('',(-1.740204795571,10.658878330738,0.));
#6339 = CARTESIAN_POINT('',(-2.305793318072,10.550986549813,0.));
#6340 = VECTOR('',#6341,1.);
#6341 = DIRECTION('',(-0.,-0.,-1.));
#6342 = ADVANCED_FACE('',(#6343),#6354,.F.);
#6343 = FACE_BOUND('',#6344,.F.);
#6344 = EDGE_LOOP('',(#6345,#6351,#6352,#6353));
#6345 = ORIENTED_EDGE('',*,*,#6346,.T.);
#6346 = EDGE_CURVE('',#1655,#3711,#6347,.T.);
#6347 = LINE('',#6348,#6349);
#6348 = CARTESIAN_POINT('',(-2.472311235817,-9.065864509753,0.));
#6349 = VECTOR('',#6350,1.);
#6350 = DIRECTION('',(0.,0.,1.));
#6351 = ORIENTED_EDGE('',*,*,#3717,.T.);
#6352 = ORIENTED_EDGE('',*,*,#6310,.F.);
#6353 = ORIENTED_EDGE('',*,*,#1661,.F.);
#6354 = SURFACE_OF_LINEAR_EXTRUSION('',#6355,#6378);
#6355 = B_SPLINE_CURVE_WITH_KNOTS('',3,(#6356,#6357,#6358,#6359,#6360,
    #6361,#6362,#6363,#6364,#6365,#6366,#6367,#6368,#6369,#6370,#6371,
    #6372,#6373,#6374,#6375,#6376,#6377),.UNSPECIFIED.,.F.,.F.,(4,1,1,1,
    1,1,1,1,1,1,1,1,1,1,1,1,1,1,1,4),(0.,4.176688177199E-03,
    1.670661519072E-02,3.758980854408E-02,6.682627216637E-02,
    0.104416007367,0.150359014742,0.204655294612,0.267304847168,
    0.338307672535,0.417663770799,0.505373142021,0.601435786244,
    0.705851703504,0.818620893827,0.939743357234,1.069219093742,
    1.207048103365,1.353230386115,1.507765942),.UNSPECIFIED.);
#6356 = CARTESIAN_POINT('',(-2.472311235817,-9.065864509753,0.));
#6357 = CARTESIAN_POINT('',(-2.472661515411,-9.067212086544,0.));
#6358 = CARTESIAN_POINT('',(-2.474018959414,-9.07261299632,0.));
#6359 = CARTESIAN_POINT('',(-2.476697484887,-9.084856134912,0.));
#6360 = CARTESIAN_POINT('',(-2.480630200507,-9.105367704603,0.));
#6361 = CARTESIAN_POINT('',(-2.485277866638,-9.134237258552,0.));
#6362 = CARTESIAN_POINT('',(-2.49016959635,-9.171512580444,0.));
#6363 = CARTESIAN_POINT('',(-2.494797573566,-9.21722879499,0.));
#6364 = CARTESIAN_POINT('',(-2.49866603638,-9.271395042877,0.));
#6365 = CARTESIAN_POINT('',(-2.501273483292,-9.333999567865,0.));
#6366 = CARTESIAN_POINT('',(-2.502120416842,-9.405007808233,0.));
#6367 = CARTESIAN_POINT('',(-2.500707886138,-9.484363053801,0.));
#6368 = CARTESIAN_POINT('',(-2.496539164727,-9.571986272819,0.));
#6369 = CARTESIAN_POINT('',(-2.489120384619,-9.667776258632,0.));
#6370 = CARTESIAN_POINT('',(-2.477961496082,-9.771609718768,0.));
#6371 = CARTESIAN_POINT('',(-2.462577137754,-9.883341420409,0.));
#6372 = CARTESIAN_POINT('',(-2.442487444999,-10.00280438373,0.));
#6373 = CARTESIAN_POINT('',(-2.417219210789,-10.12981001016,0.));
#6374 = CARTESIAN_POINT('',(-2.386305517927,-10.26414865615,0.));
#6375 = CARTESIAN_POINT('',(-2.349291608721,-10.40558854133,0.));
#6376 = CARTESIAN_POINT('',(-2.321025878565,-10.50177864022,0.));
#6377 = CARTESIAN_POINT('',(-2.305793318072,-10.55098654981,0.));
#6378 = VECTOR('',#6379,1.);
#6379 = DIRECTION('',(-0.,-0.,-1.));
#6380 = ADVANCED_FACE('',(#6381),#6392,.F.);
#6381 = FACE_BOUND('',#6382,.F.);
#6382 = EDGE_LOOP('',(#6383,#6384,#6385,#6391));
#6383 = ORIENTED_EDGE('',*,*,#6330,.T.);
#6384 = ORIENTED_EDGE('',*,*,#2849,.T.);
#6385 = ORIENTED_EDGE('',*,*,#6386,.F.);
#6386 = EDGE_CURVE('',#794,#2850,#6387,.T.);
#6387 = LINE('',#6388,#6389);
#6388 = CARTESIAN_POINT('',(-2.472311235817,9.065864509753,0.));
#6389 = VECTOR('',#6390,1.);
#6390 = DIRECTION('',(0.,0.,1.));
#6391 = ORIENTED_EDGE('',*,*,#793,.F.);
#6392 = SURFACE_OF_LINEAR_EXTRUSION('',#6393,#6416);
#6393 = B_SPLINE_CURVE_WITH_KNOTS('',3,(#6394,#6395,#6396,#6397,#6398,
    #6399,#6400,#6401,#6402,#6403,#6404,#6405,#6406,#6407,#6408,#6409,
    #6410,#6411,#6412,#6413,#6414,#6415),.UNSPECIFIED.,.F.,.F.,(4,1,1,1,
    1,1,1,1,1,1,1,1,1,1,1,1,1,1,1,4),(0.,0.154535555886,0.300717838635,
    0.438546848258,0.568022584766,0.689145048173,0.801914238496,
    0.906330155756,1.002392799979,1.090102171201,1.169458269465,
    1.240461094832,1.303110647389,1.357406927258,1.403349934633,
    1.440939669834,1.470176133456,1.491059326809,1.503589253823,
    1.507765942),.UNSPECIFIED.);
#6394 = CARTESIAN_POINT('',(-2.305793318072,10.550986549813,0.));
#6395 = CARTESIAN_POINT('',(-2.321025878565,10.501778640222,0.));
#6396 = CARTESIAN_POINT('',(-2.349291608721,10.405588541339,0.));
#6397 = CARTESIAN_POINT('',(-2.386305517927,10.264148656156,0.));
#6398 = CARTESIAN_POINT('',(-2.417219210789,10.129810010167,0.));
#6399 = CARTESIAN_POINT('',(-2.442487444999,10.002804383736,0.));
#6400 = CARTESIAN_POINT('',(-2.462577137754,9.883341420409,0.));
#6401 = CARTESIAN_POINT('',(-2.477961496082,9.771609718768,0.));
#6402 = CARTESIAN_POINT('',(-2.489120384619,9.667776258632,0.));
#6403 = CARTESIAN_POINT('',(-2.496539164727,9.571986272819,0.));
#6404 = CARTESIAN_POINT('',(-2.500707886138,9.484363053801,0.));
#6405 = CARTESIAN_POINT('',(-2.502120416842,9.405007808233,0.));
#6406 = CARTESIAN_POINT('',(-2.501273483292,9.333999567865,0.));
#6407 = CARTESIAN_POINT('',(-2.49866603638,9.271395042877,0.));
#6408 = CARTESIAN_POINT('',(-2.494797573566,9.21722879499,0.));
#6409 = CARTESIAN_POINT('',(-2.49016959635,9.171512580444,0.));
#6410 = CARTESIAN_POINT('',(-2.485277866638,9.134237258552,0.));
#6411 = CARTESIAN_POINT('',(-2.480630200507,9.105367704603,0.));
#6412 = CARTESIAN_POINT('',(-2.476697484887,9.084856134912,0.));
#6413 = CARTESIAN_POINT('',(-2.474018959414,9.07261299632,0.));
#6414 = CARTESIAN_POINT('',(-2.472661515411,9.067212086544,0.));
#6415 = CARTESIAN_POINT('',(-2.472311235817,9.065864509753,0.));
#6416 = VECTOR('',#6417,1.);
#6417 = DIRECTION('',(-0.,-0.,-1.));
#6418 = ADVANCED_FACE('',(#6419),#6430,.F.);
#6419 = FACE_BOUND('',#6420,.F.);
#6420 = EDGE_LOOP('',(#6421,#6427,#6428,#6429));
#6421 = ORIENTED_EDGE('',*,*,#6422,.T.);
#6422 = EDGE_CURVE('',#1648,#3704,#6423,.T.);
#6423 = LINE('',#6424,#6425);
#6424 = CARTESIAN_POINT('',(-2.367880797419,-8.682922349602,0.));
#6425 = VECTOR('',#6426,1.);
#6426 = DIRECTION('',(0.,0.,1.));
#6427 = ORIENTED_EDGE('',*,*,#3710,.T.);
#6428 = ORIENTED_EDGE('',*,*,#6346,.F.);
#6429 = ORIENTED_EDGE('',*,*,#1654,.F.);
#6430 = SURFACE_OF_LINEAR_EXTRUSION('',#6431,#6434);
#6431 = B_SPLINE_CURVE_WITH_KNOTS('',1,(#6432,#6433),.UNSPECIFIED.,.F.,
  .F.,(2,2),(0.,0.396926207859),.PIECEWISE_BEZIER_KNOTS.);
#6432 = CARTESIAN_POINT('',(-2.367880797419,-8.682922349602,0.));
#6433 = CARTESIAN_POINT('',(-2.472311235817,-9.065864509753,0.));
#6434 = VECTOR('',#6435,1.);
#6435 = DIRECTION('',(-0.,-0.,-1.));
#6436 = ADVANCED_FACE('',(#6437),#6448,.F.);
#6437 = FACE_BOUND('',#6438,.F.);
#6438 = EDGE_LOOP('',(#6439,#6440,#6441,#6447));
#6439 = ORIENTED_EDGE('',*,*,#6386,.T.);
#6440 = ORIENTED_EDGE('',*,*,#2876,.T.);
#6441 = ORIENTED_EDGE('',*,*,#6442,.F.);
#6442 = EDGE_CURVE('',#821,#2877,#6443,.T.);
#6443 = LINE('',#6444,#6445);
#6444 = CARTESIAN_POINT('',(-2.367880797419,8.682922349602,0.));
#6445 = VECTOR('',#6446,1.);
#6446 = DIRECTION('',(0.,0.,1.));
#6447 = ORIENTED_EDGE('',*,*,#820,.F.);
#6448 = SURFACE_OF_LINEAR_EXTRUSION('',#6449,#6452);
#6449 = B_SPLINE_CURVE_WITH_KNOTS('',1,(#6450,#6451),.UNSPECIFIED.,.F.,
  .F.,(2,2),(0.,0.396926207859),.PIECEWISE_BEZIER_KNOTS.);
#6450 = CARTESIAN_POINT('',(-2.472311235817,9.065864509753,0.));
#6451 = CARTESIAN_POINT('',(-2.367880797419,8.682922349602,0.));
#6452 = VECTOR('',#6453,1.);
#6453 = DIRECTION('',(-0.,-0.,-1.));
#6454 = ADVANCED_FACE('',(#6455),#6466,.F.);
#6455 = FACE_BOUND('',#6456,.F.);
#6456 = EDGE_LOOP('',(#6457,#6463,#6464,#6465));
#6457 = ORIENTED_EDGE('',*,*,#6458,.T.);
#6458 = EDGE_CURVE('',#1641,#3697,#6459,.T.);
#6459 = LINE('',#6460,#6461);
#6460 = CARTESIAN_POINT('',(-3.18803789813,-8.416437153576,0.));
#6461 = VECTOR('',#6462,1.);
#6462 = DIRECTION('',(0.,0.,1.));
#6463 = ORIENTED_EDGE('',*,*,#3703,.T.);
#6464 = ORIENTED_EDGE('',*,*,#6422,.F.);
#6465 = ORIENTED_EDGE('',*,*,#1647,.F.);
#6466 = SURFACE_OF_LINEAR_EXTRUSION('',#6467,#6470);
#6467 = B_SPLINE_CURVE_WITH_KNOTS('',1,(#6468,#6469),.UNSPECIFIED.,.F.,
  .F.,(2,2),(0.,0.862364209338),.PIECEWISE_BEZIER_KNOTS.);
#6468 = CARTESIAN_POINT('',(-3.18803789813,-8.416437153576,0.));
#6469 = CARTESIAN_POINT('',(-2.367880797419,-8.682922349602,0.));
#6470 = VECTOR('',#6471,1.);
#6471 = DIRECTION('',(-0.,-0.,-1.));
#6472 = ADVANCED_FACE('',(#6473),#6484,.F.);
#6473 = FACE_BOUND('',#6474,.F.);
#6474 = EDGE_LOOP('',(#6475,#6476,#6477,#6483));
#6475 = ORIENTED_EDGE('',*,*,#6442,.T.);
#6476 = ORIENTED_EDGE('',*,*,#2883,.T.);
#6477 = ORIENTED_EDGE('',*,*,#6478,.F.);
#6478 = EDGE_CURVE('',#828,#2884,#6479,.T.);
#6479 = LINE('',#6480,#6481);
#6480 = CARTESIAN_POINT('',(-3.18803789813,8.416437153576,0.));
#6481 = VECTOR('',#6482,1.);
#6482 = DIRECTION('',(0.,0.,1.));
#6483 = ORIENTED_EDGE('',*,*,#827,.F.);
#6484 = SURFACE_OF_LINEAR_EXTRUSION('',#6485,#6488);
#6485 = B_SPLINE_CURVE_WITH_KNOTS('',1,(#6486,#6487),.UNSPECIFIED.,.F.,
  .F.,(2,2),(0.,0.862364209338),.PIECEWISE_BEZIER_KNOTS.);
#6486 = CARTESIAN_POINT('',(-2.367880797419,8.682922349602,0.));
#6487 = CARTESIAN_POINT('',(-3.18803789813,8.416437153576,0.));
#6488 = VECTOR('',#6489,1.);
#6489 = DIRECTION('',(-0.,-0.,-1.));
#6490 = ADVANCED_FACE('',(#6491),#6502,.F.);
#6491 = FACE_BOUND('',#6492,.F.);
#6492 = EDGE_LOOP('',(#6493,#6499,#6500,#6501));
#6493 = ORIENTED_EDGE('',*,*,#6494,.T.);
#6494 = EDGE_CURVE('',#1614,#3670,#6495,.T.);
#6495 = LINE('',#6496,#6497);
#6496 = CARTESIAN_POINT('',(-3.328639652954,-8.787626540581,0.));
#6497 = VECTOR('',#6498,1.);
#6498 = DIRECTION('',(0.,0.,1.));
#6499 = ORIENTED_EDGE('',*,*,#3696,.T.);
#6500 = ORIENTED_EDGE('',*,*,#6458,.F.);
#6501 = ORIENTED_EDGE('',*,*,#1640,.F.);
#6502 = SURFACE_OF_LINEAR_EXTRUSION('',#6503,#6506);
#6503 = B_SPLINE_CURVE_WITH_KNOTS('',1,(#6504,#6505),.UNSPECIFIED.,.F.,
  .F.,(2,2),(0.,0.396926207859),.PIECEWISE_BEZIER_KNOTS.);
#6504 = CARTESIAN_POINT('',(-3.328639652954,-8.787626540581,0.));
#6505 = CARTESIAN_POINT('',(-3.18803789813,-8.416437153576,0.));
#6506 = VECTOR('',#6507,1.);
#6507 = DIRECTION('',(-0.,-0.,-1.));
#6508 = ADVANCED_FACE('',(#6509),#6520,.F.);
#6509 = FACE_BOUND('',#6510,.F.);
#6510 = EDGE_LOOP('',(#6511,#6512,#6513,#6519));
#6511 = ORIENTED_EDGE('',*,*,#6478,.T.);
#6512 = ORIENTED_EDGE('',*,*,#2890,.T.);
#6513 = ORIENTED_EDGE('',*,*,#6514,.F.);
#6514 = EDGE_CURVE('',#835,#2891,#6515,.T.);
#6515 = LINE('',#6516,#6517);
#6516 = CARTESIAN_POINT('',(-3.328639652954,8.787626540581,0.));
#6517 = VECTOR('',#6518,1.);
#6518 = DIRECTION('',(0.,0.,1.));
#6519 = ORIENTED_EDGE('',*,*,#834,.F.);
#6520 = SURFACE_OF_LINEAR_EXTRUSION('',#6521,#6524);
#6521 = B_SPLINE_CURVE_WITH_KNOTS('',1,(#6522,#6523),.UNSPECIFIED.,.F.,
  .F.,(2,2),(0.,0.396926207859),.PIECEWISE_BEZIER_KNOTS.);
#6522 = CARTESIAN_POINT('',(-3.18803789813,8.416437153576,0.));
#6523 = CARTESIAN_POINT('',(-3.328639652954,8.787626540581,0.));
#6524 = VECTOR('',#6525,1.);
#6525 = DIRECTION('',(-0.,-0.,-1.));
#6526 = ADVANCED_FACE('',(#6527),#6538,.F.);
#6527 = FACE_BOUND('',#6528,.F.);
#6528 = EDGE_LOOP('',(#6529,#6535,#6536,#6537));
#6529 = ORIENTED_EDGE('',*,*,#6530,.T.);
#6530 = EDGE_CURVE('',#1607,#3663,#6531,.T.);
#6531 = LINE('',#6532,#6533);
#6532 = CARTESIAN_POINT('',(-4.33628831128,-9.891238733417,0.));
#6533 = VECTOR('',#6534,1.);
#6534 = DIRECTION('',(0.,0.,1.));
#6535 = ORIENTED_EDGE('',*,*,#3669,.T.);
#6536 = ORIENTED_EDGE('',*,*,#6494,.F.);
#6537 = ORIENTED_EDGE('',*,*,#1613,.F.);
#6538 = SURFACE_OF_LINEAR_EXTRUSION('',#6539,#6562);
#6539 = B_SPLINE_CURVE_WITH_KNOTS('',3,(#6540,#6541,#6542,#6543,#6544,
    #6545,#6546,#6547,#6548,#6549,#6550,#6551,#6552,#6553,#6554,#6555,
    #6556,#6557,#6558,#6559,#6560,#6561),.UNSPECIFIED.,.F.,.F.,(4,1,1,1,
    1,1,1,1,1,1,1,1,1,1,1,1,1,1,1,4),(0.,0.154535555886,0.300717838635,
    0.438546848258,0.568022584766,0.689145048173,0.801914238496,
    0.906330155756,1.002392799979,1.090102171201,1.169458269465,
    1.240461094832,1.303110647389,1.357406927258,1.403349934633,
    1.440939669834,1.470176133456,1.491059326809,1.503589253823,
    1.507765942),.UNSPECIFIED.);
#6540 = CARTESIAN_POINT('',(-4.33628831128,-9.891238733417,0.));
#6541 = CARTESIAN_POINT('',(-4.295041227419,-9.860382172714,0.));
#6542 = CARTESIAN_POINT('',(-4.215634649824,-9.799176927357,0.));
#6543 = CARTESIAN_POINT('',(-4.102553489652,-9.706505886523,0.));
#6544 = CARTESIAN_POINT('',(-3.998581511843,-9.615994251674,0.));
#6545 = CARTESIAN_POINT('',(-3.903487046775,-9.528096836931,0.));
#6546 = CARTESIAN_POINT('',(-3.817015575885,-9.443257694525,0.));
#6547 = CARTESIAN_POINT('',(-3.738895122112,-9.361907548029,0.));
#6548 = CARTESIAN_POINT('',(-3.668835615086,-9.284463544308,0.));
#6549 = CARTESIAN_POINT('',(-3.606529754922,-9.211328467431,0.));
#6550 = CARTESIAN_POINT('',(-3.551653552559,-9.14289010711,0.));
#6551 = CARTESIAN_POINT('',(-3.503866948177,-9.079520629569,0.));
#6552 = CARTESIAN_POINT('',(-3.462814535333,-9.02157594132,0.));
#6553 = CARTESIAN_POINT('',(-3.428125987681,-8.969395197839,0.));
#6554 = CARTESIAN_POINT('',(-3.39941751816,-8.923299957386,0.));
#6555 = CARTESIAN_POINT('',(-3.376290313677,-8.883594506144,0.));
#6556 = CARTESIAN_POINT('',(-3.358337921663,-8.85056285068,0.));
#6557 = CARTESIAN_POINT('',(-3.345128864495,-8.824475061306,0.));
#6558 = CARTESIAN_POINT('',(-3.336254100101,-8.805569260601,0.));
#6559 = CARTESIAN_POINT('',(-3.331224736422,-8.794089955646,0.));
#6560 = CARTESIAN_POINT('',(-3.329148356574,-8.788922642286,0.));
#6561 = CARTESIAN_POINT('',(-3.328639652954,-8.787626540581,0.));
#6562 = VECTOR('',#6563,1.);
#6563 = DIRECTION('',(-0.,-0.,-1.));
#6564 = ADVANCED_FACE('',(#6565),#6576,.F.);
#6565 = FACE_BOUND('',#6566,.F.);
#6566 = EDGE_LOOP('',(#6567,#6568,#6569,#6575));
#6567 = ORIENTED_EDGE('',*,*,#6514,.T.);
#6568 = ORIENTED_EDGE('',*,*,#2897,.T.);
#6569 = ORIENTED_EDGE('',*,*,#6570,.F.);
#6570 = EDGE_CURVE('',#842,#2898,#6571,.T.);
#6571 = LINE('',#6572,#6573);
#6572 = CARTESIAN_POINT('',(-4.33628831128,9.891238733417,0.));
#6573 = VECTOR('',#6574,1.);
#6574 = DIRECTION('',(0.,0.,1.));
#6575 = ORIENTED_EDGE('',*,*,#841,.F.);
#6576 = SURFACE_OF_LINEAR_EXTRUSION('',#6577,#6600);
#6577 = B_SPLINE_CURVE_WITH_KNOTS('',3,(#6578,#6579,#6580,#6581,#6582,
    #6583,#6584,#6585,#6586,#6587,#6588,#6589,#6590,#6591,#6592,#6593,
    #6594,#6595,#6596,#6597,#6598,#6599),.UNSPECIFIED.,.F.,.F.,(4,1,1,1,
    1,1,1,1,1,1,1,1,1,1,1,1,1,1,1,4),(0.,4.176688177199E-03,
    1.670661519072E-02,3.758980854408E-02,6.682627216637E-02,
    0.104416007367,0.150359014742,0.204655294612,0.267304847168,
    0.338307672535,0.417663770799,0.505373142021,0.601435786244,
    0.705851703504,0.818620893827,0.939743357234,1.069219093742,
    1.207048103365,1.353230386115,1.507765942),.UNSPECIFIED.);
#6578 = CARTESIAN_POINT('',(-3.328639652954,8.787626540581,0.));
#6579 = CARTESIAN_POINT('',(-3.329148356574,8.788922642286,0.));
#6580 = CARTESIAN_POINT('',(-3.331224736422,8.794089955646,0.));
#6581 = CARTESIAN_POINT('',(-3.336254100101,8.805569260601,0.));
#6582 = CARTESIAN_POINT('',(-3.345128864495,8.824475061306,0.));
#6583 = CARTESIAN_POINT('',(-3.358337921663,8.85056285068,0.));
#6584 = CARTESIAN_POINT('',(-3.376290313677,8.883594506144,0.));
#6585 = CARTESIAN_POINT('',(-3.39941751816,8.923299957386,0.));
#6586 = CARTESIAN_POINT('',(-3.428125987681,8.969395197839,0.));
#6587 = CARTESIAN_POINT('',(-3.462814535333,9.02157594132,0.));
#6588 = CARTESIAN_POINT('',(-3.503866948177,9.079520629569,0.));
#6589 = CARTESIAN_POINT('',(-3.551653552559,9.14289010711,0.));
#6590 = CARTESIAN_POINT('',(-3.606529754922,9.211328467431,0.));
#6591 = CARTESIAN_POINT('',(-3.668835615086,9.284463544308,0.));
#6592 = CARTESIAN_POINT('',(-3.738895122112,9.361907548029,0.));
#6593 = CARTESIAN_POINT('',(-3.817015575885,9.443257694525,0.));
#6594 = CARTESIAN_POINT('',(-3.903487046775,9.528096836931,0.));
#6595 = CARTESIAN_POINT('',(-3.998581511843,9.615994251674,0.));
#6596 = CARTESIAN_POINT('',(-4.102553489652,9.706505886523,0.));
#6597 = CARTESIAN_POINT('',(-4.215634649824,9.799176927357,0.));
#6598 = CARTESIAN_POINT('',(-4.295041227419,9.860382172714,0.));
#6599 = CARTESIAN_POINT('',(-4.33628831128,9.891238733417,0.));
#6600 = VECTOR('',#6601,1.);
#6601 = DIRECTION('',(-0.,-0.,-1.));
#6602 = ADVANCED_FACE('',(#6603),#6614,.F.);
#6603 = FACE_BOUND('',#6604,.F.);
#6604 = EDGE_LOOP('',(#6605,#6611,#6612,#6613));
#6605 = ORIENTED_EDGE('',*,*,#6606,.T.);
#6606 = EDGE_CURVE('',#1580,#3636,#6607,.T.);
#6607 = LINE('',#6608,#6609);
#6608 = CARTESIAN_POINT('',(-4.857276235478,-9.646080425347,0.));
#6609 = VECTOR('',#6610,1.);
#6610 = DIRECTION('',(0.,0.,1.));
#6611 = ORIENTED_EDGE('',*,*,#3662,.T.);
#6612 = ORIENTED_EDGE('',*,*,#6530,.F.);
#6613 = ORIENTED_EDGE('',*,*,#1606,.F.);
#6614 = SURFACE_OF_LINEAR_EXTRUSION('',#6615,#6618);
#6615 = B_SPLINE_CURVE_WITH_KNOTS('',1,(#6616,#6617),.UNSPECIFIED.,.F.,
  .F.,(2,2),(0.,0.575787298554),.PIECEWISE_BEZIER_KNOTS.);
#6616 = CARTESIAN_POINT('',(-4.857276235478,-9.646080425347,0.));
#6617 = CARTESIAN_POINT('',(-4.33628831128,-9.891238733417,0.));
#6618 = VECTOR('',#6619,1.);
#6619 = DIRECTION('',(-0.,-0.,-1.));
#6620 = ADVANCED_FACE('',(#6621),#6632,.F.);
#6621 = FACE_BOUND('',#6622,.F.);
#6622 = EDGE_LOOP('',(#6623,#6624,#6625,#6631));
#6623 = ORIENTED_EDGE('',*,*,#6570,.T.);
#6624 = ORIENTED_EDGE('',*,*,#2924,.T.);
#6625 = ORIENTED_EDGE('',*,*,#6626,.F.);
#6626 = EDGE_CURVE('',#869,#2925,#6627,.T.);
#6627 = LINE('',#6628,#6629);
#6628 = CARTESIAN_POINT('',(-4.857276235478,9.646080425347,0.));
#6629 = VECTOR('',#6630,1.);
#6630 = DIRECTION('',(0.,0.,1.));
#6631 = ORIENTED_EDGE('',*,*,#868,.F.);
#6632 = SURFACE_OF_LINEAR_EXTRUSION('',#6633,#6636);
#6633 = B_SPLINE_CURVE_WITH_KNOTS('',1,(#6634,#6635),.UNSPECIFIED.,.F.,
  .F.,(2,2),(0.,0.575787298554),.PIECEWISE_BEZIER_KNOTS.);
#6634 = CARTESIAN_POINT('',(-4.33628831128,9.891238733417,0.));
#6635 = CARTESIAN_POINT('',(-4.857276235478,9.646080425347,0.));
#6636 = VECTOR('',#6637,1.);
#6637 = DIRECTION('',(-0.,-0.,-1.));
#6638 = ADVANCED_FACE('',(#6639),#6650,.F.);
#6639 = FACE_BOUND('',#6640,.F.);
#6640 = EDGE_LOOP('',(#6641,#6647,#6648,#6649));
#6641 = ORIENTED_EDGE('',*,*,#6642,.T.);
#6642 = EDGE_CURVE('',#1573,#3629,#6643,.T.);
#6643 = LINE('',#6644,#6645);
#6644 = CARTESIAN_POINT('',(-4.649227854064,-8.166204902949,0.));
#6645 = VECTOR('',#6646,1.);
#6646 = DIRECTION('',(0.,0.,1.));
#6647 = ORIENTED_EDGE('',*,*,#3635,.T.);
#6648 = ORIENTED_EDGE('',*,*,#6606,.F.);
#6649 = ORIENTED_EDGE('',*,*,#1579,.F.);
#6650 = SURFACE_OF_LINEAR_EXTRUSION('',#6651,#6674);
#6651 = B_SPLINE_CURVE_WITH_KNOTS('',3,(#6652,#6653,#6654,#6655,#6656,
    #6657,#6658,#6659,#6660,#6661,#6662,#6663,#6664,#6665,#6666,#6667,
    #6668,#6669,#6670,#6671,#6672,#6673),.UNSPECIFIED.,.F.,.F.,(4,1,1,1,
    1,1,1,1,1,1,1,1,1,1,1,1,1,1,1,4),(0.,4.176688177199E-03,
    1.670661519072E-02,3.758980854408E-02,6.682627216637E-02,
    0.104416007367,0.150359014742,0.204655294612,0.267304847168,
    0.338307672535,0.417663770799,0.505373142021,0.601435786244,
    0.705851703504,0.818620893827,0.939743357234,1.069219093742,
    1.207048103365,1.353230386115,1.507765942),.UNSPECIFIED.);
#6652 = CARTESIAN_POINT('',(-4.649227854064,-8.166204902949,0.));
#6653 = CARTESIAN_POINT('',(-4.649902257701,-8.167423032144,0.));
#6654 = CARTESIAN_POINT('',(-4.652560206747,-8.172316679812,0.));
#6655 = CARTESIAN_POINT('',(-4.658199326171,-8.183509055493,0.));
#6656 = CARTESIAN_POINT('',(-4.667109508251,-8.202398189901,0.));
#6657 = CARTESIAN_POINT('',(-4.678790725518,-8.22920492616,0.));
#6658 = CARTESIAN_POINT('',(-4.69279876814,-8.26409265156,0.));
#6659 = CARTESIAN_POINT('',(-4.70865050918,-8.307221676028,0.));
#6660 = CARTESIAN_POINT('',(-4.725868035196,-8.358724144052,0.));
#6661 = CARTESIAN_POINT('',(-4.743962676623,-8.418713387088,0.));
#6662 = CARTESIAN_POINT('',(-4.762442033484,-8.4872801492,0.));
#6663 = CARTESIAN_POINT('',(-4.780808727095,-8.564493585907,0.));
#6664 = CARTESIAN_POINT('',(-4.798561982183,-8.650400679228,0.));
#6665 = CARTESIAN_POINT('',(-4.815198277458,-8.74502622208,0.));
#6666 = CARTESIAN_POINT('',(-4.83021229741,-8.84837266586,0.));
#6667 = CARTESIAN_POINT('',(-4.843097811262,-8.96042004497,0.));
#6668 = CARTESIAN_POINT('',(-4.853348504018,-9.081125963052,0.));
#6669 = CARTESIAN_POINT('',(-4.860459132757,-9.210425428496,0.));
#6670 = CARTESIAN_POINT('',(-4.863925313115,-9.348231501679,0.));
#6671 = CARTESIAN_POINT('',(-4.863248933018,-9.494432777684,0.));
#6672 = CARTESIAN_POINT('',(-4.859792727589,-9.594630288972,0.));
#6673 = CARTESIAN_POINT('',(-4.857276235478,-9.646080425347,0.));
#6674 = VECTOR('',#6675,1.);
#6675 = DIRECTION('',(-0.,-0.,-1.));
#6676 = ADVANCED_FACE('',(#6677),#6688,.F.);
#6677 = FACE_BOUND('',#6678,.F.);
#6678 = EDGE_LOOP('',(#6679,#6680,#6681,#6687));
#6679 = ORIENTED_EDGE('',*,*,#6626,.T.);
#6680 = ORIENTED_EDGE('',*,*,#2931,.T.);
#6681 = ORIENTED_EDGE('',*,*,#6682,.F.);
#6682 = EDGE_CURVE('',#876,#2932,#6683,.T.);
#6683 = LINE('',#6684,#6685);
#6684 = CARTESIAN_POINT('',(-4.649227854064,8.166204902949,0.));
#6685 = VECTOR('',#6686,1.);
#6686 = DIRECTION('',(0.,0.,1.));
#6687 = ORIENTED_EDGE('',*,*,#875,.F.);
#6688 = SURFACE_OF_LINEAR_EXTRUSION('',#6689,#6712);
#6689 = B_SPLINE_CURVE_WITH_KNOTS('',3,(#6690,#6691,#6692,#6693,#6694,
    #6695,#6696,#6697,#6698,#6699,#6700,#6701,#6702,#6703,#6704,#6705,
    #6706,#6707,#6708,#6709,#6710,#6711),.UNSPECIFIED.,.F.,.F.,(4,1,1,1,
    1,1,1,1,1,1,1,1,1,1,1,1,1,1,1,4),(0.,0.154535555886,0.300717838635,
    0.438546848258,0.568022584766,0.689145048173,0.801914238496,
    0.906330155756,1.002392799979,1.090102171201,1.169458269465,
    1.240461094832,1.303110647389,1.357406927258,1.403349934633,
    1.440939669834,1.470176133456,1.491059326809,1.503589253823,
    1.507765942),.UNSPECIFIED.);
#6690 = CARTESIAN_POINT('',(-4.857276235478,9.646080425347,0.));
#6691 = CARTESIAN_POINT('',(-4.859792727589,9.594630288972,0.));
#6692 = CARTESIAN_POINT('',(-4.863248933018,9.494432777684,0.));
#6693 = CARTESIAN_POINT('',(-4.863925313115,9.348231501679,0.));
#6694 = CARTESIAN_POINT('',(-4.860459132757,9.210425428496,0.));
#6695 = CARTESIAN_POINT('',(-4.853348504018,9.081125963052,0.));
#6696 = CARTESIAN_POINT('',(-4.843097811262,8.96042004497,0.));
#6697 = CARTESIAN_POINT('',(-4.83021229741,8.84837266586,0.));
#6698 = CARTESIAN_POINT('',(-4.815198277458,8.74502622208,0.));
#6699 = CARTESIAN_POINT('',(-4.798561982183,8.650400679228,0.));
#6700 = CARTESIAN_POINT('',(-4.780808727095,8.564493585907,0.));
#6701 = CARTESIAN_POINT('',(-4.762442033484,8.4872801492,0.));
#6702 = CARTESIAN_POINT('',(-4.743962676623,8.418713387088,0.));
#6703 = CARTESIAN_POINT('',(-4.725868035196,8.358724144052,0.));
#6704 = CARTESIAN_POINT('',(-4.70865050918,8.307221676028,0.));
#6705 = CARTESIAN_POINT('',(-4.69279876814,8.26409265156,0.));
#6706 = CARTESIAN_POINT('',(-4.678790725518,8.22920492616,0.));
#6707 = CARTESIAN_POINT('',(-4.667109508251,8.202398189901,0.));
#6708 = CARTESIAN_POINT('',(-4.658199326171,8.183509055493,0.));
#6709 = CARTESIAN_POINT('',(-4.652560206747,8.172316679812,0.));
#6710 = CARTESIAN_POINT('',(-4.649902257701,8.167423032144,0.));
#6711 = CARTESIAN_POINT('',(-4.649227854064,8.166204902949,0.));
#6712 = VECTOR('',#6713,1.);
#6713 = DIRECTION('',(-0.,-0.,-1.));
#6714 = ADVANCED_FACE('',(#6715),#6726,.F.);
#6715 = FACE_BOUND('',#6716,.F.);
#6716 = EDGE_LOOP('',(#6717,#6723,#6724,#6725));
#6717 = ORIENTED_EDGE('',*,*,#6718,.T.);
#6718 = EDGE_CURVE('',#1566,#3622,#6719,.T.);
#6719 = LINE('',#6720,#6721);
#6720 = CARTESIAN_POINT('',(-4.452844447324,-7.821264368882,0.));
#6721 = VECTOR('',#6722,1.);
#6722 = DIRECTION('',(0.,0.,1.));
#6723 = ORIENTED_EDGE('',*,*,#3628,.T.);
#6724 = ORIENTED_EDGE('',*,*,#6642,.F.);
#6725 = ORIENTED_EDGE('',*,*,#1572,.F.);
#6726 = SURFACE_OF_LINEAR_EXTRUSION('',#6727,#6730);
#6727 = B_SPLINE_CURVE_WITH_KNOTS('',1,(#6728,#6729),.UNSPECIFIED.,.F.,
  .F.,(2,2),(0.,0.396926207859),.PIECEWISE_BEZIER_KNOTS.);
#6728 = CARTESIAN_POINT('',(-4.452844447324,-7.821264368882,0.));
#6729 = CARTESIAN_POINT('',(-4.649227854064,-8.166204902949,0.));
#6730 = VECTOR('',#6731,1.);
#6731 = DIRECTION('',(-0.,-0.,-1.));
#6732 = ADVANCED_FACE('',(#6733),#6744,.F.);
#6733 = FACE_BOUND('',#6734,.F.);
#6734 = EDGE_LOOP('',(#6735,#6736,#6737,#6743));
#6735 = ORIENTED_EDGE('',*,*,#6682,.T.);
#6736 = ORIENTED_EDGE('',*,*,#2958,.T.);
#6737 = ORIENTED_EDGE('',*,*,#6738,.F.);
#6738 = EDGE_CURVE('',#903,#2959,#6739,.T.);
#6739 = LINE('',#6740,#6741);
#6740 = CARTESIAN_POINT('',(-4.452844447324,7.821264368882,0.));
#6741 = VECTOR('',#6742,1.);
#6742 = DIRECTION('',(0.,0.,1.));
#6743 = ORIENTED_EDGE('',*,*,#902,.F.);
#6744 = SURFACE_OF_LINEAR_EXTRUSION('',#6745,#6748);
#6745 = B_SPLINE_CURVE_WITH_KNOTS('',1,(#6746,#6747),.UNSPECIFIED.,.F.,
  .F.,(2,2),(0.,0.396926207859),.PIECEWISE_BEZIER_KNOTS.);
#6746 = CARTESIAN_POINT('',(-4.649227854064,8.166204902949,0.));
#6747 = CARTESIAN_POINT('',(-4.452844447324,7.821264368882,0.));
#6748 = VECTOR('',#6749,1.);
#6749 = DIRECTION('',(-0.,-0.,-1.));
#6750 = ADVANCED_FACE('',(#6751),#6762,.F.);
#6751 = FACE_BOUND('',#6752,.F.);
#6752 = EDGE_LOOP('',(#6753,#6759,#6760,#6761));
#6753 = ORIENTED_EDGE('',*,*,#6754,.T.);
#6754 = EDGE_CURVE('',#1559,#3615,#6755,.T.);
#6755 = LINE('',#6756,#6757);
#6756 = CARTESIAN_POINT('',(-5.180962631222,-7.359186518487,0.));
#6757 = VECTOR('',#6758,1.);
#6758 = DIRECTION('',(0.,0.,1.));
#6759 = ORIENTED_EDGE('',*,*,#3621,.T.);
#6760 = ORIENTED_EDGE('',*,*,#6718,.F.);
#6761 = ORIENTED_EDGE('',*,*,#1565,.F.);
#6762 = SURFACE_OF_LINEAR_EXTRUSION('',#6763,#6766);
#6763 = B_SPLINE_CURVE_WITH_KNOTS('',1,(#6764,#6765),.UNSPECIFIED.,.F.,
  .F.,(2,2),(0.,0.862364209338),.PIECEWISE_BEZIER_KNOTS.);
#6764 = CARTESIAN_POINT('',(-5.180962631222,-7.359186518487,0.));
#6765 = CARTESIAN_POINT('',(-4.452844447324,-7.821264368882,0.));
#6766 = VECTOR('',#6767,1.);
#6767 = DIRECTION('',(-0.,-0.,-1.));
#6768 = ADVANCED_FACE('',(#6769),#6780,.F.);
#6769 = FACE_BOUND('',#6770,.F.);
#6770 = EDGE_LOOP('',(#6771,#6772,#6773,#6779));
#6771 = ORIENTED_EDGE('',*,*,#6738,.T.);
#6772 = ORIENTED_EDGE('',*,*,#2965,.T.);
#6773 = ORIENTED_EDGE('',*,*,#6774,.F.);
#6774 = EDGE_CURVE('',#910,#2966,#6775,.T.);
#6775 = LINE('',#6776,#6777);
#6776 = CARTESIAN_POINT('',(-5.180962631222,7.359186518487,0.));
#6777 = VECTOR('',#6778,1.);
#6778 = DIRECTION('',(0.,0.,1.));
#6779 = ORIENTED_EDGE('',*,*,#909,.F.);
#6780 = SURFACE_OF_LINEAR_EXTRUSION('',#6781,#6784);
#6781 = B_SPLINE_CURVE_WITH_KNOTS('',1,(#6782,#6783),.UNSPECIFIED.,.F.,
  .F.,(2,2),(0.,0.862364209338),.PIECEWISE_BEZIER_KNOTS.);
#6782 = CARTESIAN_POINT('',(-4.452844447324,7.821264368882,0.));
#6783 = CARTESIAN_POINT('',(-5.180962631222,7.359186518487,0.));
#6784 = VECTOR('',#6785,1.);
#6785 = DIRECTION('',(-0.,-0.,-1.));
#6786 = ADVANCED_FACE('',(#6787),#6798,.F.);
#6787 = FACE_BOUND('',#6788,.F.);
#6788 = EDGE_LOOP('',(#6789,#6795,#6796,#6797));
#6789 = ORIENTED_EDGE('',*,*,#6790,.T.);
#6790 = EDGE_CURVE('',#1532,#3588,#6791,.T.);
#6791 = LINE('',#6792,#6793);
#6792 = CARTESIAN_POINT('',(-5.40945817014,-7.683748073789,0.));
#6793 = VECTOR('',#6794,1.);
#6794 = DIRECTION('',(0.,0.,1.));
#6795 = ORIENTED_EDGE('',*,*,#3614,.T.);
#6796 = ORIENTED_EDGE('',*,*,#6754,.F.);
#6797 = ORIENTED_EDGE('',*,*,#1558,.F.);
#6798 = SURFACE_OF_LINEAR_EXTRUSION('',#6799,#6802);
#6799 = B_SPLINE_CURVE_WITH_KNOTS('',1,(#6800,#6801),.UNSPECIFIED.,.F.,
  .F.,(2,2),(0.,0.396926207859),.PIECEWISE_BEZIER_KNOTS.);
#6800 = CARTESIAN_POINT('',(-5.40945817014,-7.683748073789,0.));
#6801 = CARTESIAN_POINT('',(-5.180962631222,-7.359186518487,0.));
#6802 = VECTOR('',#6803,1.);
#6803 = DIRECTION('',(-0.,-0.,-1.));
#6804 = ADVANCED_FACE('',(#6805),#6816,.F.);
#6805 = FACE_BOUND('',#6806,.F.);
#6806 = EDGE_LOOP('',(#6807,#6808,#6809,#6815));
#6807 = ORIENTED_EDGE('',*,*,#6774,.T.);
#6808 = ORIENTED_EDGE('',*,*,#2972,.T.);
#6809 = ORIENTED_EDGE('',*,*,#6810,.F.);
#6810 = EDGE_CURVE('',#917,#2973,#6811,.T.);
#6811 = LINE('',#6812,#6813);
#6812 = CARTESIAN_POINT('',(-5.40945817014,7.683748073789,0.));
#6813 = VECTOR('',#6814,1.);
#6814 = DIRECTION('',(0.,0.,1.));
#6815 = ORIENTED_EDGE('',*,*,#916,.F.);
#6816 = SURFACE_OF_LINEAR_EXTRUSION('',#6817,#6820);
#6817 = B_SPLINE_CURVE_WITH_KNOTS('',1,(#6818,#6819),.UNSPECIFIED.,.F.,
  .F.,(2,2),(0.,0.396926207859),.PIECEWISE_BEZIER_KNOTS.);
#6818 = CARTESIAN_POINT('',(-5.180962631222,7.359186518487,0.));
#6819 = CARTESIAN_POINT('',(-5.40945817014,7.683748073789,0.));
#6820 = VECTOR('',#6821,1.);
#6821 = DIRECTION('',(-0.,-0.,-1.));
#6822 = ADVANCED_FACE('',(#6823),#6834,.F.);
#6823 = FACE_BOUND('',#6824,.F.);
#6824 = EDGE_LOOP('',(#6825,#6831,#6832,#6833));
#6825 = ORIENTED_EDGE('',*,*,#6826,.T.);
#6826 = EDGE_CURVE('',#1525,#3581,#6827,.T.);
#6827 = LINE('',#6828,#6829);
#6828 = CARTESIAN_POINT('',(-6.659906884639,-8.502096229045,0.));
#6829 = VECTOR('',#6830,1.);
#6830 = DIRECTION('',(0.,0.,1.));
#6831 = ORIENTED_EDGE('',*,*,#3587,.T.);
#6832 = ORIENTED_EDGE('',*,*,#6790,.F.);
#6833 = ORIENTED_EDGE('',*,*,#1531,.F.);
#6834 = SURFACE_OF_LINEAR_EXTRUSION('',#6835,#6858);
#6835 = B_SPLINE_CURVE_WITH_KNOTS('',3,(#6836,#6837,#6838,#6839,#6840,
    #6841,#6842,#6843,#6844,#6845,#6846,#6847,#6848,#6849,#6850,#6851,
    #6852,#6853,#6854,#6855,#6856,#6857),.UNSPECIFIED.,.F.,.F.,(4,1,1,1,
    1,1,1,1,1,1,1,1,1,1,1,1,1,1,1,4),(0.,0.154535555886,0.300717838635,
    0.438546848258,0.568022584766,0.689145048173,0.801914238496,
    0.906330155756,1.002392799979,1.090102171201,1.169458269465,
    1.240461094832,1.303110647389,1.357406927258,1.403349934633,
    1.440939669834,1.470176133456,1.491059326809,1.503589253823,
    1.507765942),.UNSPECIFIED.);
#6836 = CARTESIAN_POINT('',(-6.659906884639,-8.502096229045,0.));
#6837 = CARTESIAN_POINT('',(-6.612281939166,-8.482466816568,0.));
#6838 = CARTESIAN_POINT('',(-6.520148939663,-8.442932059365,0.));
#6839 = CARTESIAN_POINT('',(-6.387574081391,-8.381294590652,0.));
#6840 = CARTESIAN_POINT('',(-6.264359246198,-8.319483324682,0.));
#6841 = CARTESIAN_POINT('',(-6.150393150462,-8.257996400642,0.));
#6842 = CARTESIAN_POINT('',(-6.045539703088,-8.197327216242,0.));
#6843 = CARTESIAN_POINT('',(-5.949642588271,-8.137960601024,0.));
#6844 = CARTESIAN_POINT('',(-5.862524588941,-8.080372733987,0.));
#6845 = CARTESIAN_POINT('',(-5.783988227931,-8.02503016737,0.));
#6846 = CARTESIAN_POINT('',(-5.713816134269,-7.972389080562,0.));
#6847 = CARTESIAN_POINT('',(-5.651771485718,-7.922894516938,0.));
#6848 = CARTESIAN_POINT('',(-5.597598551931,-7.876979587541,0.));
#6849 = CARTESIAN_POINT('',(-5.551022985583,-7.835064889072,0.));
#6850 = CARTESIAN_POINT('',(-5.511753025276,-7.797557321407,0.));
#6851 = CARTESIAN_POINT('',(-5.479478060261,-7.764850791802,0.));
#6852 = CARTESIAN_POINT('',(-5.453875036984,-7.73732146488,0.));
#6853 = CARTESIAN_POINT('',(-5.434593197241,-7.715338230317,0.));
#6854 = CARTESIAN_POINT('',(-5.421295568445,-7.699233454263,0.));
#6855 = CARTESIAN_POINT('',(-5.413569424421,-7.689365544667,0.));
#6856 = CARTESIAN_POINT('',(-5.410273219287,-7.684876946629,0.));
#6857 = CARTESIAN_POINT('',(-5.40945817014,-7.683748073789,0.));
#6858 = VECTOR('',#6859,1.);
#6859 = DIRECTION('',(-0.,-0.,-1.));
#6860 = ADVANCED_FACE('',(#6861),#6872,.F.);
#6861 = FACE_BOUND('',#6862,.F.);
#6862 = EDGE_LOOP('',(#6863,#6864,#6865,#6871));
#6863 = ORIENTED_EDGE('',*,*,#6810,.T.);
#6864 = ORIENTED_EDGE('',*,*,#2979,.T.);
#6865 = ORIENTED_EDGE('',*,*,#6866,.F.);
#6866 = EDGE_CURVE('',#924,#2980,#6867,.T.);
#6867 = LINE('',#6868,#6869);
#6868 = CARTESIAN_POINT('',(-6.659906884639,8.502096229045,0.));
#6869 = VECTOR('',#6870,1.);
#6870 = DIRECTION('',(0.,0.,1.));
#6871 = ORIENTED_EDGE('',*,*,#923,.F.);
#6872 = SURFACE_OF_LINEAR_EXTRUSION('',#6873,#6896);
#6873 = B_SPLINE_CURVE_WITH_KNOTS('',3,(#6874,#6875,#6876,#6877,#6878,
    #6879,#6880,#6881,#6882,#6883,#6884,#6885,#6886,#6887,#6888,#6889,
    #6890,#6891,#6892,#6893,#6894,#6895),.UNSPECIFIED.,.F.,.F.,(4,1,1,1,
    1,1,1,1,1,1,1,1,1,1,1,1,1,1,1,4),(0.,4.176688177199E-03,
    1.670661519072E-02,3.758980854408E-02,6.682627216637E-02,
    0.104416007367,0.150359014742,0.204655294612,0.267304847168,
    0.338307672535,0.417663770799,0.505373142021,0.601435786244,
    0.705851703504,0.818620893827,0.939743357234,1.069219093742,
    1.207048103365,1.353230386115,1.507765942),.UNSPECIFIED.);
#6874 = CARTESIAN_POINT('',(-5.40945817014,7.683748073789,0.));
#6875 = CARTESIAN_POINT('',(-5.410273219287,7.684876946629,0.));
#6876 = CARTESIAN_POINT('',(-5.413569424421,7.689365544667,0.));
#6877 = CARTESIAN_POINT('',(-5.421295568445,7.699233454263,0.));
#6878 = CARTESIAN_POINT('',(-5.434593197241,7.715338230317,0.));
#6879 = CARTESIAN_POINT('',(-5.453875036984,7.73732146488,0.));
#6880 = CARTESIAN_POINT('',(-5.479478060261,7.764850791802,0.));
#6881 = CARTESIAN_POINT('',(-5.511753025276,7.797557321407,0.));
#6882 = CARTESIAN_POINT('',(-5.551022985583,7.835064889072,0.));
#6883 = CARTESIAN_POINT('',(-5.597598551931,7.876979587541,0.));
#6884 = CARTESIAN_POINT('',(-5.651771485718,7.922894516938,0.));
#6885 = CARTESIAN_POINT('',(-5.713816134269,7.972389080562,0.));
#6886 = CARTESIAN_POINT('',(-5.783988227931,8.02503016737,0.));
#6887 = CARTESIAN_POINT('',(-5.862524588941,8.080372733987,0.));
#6888 = CARTESIAN_POINT('',(-5.949642588271,8.137960601024,0.));
#6889 = CARTESIAN_POINT('',(-6.045539703088,8.197327216242,0.));
#6890 = CARTESIAN_POINT('',(-6.150393150462,8.257996400642,0.));
#6891 = CARTESIAN_POINT('',(-6.264359246198,8.319483324682,0.));
#6892 = CARTESIAN_POINT('',(-6.387574081391,8.381294590652,0.));
#6893 = CARTESIAN_POINT('',(-6.520148939663,8.442932059365,0.));
#6894 = CARTESIAN_POINT('',(-6.612281939166,8.482466816568,0.));
#6895 = CARTESIAN_POINT('',(-6.659906884639,8.502096229045,0.));
#6896 = VECTOR('',#6897,1.);
#6897 = DIRECTION('',(-0.,-0.,-1.));
#6898 = ADVANCED_FACE('',(#6899),#6910,.F.);
#6899 = FACE_BOUND('',#6900,.F.);
#6900 = EDGE_LOOP('',(#6901,#6907,#6908,#6909));
#6901 = ORIENTED_EDGE('',*,*,#6902,.T.);
#6902 = EDGE_CURVE('',#1498,#3554,#6903,.T.);
#6903 = LINE('',#6904,#6905);
#6904 = CARTESIAN_POINT('',(-7.103558623197,-8.135075591954,0.));
#6905 = VECTOR('',#6906,1.);
#6906 = DIRECTION('',(0.,0.,1.));
#6907 = ORIENTED_EDGE('',*,*,#3580,.T.);
#6908 = ORIENTED_EDGE('',*,*,#6826,.F.);
#6909 = ORIENTED_EDGE('',*,*,#1524,.F.);
#6910 = SURFACE_OF_LINEAR_EXTRUSION('',#6911,#6914);
#6911 = B_SPLINE_CURVE_WITH_KNOTS('',1,(#6912,#6913),.UNSPECIFIED.,.F.,
  .F.,(2,2),(0.,0.575787298554),.PIECEWISE_BEZIER_KNOTS.);
#6912 = CARTESIAN_POINT('',(-7.103558623197,-8.135075591954,0.));
#6913 = CARTESIAN_POINT('',(-6.659906884639,-8.502096229045,0.));
#6914 = VECTOR('',#6915,1.);
#6915 = DIRECTION('',(-0.,-0.,-1.));
#6916 = ADVANCED_FACE('',(#6917),#6928,.F.);
#6917 = FACE_BOUND('',#6918,.F.);
#6918 = EDGE_LOOP('',(#6919,#6920,#6921,#6927));
#6919 = ORIENTED_EDGE('',*,*,#6866,.T.);
#6920 = ORIENTED_EDGE('',*,*,#3006,.T.);
#6921 = ORIENTED_EDGE('',*,*,#6922,.F.);
#6922 = EDGE_CURVE('',#951,#3007,#6923,.T.);
#6923 = LINE('',#6924,#6925);
#6924 = CARTESIAN_POINT('',(-7.103558623197,8.135075591954,0.));
#6925 = VECTOR('',#6926,1.);
#6926 = DIRECTION('',(0.,0.,1.));
#6927 = ORIENTED_EDGE('',*,*,#950,.F.);
#6928 = SURFACE_OF_LINEAR_EXTRUSION('',#6929,#6932);
#6929 = B_SPLINE_CURVE_WITH_KNOTS('',1,(#6930,#6931),.UNSPECIFIED.,.F.,
  .F.,(2,2),(0.,0.575787298554),.PIECEWISE_BEZIER_KNOTS.);
#6930 = CARTESIAN_POINT('',(-6.659906884639,8.502096229045,0.));
#6931 = CARTESIAN_POINT('',(-7.103558623197,8.135075591954,0.));
#6932 = VECTOR('',#6933,1.);
#6933 = DIRECTION('',(-0.,-0.,-1.));
#6934 = ADVANCED_FACE('',(#6935),#6946,.F.);
#6935 = FACE_BOUND('',#6936,.F.);
#6936 = EDGE_LOOP('',(#6937,#6943,#6944,#6945));
#6937 = ORIENTED_EDGE('',*,*,#6938,.T.);
#6938 = EDGE_CURVE('',#1491,#3547,#6939,.T.);
#6939 = LINE('',#6940,#6941);
#6940 = CARTESIAN_POINT('',(-6.534016387576,-6.753432608891,0.));
#6941 = VECTOR('',#6942,1.);
#6942 = DIRECTION('',(0.,0.,1.));
#6943 = ORIENTED_EDGE('',*,*,#3553,.T.);
#6944 = ORIENTED_EDGE('',*,*,#6902,.F.);
#6945 = ORIENTED_EDGE('',*,*,#1497,.F.);
#6946 = SURFACE_OF_LINEAR_EXTRUSION('',#6947,#6970);
#6947 = B_SPLINE_CURVE_WITH_KNOTS('',3,(#6948,#6949,#6950,#6951,#6952,
    #6953,#6954,#6955,#6956,#6957,#6958,#6959,#6960,#6961,#6962,#6963,
    #6964,#6965,#6966,#6967,#6968,#6969),.UNSPECIFIED.,.F.,.F.,(4,1,1,1,
    1,1,1,1,1,1,1,1,1,1,1,1,1,1,1,4),(0.,4.176688177199E-03,
    1.670661519072E-02,3.758980854408E-02,6.682627216637E-02,
    0.104416007367,0.150359014742,0.204655294612,0.267304847168,
    0.338307672535,0.417663770799,0.505373142021,0.601435786244,
    0.705851703504,0.818620893827,0.939743357234,1.069219093742,
    1.207048103365,1.353230386115,1.507765942),.UNSPECIFIED.);
#6948 = CARTESIAN_POINT('',(-6.534016387576,-6.753432608891,0.));
#6949 = CARTESIAN_POINT('',(-6.534972539994,-6.754444750953,0.));
#6950 = CARTESIAN_POINT('',(-6.53876398537,-6.758523650633,0.));
#6951 = CARTESIAN_POINT('',(-6.547009372133,-6.767962005278,0.));
#6952 = CARTESIAN_POINT('',(-6.560337161163,-6.784041830617,0.));
#6953 = CARTESIAN_POINT('',(-6.578317955725,-6.807101383358,0.));
#6954 = CARTESIAN_POINT('',(-6.600562134422,-6.837409388172,0.));
#6955 = CARTESIAN_POINT('',(-6.626641616096,-6.875241267337,0.));
#6956 = CARTESIAN_POINT('',(-6.656126364833,-6.920843866019,0.));
#6957 = CARTESIAN_POINT('',(-6.688571247908,-6.974448482338,0.));
#6958 = CARTESIAN_POINT('',(-6.723521902124,-7.03626546436,0.));
#6959 = CARTESIAN_POINT('',(-6.760513773144,-7.106485488005,0.));
#6960 = CARTESIAN_POINT('',(-6.799073502423,-7.185278597013,0.));
#6961 = CARTESIAN_POINT('',(-6.838719553464,-7.272794026037,0.));
#6962 = CARTESIAN_POINT('',(-6.878963095813,-7.369159816318,0.));
#6963 = CARTESIAN_POINT('',(-6.919308837621,-7.474482523986,0.));
#6964 = CARTESIAN_POINT('',(-6.959255827161,-7.588847000064,0.));
#6965 = CARTESIAN_POINT('',(-6.998298531895,-7.712315943577,0.));
#6966 = CARTESIAN_POINT('',(-7.035926792614,-7.844930581562,0.));
#6967 = CARTESIAN_POINT('',(-7.071630441074,-7.986706884525,0.));
#6968 = CARTESIAN_POINT('',(-7.093200926472,-8.084616030085,0.));
#6969 = CARTESIAN_POINT('',(-7.103558623197,-8.135075591954,0.));
#6970 = VECTOR('',#6971,1.);
#6971 = DIRECTION('',(-0.,-0.,-1.));
#6972 = ADVANCED_FACE('',(#6973),#6984,.F.);
#6973 = FACE_BOUND('',#6974,.F.);
#6974 = EDGE_LOOP('',(#6975,#6976,#6977,#6983));
#6975 = ORIENTED_EDGE('',*,*,#6922,.T.);
#6976 = ORIENTED_EDGE('',*,*,#3013,.T.);
#6977 = ORIENTED_EDGE('',*,*,#6978,.F.);
#6978 = EDGE_CURVE('',#958,#3014,#6979,.T.);
#6979 = LINE('',#6980,#6981);
#6980 = CARTESIAN_POINT('',(-6.534016387576,6.753432608891,0.));
#6981 = VECTOR('',#6982,1.);
#6982 = DIRECTION('',(0.,0.,1.));
#6983 = ORIENTED_EDGE('',*,*,#957,.F.);
#6984 = SURFACE_OF_LINEAR_EXTRUSION('',#6985,#7008);
#6985 = B_SPLINE_CURVE_WITH_KNOTS('',3,(#6986,#6987,#6988,#6989,#6990,
    #6991,#6992,#6993,#6994,#6995,#6996,#6997,#6998,#6999,#7000,#7001,
    #7002,#7003,#7004,#7005,#7006,#7007),.UNSPECIFIED.,.F.,.F.,(4,1,1,1,
    1,1,1,1,1,1,1,1,1,1,1,1,1,1,1,4),(0.,0.154535555886,0.300717838635,
    0.438546848258,0.568022584766,0.689145048173,0.801914238496,
    0.906330155756,1.002392799979,1.090102171201,1.169458269465,
    1.240461094832,1.303110647389,1.357406927258,1.403349934633,
    1.440939669834,1.470176133456,1.491059326809,1.503589253823,
    1.507765942),.UNSPECIFIED.);
#6986 = CARTESIAN_POINT('',(-7.103558623197,8.135075591954,0.));
#6987 = CARTESIAN_POINT('',(-7.093200926472,8.084616030085,0.));
#6988 = CARTESIAN_POINT('',(-7.071630441074,7.986706884525,0.));
#6989 = CARTESIAN_POINT('',(-7.035926792614,7.844930581562,0.));
#6990 = CARTESIAN_POINT('',(-6.998298531895,7.712315943577,0.));
#6991 = CARTESIAN_POINT('',(-6.959255827161,7.588847000064,0.));
#6992 = CARTESIAN_POINT('',(-6.919308837621,7.474482523986,0.));
#6993 = CARTESIAN_POINT('',(-6.878963095813,7.369159816318,0.));
#6994 = CARTESIAN_POINT('',(-6.838719553464,7.272794026037,0.));
#6995 = CARTESIAN_POINT('',(-6.799073502423,7.185278597013,0.));
#6996 = CARTESIAN_POINT('',(-6.760513773144,7.106485488005,0.));
#6997 = CARTESIAN_POINT('',(-6.723521902124,7.03626546436,0.));
#6998 = CARTESIAN_POINT('',(-6.688571247908,6.974448482338,0.));
#6999 = CARTESIAN_POINT('',(-6.656126364833,6.920843866019,0.));
#7000 = CARTESIAN_POINT('',(-6.626641616096,6.875241267337,0.));
#7001 = CARTESIAN_POINT('',(-6.600562134422,6.837409388172,0.));
#7002 = CARTESIAN_POINT('',(-6.578317955725,6.807101383358,0.));
#7003 = CARTESIAN_POINT('',(-6.560337161163,6.784041830617,0.));
#7004 = CARTESIAN_POINT('',(-6.547009372133,6.767962005278,0.));
#7005 = CARTESIAN_POINT('',(-6.53876398537,6.758523650633,0.));
#7006 = CARTESIAN_POINT('',(-6.534972539994,6.754444750953,0.));
#7007 = CARTESIAN_POINT('',(-6.534016387576,6.753432608891,0.));
#7008 = VECTOR('',#7009,1.);
#7009 = DIRECTION('',(-0.,-0.,-1.));
#7010 = ADVANCED_FACE('',(#7011),#7022,.F.);
#7011 = FACE_BOUND('',#7012,.F.);
#7012 = EDGE_LOOP('',(#7013,#7019,#7020,#7021));
#7013 = ORIENTED_EDGE('',*,*,#7014,.T.);
#7014 = EDGE_CURVE('',#1484,#3540,#7015,.T.);
#7015 = LINE('',#7016,#7017);
#7016 = CARTESIAN_POINT('',(-6.258019504187,-6.468167583266,0.));
#7017 = VECTOR('',#7018,1.);
#7018 = DIRECTION('',(0.,0.,1.));
#7019 = ORIENTED_EDGE('',*,*,#3546,.T.);
#7020 = ORIENTED_EDGE('',*,*,#6938,.F.);
#7021 = ORIENTED_EDGE('',*,*,#1490,.F.);
#7022 = SURFACE_OF_LINEAR_EXTRUSION('',#7023,#7026);
#7023 = B_SPLINE_CURVE_WITH_KNOTS('',1,(#7024,#7025),.UNSPECIFIED.,.F.,
  .F.,(2,2),(0.,0.396926207859),.PIECEWISE_BEZIER_KNOTS.);
#7024 = CARTESIAN_POINT('',(-6.258019504187,-6.468167583266,0.));
#7025 = CARTESIAN_POINT('',(-6.534016387576,-6.753432608891,0.));
#7026 = VECTOR('',#7027,1.);
#7027 = DIRECTION('',(-0.,-0.,-1.));
#7028 = ADVANCED_FACE('',(#7029),#7040,.F.);
#7029 = FACE_BOUND('',#7030,.F.);
#7030 = EDGE_LOOP('',(#7031,#7032,#7033,#7039));
#7031 = ORIENTED_EDGE('',*,*,#6978,.T.);
#7032 = ORIENTED_EDGE('',*,*,#3040,.T.);
#7033 = ORIENTED_EDGE('',*,*,#7034,.F.);
#7034 = EDGE_CURVE('',#985,#3041,#7035,.T.);
#7035 = LINE('',#7036,#7037);
#7036 = CARTESIAN_POINT('',(-6.258019504187,6.468167583266,0.));
#7037 = VECTOR('',#7038,1.);
#7038 = DIRECTION('',(0.,0.,1.));
#7039 = ORIENTED_EDGE('',*,*,#984,.F.);
#7040 = SURFACE_OF_LINEAR_EXTRUSION('',#7041,#7044);
#7041 = B_SPLINE_CURVE_WITH_KNOTS('',1,(#7042,#7043),.UNSPECIFIED.,.F.,
  .F.,(2,2),(0.,0.396926207859),.PIECEWISE_BEZIER_KNOTS.);
#7042 = CARTESIAN_POINT('',(-6.534016387576,6.753432608891,0.));
#7043 = CARTESIAN_POINT('',(-6.258019504187,6.468167583266,0.));
#7044 = VECTOR('',#7045,1.);
#7045 = DIRECTION('',(-0.,-0.,-1.));
#7046 = ADVANCED_FACE('',(#7047),#7058,.F.);
#7047 = FACE_BOUND('',#7048,.F.);
#7048 = EDGE_LOOP('',(#7049,#7055,#7056,#7057));
#7049 = ORIENTED_EDGE('',*,*,#7050,.T.);
#7050 = EDGE_CURVE('',#1477,#3533,#7051,.T.);
#7051 = LINE('',#7052,#7053);
#7052 = CARTESIAN_POINT('',(-6.848348427946,-5.839531129248,0.));
#7053 = VECTOR('',#7054,1.);
#7054 = DIRECTION('',(0.,0.,1.));
#7055 = ORIENTED_EDGE('',*,*,#3539,.T.);
#7056 = ORIENTED_EDGE('',*,*,#7014,.F.);
#7057 = ORIENTED_EDGE('',*,*,#1483,.F.);
#7058 = SURFACE_OF_LINEAR_EXTRUSION('',#7059,#7062);
#7059 = B_SPLINE_CURVE_WITH_KNOTS('',1,(#7060,#7061),.UNSPECIFIED.,.F.,
  .F.,(2,2),(0.,0.862364209338),.PIECEWISE_BEZIER_KNOTS.);
#7060 = CARTESIAN_POINT('',(-6.848348427946,-5.839531129248,0.));
#7061 = CARTESIAN_POINT('',(-6.258019504187,-6.468167583266,0.));
#7062 = VECTOR('',#7063,1.);
#7063 = DIRECTION('',(-0.,-0.,-1.));
#7064 = ADVANCED_FACE('',(#7065),#7076,.F.);
#7065 = FACE_BOUND('',#7066,.F.);
#7066 = EDGE_LOOP('',(#7067,#7068,#7069,#7075));
#7067 = ORIENTED_EDGE('',*,*,#7034,.T.);
#7068 = ORIENTED_EDGE('',*,*,#3047,.T.);
#7069 = ORIENTED_EDGE('',*,*,#7070,.F.);
#7070 = EDGE_CURVE('',#992,#3048,#7071,.T.);
#7071 = LINE('',#7072,#7073);
#7072 = CARTESIAN_POINT('',(-6.848348427946,5.839531129248,0.));
#7073 = VECTOR('',#7074,1.);
#7074 = DIRECTION('',(0.,0.,1.));
#7075 = ORIENTED_EDGE('',*,*,#991,.F.);
#7076 = SURFACE_OF_LINEAR_EXTRUSION('',#7077,#7080);
#7077 = B_SPLINE_CURVE_WITH_KNOTS('',1,(#7078,#7079),.UNSPECIFIED.,.F.,
  .F.,(2,2),(0.,0.862364209338),.PIECEWISE_BEZIER_KNOTS.);
#7078 = CARTESIAN_POINT('',(-6.258019504187,6.468167583266,0.));
#7079 = CARTESIAN_POINT('',(-6.848348427946,5.839531129248,0.));
#7080 = VECTOR('',#7081,1.);
#7081 = DIRECTION('',(-0.,-0.,-1.));
#7082 = ADVANCED_FACE('',(#7083),#7094,.F.);
#7083 = FACE_BOUND('',#7084,.F.);
#7084 = EDGE_LOOP('',(#7085,#7091,#7092,#7093));
#7085 = ORIENTED_EDGE('',*,*,#7086,.T.);
#7086 = EDGE_CURVE('',#1450,#3506,#7087,.T.);
#7087 = LINE('',#7088,#7089);
#7088 = CARTESIAN_POINT('',(-7.150380535901,-6.097071456671,0.));
#7089 = VECTOR('',#7090,1.);
#7090 = DIRECTION('',(0.,0.,1.));
#7091 = ORIENTED_EDGE('',*,*,#3532,.T.);
#7092 = ORIENTED_EDGE('',*,*,#7050,.F.);
#7093 = ORIENTED_EDGE('',*,*,#1476,.F.);
#7094 = SURFACE_OF_LINEAR_EXTRUSION('',#7095,#7098);
#7095 = B_SPLINE_CURVE_WITH_KNOTS('',1,(#7096,#7097),.UNSPECIFIED.,.F.,
  .F.,(2,2),(0.,0.396926207859),.PIECEWISE_BEZIER_KNOTS.);
#7096 = CARTESIAN_POINT('',(-7.150380535901,-6.097071456671,0.));
#7097 = CARTESIAN_POINT('',(-6.848348427946,-5.839531129248,0.));
#7098 = VECTOR('',#7099,1.);
#7099 = DIRECTION('',(-0.,-0.,-1.));
#7100 = ADVANCED_FACE('',(#7101),#7112,.F.);
#7101 = FACE_BOUND('',#7102,.F.);
#7102 = EDGE_LOOP('',(#7103,#7104,#7105,#7111));
#7103 = ORIENTED_EDGE('',*,*,#7070,.T.);
#7104 = ORIENTED_EDGE('',*,*,#3054,.T.);
#7105 = ORIENTED_EDGE('',*,*,#7106,.F.);
#7106 = EDGE_CURVE('',#999,#3055,#7107,.T.);
#7107 = LINE('',#7108,#7109);
#7108 = CARTESIAN_POINT('',(-7.150380535901,6.097071456671,0.));
#7109 = VECTOR('',#7110,1.);
#7110 = DIRECTION('',(0.,0.,1.));
#7111 = ORIENTED_EDGE('',*,*,#998,.F.);
#7112 = SURFACE_OF_LINEAR_EXTRUSION('',#7113,#7116);
#7113 = B_SPLINE_CURVE_WITH_KNOTS('',1,(#7114,#7115),.UNSPECIFIED.,.F.,
  .F.,(2,2),(0.,0.396926207859),.PIECEWISE_BEZIER_KNOTS.);
#7114 = CARTESIAN_POINT('',(-6.848348427946,5.839531129248,0.));
#7115 = CARTESIAN_POINT('',(-7.150380535901,6.097071456671,0.));
#7116 = VECTOR('',#7117,1.);
#7117 = DIRECTION('',(-0.,-0.,-1.));
#7118 = ADVANCED_FACE('',(#7119),#7130,.F.);
#7119 = FACE_BOUND('',#7120,.F.);
#7120 = EDGE_LOOP('',(#7121,#7127,#7128,#7129));
#7121 = ORIENTED_EDGE('',*,*,#7122,.T.);
#7122 = EDGE_CURVE('',#1443,#3499,#7123,.T.);
#7123 = LINE('',#7124,#7125);
#7124 = CARTESIAN_POINT('',(-8.565059015012,-6.578735750079,0.));
#7125 = VECTOR('',#7126,1.);
#7126 = DIRECTION('',(0.,0.,1.));
#7127 = ORIENTED_EDGE('',*,*,#3505,.T.);
#7128 = ORIENTED_EDGE('',*,*,#7086,.F.);
#7129 = ORIENTED_EDGE('',*,*,#1449,.F.);
#7130 = SURFACE_OF_LINEAR_EXTRUSION('',#7131,#7154);
#7131 = B_SPLINE_CURVE_WITH_KNOTS('',3,(#7132,#7133,#7134,#7135,#7136,
    #7137,#7138,#7139,#7140,#7141,#7142,#7143,#7144,#7145,#7146,#7147,
    #7148,#7149,#7150,#7151,#7152,#7153),.UNSPECIFIED.,.F.,.F.,(4,1,1,1,
    1,1,1,1,1,1,1,1,1,1,1,1,1,1,1,4),(0.,0.154535555886,0.300717838635,
    0.438546848258,0.568022584766,0.689145048173,0.801914238496,
    0.906330155756,1.002392799979,1.090102171201,1.169458269465,
    1.240461094832,1.303110647389,1.357406927258,1.403349934633,
    1.440939669834,1.470176133456,1.491059326809,1.503589253823,
    1.507765942),.UNSPECIFIED.);
#7132 = CARTESIAN_POINT('',(-8.565059015012,-6.578735750079,0.));
#7133 = CARTESIAN_POINT('',(-8.514048658403,-6.571566874007,0.));
#7134 = CARTESIAN_POINT('',(-8.414978292193,-6.556186719151,0.));
#7135 = CARTESIAN_POINT('',(-8.271239901741,-6.529455731406,0.));
#7136 = CARTESIAN_POINT('',(-8.136524250413,-6.50022866348,0.));
#7137 = CARTESIAN_POINT('',(-8.010847432942,-6.469015679715,0.));
#7138 = CARTESIAN_POINT('',(-7.894200336806,-6.436328521302,0.));
#7139 = CARTESIAN_POINT('',(-7.786552129354,-6.402675660132,0.));
#7140 = CARTESIAN_POINT('',(-7.687849582016,-6.368562387258,0.));
#7141 = CARTESIAN_POINT('',(-7.598017448558,-6.334489707897,0.));
#7142 = CARTESIAN_POINT('',(-7.516958634318,-6.300953527686,0.));
#7143 = CARTESIAN_POINT('',(-7.44455443505,-6.26844380344,0.));
#7144 = CARTESIAN_POINT('',(-7.380664864984,-6.237443636772,0.));
#7145 = CARTESIAN_POINT('',(-7.325128794067,-6.208428637971,0.));
#7146 = CARTESIAN_POINT('',(-7.277764819004,-6.181865481514,0.));
#7147 = CARTESIAN_POINT('',(-7.238370048207,-6.158212945087,0.));
#7148 = CARTESIAN_POINT('',(-7.206725125782,-6.137915715563,0.));
#7149 = CARTESIAN_POINT('',(-7.182582052368,-6.121418323289,0.));
#7150 = CARTESIAN_POINT('',(-7.165697098094,-6.109126494194,0.));
#7151 = CARTESIAN_POINT('',(-7.155759635767,-6.101490017009,0.));
#7152 = CARTESIAN_POINT('',(-7.151450718039,-6.097962169415,0.));
#7153 = CARTESIAN_POINT('',(-7.150380535901,-6.097071456671,0.));
#7154 = VECTOR('',#7155,1.);
#7155 = DIRECTION('',(-0.,-0.,-1.));
#7156 = ADVANCED_FACE('',(#7157),#7168,.F.);
#7157 = FACE_BOUND('',#7158,.F.);
#7158 = EDGE_LOOP('',(#7159,#7160,#7161,#7167));
#7159 = ORIENTED_EDGE('',*,*,#7106,.T.);
#7160 = ORIENTED_EDGE('',*,*,#3061,.T.);
#7161 = ORIENTED_EDGE('',*,*,#7162,.F.);
#7162 = EDGE_CURVE('',#1006,#3062,#7163,.T.);
#7163 = LINE('',#7164,#7165);
#7164 = CARTESIAN_POINT('',(-8.565059015012,6.578735750079,0.));
#7165 = VECTOR('',#7166,1.);
#7166 = DIRECTION('',(0.,0.,1.));
#7167 = ORIENTED_EDGE('',*,*,#1005,.F.);
#7168 = SURFACE_OF_LINEAR_EXTRUSION('',#7169,#7192);
#7169 = B_SPLINE_CURVE_WITH_KNOTS('',3,(#7170,#7171,#7172,#7173,#7174,
    #7175,#7176,#7177,#7178,#7179,#7180,#7181,#7182,#7183,#7184,#7185,
    #7186,#7187,#7188,#7189,#7190,#7191),.UNSPECIFIED.,.F.,.F.,(4,1,1,1,
    1,1,1,1,1,1,1,1,1,1,1,1,1,1,1,4),(0.,4.176688177199E-03,
    1.670661519072E-02,3.758980854408E-02,6.682627216637E-02,
    0.104416007367,0.150359014742,0.204655294612,0.267304847168,
    0.338307672535,0.417663770799,0.505373142021,0.601435786244,
    0.705851703504,0.818620893827,0.939743357234,1.069219093742,
    1.207048103365,1.353230386115,1.507765942),.UNSPECIFIED.);
#7170 = CARTESIAN_POINT('',(-7.150380535901,6.097071456671,0.));
#7171 = CARTESIAN_POINT('',(-7.151450718039,6.097962169415,0.));
#7172 = CARTESIAN_POINT('',(-7.155759635767,6.101490017009,0.));
#7173 = CARTESIAN_POINT('',(-7.165697098094,6.109126494194,0.));
#7174 = CARTESIAN_POINT('',(-7.182582052368,6.121418323289,0.));
#7175 = CARTESIAN_POINT('',(-7.206725125782,6.137915715563,0.));
#7176 = CARTESIAN_POINT('',(-7.238370048207,6.158212945087,0.));
#7177 = CARTESIAN_POINT('',(-7.277764819004,6.181865481514,0.));
#7178 = CARTESIAN_POINT('',(-7.325128794067,6.208428637971,0.));
#7179 = CARTESIAN_POINT('',(-7.380664864984,6.237443636772,0.));
#7180 = CARTESIAN_POINT('',(-7.44455443505,6.26844380344,0.));
#7181 = CARTESIAN_POINT('',(-7.516958634318,6.300953527686,0.));
#7182 = CARTESIAN_POINT('',(-7.598017448558,6.334489707897,0.));
#7183 = CARTESIAN_POINT('',(-7.687849582016,6.368562387258,0.));
#7184 = CARTESIAN_POINT('',(-7.786552129354,6.402675660132,0.));
#7185 = CARTESIAN_POINT('',(-7.894200336806,6.436328521302,0.));
#7186 = CARTESIAN_POINT('',(-8.010847432942,6.469015679715,0.));
#7187 = CARTESIAN_POINT('',(-8.136524250413,6.50022866348,0.));
#7188 = CARTESIAN_POINT('',(-8.271239901741,6.529455731406,0.));
#7189 = CARTESIAN_POINT('',(-8.414978292193,6.556186719151,0.));
#7190 = CARTESIAN_POINT('',(-8.514048658403,6.571566874007,0.));
#7191 = CARTESIAN_POINT('',(-8.565059015012,6.578735750079,0.));
#7192 = VECTOR('',#7193,1.);
#7193 = DIRECTION('',(-0.,-0.,-1.));
#7194 = ADVANCED_FACE('',(#7195),#7206,.F.);
#7195 = FACE_BOUND('',#7196,.F.);
#7196 = EDGE_LOOP('',(#7197,#7203,#7204,#7205));
#7197 = ORIENTED_EDGE('',*,*,#7198,.T.);
#7198 = EDGE_CURVE('',#1416,#3472,#7199,.T.);
#7199 = LINE('',#7200,#7201);
#7200 = CARTESIAN_POINT('',(-8.903498297559,-6.112914040403,0.));
#7201 = VECTOR('',#7202,1.);
#7202 = DIRECTION('',(0.,0.,1.));
#7203 = ORIENTED_EDGE('',*,*,#3498,.T.);
#7204 = ORIENTED_EDGE('',*,*,#7122,.F.);
#7205 = ORIENTED_EDGE('',*,*,#1442,.F.);
#7206 = SURFACE_OF_LINEAR_EXTRUSION('',#7207,#7210);
#7207 = B_SPLINE_CURVE_WITH_KNOTS('',1,(#7208,#7209),.UNSPECIFIED.,.F.,
  .F.,(2,2),(0.,0.575787298554),.PIECEWISE_BEZIER_KNOTS.);
#7208 = CARTESIAN_POINT('',(-8.903498297559,-6.112914040403,0.));
#7209 = CARTESIAN_POINT('',(-8.565059015012,-6.578735750079,0.));
#7210 = VECTOR('',#7211,1.);
#7211 = DIRECTION('',(-0.,-0.,-1.));
#7212 = ADVANCED_FACE('',(#7213),#7224,.F.);
#7213 = FACE_BOUND('',#7214,.F.);
#7214 = EDGE_LOOP('',(#7215,#7216,#7217,#7223));
#7215 = ORIENTED_EDGE('',*,*,#7162,.T.);
#7216 = ORIENTED_EDGE('',*,*,#3088,.T.);
#7217 = ORIENTED_EDGE('',*,*,#7218,.F.);
#7218 = EDGE_CURVE('',#1033,#3089,#7219,.T.);
#7219 = LINE('',#7220,#7221);
#7220 = CARTESIAN_POINT('',(-8.903498297559,6.112914040403,0.));
#7221 = VECTOR('',#7222,1.);
#7222 = DIRECTION('',(0.,0.,1.));
#7223 = ORIENTED_EDGE('',*,*,#1032,.F.);
#7224 = SURFACE_OF_LINEAR_EXTRUSION('',#7225,#7228);
#7225 = B_SPLINE_CURVE_WITH_KNOTS('',1,(#7226,#7227),.UNSPECIFIED.,.F.,
  .F.,(2,2),(0.,0.575787298554),.PIECEWISE_BEZIER_KNOTS.);
#7226 = CARTESIAN_POINT('',(-8.565059015012,6.578735750079,0.));
#7227 = CARTESIAN_POINT('',(-8.903498297559,6.112914040403,0.));
#7228 = VECTOR('',#7229,1.);
#7229 = DIRECTION('',(-0.,-0.,-1.));
#7230 = ADVANCED_FACE('',(#7231),#7242,.F.);
#7231 = FACE_BOUND('',#7232,.F.);
#7232 = EDGE_LOOP('',(#7233,#7239,#7240,#7241));
#7233 = ORIENTED_EDGE('',*,*,#7234,.T.);
#7234 = EDGE_CURVE('',#1409,#3465,#7235,.T.);
#7235 = LINE('',#7236,#7237);
#7236 = CARTESIAN_POINT('',(-8.008248641025,-4.916317306629,0.));
#7237 = VECTOR('',#7238,1.);
#7238 = DIRECTION('',(0.,0.,1.));
#7239 = ORIENTED_EDGE('',*,*,#3471,.T.);
#7240 = ORIENTED_EDGE('',*,*,#7198,.F.);
#7241 = ORIENTED_EDGE('',*,*,#1415,.F.);
#7242 = SURFACE_OF_LINEAR_EXTRUSION('',#7243,#7266);
#7243 = B_SPLINE_CURVE_WITH_KNOTS('',3,(#7244,#7245,#7246,#7247,#7248,
    #7249,#7250,#7251,#7252,#7253,#7254,#7255,#7256,#7257,#7258,#7259,
    #7260,#7261,#7262,#7263,#7264,#7265),.UNSPECIFIED.,.F.,.F.,(4,1,1,1,
    1,1,1,1,1,1,1,1,1,1,1,1,1,1,1,4),(0.,4.176688177199E-03,
    1.670661519072E-02,3.758980854408E-02,6.682627216637E-02,
    0.104416007367,0.150359014742,0.204655294612,0.267304847168,
    0.338307672535,0.417663770799,0.505373142021,0.601435786244,
    0.705851703504,0.818620893827,0.939743357234,1.069219093742,
    1.207048103365,1.353230386115,1.507765942),.UNSPECIFIED.);
#7244 = CARTESIAN_POINT('',(-8.008248641025,-4.916317306629,0.));
#7245 = CARTESIAN_POINT('',(-8.009426463652,-4.91705986495,0.));
#7246 = CARTESIAN_POINT('',(-8.014113174901,-4.920067724373,0.));
#7247 = CARTESIAN_POINT('',(-8.024446741028,-4.927159011447,0.));
#7248 = CARTESIAN_POINT('',(-8.041354703006,-4.939419173155,0.));
#7249 = CARTESIAN_POINT('',(-8.064505275412,-4.957282625873,0.));
#7250 = CARTESIAN_POINT('',(-8.093587906629,-4.981106546692,0.));
#7251 = CARTESIAN_POINT('',(-8.12825645919,-5.01126416445,0.));
#7252 = CARTESIAN_POINT('',(-8.168155795447,-5.048101514801,0.));
#7253 = CARTESIAN_POINT('',(-8.212912288842,-5.091953329215,0.));
#7254 = CARTESIAN_POINT('',(-8.262138162271,-5.143136342821,0.));
#7255 = CARTESIAN_POINT('',(-8.315430875396,-5.201950771067,0.));
#7256 = CARTESIAN_POINT('',(-8.372374229262,-5.268679034942,0.));
#7257 = CARTESIAN_POINT('',(-8.432538928875,-5.343585433874,0.));
#7258 = CARTESIAN_POINT('',(-8.49548334385,-5.426915553642,0.));
#7259 = CARTESIAN_POINT('',(-8.560754242274,-5.518895776797,0.));
#7260 = CARTESIAN_POINT('',(-8.627887512332,-5.619732870235,0.));
#7261 = CARTESIAN_POINT('',(-8.696409096333,-5.72961328401,0.));
#7262 = CARTESIAN_POINT('',(-8.765835115405,-5.848703821368,0.));
#7263 = CARTESIAN_POINT('',(-8.83567540088,-5.977146824759,0.));
#7264 = CARTESIAN_POINT('',(-8.880917224175,-6.066615612889,0.));
#7265 = CARTESIAN_POINT('',(-8.903498297559,-6.112914040403,0.));
#7266 = VECTOR('',#7267,1.);
#7267 = DIRECTION('',(-0.,-0.,-1.));
#7268 = ADVANCED_FACE('',(#7269),#7280,.F.);
#7269 = FACE_BOUND('',#7270,.F.);
#7270 = EDGE_LOOP('',(#7271,#7272,#7273,#7279));
#7271 = ORIENTED_EDGE('',*,*,#7218,.T.);
#7272 = ORIENTED_EDGE('',*,*,#3095,.T.);
#7273 = ORIENTED_EDGE('',*,*,#7274,.F.);
#7274 = EDGE_CURVE('',#1040,#3096,#7275,.T.);
#7275 = LINE('',#7276,#7277);
#7276 = CARTESIAN_POINT('',(-8.008248641025,4.916317306629,0.));
#7277 = VECTOR('',#7278,1.);
#7278 = DIRECTION('',(0.,0.,1.));
#7279 = ORIENTED_EDGE('',*,*,#1039,.F.);
#7280 = SURFACE_OF_LINEAR_EXTRUSION('',#7281,#7304);
#7281 = B_SPLINE_CURVE_WITH_KNOTS('',3,(#7282,#7283,#7284,#7285,#7286,
    #7287,#7288,#7289,#7290,#7291,#7292,#7293,#7294,#7295,#7296,#7297,
    #7298,#7299,#7300,#7301,#7302,#7303),.UNSPECIFIED.,.F.,.F.,(4,1,1,1,
    1,1,1,1,1,1,1,1,1,1,1,1,1,1,1,4),(0.,0.154535555886,0.300717838635,
    0.438546848258,0.568022584766,0.689145048173,0.801914238496,
    0.906330155756,1.002392799979,1.090102171201,1.169458269465,
    1.240461094832,1.303110647389,1.357406927258,1.403349934633,
    1.440939669834,1.470176133456,1.491059326809,1.503589253823,
    1.507765942),.UNSPECIFIED.);
#7282 = CARTESIAN_POINT('',(-8.903498297559,6.112914040403,0.));
#7283 = CARTESIAN_POINT('',(-8.880917224175,6.066615612889,0.));
#7284 = CARTESIAN_POINT('',(-8.83567540088,5.977146824759,0.));
#7285 = CARTESIAN_POINT('',(-8.765835115405,5.848703821368,0.));
#7286 = CARTESIAN_POINT('',(-8.696409096333,5.72961328401,0.));
#7287 = CARTESIAN_POINT('',(-8.627887512332,5.619732870235,0.));
#7288 = CARTESIAN_POINT('',(-8.560754242274,5.518895776797,0.));
#7289 = CARTESIAN_POINT('',(-8.49548334385,5.426915553642,0.));
#7290 = CARTESIAN_POINT('',(-8.432538928875,5.343585433874,0.));
#7291 = CARTESIAN_POINT('',(-8.372374229262,5.268679034942,0.));
#7292 = CARTESIAN_POINT('',(-8.315430875396,5.201950771067,0.));
#7293 = CARTESIAN_POINT('',(-8.262138162271,5.143136342821,0.));
#7294 = CARTESIAN_POINT('',(-8.212912288842,5.091953329215,0.));
#7295 = CARTESIAN_POINT('',(-8.168155795447,5.048101514801,0.));
#7296 = CARTESIAN_POINT('',(-8.12825645919,5.01126416445,0.));
#7297 = CARTESIAN_POINT('',(-8.093587906629,4.981106546692,0.));
#7298 = CARTESIAN_POINT('',(-8.064505275412,4.957282625873,0.));
#7299 = CARTESIAN_POINT('',(-8.041354703006,4.939419173155,0.));
#7300 = CARTESIAN_POINT('',(-8.024446741028,4.927159011447,0.));
#7301 = CARTESIAN_POINT('',(-8.014113174901,4.920067724373,0.));
#7302 = CARTESIAN_POINT('',(-8.009426463652,4.91705986495,0.));
#7303 = CARTESIAN_POINT('',(-8.008248641025,4.916317306629,0.));
#7304 = VECTOR('',#7305,1.);
#7305 = DIRECTION('',(-0.,-0.,-1.));
#7306 = ADVANCED_FACE('',(#7307),#7318,.F.);
#7307 = FACE_BOUND('',#7308,.F.);
#7308 = EDGE_LOOP('',(#7309,#7315,#7316,#7317));
#7309 = ORIENTED_EDGE('',*,*,#7310,.T.);
#7310 = EDGE_CURVE('',#1402,#3458,#7311,.T.);
#7311 = LINE('',#7312,#7313);
#7312 = CARTESIAN_POINT('',(-7.669980180216,-4.708652040138,0.));
#7313 = VECTOR('',#7314,1.);
#7314 = DIRECTION('',(0.,0.,1.));
#7315 = ORIENTED_EDGE('',*,*,#3464,.T.);
#7316 = ORIENTED_EDGE('',*,*,#7234,.F.);
#7317 = ORIENTED_EDGE('',*,*,#1408,.F.);
#7318 = SURFACE_OF_LINEAR_EXTRUSION('',#7319,#7322);
#7319 = B_SPLINE_CURVE_WITH_KNOTS('',1,(#7320,#7321),.UNSPECIFIED.,.F.,
  .F.,(2,2),(0.,0.396926207859),.PIECEWISE_BEZIER_KNOTS.);
#7320 = CARTESIAN_POINT('',(-7.669980180216,-4.708652040138,0.));
#7321 = CARTESIAN_POINT('',(-8.008248641025,-4.916317306629,0.));
#7322 = VECTOR('',#7323,1.);
#7323 = DIRECTION('',(-0.,-0.,-1.));
#7324 = ADVANCED_FACE('',(#7325),#7336,.F.);
#7325 = FACE_BOUND('',#7326,.F.);
#7326 = EDGE_LOOP('',(#7327,#7328,#7329,#7335));
#7327 = ORIENTED_EDGE('',*,*,#7274,.T.);
#7328 = ORIENTED_EDGE('',*,*,#3122,.T.);
#7329 = ORIENTED_EDGE('',*,*,#7330,.F.);
#7330 = EDGE_CURVE('',#1067,#3123,#7331,.T.);
#7331 = LINE('',#7332,#7333);
#7332 = CARTESIAN_POINT('',(-7.669980180216,4.708652040138,0.));
#7333 = VECTOR('',#7334,1.);
#7334 = DIRECTION('',(0.,0.,1.));
#7335 = ORIENTED_EDGE('',*,*,#1066,.F.);
#7336 = SURFACE_OF_LINEAR_EXTRUSION('',#7337,#7340);
#7337 = B_SPLINE_CURVE_WITH_KNOTS('',1,(#7338,#7339),.UNSPECIFIED.,.F.,
  .F.,(2,2),(0.,0.396926207859),.PIECEWISE_BEZIER_KNOTS.);
#7338 = CARTESIAN_POINT('',(-8.008248641025,4.916317306629,0.));
#7339 = CARTESIAN_POINT('',(-7.669980180216,4.708652040138,0.));
#7340 = VECTOR('',#7341,1.);
#7341 = DIRECTION('',(-0.,-0.,-1.));
#7342 = ADVANCED_FACE('',(#7343),#7354,.F.);
#7343 = FACE_BOUND('',#7344,.F.);
#7344 = EDGE_LOOP('',(#7345,#7351,#7352,#7353));
#7345 = ORIENTED_EDGE('',*,*,#7346,.T.);
#7346 = EDGE_CURVE('',#1395,#3451,#7347,.T.);
#7347 = LINE('',#7348,#7349);
#7348 = CARTESIAN_POINT('',(-8.085427306478,-3.952956522865,0.));
#7349 = VECTOR('',#7350,1.);
#7350 = DIRECTION('',(0.,0.,1.));
#7351 = ORIENTED_EDGE('',*,*,#3457,.T.);
#7352 = ORIENTED_EDGE('',*,*,#7310,.F.);
#7353 = ORIENTED_EDGE('',*,*,#1401,.F.);
#7354 = SURFACE_OF_LINEAR_EXTRUSION('',#7355,#7358);
#7355 = B_SPLINE_CURVE_WITH_KNOTS('',1,(#7356,#7357),.UNSPECIFIED.,.F.,
  .F.,(2,2),(0.,0.862364209338),.PIECEWISE_BEZIER_KNOTS.);
#7356 = CARTESIAN_POINT('',(-8.085427306478,-3.952956522865,0.));
#7357 = CARTESIAN_POINT('',(-7.669980180216,-4.708652040138,0.));
#7358 = VECTOR('',#7359,1.);
#7359 = DIRECTION('',(-0.,-0.,-1.));
#7360 = ADVANCED_FACE('',(#7361),#7372,.F.);
#7361 = FACE_BOUND('',#7362,.F.);
#7362 = EDGE_LOOP('',(#7363,#7364,#7365,#7371));
#7363 = ORIENTED_EDGE('',*,*,#7330,.T.);
#7364 = ORIENTED_EDGE('',*,*,#3129,.T.);
#7365 = ORIENTED_EDGE('',*,*,#7366,.F.);
#7366 = EDGE_CURVE('',#1074,#3130,#7367,.T.);
#7367 = LINE('',#7368,#7369);
#7368 = CARTESIAN_POINT('',(-8.085427306478,3.952956522865,0.));
#7369 = VECTOR('',#7370,1.);
#7370 = DIRECTION('',(0.,0.,1.));
#7371 = ORIENTED_EDGE('',*,*,#1073,.F.);
#7372 = SURFACE_OF_LINEAR_EXTRUSION('',#7373,#7376);
#7373 = B_SPLINE_CURVE_WITH_KNOTS('',1,(#7374,#7375),.UNSPECIFIED.,.F.,
  .F.,(2,2),(0.,0.862364209338),.PIECEWISE_BEZIER_KNOTS.);
#7374 = CARTESIAN_POINT('',(-7.669980180216,4.708652040138,0.));
#7375 = CARTESIAN_POINT('',(-8.085427306478,3.952956522865,0.));
#7376 = VECTOR('',#7377,1.);
#7377 = DIRECTION('',(-0.,-0.,-1.));
#7378 = ADVANCED_FACE('',(#7379),#7390,.F.);
#7379 = FACE_BOUND('',#7380,.F.);
#7380 = EDGE_LOOP('',(#7381,#7387,#7388,#7389));
#7381 = ORIENTED_EDGE('',*,*,#7382,.T.);
#7382 = EDGE_CURVE('',#1368,#3424,#7383,.T.);
#7383 = LINE('',#7384,#7385);
#7384 = CARTESIAN_POINT('',(-8.442018195332,-4.12729341647,0.));
#7385 = VECTOR('',#7386,1.);
#7386 = DIRECTION('',(0.,0.,1.));
#7387 = ORIENTED_EDGE('',*,*,#3450,.T.);
#7388 = ORIENTED_EDGE('',*,*,#7346,.F.);
#7389 = ORIENTED_EDGE('',*,*,#1394,.F.);
#7390 = SURFACE_OF_LINEAR_EXTRUSION('',#7391,#7394);
#7391 = B_SPLINE_CURVE_WITH_KNOTS('',1,(#7392,#7393),.UNSPECIFIED.,.F.,
  .F.,(2,2),(0.,0.396926207859),.PIECEWISE_BEZIER_KNOTS.);
#7392 = CARTESIAN_POINT('',(-8.442018195332,-4.12729341647,0.));
#7393 = CARTESIAN_POINT('',(-8.085427306478,-3.952956522865,0.));
#7394 = VECTOR('',#7395,1.);
#7395 = DIRECTION('',(-0.,-0.,-1.));
#7396 = ADVANCED_FACE('',(#7397),#7408,.F.);
#7397 = FACE_BOUND('',#7398,.F.);
#7398 = EDGE_LOOP('',(#7399,#7400,#7401,#7407));
#7399 = ORIENTED_EDGE('',*,*,#7366,.T.);
#7400 = ORIENTED_EDGE('',*,*,#3136,.T.);
#7401 = ORIENTED_EDGE('',*,*,#7402,.F.);
#7402 = EDGE_CURVE('',#1081,#3137,#7403,.T.);
#7403 = LINE('',#7404,#7405);
#7404 = CARTESIAN_POINT('',(-8.442018195332,4.12729341647,0.));
#7405 = VECTOR('',#7406,1.);
#7406 = DIRECTION('',(0.,0.,1.));
#7407 = ORIENTED_EDGE('',*,*,#1080,.F.);
#7408 = SURFACE_OF_LINEAR_EXTRUSION('',#7409,#7412);
#7409 = B_SPLINE_CURVE_WITH_KNOTS('',1,(#7410,#7411),.UNSPECIFIED.,.F.,
  .F.,(2,2),(0.,0.396926207859),.PIECEWISE_BEZIER_KNOTS.);
#7410 = CARTESIAN_POINT('',(-8.085427306478,3.952956522865,0.));
#7411 = CARTESIAN_POINT('',(-8.442018195332,4.12729341647,0.));
#7412 = VECTOR('',#7413,1.);
#7413 = DIRECTION('',(-0.,-0.,-1.));
#7414 = ADVANCED_FACE('',(#7415),#7426,.F.);
#7415 = FACE_BOUND('',#7416,.F.);
#7416 = EDGE_LOOP('',(#7417,#7423,#7424,#7425));
#7417 = ORIENTED_EDGE('',*,*,#7418,.T.);
#7418 = EDGE_CURVE('',#1361,#3417,#7419,.T.);
#7419 = LINE('',#7420,#7421);
#7420 = CARTESIAN_POINT('',(-9.932036987388,-4.242009109038,0.));
#7421 = VECTOR('',#7422,1.);
#7422 = DIRECTION('',(0.,0.,1.));
#7423 = ORIENTED_EDGE('',*,*,#3423,.T.);
#7424 = ORIENTED_EDGE('',*,*,#7382,.F.);
#7425 = ORIENTED_EDGE('',*,*,#1367,.F.);
#7426 = SURFACE_OF_LINEAR_EXTRUSION('',#7427,#7450);
#7427 = B_SPLINE_CURVE_WITH_KNOTS('',3,(#7428,#7429,#7430,#7431,#7432,
    #7433,#7434,#7435,#7436,#7437,#7438,#7439,#7440,#7441,#7442,#7443,
    #7444,#7445,#7446,#7447,#7448,#7449),.UNSPECIFIED.,.F.,.F.,(4,1,1,1,
    1,1,1,1,1,1,1,1,1,1,1,1,1,1,1,4),(0.,0.154535555886,0.300717838635,
    0.438546848258,0.568022584766,0.689145048173,0.801914238496,
    0.906330155756,1.002392799979,1.090102171201,1.169458269465,
    1.240461094832,1.303110647389,1.357406927258,1.403349934633,
    1.440939669834,1.470176133456,1.491059326809,1.503589253823,
    1.507765942),.UNSPECIFIED.);
#7428 = CARTESIAN_POINT('',(-9.932036987388,-4.242009109038,0.));
#7429 = CARTESIAN_POINT('',(-9.880846387952,-4.247751216219,0.));
#7430 = CARTESIAN_POINT('',(-9.781063610498,-4.257492055405,0.));
#7431 = CARTESIAN_POINT('',(-9.635193299573,-4.267347154897,0.));
#7432 = CARTESIAN_POINT('',(-9.497441511931,-4.272540729183,0.));
#7433 = CARTESIAN_POINT('',(-9.367950709374,-4.273562912256,0.));
#7434 = CARTESIAN_POINT('',(-9.246839330525,-4.270911634208,0.));
#7435 = CARTESIAN_POINT('',(-9.134203963214,-4.26508706012,0.));
#7436 = CARTESIAN_POINT('',(-9.03011871192,-4.256591843803,0.));
#7437 = CARTESIAN_POINT('',(-8.934635289338,-4.245929963453,0.));
#7438 = CARTESIAN_POINT('',(-8.847782977932,-4.233605891379,0.));
#7439 = CARTESIAN_POINT('',(-8.769568650071,-4.220123712048,0.));
#7440 = CARTESIAN_POINT('',(-8.699976860383,-4.205986162592,0.));
#7441 = CARTESIAN_POINT('',(-8.638969820479,-4.191693982543,0.));
#7442 = CARTESIAN_POINT('',(-8.586487883408,-4.177744298106,0.));
#7443 = CARTESIAN_POINT('',(-8.542448625162,-4.164631930709,0.));
#7444 = CARTESIAN_POINT('',(-8.506750170445,-4.152842148162,0.));
#7445 = CARTESIAN_POINT('',(-8.479262861456,-4.142867190006,0.));
#7446 = CARTESIAN_POINT('',(-8.459851525479,-4.135160648698,0.));
#7447 = CARTESIAN_POINT('',(-8.448327152156,-4.130235431872,0.));
#7448 = CARTESIAN_POINT('',(-8.443276266981,-4.12789000236,0.));
#7449 = CARTESIAN_POINT('',(-8.442018195332,-4.12729341647,0.));
#7450 = VECTOR('',#7451,1.);
#7451 = DIRECTION('',(-0.,-0.,-1.));
#7452 = ADVANCED_FACE('',(#7453),#7464,.F.);
#7453 = FACE_BOUND('',#7454,.F.);
#7454 = EDGE_LOOP('',(#7455,#7456,#7457,#7463));
#7455 = ORIENTED_EDGE('',*,*,#7402,.T.);
#7456 = ORIENTED_EDGE('',*,*,#3143,.T.);
#7457 = ORIENTED_EDGE('',*,*,#7458,.F.);
#7458 = EDGE_CURVE('',#1088,#3144,#7459,.T.);
#7459 = LINE('',#7460,#7461);
#7460 = CARTESIAN_POINT('',(-9.932036987388,4.242009109038,0.));
#7461 = VECTOR('',#7462,1.);
#7462 = DIRECTION('',(0.,0.,1.));
#7463 = ORIENTED_EDGE('',*,*,#1087,.F.);
#7464 = SURFACE_OF_LINEAR_EXTRUSION('',#7465,#7488);
#7465 = B_SPLINE_CURVE_WITH_KNOTS('',3,(#7466,#7467,#7468,#7469,#7470,
    #7471,#7472,#7473,#7474,#7475,#7476,#7477,#7478,#7479,#7480,#7481,
    #7482,#7483,#7484,#7485,#7486,#7487),.UNSPECIFIED.,.F.,.F.,(4,1,1,1,
    1,1,1,1,1,1,1,1,1,1,1,1,1,1,1,4),(0.,4.176688177199E-03,
    1.670661519072E-02,3.758980854408E-02,6.682627216637E-02,
    0.104416007367,0.150359014742,0.204655294612,0.267304847168,
    0.338307672535,0.417663770799,0.505373142021,0.601435786244,
    0.705851703504,0.818620893827,0.939743357234,1.069219093742,
    1.207048103365,1.353230386115,1.507765942),.UNSPECIFIED.);
#7466 = CARTESIAN_POINT('',(-8.442018195332,4.12729341647,0.));
#7467 = CARTESIAN_POINT('',(-8.443276266982,4.12789000236,0.));
#7468 = CARTESIAN_POINT('',(-8.448327152156,4.130235431872,0.));
#7469 = CARTESIAN_POINT('',(-8.459851525479,4.135160648698,0.));
#7470 = CARTESIAN_POINT('',(-8.479262861456,4.142867190006,0.));
#7471 = CARTESIAN_POINT('',(-8.506750170445,4.152842148162,0.));
#7472 = CARTESIAN_POINT('',(-8.542448625162,4.164631930709,0.));
#7473 = CARTESIAN_POINT('',(-8.586487883408,4.177744298106,0.));
#7474 = CARTESIAN_POINT('',(-8.638969820479,4.191693982543,0.));
#7475 = CARTESIAN_POINT('',(-8.699976860383,4.205986162592,0.));
#7476 = CARTESIAN_POINT('',(-8.769568650071,4.220123712048,0.));
#7477 = CARTESIAN_POINT('',(-8.847782977932,4.233605891379,0.));
#7478 = CARTESIAN_POINT('',(-8.934635289338,4.245929963453,0.));
#7479 = CARTESIAN_POINT('',(-9.03011871192,4.256591843803,0.));
#7480 = CARTESIAN_POINT('',(-9.134203963214,4.26508706012,0.));
#7481 = CARTESIAN_POINT('',(-9.246839330525,4.270911634208,0.));
#7482 = CARTESIAN_POINT('',(-9.367950709374,4.273562912256,0.));
#7483 = CARTESIAN_POINT('',(-9.497441511931,4.272540729183,0.));
#7484 = CARTESIAN_POINT('',(-9.635193299573,4.267347154897,0.));
#7485 = CARTESIAN_POINT('',(-9.781063610498,4.257492055405,0.));
#7486 = CARTESIAN_POINT('',(-9.880846387952,4.247751216219,0.));
#7487 = CARTESIAN_POINT('',(-9.932036987388,4.242009109038,0.));
#7488 = VECTOR('',#7489,1.);
#7489 = DIRECTION('',(-0.,-0.,-1.));
#7490 = ADVANCED_FACE('',(#7491),#7502,.F.);
#7491 = FACE_BOUND('',#7492,.F.);
#7492 = EDGE_LOOP('',(#7493,#7499,#7500,#7501));
#7493 = ORIENTED_EDGE('',*,*,#7494,.T.);
#7494 = EDGE_CURVE('',#1334,#3390,#7495,.T.);
#7495 = LINE('',#7496,#7497);
#7496 = CARTESIAN_POINT('',(-10.14399842911,-3.706655617969,0.));
#7497 = VECTOR('',#7498,1.);
#7498 = DIRECTION('',(0.,0.,1.));
#7499 = ORIENTED_EDGE('',*,*,#3416,.T.);
#7500 = ORIENTED_EDGE('',*,*,#7418,.F.);
#7501 = ORIENTED_EDGE('',*,*,#1360,.F.);
#7502 = SURFACE_OF_LINEAR_EXTRUSION('',#7503,#7506);
#7503 = B_SPLINE_CURVE_WITH_KNOTS('',1,(#7504,#7505),.UNSPECIFIED.,.F.,
  .F.,(2,2),(0.,0.575787298554),.PIECEWISE_BEZIER_KNOTS.);
#7504 = CARTESIAN_POINT('',(-10.14399842911,-3.706655617969,0.));
#7505 = CARTESIAN_POINT('',(-9.932036987388,-4.242009109038,0.));
#7506 = VECTOR('',#7507,1.);
#7507 = DIRECTION('',(-0.,-0.,-1.));
#7508 = ADVANCED_FACE('',(#7509),#7520,.F.);
#7509 = FACE_BOUND('',#7510,.F.);
#7510 = EDGE_LOOP('',(#7511,#7512,#7513,#7519));
#7511 = ORIENTED_EDGE('',*,*,#7458,.T.);
#7512 = ORIENTED_EDGE('',*,*,#3170,.T.);
#7513 = ORIENTED_EDGE('',*,*,#7514,.F.);
#7514 = EDGE_CURVE('',#1115,#3171,#7515,.T.);
#7515 = LINE('',#7516,#7517);
#7516 = CARTESIAN_POINT('',(-10.14399842911,3.706655617969,0.));
#7517 = VECTOR('',#7518,1.);
#7518 = DIRECTION('',(0.,0.,1.));
#7519 = ORIENTED_EDGE('',*,*,#1114,.F.);
#7520 = SURFACE_OF_LINEAR_EXTRUSION('',#7521,#7524);
#7521 = B_SPLINE_CURVE_WITH_KNOTS('',1,(#7522,#7523),.UNSPECIFIED.,.F.,
  .F.,(2,2),(0.,0.575787298554),.PIECEWISE_BEZIER_KNOTS.);
#7522 = CARTESIAN_POINT('',(-9.932036987388,4.242009109038,0.));
#7523 = CARTESIAN_POINT('',(-10.14399842911,3.706655617969,0.));
#7524 = VECTOR('',#7525,1.);
#7525 = DIRECTION('',(-0.,-0.,-1.));
#7526 = ADVANCED_FACE('',(#7527),#7538,.F.);
#7527 = FACE_BOUND('',#7528,.F.);
#7528 = EDGE_LOOP('',(#7529,#7535,#7536,#7537));
#7529 = ORIENTED_EDGE('',*,*,#7530,.T.);
#7530 = EDGE_CURVE('',#1327,#3383,#7531,.T.);
#7531 = LINE('',#7532,#7533);
#7532 = CARTESIAN_POINT('',(-8.979293180081,-2.770291707042,0.));
#7533 = VECTOR('',#7534,1.);
#7534 = DIRECTION('',(0.,0.,1.));
#7535 = ORIENTED_EDGE('',*,*,#3389,.T.);
#7536 = ORIENTED_EDGE('',*,*,#7494,.F.);
#7537 = ORIENTED_EDGE('',*,*,#1333,.F.);
#7538 = SURFACE_OF_LINEAR_EXTRUSION('',#7539,#7562);
#7539 = B_SPLINE_CURVE_WITH_KNOTS('',3,(#7540,#7541,#7542,#7543,#7544,
    #7545,#7546,#7547,#7548,#7549,#7550,#7551,#7552,#7553,#7554,#7555,
    #7556,#7557,#7558,#7559,#7560,#7561),.UNSPECIFIED.,.F.,.F.,(4,1,1,1,
    1,1,1,1,1,1,1,1,1,1,1,1,1,1,1,4),(0.,4.176688177199E-03,
    1.670661519072E-02,3.758980854408E-02,6.682627216637E-02,
    0.104416007367,0.150359014742,0.204655294612,0.267304847168,
    0.338307672535,0.417663770799,0.505373142021,0.601435786244,
    0.705851703504,0.818620893827,0.939743357234,1.069219093742,
    1.207048103365,1.353230386115,1.507765942),.UNSPECIFIED.);
#7540 = CARTESIAN_POINT('',(-8.979293180081,-2.770291707042,0.));
#7541 = CARTESIAN_POINT('',(-8.980618665989,-2.770718023951,0.));
#7542 = CARTESIAN_POINT('',(-8.985906159806,-2.772465848248,0.));
#7543 = CARTESIAN_POINT('',(-8.997678609334,-2.776764496104,0.));
#7544 = CARTESIAN_POINT('',(-9.017104354826,-2.78443464313,0.));
#7545 = CARTESIAN_POINT('',(-9.04397006947,-2.795979569393,0.));
#7546 = CARTESIAN_POINT('',(-9.078063784528,-2.811822461655,0.));
#7547 = CARTESIAN_POINT('',(-9.119143055317,-2.832410903971,0.));
#7548 = CARTESIAN_POINT('',(-9.166949957058,-2.85816837979,0.));
#7549 = CARTESIAN_POINT('',(-9.22120584569,-2.889512021524,0.));
#7550 = CARTESIAN_POINT('',(-9.281613895664,-2.926845049729,0.));
#7551 = CARTESIAN_POINT('',(-9.347858873732,-2.970558355746,0.));
#7552 = CARTESIAN_POINT('',(-9.419607891838,-3.021028992259,0.));
#7553 = CARTESIAN_POINT('',(-9.496510870676,-3.078619716567,0.));
#7554 = CARTESIAN_POINT('',(-9.57820112919,-3.143678227932,0.));
#7555 = CARTESIAN_POINT('',(-9.664295973633,-3.216536510872,0.));
#7556 = CARTESIAN_POINT('',(-9.754397293952,-3.297510256238,0.));
#7557 = CARTESIAN_POINT('',(-9.848092294093,-3.386897949765,0.));
#7558 = CARTESIAN_POINT('',(-9.944953779408,-3.48498149005,0.));
#7559 = CARTESIAN_POINT('',(-10.0445423799,-3.592020647585,0.));
#7560 = CARTESIAN_POINT('',(-10.11061283095,-3.667427425283,0.));
#7561 = CARTESIAN_POINT('',(-10.14399842911,-3.706655617969,0.));
#7562 = VECTOR('',#7563,1.);
#7563 = DIRECTION('',(-0.,-0.,-1.));
#7564 = ADVANCED_FACE('',(#7565),#7576,.F.);
#7565 = FACE_BOUND('',#7566,.F.);
#7566 = EDGE_LOOP('',(#7567,#7568,#7569,#7575));
#7567 = ORIENTED_EDGE('',*,*,#7514,.T.);
#7568 = ORIENTED_EDGE('',*,*,#3177,.T.);
#7569 = ORIENTED_EDGE('',*,*,#7570,.F.);
#7570 = EDGE_CURVE('',#1122,#3178,#7571,.T.);
#7571 = LINE('',#7572,#7573);
#7572 = CARTESIAN_POINT('',(-8.979293180081,2.770291707042,0.));
#7573 = VECTOR('',#7574,1.);
#7574 = DIRECTION('',(0.,0.,1.));
#7575 = ORIENTED_EDGE('',*,*,#1121,.F.);
#7576 = SURFACE_OF_LINEAR_EXTRUSION('',#7577,#7600);
#7577 = B_SPLINE_CURVE_WITH_KNOTS('',3,(#7578,#7579,#7580,#7581,#7582,
    #7583,#7584,#7585,#7586,#7587,#7588,#7589,#7590,#7591,#7592,#7593,
    #7594,#7595,#7596,#7597,#7598,#7599),.UNSPECIFIED.,.F.,.F.,(4,1,1,1,
    1,1,1,1,1,1,1,1,1,1,1,1,1,1,1,4),(0.,0.154535555886,0.300717838635,
    0.438546848258,0.568022584766,0.689145048173,0.801914238496,
    0.906330155756,1.002392799979,1.090102171201,1.169458269465,
    1.240461094832,1.303110647389,1.357406927258,1.403349934633,
    1.440939669834,1.470176133456,1.491059326809,1.503589253823,
    1.507765942),.UNSPECIFIED.);
#7578 = CARTESIAN_POINT('',(-10.14399842911,3.706655617969,0.));
#7579 = CARTESIAN_POINT('',(-10.11061283095,3.667427425283,0.));
#7580 = CARTESIAN_POINT('',(-10.0445423799,3.592020647585,0.));
#7581 = CARTESIAN_POINT('',(-9.944953779408,3.48498149005,0.));
#7582 = CARTESIAN_POINT('',(-9.848092294093,3.386897949765,0.));
#7583 = CARTESIAN_POINT('',(-9.754397293952,3.297510256238,0.));
#7584 = CARTESIAN_POINT('',(-9.664295973633,3.216536510872,0.));
#7585 = CARTESIAN_POINT('',(-9.57820112919,3.143678227932,0.));
#7586 = CARTESIAN_POINT('',(-9.496510870676,3.078619716567,0.));
#7587 = CARTESIAN_POINT('',(-9.419607891838,3.021028992259,0.));
#7588 = CARTESIAN_POINT('',(-9.347858873732,2.970558355746,0.));
#7589 = CARTESIAN_POINT('',(-9.281613895664,2.926845049729,0.));
#7590 = CARTESIAN_POINT('',(-9.22120584569,2.889512021524,0.));
#7591 = CARTESIAN_POINT('',(-9.166949957058,2.85816837979,0.));
#7592 = CARTESIAN_POINT('',(-9.119143055317,2.832410903971,0.));
#7593 = CARTESIAN_POINT('',(-9.078063784528,2.811822461655,0.));
#7594 = CARTESIAN_POINT('',(-9.04397006947,2.795979569393,0.));
#7595 = CARTESIAN_POINT('',(-9.017104354826,2.78443464313,0.));
#7596 = CARTESIAN_POINT('',(-8.997678609334,2.776764496104,0.));
#7597 = CARTESIAN_POINT('',(-8.985906159806,2.772465848248,0.));
#7598 = CARTESIAN_POINT('',(-8.980618665989,2.770718023951,0.));
#7599 = CARTESIAN_POINT('',(-8.979293180081,2.770291707042,0.));
#7600 = VECTOR('',#7601,1.);
#7601 = DIRECTION('',(-0.,-0.,-1.));
#7602 = ADVANCED_FACE('',(#7603),#7614,.F.);
#7603 = FACE_BOUND('',#7604,.F.);
#7604 = EDGE_LOOP('',(#7605,#7611,#7612,#7613));
#7605 = ORIENTED_EDGE('',*,*,#7606,.T.);
#7606 = EDGE_CURVE('',#1320,#3376,#7607,.T.);
#7607 = LINE('',#7608,#7609);
#7608 = CARTESIAN_POINT('',(-8.600007793308,-2.653274572117,0.));
#7609 = VECTOR('',#7610,1.);
#7610 = DIRECTION('',(0.,0.,1.));
#7611 = ORIENTED_EDGE('',*,*,#3382,.T.);
#7612 = ORIENTED_EDGE('',*,*,#7530,.F.);
#7613 = ORIENTED_EDGE('',*,*,#1326,.F.);
#7614 = SURFACE_OF_LINEAR_EXTRUSION('',#7615,#7618);
#7615 = B_SPLINE_CURVE_WITH_KNOTS('',1,(#7616,#7617),.UNSPECIFIED.,.F.,
  .F.,(2,2),(0.,0.396926207859),.PIECEWISE_BEZIER_KNOTS.);
#7616 = CARTESIAN_POINT('',(-8.600007793308,-2.653274572117,0.));
#7617 = CARTESIAN_POINT('',(-8.979293180081,-2.770291707042,0.));
#7618 = VECTOR('',#7619,1.);
#7619 = DIRECTION('',(-0.,-0.,-1.));
#7620 = ADVANCED_FACE('',(#7621),#7632,.F.);
#7621 = FACE_BOUND('',#7622,.F.);
#7622 = EDGE_LOOP('',(#7623,#7624,#7625,#7631));
#7623 = ORIENTED_EDGE('',*,*,#7570,.T.);
#7624 = ORIENTED_EDGE('',*,*,#3204,.T.);
#7625 = ORIENTED_EDGE('',*,*,#7626,.F.);
#7626 = EDGE_CURVE('',#1149,#3205,#7627,.T.);
#7627 = LINE('',#7628,#7629);
#7628 = CARTESIAN_POINT('',(-8.600007793308,2.653274572117,0.));
#7629 = VECTOR('',#7630,1.);
#7630 = DIRECTION('',(0.,0.,1.));
#7631 = ORIENTED_EDGE('',*,*,#1148,.F.);
#7632 = SURFACE_OF_LINEAR_EXTRUSION('',#7633,#7636);
#7633 = B_SPLINE_CURVE_WITH_KNOTS('',1,(#7634,#7635),.UNSPECIFIED.,.F.,
  .F.,(2,2),(0.,0.396926207859),.PIECEWISE_BEZIER_KNOTS.);
#7634 = CARTESIAN_POINT('',(-8.979293180081,2.770291707042,0.));
#7635 = CARTESIAN_POINT('',(-8.600007793308,2.653274572117,0.));
#7636 = VECTOR('',#7637,1.);
#7637 = DIRECTION('',(-0.,-0.,-1.));
#7638 = ADVANCED_FACE('',(#7639),#7650,.F.);
#7639 = FACE_BOUND('',#7640,.F.);
#7640 = EDGE_LOOP('',(#7641,#7647,#7648,#7649));
#7641 = ORIENTED_EDGE('',*,*,#7642,.T.);
#7642 = EDGE_CURVE('',#1313,#3369,#7643,.T.);
#7643 = LINE('',#7644,#7645);
#7644 = CARTESIAN_POINT('',(-8.814469051223,-1.818003120193,0.));
#7645 = VECTOR('',#7646,1.);
#7646 = DIRECTION('',(0.,0.,1.));
#7647 = ORIENTED_EDGE('',*,*,#3375,.T.);
#7648 = ORIENTED_EDGE('',*,*,#7606,.F.);
#7649 = ORIENTED_EDGE('',*,*,#1319,.F.);
#7650 = SURFACE_OF_LINEAR_EXTRUSION('',#7651,#7654);
#7651 = B_SPLINE_CURVE_WITH_KNOTS('',1,(#7652,#7653),.UNSPECIFIED.,.F.,
  .F.,(2,2),(0.,0.862364209338),.PIECEWISE_BEZIER_KNOTS.);
#7652 = CARTESIAN_POINT('',(-8.814469051223,-1.818003120193,0.));
#7653 = CARTESIAN_POINT('',(-8.600007793308,-2.653274572117,0.));
#7654 = VECTOR('',#7655,1.);
#7655 = DIRECTION('',(-0.,-0.,-1.));
#7656 = ADVANCED_FACE('',(#7657),#7668,.F.);
#7657 = FACE_BOUND('',#7658,.F.);
#7658 = EDGE_LOOP('',(#7659,#7660,#7661,#7667));
#7659 = ORIENTED_EDGE('',*,*,#7626,.T.);
#7660 = ORIENTED_EDGE('',*,*,#3211,.T.);
#7661 = ORIENTED_EDGE('',*,*,#7662,.F.);
#7662 = EDGE_CURVE('',#1156,#3212,#7663,.T.);
#7663 = LINE('',#7664,#7665);
#7664 = CARTESIAN_POINT('',(-8.814469051223,1.818003120193,0.));
#7665 = VECTOR('',#7666,1.);
#7666 = DIRECTION('',(0.,0.,1.));
#7667 = ORIENTED_EDGE('',*,*,#1155,.F.);
#7668 = SURFACE_OF_LINEAR_EXTRUSION('',#7669,#7672);
#7669 = B_SPLINE_CURVE_WITH_KNOTS('',1,(#7670,#7671),.UNSPECIFIED.,.F.,
  .F.,(2,2),(0.,0.862364209338),.PIECEWISE_BEZIER_KNOTS.);
#7670 = CARTESIAN_POINT('',(-8.600007793308,2.653274572117,0.));
#7671 = CARTESIAN_POINT('',(-8.814469051223,1.818003120193,0.));
#7672 = VECTOR('',#7673,1.);
#7673 = DIRECTION('',(-0.,-0.,-1.));
#7674 = ADVANCED_FACE('',(#7675),#7686,.F.);
#7675 = FACE_BOUND('',#7676,.F.);
#7676 = EDGE_LOOP('',(#7677,#7683,#7684,#7685));
#7677 = ORIENTED_EDGE('',*,*,#7678,.T.);
#7678 = EDGE_CURVE('',#1286,#3342,#7679,.T.);
#7679 = LINE('',#7680,#7681);
#7680 = CARTESIAN_POINT('',(-9.203212803978,-1.89818235179,0.));
#7681 = VECTOR('',#7682,1.);
#7682 = DIRECTION('',(0.,0.,1.));
#7683 = ORIENTED_EDGE('',*,*,#3368,.T.);
#7684 = ORIENTED_EDGE('',*,*,#7642,.F.);
#7685 = ORIENTED_EDGE('',*,*,#1312,.F.);
#7686 = SURFACE_OF_LINEAR_EXTRUSION('',#7687,#7690);
#7687 = B_SPLINE_CURVE_WITH_KNOTS('',1,(#7688,#7689),.UNSPECIFIED.,.F.,
  .F.,(2,2),(0.,0.396926207859),.PIECEWISE_BEZIER_KNOTS.);
#7688 = CARTESIAN_POINT('',(-9.203212803978,-1.89818235179,0.));
#7689 = CARTESIAN_POINT('',(-8.814469051223,-1.818003120193,0.));
#7690 = VECTOR('',#7691,1.);
#7691 = DIRECTION('',(-0.,-0.,-1.));
#7692 = ADVANCED_FACE('',(#7693),#7704,.F.);
#7693 = FACE_BOUND('',#7694,.F.);
#7694 = EDGE_LOOP('',(#7695,#7696,#7697,#7703));
#7695 = ORIENTED_EDGE('',*,*,#7662,.T.);
#7696 = ORIENTED_EDGE('',*,*,#3218,.T.);
#7697 = ORIENTED_EDGE('',*,*,#7698,.F.);
#7698 = EDGE_CURVE('',#1163,#3219,#7699,.T.);
#7699 = LINE('',#7700,#7701);
#7700 = CARTESIAN_POINT('',(-9.203212803978,1.89818235179,0.));
#7701 = VECTOR('',#7702,1.);
#7702 = DIRECTION('',(0.,0.,1.));
#7703 = ORIENTED_EDGE('',*,*,#1162,.F.);
#7704 = SURFACE_OF_LINEAR_EXTRUSION('',#7705,#7708);
#7705 = B_SPLINE_CURVE_WITH_KNOTS('',1,(#7706,#7707),.UNSPECIFIED.,.F.,
  .F.,(2,2),(0.,0.396926207859),.PIECEWISE_BEZIER_KNOTS.);
#7706 = CARTESIAN_POINT('',(-8.814469051223,1.818003120193,0.));
#7707 = CARTESIAN_POINT('',(-9.203212803978,1.89818235179,0.));
#7708 = VECTOR('',#7709,1.);
#7709 = DIRECTION('',(-0.,-0.,-1.));
#7710 = ADVANCED_FACE('',(#7711),#7722,.F.);
#7711 = FACE_BOUND('',#7712,.F.);
#7712 = EDGE_LOOP('',(#7713,#7719,#7720,#7721));
#7713 = ORIENTED_EDGE('',*,*,#7714,.T.);
#7714 = EDGE_CURVE('',#1279,#3335,#7715,.T.);
#7715 = LINE('',#7716,#7717);
#7716 = CARTESIAN_POINT('',(-10.67494854837,-1.638741434657,0.));
#7717 = VECTOR('',#7718,1.);
#7718 = DIRECTION('',(0.,0.,1.));
#7719 = ORIENTED_EDGE('',*,*,#3341,.T.);
#7720 = ORIENTED_EDGE('',*,*,#7678,.F.);
#7721 = ORIENTED_EDGE('',*,*,#1285,.F.);
#7722 = SURFACE_OF_LINEAR_EXTRUSION('',#7723,#7746);
#7723 = B_SPLINE_CURVE_WITH_KNOTS('',3,(#7724,#7725,#7726,#7727,#7728,
    #7729,#7730,#7731,#7732,#7733,#7734,#7735,#7736,#7737,#7738,#7739,
    #7740,#7741,#7742,#7743,#7744,#7745),.UNSPECIFIED.,.F.,.F.,(4,1,1,1,
    1,1,1,1,1,1,1,1,1,1,1,1,1,1,1,4),(0.,0.154535555886,0.300717838635,
    0.438546848258,0.568022584766,0.689145048173,0.801914238496,
    0.906330155756,1.002392799979,1.090102171201,1.169458269465,
    1.240461094832,1.303110647389,1.357406927258,1.403349934633,
    1.440939669834,1.470176133456,1.491059326809,1.503589253823,
    1.507765942),.UNSPECIFIED.);
#7724 = CARTESIAN_POINT('',(-10.67494854837,-1.638741434657,0.));
#7725 = CARTESIAN_POINT('',(-10.62679419973,-1.657033727381,0.));
#7726 = CARTESIAN_POINT('',(-10.53256872992,-1.691283507857,0.));
#7727 = CARTESIAN_POINT('',(-10.39373206663,-1.737105462441,0.));
#7728 = CARTESIAN_POINT('',(-10.2615995941,-1.776393347566,0.));
#7729 = CARTESIAN_POINT('',(-10.13643118982,-1.809586469955,0.));
#7730 = CARTESIAN_POINT('',(-10.01846540161,-1.837137661822,0.));
#7731 = CARTESIAN_POINT('',(-9.907920168813,-1.859507354227,0.));
#7732 = CARTESIAN_POINT('',(-9.804992272701,-1.877163980153,0.));
#7733 = CARTESIAN_POINT('',(-9.7098571356,-1.890582823968,0.));
#7734 = CARTESIAN_POINT('',(-9.622668577173,-1.900245226804,0.));
#7735 = CARTESIAN_POINT('',(-9.543558614591,-1.906637727298,0.));
#7736 = CARTESIAN_POINT('',(-9.472637313368,-1.910251109281,0.));
#7737 = CARTESIAN_POINT('',(-9.409992601163,-1.91157977822,0.));
#7738 = CARTESIAN_POINT('',(-9.355690335203,-1.911120075779,0.));
#7739 = CARTESIAN_POINT('',(-9.30977373807,-1.909371775681,0.));
#7740 = CARTESIAN_POINT('',(-9.272264816261,-1.906830235508,0.));
#7741 = CARTESIAN_POINT('',(-9.243160400411,-1.904004474775,0.));
#7742 = CARTESIAN_POINT('',(-9.22244236836,-1.901367451588,0.));
#7743 = CARTESIAN_POINT('',(-9.2100552028,-1.899462964606,0.));
#7744 = CARTESIAN_POINT('',(-9.204579715871,-1.89844732514,0.));
#7745 = CARTESIAN_POINT('',(-9.203212803978,-1.89818235179,0.));
#7746 = VECTOR('',#7747,1.);
#7747 = DIRECTION('',(-0.,-0.,-1.));
#7748 = ADVANCED_FACE('',(#7749),#7760,.F.);
#7749 = FACE_BOUND('',#7750,.F.);
#7750 = EDGE_LOOP('',(#7751,#7752,#7753,#7759));
#7751 = ORIENTED_EDGE('',*,*,#7698,.T.);
#7752 = ORIENTED_EDGE('',*,*,#3225,.T.);
#7753 = ORIENTED_EDGE('',*,*,#7754,.F.);
#7754 = EDGE_CURVE('',#1170,#3226,#7755,.T.);
#7755 = LINE('',#7756,#7757);
#7756 = CARTESIAN_POINT('',(-10.67494854837,1.638741434657,0.));
#7757 = VECTOR('',#7758,1.);
#7758 = DIRECTION('',(0.,0.,1.));
#7759 = ORIENTED_EDGE('',*,*,#1169,.F.);
#7760 = SURFACE_OF_LINEAR_EXTRUSION('',#7761,#7784);
#7761 = B_SPLINE_CURVE_WITH_KNOTS('',3,(#7762,#7763,#7764,#7765,#7766,
    #7767,#7768,#7769,#7770,#7771,#7772,#7773,#7774,#7775,#7776,#7777,
    #7778,#7779,#7780,#7781,#7782,#7783),.UNSPECIFIED.,.F.,.F.,(4,1,1,1,
    1,1,1,1,1,1,1,1,1,1,1,1,1,1,1,4),(0.,4.176688177199E-03,
    1.670661519072E-02,3.758980854408E-02,6.682627216637E-02,
    0.104416007367,0.150359014742,0.204655294612,0.267304847168,
    0.338307672535,0.417663770799,0.505373142021,0.601435786244,
    0.705851703504,0.818620893827,0.939743357234,1.069219093742,
    1.207048103365,1.353230386115,1.507765942),.UNSPECIFIED.);
#7762 = CARTESIAN_POINT('',(-9.203212803978,1.89818235179,0.));
#7763 = CARTESIAN_POINT('',(-9.204579715871,1.89844732514,0.));
#7764 = CARTESIAN_POINT('',(-9.2100552028,1.899462964606,0.));
#7765 = CARTESIAN_POINT('',(-9.22244236836,1.901367451588,0.));
#7766 = CARTESIAN_POINT('',(-9.243160400411,1.904004474775,0.));
#7767 = CARTESIAN_POINT('',(-9.272264816261,1.906830235508,0.));
#7768 = CARTESIAN_POINT('',(-9.30977373807,1.909371775681,0.));
#7769 = CARTESIAN_POINT('',(-9.355690335203,1.911120075779,0.));
#7770 = CARTESIAN_POINT('',(-9.409992601163,1.91157977822,0.));
#7771 = CARTESIAN_POINT('',(-9.472637313368,1.910251109281,0.));
#7772 = CARTESIAN_POINT('',(-9.543558614591,1.906637727298,0.));
#7773 = CARTESIAN_POINT('',(-9.622668577173,1.900245226804,0.));
#7774 = CARTESIAN_POINT('',(-9.7098571356,1.890582823968,0.));
#7775 = CARTESIAN_POINT('',(-9.804992272701,1.877163980153,0.));
#7776 = CARTESIAN_POINT('',(-9.907920168813,1.859507354227,0.));
#7777 = CARTESIAN_POINT('',(-10.01846540161,1.837137661822,0.));
#7778 = CARTESIAN_POINT('',(-10.13643118982,1.809586469955,0.));
#7779 = CARTESIAN_POINT('',(-10.2615995941,1.776393347566,0.));
#7780 = CARTESIAN_POINT('',(-10.39373206663,1.737105462441,0.));
#7781 = CARTESIAN_POINT('',(-10.53256872992,1.691283507857,0.));
#7782 = CARTESIAN_POINT('',(-10.62679419973,1.657033727381,0.));
#7783 = CARTESIAN_POINT('',(-10.67494854837,1.638741434657,0.));
#7784 = VECTOR('',#7785,1.);
#7785 = DIRECTION('',(-0.,-0.,-1.));
#7786 = ADVANCED_FACE('',(#7787),#7798,.F.);
#7787 = FACE_BOUND('',#7788,.F.);
#7788 = EDGE_LOOP('',(#7789,#7795,#7796,#7797));
#7789 = ORIENTED_EDGE('',*,*,#7790,.T.);
#7790 = EDGE_CURVE('',#1252,#3308,#7791,.T.);
#7791 = LINE('',#7792,#7793);
#7792 = CARTESIAN_POINT('',(-10.74711383234,-1.067494390932,0.));
#7793 = VECTOR('',#7794,1.);
#7794 = DIRECTION('',(0.,0.,1.));
#7795 = ORIENTED_EDGE('',*,*,#3334,.T.);
#7796 = ORIENTED_EDGE('',*,*,#7714,.F.);
#7797 = ORIENTED_EDGE('',*,*,#1278,.F.);
#7798 = SURFACE_OF_LINEAR_EXTRUSION('',#7799,#7802);
#7799 = B_SPLINE_CURVE_WITH_KNOTS('',1,(#7800,#7801),.UNSPECIFIED.,.F.,
  .F.,(2,2),(0.,0.575787298554),.PIECEWISE_BEZIER_KNOTS.);
#7800 = CARTESIAN_POINT('',(-10.74711383234,-1.067494390932,0.));
#7801 = CARTESIAN_POINT('',(-10.67494854837,-1.638741434657,0.));
#7802 = VECTOR('',#7803,1.);
#7803 = DIRECTION('',(-0.,-0.,-1.));
#7804 = ADVANCED_FACE('',(#7805),#7816,.F.);
#7805 = FACE_BOUND('',#7806,.F.);
#7806 = EDGE_LOOP('',(#7807,#7808,#7809,#7815));
#7807 = ORIENTED_EDGE('',*,*,#7754,.T.);
#7808 = ORIENTED_EDGE('',*,*,#3252,.T.);
#7809 = ORIENTED_EDGE('',*,*,#7810,.F.);
#7810 = EDGE_CURVE('',#1197,#3253,#7811,.T.);
#7811 = LINE('',#7812,#7813);
#7812 = CARTESIAN_POINT('',(-10.74711383234,1.067494390932,0.));
#7813 = VECTOR('',#7814,1.);
#7814 = DIRECTION('',(0.,0.,1.));
#7815 = ORIENTED_EDGE('',*,*,#1196,.F.);
#7816 = SURFACE_OF_LINEAR_EXTRUSION('',#7817,#7820);
#7817 = B_SPLINE_CURVE_WITH_KNOTS('',1,(#7818,#7819),.UNSPECIFIED.,.F.,
  .F.,(2,2),(0.,0.575787298554),.PIECEWISE_BEZIER_KNOTS.);
#7818 = CARTESIAN_POINT('',(-10.67494854837,1.638741434657,0.));
#7819 = CARTESIAN_POINT('',(-10.74711383234,1.067494390932,0.));
#7820 = VECTOR('',#7821,1.);
#7821 = DIRECTION('',(-0.,-0.,-1.));
#7822 = ADVANCED_FACE('',(#7823),#7834,.F.);
#7823 = FACE_BOUND('',#7824,.F.);
#7824 = EDGE_LOOP('',(#7825,#7831,#7832,#7833));
#7825 = ORIENTED_EDGE('',*,*,#7826,.T.);
#7826 = EDGE_CURVE('',#1245,#3301,#7827,.T.);
#7827 = LINE('',#7828,#7829);
#7828 = CARTESIAN_POINT('',(-9.386135705101,-0.45019849108,0.));
#7829 = VECTOR('',#7830,1.);
#7830 = DIRECTION('',(0.,0.,1.));
#7831 = ORIENTED_EDGE('',*,*,#3307,.T.);
#7832 = ORIENTED_EDGE('',*,*,#7790,.F.);
#7833 = ORIENTED_EDGE('',*,*,#1251,.F.);
#7834 = SURFACE_OF_LINEAR_EXTRUSION('',#7835,#7858);
#7835 = B_SPLINE_CURVE_WITH_KNOTS('',3,(#7836,#7837,#7838,#7839,#7840,
    #7841,#7842,#7843,#7844,#7845,#7846,#7847,#7848,#7849,#7850,#7851,
    #7852,#7853,#7854,#7855,#7856,#7857),.UNSPECIFIED.,.F.,.F.,(4,1,1,1,
    1,1,1,1,1,1,1,1,1,1,1,1,1,1,1,4),(0.,4.176688177199E-03,
    1.670661519072E-02,3.758980854408E-02,6.682627216637E-02,
    0.104416007367,0.150359014742,0.204655294612,0.267304847168,
    0.338307672535,0.417663770799,0.505373142021,0.601435786244,
    0.705851703504,0.818620893827,0.939743357234,1.069219093742,
    1.207048103365,1.353230386115,1.507765942),.UNSPECIFIED.);
#7836 = CARTESIAN_POINT('',(-9.386135705101,-0.45019849108,0.));
#7837 = CARTESIAN_POINT('',(-9.387525569137,-0.45028177952,0.));
#7838 = CARTESIAN_POINT('',(-9.393081612839,-0.450659746461,0.));
#7839 = CARTESIAN_POINT('',(-9.405553239467,-0.451895655246,0.));
#7840 = CARTESIAN_POINT('',(-9.426276177442,-0.454493844044,0.));
#7841 = CARTESIAN_POINT('',(-9.455168962667,-0.458994833675,0.));
#7842 = CARTESIAN_POINT('',(-9.492131528062,-0.465861230193,0.));
#7843 = CARTESIAN_POINT('',(-9.537040355416,-0.475586849516,0.));
#7844 = CARTESIAN_POINT('',(-9.589750939183,-0.488646013868,0.));
#7845 = CARTESIAN_POINT('',(-9.650097126031,-0.505512046638,0.));
#7846 = CARTESIAN_POINT('',(-9.717891692603,-0.52664931798,0.));
#7847 = CARTESIAN_POINT('',(-9.792926520011,-0.552514833985,0.));
#7848 = CARTESIAN_POINT('',(-9.874972947675,-0.583556587425,0.));
#7849 = CARTESIAN_POINT('',(-9.963782108748,-0.620213000097,0.));
#7850 = CARTESIAN_POINT('',(-10.05908531142,-0.662912037521,0.));
#7851 = CARTESIAN_POINT('',(-10.16059444617,-0.712070426375,0.));
#7852 = CARTESIAN_POINT('',(-10.26800241943,-0.768092945447,0.));
#7853 = CARTESIAN_POINT('',(-10.38098363426,-0.831371361196,0.));
#7854 = CARTESIAN_POINT('',(-10.49919442246,-0.902284954847,0.));
#7855 = CARTESIAN_POINT('',(-10.62227381996,-0.981194602595,0.));
#7856 = CARTESIAN_POINT('',(-10.70502144933,-1.037801284693,0.));
#7857 = CARTESIAN_POINT('',(-10.74711383234,-1.067494390932,0.));
#7858 = VECTOR('',#7859,1.);
#7859 = DIRECTION('',(-0.,-0.,-1.));
#7860 = ADVANCED_FACE('',(#7861),#7872,.F.);
#7861 = FACE_BOUND('',#7862,.F.);
#7862 = EDGE_LOOP('',(#7863,#7864,#7865,#7871));
#7863 = ORIENTED_EDGE('',*,*,#7810,.T.);
#7864 = ORIENTED_EDGE('',*,*,#3259,.T.);
#7865 = ORIENTED_EDGE('',*,*,#7866,.F.);
#7866 = EDGE_CURVE('',#1204,#3260,#7867,.T.);
#7867 = LINE('',#7868,#7869);
#7868 = CARTESIAN_POINT('',(-9.386135705101,0.45019849108,0.));
#7869 = VECTOR('',#7870,1.);
#7870 = DIRECTION('',(0.,0.,1.));
#7871 = ORIENTED_EDGE('',*,*,#1203,.F.);
#7872 = SURFACE_OF_LINEAR_EXTRUSION('',#7873,#7896);
#7873 = B_SPLINE_CURVE_WITH_KNOTS('',3,(#7874,#7875,#7876,#7877,#7878,
    #7879,#7880,#7881,#7882,#7883,#7884,#7885,#7886,#7887,#7888,#7889,
    #7890,#7891,#7892,#7893,#7894,#7895),.UNSPECIFIED.,.F.,.F.,(4,1,1,1,
    1,1,1,1,1,1,1,1,1,1,1,1,1,1,1,4),(0.,0.154535555886,0.300717838635,
    0.438546848258,0.568022584766,0.689145048173,0.801914238496,
    0.906330155756,1.002392799979,1.090102171201,1.169458269465,
    1.240461094832,1.303110647389,1.357406927258,1.403349934633,
    1.440939669834,1.470176133456,1.491059326809,1.503589253823,
    1.507765942),.UNSPECIFIED.);
#7874 = CARTESIAN_POINT('',(-10.74711383234,1.067494390932,0.));
#7875 = CARTESIAN_POINT('',(-10.70502144933,1.037801284693,0.));
#7876 = CARTESIAN_POINT('',(-10.62227381996,0.981194602595,0.));
#7877 = CARTESIAN_POINT('',(-10.49919442246,0.902284954847,0.));
#7878 = CARTESIAN_POINT('',(-10.38098363426,0.831371361196,0.));
#7879 = CARTESIAN_POINT('',(-10.26800241943,0.768092945447,0.));
#7880 = CARTESIAN_POINT('',(-10.16059444617,0.712070426375,0.));
#7881 = CARTESIAN_POINT('',(-10.05908531142,0.662912037521,0.));
#7882 = CARTESIAN_POINT('',(-9.963782108748,0.620213000097,0.));
#7883 = CARTESIAN_POINT('',(-9.874972947675,0.583556587425,0.));
#7884 = CARTESIAN_POINT('',(-9.792926520011,0.552514833985,0.));
#7885 = CARTESIAN_POINT('',(-9.717891692603,0.52664931798,0.));
#7886 = CARTESIAN_POINT('',(-9.650097126031,0.505512046638,0.));
#7887 = CARTESIAN_POINT('',(-9.589750939183,0.488646013868,0.));
#7888 = CARTESIAN_POINT('',(-9.537040355416,0.475586849516,0.));
#7889 = CARTESIAN_POINT('',(-9.492131528062,0.465861230193,0.));
#7890 = CARTESIAN_POINT('',(-9.455168962667,0.458994833675,0.));
#7891 = CARTESIAN_POINT('',(-9.426276177442,0.454493844044,0.));
#7892 = CARTESIAN_POINT('',(-9.405553239467,0.451895655246,0.));
#7893 = CARTESIAN_POINT('',(-9.393081612839,0.450659746461,0.));
#7894 = CARTESIAN_POINT('',(-9.387525569137,0.45028177952,0.));
#7895 = CARTESIAN_POINT('',(-9.386135705101,0.45019849108,0.));
#7896 = VECTOR('',#7897,1.);
#7897 = DIRECTION('',(-0.,-0.,-1.));
#7898 = ADVANCED_FACE('',(#7899),#7910,.F.);
#7899 = FACE_BOUND('',#7900,.F.);
#7900 = EDGE_LOOP('',(#7901,#7907,#7908,#7909));
#7901 = ORIENTED_EDGE('',*,*,#7902,.T.);
#7902 = EDGE_CURVE('',#1238,#3294,#7903,.T.);
#7903 = LINE('',#7904,#7905);
#7904 = CARTESIAN_POINT('',(-8.98966528813,-0.431182104669,0.));
#7905 = VECTOR('',#7906,1.);
#7906 = DIRECTION('',(0.,0.,1.));
#7907 = ORIENTED_EDGE('',*,*,#3300,.T.);
#7908 = ORIENTED_EDGE('',*,*,#7826,.F.);
#7909 = ORIENTED_EDGE('',*,*,#1244,.F.);
#7910 = SURFACE_OF_LINEAR_EXTRUSION('',#7911,#7914);
#7911 = B_SPLINE_CURVE_WITH_KNOTS('',1,(#7912,#7913),.UNSPECIFIED.,.F.,
  .F.,(2,2),(0.,0.396926207859),.PIECEWISE_BEZIER_KNOTS.);
#7912 = CARTESIAN_POINT('',(-8.98966528813,-0.431182104669,0.));
#7913 = CARTESIAN_POINT('',(-9.386135705101,-0.45019849108,0.));
#7914 = VECTOR('',#7915,1.);
#7915 = DIRECTION('',(-0.,-0.,-1.));
#7916 = ADVANCED_FACE('',(#7917),#7928,.F.);
#7917 = FACE_BOUND('',#7918,.F.);
#7918 = EDGE_LOOP('',(#7919,#7920,#7921,#7927));
#7919 = ORIENTED_EDGE('',*,*,#7866,.T.);
#7920 = ORIENTED_EDGE('',*,*,#3286,.T.);
#7921 = ORIENTED_EDGE('',*,*,#7922,.F.);
#7922 = EDGE_CURVE('',#1231,#3287,#7923,.T.);
#7923 = LINE('',#7924,#7925);
#7924 = CARTESIAN_POINT('',(-8.98966528813,0.431182104669,0.));
#7925 = VECTOR('',#7926,1.);
#7926 = DIRECTION('',(0.,0.,1.));
#7927 = ORIENTED_EDGE('',*,*,#1230,.F.);
#7928 = SURFACE_OF_LINEAR_EXTRUSION('',#7929,#7932);
#7929 = B_SPLINE_CURVE_WITH_KNOTS('',1,(#7930,#7931),.UNSPECIFIED.,.F.,
  .F.,(2,2),(0.,0.396926207859),.PIECEWISE_BEZIER_KNOTS.);
#7930 = CARTESIAN_POINT('',(-9.386135705101,0.45019849108,0.));
#7931 = CARTESIAN_POINT('',(-8.98966528813,0.431182104669,0.));
#7932 = VECTOR('',#7933,1.);
#7933 = DIRECTION('',(-0.,-0.,-1.));
#7934 = ADVANCED_FACE('',(#7935),#7941,.F.);
#7935 = FACE_BOUND('',#7936,.F.);
#7936 = EDGE_LOOP('',(#7937,#7938,#7939,#7940));
#7937 = ORIENTED_EDGE('',*,*,#7922,.T.);
#7938 = ORIENTED_EDGE('',*,*,#3293,.T.);
#7939 = ORIENTED_EDGE('',*,*,#7902,.F.);
#7940 = ORIENTED_EDGE('',*,*,#1237,.F.);
#7941 = SURFACE_OF_LINEAR_EXTRUSION('',#7942,#7945);
#7942 = B_SPLINE_CURVE_WITH_KNOTS('',1,(#7943,#7944),.UNSPECIFIED.,.F.,
  .F.,(2,2),(0.,0.862364209338),.PIECEWISE_BEZIER_KNOTS.);
#7943 = CARTESIAN_POINT('',(-8.98966528813,0.431182104669,0.));
#7944 = CARTESIAN_POINT('',(-8.98966528813,-0.431182104669,0.));
#7945 = VECTOR('',#7946,1.);
#7946 = DIRECTION('',(-0.,-0.,-1.));
#7947 = ADVANCED_FACE('',(#7948),#7959,.F.);
#7948 = FACE_BOUND('',#7949,.T.);
#7949 = EDGE_LOOP('',(#7950,#7956,#7957,#7958));
#7950 = ORIENTED_EDGE('',*,*,#7951,.T.);
#7951 = EDGE_CURVE('',#2237,#4293,#7952,.T.);
#7952 = LINE('',#7953,#7954);
#7953 = CARTESIAN_POINT('',(-1.05,-6.,0.));
#7954 = VECTOR('',#7955,1.);
#7955 = DIRECTION('',(0.,0.,1.));
#7956 = ORIENTED_EDGE('',*,*,#4292,.T.);
#7957 = ORIENTED_EDGE('',*,*,#7951,.F.);
#7958 = ORIENTED_EDGE('',*,*,#2236,.F.);
#7959 = CYLINDRICAL_SURFACE('',#7960,1.05);
#7960 = AXIS2_PLACEMENT_3D('',#7961,#7962,#7963);
#7961 = CARTESIAN_POINT('',(0.,-6.,0.));
#7962 = DIRECTION('',(0.,0.,-1.));
#7963 = DIRECTION('',(-1.,0.,0.));
#7964 = ADVANCED_FACE('',(#7965),#7976,.F.);
#7965 = FACE_BOUND('',#7966,.T.);
#7966 = EDGE_LOOP('',(#7967,#7973,#7974,#7975));
#7967 = ORIENTED_EDGE('',*,*,#7968,.T.);
#7968 = EDGE_CURVE('',#2248,#4304,#7969,.T.);
#7969 = LINE('',#7970,#7971);
#7970 = CARTESIAN_POINT('',(-6.,1.05,0.));
#7971 = VECTOR('',#7972,1.);
#7972 = DIRECTION('',(0.,0.,1.));
#7973 = ORIENTED_EDGE('',*,*,#4303,.T.);
#7974 = ORIENTED_EDGE('',*,*,#7968,.F.);
#7975 = ORIENTED_EDGE('',*,*,#2247,.F.);
#7976 = CYLINDRICAL_SURFACE('',#7977,1.05);
#7977 = AXIS2_PLACEMENT_3D('',#7978,#7979,#7980);
#7978 = CARTESIAN_POINT('',(-6.,0.,0.));
#7979 = DIRECTION('',(0.,-0.,-1.));
#7980 = DIRECTION('',(0.,1.,0.));
#7981 = ADVANCED_FACE('',(#7982),#7993,.F.);
#7982 = FACE_BOUND('',#7983,.F.);
#7983 = EDGE_LOOP('',(#7984,#7990,#7991,#7992));
#7984 = ORIENTED_EDGE('',*,*,#7985,.T.);
#7985 = EDGE_CURVE('',#2259,#4315,#7986,.T.);
#7986 = LINE('',#7987,#7988);
#7987 = CARTESIAN_POINT('',(2.75,0.,0.));
#7988 = VECTOR('',#7989,1.);
#7989 = DIRECTION('',(0.,0.,1.));
#7990 = ORIENTED_EDGE('',*,*,#4314,.T.);
#7991 = ORIENTED_EDGE('',*,*,#7985,.F.);
#7992 = ORIENTED_EDGE('',*,*,#2258,.F.);
#7993 = CYLINDRICAL_SURFACE('',#7994,2.75);
#7994 = AXIS2_PLACEMENT_3D('',#7995,#7996,#7997);
#7995 = CARTESIAN_POINT('',(0.,0.,0.));
#7996 = DIRECTION('',(0.,0.,-1.));
#7997 = DIRECTION('',(1.,0.,0.));
#7998 = ADVANCED_FACE('',(#7999),#8010,.F.);
#7999 = FACE_BOUND('',#8000,.T.);
#8000 = EDGE_LOOP('',(#8001,#8007,#8008,#8009));
#8001 = ORIENTED_EDGE('',*,*,#8002,.T.);
#8002 = EDGE_CURVE('',#2270,#4326,#8003,.T.);
#8003 = LINE('',#8004,#8005);
#8004 = CARTESIAN_POINT('',(6.,-1.05,0.));
#8005 = VECTOR('',#8006,1.);
#8006 = DIRECTION('',(0.,0.,1.));
#8007 = ORIENTED_EDGE('',*,*,#4325,.T.);
#8008 = ORIENTED_EDGE('',*,*,#8002,.F.);
#8009 = ORIENTED_EDGE('',*,*,#2269,.F.);
#8010 = CYLINDRICAL_SURFACE('',#8011,1.05);
#8011 = AXIS2_PLACEMENT_3D('',#8012,#8013,#8014);
#8012 = CARTESIAN_POINT('',(6.,0.,0.));
#8013 = DIRECTION('',(-0.,0.,-1.));
#8014 = DIRECTION('',(0.,-1.,0.));
#8015 = ADVANCED_FACE('',(#8016),#8027,.F.);
#8016 = FACE_BOUND('',#8017,.T.);
#8017 = EDGE_LOOP('',(#8018,#8024,#8025,#8026));
#8018 = ORIENTED_EDGE('',*,*,#8019,.T.);
#8019 = EDGE_CURVE('',#2281,#4337,#8020,.T.);
#8020 = LINE('',#8021,#8022);
#8021 = CARTESIAN_POINT('',(1.05,6.,0.));
#8022 = VECTOR('',#8023,1.);
#8023 = DIRECTION('',(0.,0.,1.));
#8024 = ORIENTED_EDGE('',*,*,#4336,.T.);
#8025 = ORIENTED_EDGE('',*,*,#8019,.F.);
#8026 = ORIENTED_EDGE('',*,*,#2280,.F.);
#8027 = CYLINDRICAL_SURFACE('',#8028,1.05);
#8028 = AXIS2_PLACEMENT_3D('',#8029,#8030,#8031);
#8029 = CARTESIAN_POINT('',(0.,6.,0.));
#8030 = DIRECTION('',(-0.,-0.,-1.));
#8031 = DIRECTION('',(1.,0.,0.));
#8032 = ( GEOMETRIC_REPRESENTATION_CONTEXT(3) 
GLOBAL_UNCERTAINTY_ASSIGNED_CONTEXT((#8036)) 
GLOBAL_UNIT_ASSIGNED_CONTEXT((#8033,#8034,#8035)) REPRESENTATION_CONTEXT
('Context #1','3D Context with UNIT and UNCERTAINTY') );
#8033 = ( LENGTH_UNIT() NAMED_UNIT(*) SI_UNIT(.MILLI.,.METRE.) );
#8034 = ( NAMED_UNIT(*) PLANE_ANGLE_UNIT() SI_UNIT($,.RADIAN.) );
#8035 = ( NAMED_UNIT(*) SI_UNIT($,.STERADIAN.) SOLID_ANGLE_UNIT() );
#8036 = UNCERTAINTY_MEASURE_WITH_UNIT(LENGTH_MEASURE(1.E-07),#8033,
  'distance_accuracy_value','confusion accuracy');
#8037 = PRODUCT_RELATED_PRODUCT_CATEGORY('part',$,(#7));
#8038 = MECHANICAL_DESIGN_GEOMETRIC_PRESENTATION_REPRESENTATION('',(
    #8039),#8032);
#8039 = STYLED_ITEM('color',(#8040),#15);
#8040 = PRESENTATION_STYLE_ASSIGNMENT((#8041,#8047));
#8041 = SURFACE_STYLE_USAGE(.BOTH.,#8042);
#8042 = SURFACE_SIDE_STYLE('',(#8043));
#8043 = SURFACE_STYLE_FILL_AREA(#8044);
#8044 = FILL_AREA_STYLE('',(#8045));
#8045 = FILL_AREA_STYLE_COLOUR('',#8046);
#8046 = COLOUR_RGB('',0.678431390124,0.709803936702,0.741176476869);
#8047 = CURVE_STYLE('',#8048,POSITIVE_LENGTH_MEASURE(0.1),#8049);
#8048 = DRAUGHTING_PRE_DEFINED_CURVE_FONT('continuous');
#8049 = COLOUR_RGB('',9.803921802644E-02,9.803921802644E-02,
  9.803921802644E-02);
ENDSEC;
END-ISO-10303-21;
