ISO-10303-21;
HEADER;
FILE_DESCRIPTION(('FreeCAD Model'),'2;1');
FILE_NAME('Open CASCADE Shape Model','2026-08-05T13:26:50',(''),(''),
  'Open CASCADE STEP processor 7.8','FreeCAD','Unknown');
FILE_SCHEMA(('AUTOMOTIVE_DESIGN { 1 0 10303 214 1 1 1 1 }'));
ENDSEC;
DATA;
#1 = APPLICATION_PROTOCOL_DEFINITION('international standard',
  'automotive_design',2000,#2);
#2 = APPLICATION_CONTEXT(
  'core data for automotive mechanical design processes');
#3 = SHAPE_DEFINITION_REPRESENTATION(#4,#10);
#4 = PRODUCT_DEFINITION_SHAPE('','',#5);
#5 = PRODUCT_DEFINITION('design','',#6,#9);
#6 = PRODUCT_DEFINITION_FORMATION('','',#7);
#7 = PRODUCT('gear_support','gear_support','',(#8));
#8 = PRODUCT_CONTEXT('',#2,'mechanical');
#9 = PRODUCT_DEFINITION_CONTEXT('part definition',#2,'design');
#10 = SHAPE_REPRESENTATION('',(#11,#15,#19,#23,#27,#31,#35,#39,#43,#47,
    #51,#55,#59,#63,#67,#71,#75,#79,#83,#87),#91);
#11 = AXIS2_PLACEMENT_3D('',#12,#13,#14);
#12 = CARTESIAN_POINT('',(0.,0.,0.));
#13 = DIRECTION('',(0.,0.,1.));
#14 = DIRECTION('',(1.,0.,-0.));
#15 = AXIS2_PLACEMENT_3D('',#16,#17,#18);
#16 = CARTESIAN_POINT('',(0.,0.,0.));
#17 = DIRECTION('',(0.,0.,1.));
#18 = DIRECTION('',(1.,0.,0.));
#19 = AXIS2_PLACEMENT_3D('',#20,#21,#22);
#20 = CARTESIAN_POINT('',(0.,0.,0.));
#21 = DIRECTION('',(0.,0.,1.));
#22 = DIRECTION('',(1.,0.,0.));
#23 = AXIS2_PLACEMENT_3D('',#24,#25,#26);
#24 = CARTESIAN_POINT('',(0.,0.,0.));
#25 = DIRECTION('',(1.,1.232595164408E-32,1.110223024625E-16));
#26 = DIRECTION('',(0.,1.,-1.110223024625E-16));
#27 = AXIS2_PLACEMENT_3D('',#28,#29,#30);
#28 = CARTESIAN_POINT('',(0.,0.,0.));
#29 = DIRECTION('',(0.,-1.,1.110223024625E-16));
#30 = DIRECTION('',(0.,1.110223024625E-16,1.));
#31 = AXIS2_PLACEMENT_3D('',#32,#33,#34);
#32 = CARTESIAN_POINT('',(0.,0.,0.));
#33 = DIRECTION('',(0.,0.,1.));
#34 = DIRECTION('',(1.,0.,0.));
#35 = AXIS2_PLACEMENT_3D('',#36,#37,#38);
#36 = CARTESIAN_POINT('',(0.,0.,0.));
#37 = DIRECTION('',(0.,-1.,-2.22044604925E-16));
#38 = DIRECTION('',(1.,0.,0.));
#39 = AXIS2_PLACEMENT_3D('',#40,#41,#42);
#40 = CARTESIAN_POINT('',(0.,0.,0.));
#41 = DIRECTION('',(1.,1.232595164408E-32,1.110223024625E-16));
#42 = DIRECTION('',(0.,1.,-1.110223024625E-16));
#43 = AXIS2_PLACEMENT_3D('',#44,#45,#46);
#44 = CARTESIAN_POINT('',(0.,0.,0.));
#45 = DIRECTION('',(0.,0.,1.));
#46 = DIRECTION('',(1.,0.,0.));
#47 = AXIS2_PLACEMENT_3D('',#48,#49,#50);
#48 = CARTESIAN_POINT('',(0.,0.,0.));
#49 = DIRECTION('',(0.,0.,1.));
#50 = DIRECTION('',(1.,0.,0.));
#51 = AXIS2_PLACEMENT_3D('',#52,#53,#54);
#52 = CARTESIAN_POINT('',(0.,0.,4.));
#53 = DIRECTION('',(0.,0.,1.));
#54 = DIRECTION('',(1.,0.,0.));
#55 = AXIS2_PLACEMENT_3D('',#56,#57,#58);
#56 = CARTESIAN_POINT('',(0.,0.,0.));
#57 = DIRECTION('',(0.,0.,1.));
#58 = DIRECTION('',(1.,0.,0.));
#59 = AXIS2_PLACEMENT_3D('',#60,#61,#62);
#60 = CARTESIAN_POINT('',(0.,0.,4.));
#61 = DIRECTION('',(0.,0.,-1.));
#62 = DIRECTION('',(1.,0.,0.));
#63 = AXIS2_PLACEMENT_3D('',#64,#65,#66);
#64 = CARTESIAN_POINT('',(0.,0.,0.));
#65 = DIRECTION('',(0.,0.,1.));
#66 = DIRECTION('',(1.,0.,0.));
#67 = AXIS2_PLACEMENT_3D('',#68,#69,#70);
#68 = CARTESIAN_POINT('',(0.,0.,0.));
#69 = DIRECTION('',(0.,0.,1.));
#70 = DIRECTION('',(1.,0.,0.));
#71 = AXIS2_PLACEMENT_3D('',#72,#73,#74);
#72 = CARTESIAN_POINT('',(0.,0.,0.));
#73 = DIRECTION('',(0.,0.,-1.));
#74 = DIRECTION('',(1.,0.,0.));
#75 = AXIS2_PLACEMENT_3D('',#76,#77,#78);
#76 = CARTESIAN_POINT('',(0.,0.,0.));
#77 = DIRECTION('',(0.,0.,1.));
#78 = DIRECTION('',(1.,0.,0.));
#79 = AXIS2_PLACEMENT_3D('',#80,#81,#82);
#80 = CARTESIAN_POINT('',(0.,0.,7.));
#81 = DIRECTION('',(0.,0.,1.));
#82 = DIRECTION('',(1.,0.,0.));
#83 = AXIS2_PLACEMENT_3D('',#84,#85,#86);
#84 = CARTESIAN_POINT('',(0.,0.,0.));
#85 = DIRECTION('',(0.,0.,1.));
#86 = DIRECTION('',(1.,0.,0.));
#87 = AXIS2_PLACEMENT_3D('',#88,#89,#90);
#88 = CARTESIAN_POINT('',(0.,0.,0.));
#89 = DIRECTION('',(0.,0.,1.));
#90 = DIRECTION('',(1.,0.,-0.));
#91 = ( GEOMETRIC_REPRESENTATION_CONTEXT(3) 
GLOBAL_UNCERTAINTY_ASSIGNED_CONTEXT((#95)) GLOBAL_UNIT_ASSIGNED_CONTEXT(
(#92,#93,#94)) REPRESENTATION_CONTEXT('Context #1',
  '3D Context with UNIT and UNCERTAINTY') );
#92 = ( LENGTH_UNIT() NAMED_UNIT(*) SI_UNIT(.MILLI.,.METRE.) );
#93 = ( NAMED_UNIT(*) PLANE_ANGLE_UNIT() SI_UNIT($,.RADIAN.) );
#94 = ( NAMED_UNIT(*) SI_UNIT($,.STERADIAN.) SOLID_ANGLE_UNIT() );
#95 = UNCERTAINTY_MEASURE_WITH_UNIT(LENGTH_MEASURE(1.E-07),#92,
  'distance_accuracy_value','confusion accuracy');
#96 = PRODUCT_RELATED_PRODUCT_CATEGORY('part',$,(#7));
#97 = SHAPE_DEFINITION_REPRESENTATION(#98,#104);
#98 = PRODUCT_DEFINITION_SHAPE('','',#99);
#99 = PRODUCT_DEFINITION('design','',#100,#103);
#100 = PRODUCT_DEFINITION_FORMATION('','',#101);
#101 = PRODUCT('Body','Body','',(#102));
#102 = PRODUCT_CONTEXT('',#2,'mechanical');
#103 = PRODUCT_DEFINITION_CONTEXT('part definition',#2,'design');
#104 = ADVANCED_BREP_SHAPE_REPRESENTATION('',(#11,#105),#567);
#105 = MANIFOLD_SOLID_BREP('',#106);
#106 = CLOSED_SHELL('',(#107,#147,#178,#209,#253,#330,#347,#364,#376,
    #401,#426,#451,#476,#501,#521,#550));
#107 = ADVANCED_FACE('',(#108),#142,.F.);
#108 = FACE_BOUND('',#109,.F.);
#109 = EDGE_LOOP('',(#110,#120,#128,#136));
#110 = ORIENTED_EDGE('',*,*,#111,.T.);
#111 = EDGE_CURVE('',#112,#114,#116,.T.);
#112 = VERTEX_POINT('',#113);
#113 = CARTESIAN_POINT('',(0.,6.5,0.));
#114 = VERTEX_POINT('',#115);
#115 = CARTESIAN_POINT('',(0.,6.5,4.));
#116 = LINE('',#117,#118);
#117 = CARTESIAN_POINT('',(0.,6.5,0.));
#118 = VECTOR('',#119,1.);
#119 = DIRECTION('',(0.,0.,1.));
#120 = ORIENTED_EDGE('',*,*,#121,.T.);
#121 = EDGE_CURVE('',#114,#122,#124,.T.);
#122 = VERTEX_POINT('',#123);
#123 = CARTESIAN_POINT('',(-5.629165124599,3.25,4.));
#124 = LINE('',#125,#126);
#125 = CARTESIAN_POINT('',(0.,6.5,4.));
#126 = VECTOR('',#127,1.);
#127 = DIRECTION('',(-0.866025403784,-0.5,0.));
#128 = ORIENTED_EDGE('',*,*,#129,.F.);
#129 = EDGE_CURVE('',#130,#122,#132,.T.);
#130 = VERTEX_POINT('',#131);
#131 = CARTESIAN_POINT('',(-5.629165124599,3.25,0.));
#132 = LINE('',#133,#134);
#133 = CARTESIAN_POINT('',(-5.629165124599,3.25,0.));
#134 = VECTOR('',#135,1.);
#135 = DIRECTION('',(0.,0.,1.));
#136 = ORIENTED_EDGE('',*,*,#137,.F.);
#137 = EDGE_CURVE('',#112,#130,#138,.T.);
#138 = LINE('',#139,#140);
#139 = CARTESIAN_POINT('',(0.,6.5,0.));
#140 = VECTOR('',#141,1.);
#141 = DIRECTION('',(-0.866025403784,-0.5,0.));
#142 = PLANE('',#143);
#143 = AXIS2_PLACEMENT_3D('',#144,#145,#146);
#144 = CARTESIAN_POINT('',(0.,6.5,0.));
#145 = DIRECTION('',(0.5,-0.866025403784,0.));
#146 = DIRECTION('',(-0.866025403784,-0.5,0.));
#147 = ADVANCED_FACE('',(#148),#173,.F.);
#148 = FACE_BOUND('',#149,.F.);
#149 = EDGE_LOOP('',(#150,#160,#166,#167));
#150 = ORIENTED_EDGE('',*,*,#151,.T.);
#151 = EDGE_CURVE('',#152,#154,#156,.T.);
#152 = VERTEX_POINT('',#153);
#153 = CARTESIAN_POINT('',(5.629165124599,3.25,0.));
#154 = VERTEX_POINT('',#155);
#155 = CARTESIAN_POINT('',(5.629165124599,3.25,4.));
#156 = LINE('',#157,#158);
#157 = CARTESIAN_POINT('',(5.629165124599,3.25,0.));
#158 = VECTOR('',#159,1.);
#159 = DIRECTION('',(0.,0.,1.));
#160 = ORIENTED_EDGE('',*,*,#161,.T.);
#161 = EDGE_CURVE('',#154,#114,#162,.T.);
#162 = LINE('',#163,#164);
#163 = CARTESIAN_POINT('',(5.629165124599,3.25,4.));
#164 = VECTOR('',#165,1.);
#165 = DIRECTION('',(-0.866025403784,0.5,0.));
#166 = ORIENTED_EDGE('',*,*,#111,.F.);
#167 = ORIENTED_EDGE('',*,*,#168,.F.);
#168 = EDGE_CURVE('',#152,#112,#169,.T.);
#169 = LINE('',#170,#171);
#170 = CARTESIAN_POINT('',(5.629165124599,3.25,0.));
#171 = VECTOR('',#172,1.);
#172 = DIRECTION('',(-0.866025403784,0.5,0.));
#173 = PLANE('',#174);
#174 = AXIS2_PLACEMENT_3D('',#175,#176,#177);
#175 = CARTESIAN_POINT('',(5.629165124599,3.25,0.));
#176 = DIRECTION('',(-0.5,-0.866025403784,0.));
#177 = DIRECTION('',(-0.866025403784,0.5,0.));
#178 = ADVANCED_FACE('',(#179),#204,.F.);
#179 = FACE_BOUND('',#180,.F.);
#180 = EDGE_LOOP('',(#181,#182,#190,#198));
#181 = ORIENTED_EDGE('',*,*,#129,.T.);
#182 = ORIENTED_EDGE('',*,*,#183,.T.);
#183 = EDGE_CURVE('',#122,#184,#186,.T.);
#184 = VERTEX_POINT('',#185);
#185 = CARTESIAN_POINT('',(-5.629165124599,-3.25,4.));
#186 = LINE('',#187,#188);
#187 = CARTESIAN_POINT('',(-5.629165124599,3.25,4.));
#188 = VECTOR('',#189,1.);
#189 = DIRECTION('',(-1.4E-16,-1.,0.));
#190 = ORIENTED_EDGE('',*,*,#191,.F.);
#191 = EDGE_CURVE('',#192,#184,#194,.T.);
#192 = VERTEX_POINT('',#193);
#193 = CARTESIAN_POINT('',(-5.629165124599,-3.25,0.));
#194 = LINE('',#195,#196);
#195 = CARTESIAN_POINT('',(-5.629165124599,-3.25,0.));
#196 = VECTOR('',#197,1.);
#197 = DIRECTION('',(0.,0.,1.));
#198 = ORIENTED_EDGE('',*,*,#199,.F.);
#199 = EDGE_CURVE('',#130,#192,#200,.T.);
#200 = LINE('',#201,#202);
#201 = CARTESIAN_POINT('',(-5.629165124599,3.25,0.));
#202 = VECTOR('',#203,1.);
#203 = DIRECTION('',(-1.4E-16,-1.,0.));
#204 = PLANE('',#205);
#205 = AXIS2_PLACEMENT_3D('',#206,#207,#208);
#206 = CARTESIAN_POINT('',(-5.629165124599,3.25,0.));
#207 = DIRECTION('',(1.,-1.4E-16,0.));
#208 = DIRECTION('',(-1.4E-16,-1.,0.));
#209 = ADVANCED_FACE('',(#210,#237),#248,.F.);
#210 = FACE_BOUND('',#211,.F.);
#211 = EDGE_LOOP('',(#212,#213,#214,#222,#230,#236));
#212 = ORIENTED_EDGE('',*,*,#137,.T.);
#213 = ORIENTED_EDGE('',*,*,#199,.T.);
#214 = ORIENTED_EDGE('',*,*,#215,.T.);
#215 = EDGE_CURVE('',#192,#216,#218,.T.);
#216 = VERTEX_POINT('',#217);
#217 = CARTESIAN_POINT('',(0.,-6.5,0.));
#218 = LINE('',#219,#220);
#219 = CARTESIAN_POINT('',(-5.629165124599,-3.25,0.));
#220 = VECTOR('',#221,1.);
#221 = DIRECTION('',(0.866025403784,-0.5,0.));
#222 = ORIENTED_EDGE('',*,*,#223,.T.);
#223 = EDGE_CURVE('',#216,#224,#226,.T.);
#224 = VERTEX_POINT('',#225);
#225 = CARTESIAN_POINT('',(5.629165124599,-3.25,0.));
#226 = LINE('',#227,#228);
#227 = CARTESIAN_POINT('',(0.,-6.5,0.));
#228 = VECTOR('',#229,1.);
#229 = DIRECTION('',(0.866025403784,0.5,0.));
#230 = ORIENTED_EDGE('',*,*,#231,.T.);
#231 = EDGE_CURVE('',#224,#152,#232,.T.);
#232 = LINE('',#233,#234);
#233 = CARTESIAN_POINT('',(5.629165124599,-3.25,0.));
#234 = VECTOR('',#235,1.);
#235 = DIRECTION('',(-1.4E-16,1.,0.));
#236 = ORIENTED_EDGE('',*,*,#168,.T.);
#237 = FACE_BOUND('',#238,.F.);
#238 = EDGE_LOOP('',(#239));
#239 = ORIENTED_EDGE('',*,*,#240,.T.);
#240 = EDGE_CURVE('',#241,#241,#243,.T.);
#241 = VERTEX_POINT('',#242);
#242 = CARTESIAN_POINT('',(1.6,0.,0.));
#243 = CIRCLE('',#244,1.6);
#244 = AXIS2_PLACEMENT_3D('',#245,#246,#247);
#245 = CARTESIAN_POINT('',(0.,0.,0.));
#246 = DIRECTION('',(0.,0.,-1.));
#247 = DIRECTION('',(1.,0.,0.));
#248 = PLANE('',#249);
#249 = AXIS2_PLACEMENT_3D('',#250,#251,#252);
#250 = CARTESIAN_POINT('',(2.7E-16,9.E-17,0.));
#251 = DIRECTION('',(0.,0.,1.));
#252 = DIRECTION('',(1.,0.,0.));
#253 = ADVANCED_FACE('',(#254,#265,#276,#303,#314),#325,.F.);
#254 = FACE_BOUND('',#255,.F.);
#255 = EDGE_LOOP('',(#256));
#256 = ORIENTED_EDGE('',*,*,#257,.T.);
#257 = EDGE_CURVE('',#258,#258,#260,.T.);
#258 = VERTEX_POINT('',#259);
#259 = CARTESIAN_POINT('',(10.5,0.,4.));
#260 = CIRCLE('',#261,10.5);
#261 = AXIS2_PLACEMENT_3D('',#262,#263,#264);
#262 = CARTESIAN_POINT('',(0.,0.,4.));
#263 = DIRECTION('',(0.,0.,1.));
#264 = DIRECTION('',(1.,0.,0.));
#265 = FACE_BOUND('',#266,.F.);
#266 = EDGE_LOOP('',(#267));
#267 = ORIENTED_EDGE('',*,*,#268,.T.);
#268 = EDGE_CURVE('',#269,#269,#271,.T.);
#269 = VERTEX_POINT('',#270);
#270 = CARTESIAN_POINT('',(-1.008731654743,-7.67451179632,4.));
#271 = CIRCLE('',#272,1.25);
#272 = AXIS2_PLACEMENT_3D('',#273,#274,#275);
#273 = CARTESIAN_POINT('',(-2.258731654743,-7.67451179632,4.));
#274 = DIRECTION('',(0.,0.,-1.));
#275 = DIRECTION('',(1.,0.,0.));
#276 = FACE_BOUND('',#277,.F.);
#277 = EDGE_LOOP('',(#278,#279,#280,#288,#296,#302));
#278 = ORIENTED_EDGE('',*,*,#121,.F.);
#279 = ORIENTED_EDGE('',*,*,#161,.F.);
#280 = ORIENTED_EDGE('',*,*,#281,.F.);
#281 = EDGE_CURVE('',#282,#154,#284,.T.);
#282 = VERTEX_POINT('',#283);
#283 = CARTESIAN_POINT('',(5.629165124599,-3.25,4.));
#284 = LINE('',#285,#286);
#285 = CARTESIAN_POINT('',(5.629165124599,-3.25,4.));
#286 = VECTOR('',#287,1.);
#287 = DIRECTION('',(-1.4E-16,1.,0.));
#288 = ORIENTED_EDGE('',*,*,#289,.F.);
#289 = EDGE_CURVE('',#290,#282,#292,.T.);
#290 = VERTEX_POINT('',#291);
#291 = CARTESIAN_POINT('',(0.,-6.5,4.));
#292 = LINE('',#293,#294);
#293 = CARTESIAN_POINT('',(0.,-6.5,4.));
#294 = VECTOR('',#295,1.);
#295 = DIRECTION('',(0.866025403784,0.5,0.));
#296 = ORIENTED_EDGE('',*,*,#297,.F.);
#297 = EDGE_CURVE('',#184,#290,#298,.T.);
#298 = LINE('',#299,#300);
#299 = CARTESIAN_POINT('',(-5.629165124599,-3.25,4.));
#300 = VECTOR('',#301,1.);
#301 = DIRECTION('',(0.866025403784,-0.5,0.));
#302 = ORIENTED_EDGE('',*,*,#183,.F.);
#303 = FACE_BOUND('',#304,.F.);
#304 = EDGE_LOOP('',(#305));
#305 = ORIENTED_EDGE('',*,*,#306,.T.);
#306 = EDGE_CURVE('',#307,#307,#309,.T.);
#307 = VERTEX_POINT('',#308);
#308 = CARTESIAN_POINT('',(-6.141956349885,4.710843136769,4.));
#309 = CIRCLE('',#310,1.25);
#310 = AXIS2_PLACEMENT_3D('',#311,#312,#313);
#311 = CARTESIAN_POINT('',(-5.516956349885,5.7933748915,4.));
#312 = DIRECTION('',(-0.,0.,-1.));
#313 = DIRECTION('',(-0.5,-0.866025403784,0.));
#314 = FACE_BOUND('',#315,.F.);
#315 = EDGE_LOOP('',(#316));
#316 = ORIENTED_EDGE('',*,*,#317,.T.);
#317 = EDGE_CURVE('',#318,#318,#320,.T.);
#318 = VERTEX_POINT('',#319);
#319 = CARTESIAN_POINT('',(7.150688004628,2.963668659551,4.));
#320 = CIRCLE('',#321,1.25);
#321 = AXIS2_PLACEMENT_3D('',#322,#323,#324);
#322 = CARTESIAN_POINT('',(7.775688004628,1.881136904821,4.));
#323 = DIRECTION('',(0.,0.,-1.));
#324 = DIRECTION('',(-0.5,0.866025403784,0.));
#325 = PLANE('',#326);
#326 = AXIS2_PLACEMENT_3D('',#327,#328,#329);
#327 = CARTESIAN_POINT('',(-5.209295743007E-16,9.230319459916E-17,4.));
#328 = DIRECTION('',(0.,0.,1.));
#329 = DIRECTION('',(1.,0.,0.));
#330 = ADVANCED_FACE('',(#331),#342,.F.);
#331 = FACE_BOUND('',#332,.F.);
#332 = EDGE_LOOP('',(#333,#339,#340,#341));
#333 = ORIENTED_EDGE('',*,*,#334,.T.);
#334 = EDGE_CURVE('',#224,#282,#335,.T.);
#335 = LINE('',#336,#337);
#336 = CARTESIAN_POINT('',(5.629165124599,-3.25,0.));
#337 = VECTOR('',#338,1.);
#338 = DIRECTION('',(0.,0.,1.));
#339 = ORIENTED_EDGE('',*,*,#281,.T.);
#340 = ORIENTED_EDGE('',*,*,#151,.F.);
#341 = ORIENTED_EDGE('',*,*,#231,.F.);
#342 = PLANE('',#343);
#343 = AXIS2_PLACEMENT_3D('',#344,#345,#346);
#344 = CARTESIAN_POINT('',(5.629165124599,-3.25,0.));
#345 = DIRECTION('',(-1.,-1.4E-16,0.));
#346 = DIRECTION('',(-1.4E-16,1.,0.));
#347 = ADVANCED_FACE('',(#348),#359,.F.);
#348 = FACE_BOUND('',#349,.F.);
#349 = EDGE_LOOP('',(#350,#351,#352,#358));
#350 = ORIENTED_EDGE('',*,*,#191,.T.);
#351 = ORIENTED_EDGE('',*,*,#297,.T.);
#352 = ORIENTED_EDGE('',*,*,#353,.F.);
#353 = EDGE_CURVE('',#216,#290,#354,.T.);
#354 = LINE('',#355,#356);
#355 = CARTESIAN_POINT('',(0.,-6.5,0.));
#356 = VECTOR('',#357,1.);
#357 = DIRECTION('',(0.,0.,1.));
#358 = ORIENTED_EDGE('',*,*,#215,.F.);
#359 = PLANE('',#360);
#360 = AXIS2_PLACEMENT_3D('',#361,#362,#363);
#361 = CARTESIAN_POINT('',(-5.629165124599,-3.25,0.));
#362 = DIRECTION('',(0.5,0.866025403784,0.));
#363 = DIRECTION('',(0.866025403784,-0.5,0.));
#364 = ADVANCED_FACE('',(#365),#371,.F.);
#365 = FACE_BOUND('',#366,.F.);
#366 = EDGE_LOOP('',(#367,#368,#369,#370));
#367 = ORIENTED_EDGE('',*,*,#353,.T.);
#368 = ORIENTED_EDGE('',*,*,#289,.T.);
#369 = ORIENTED_EDGE('',*,*,#334,.F.);
#370 = ORIENTED_EDGE('',*,*,#223,.F.);
#371 = PLANE('',#372);
#372 = AXIS2_PLACEMENT_3D('',#373,#374,#375);
#373 = CARTESIAN_POINT('',(0.,-6.5,0.));
#374 = DIRECTION('',(-0.5,0.866025403784,0.));
#375 = DIRECTION('',(0.866025403784,0.5,0.));
#376 = ADVANCED_FACE('',(#377),#396,.F.);
#377 = FACE_BOUND('',#378,.F.);
#378 = EDGE_LOOP('',(#379,#380,#388,#395));
#379 = ORIENTED_EDGE('',*,*,#240,.F.);
#380 = ORIENTED_EDGE('',*,*,#381,.T.);
#381 = EDGE_CURVE('',#241,#382,#384,.T.);
#382 = VERTEX_POINT('',#383);
#383 = CARTESIAN_POINT('',(1.6,0.,4.));
#384 = LINE('',#385,#386);
#385 = CARTESIAN_POINT('',(1.6,0.,0.));
#386 = VECTOR('',#387,1.);
#387 = DIRECTION('',(0.,0.,1.));
#388 = ORIENTED_EDGE('',*,*,#389,.T.);
#389 = EDGE_CURVE('',#382,#382,#390,.T.);
#390 = CIRCLE('',#391,1.6);
#391 = AXIS2_PLACEMENT_3D('',#392,#393,#394);
#392 = CARTESIAN_POINT('',(0.,0.,4.));
#393 = DIRECTION('',(0.,0.,-1.));
#394 = DIRECTION('',(1.,0.,0.));
#395 = ORIENTED_EDGE('',*,*,#381,.F.);
#396 = CYLINDRICAL_SURFACE('',#397,1.6);
#397 = AXIS2_PLACEMENT_3D('',#398,#399,#400);
#398 = CARTESIAN_POINT('',(0.,0.,0.));
#399 = DIRECTION('',(0.,0.,-1.));
#400 = DIRECTION('',(1.,0.,0.));
#401 = ADVANCED_FACE('',(#402),#421,.T.);
#402 = FACE_BOUND('',#403,.F.);
#403 = EDGE_LOOP('',(#404,#412,#419,#420));
#404 = ORIENTED_EDGE('',*,*,#405,.T.);
#405 = EDGE_CURVE('',#258,#406,#408,.T.);
#406 = VERTEX_POINT('',#407);
#407 = CARTESIAN_POINT('',(10.5,0.,7.));
#408 = LINE('',#409,#410);
#409 = CARTESIAN_POINT('',(10.5,0.,4.));
#410 = VECTOR('',#411,1.);
#411 = DIRECTION('',(0.,0.,1.));
#412 = ORIENTED_EDGE('',*,*,#413,.T.);
#413 = EDGE_CURVE('',#406,#406,#414,.T.);
#414 = CIRCLE('',#415,10.5);
#415 = AXIS2_PLACEMENT_3D('',#416,#417,#418);
#416 = CARTESIAN_POINT('',(0.,0.,7.));
#417 = DIRECTION('',(0.,0.,1.));
#418 = DIRECTION('',(1.,0.,0.));
#419 = ORIENTED_EDGE('',*,*,#405,.F.);
#420 = ORIENTED_EDGE('',*,*,#257,.F.);
#421 = CYLINDRICAL_SURFACE('',#422,10.5);
#422 = AXIS2_PLACEMENT_3D('',#423,#424,#425);
#423 = CARTESIAN_POINT('',(0.,0.,4.));
#424 = DIRECTION('',(-0.,-0.,-1.));
#425 = DIRECTION('',(1.,0.,0.));
#426 = ADVANCED_FACE('',(#427),#446,.F.);
#427 = FACE_BOUND('',#428,.F.);
#428 = EDGE_LOOP('',(#429,#437,#444,#445));
#429 = ORIENTED_EDGE('',*,*,#430,.T.);
#430 = EDGE_CURVE('',#269,#431,#433,.T.);
#431 = VERTEX_POINT('',#432);
#432 = CARTESIAN_POINT('',(-1.008731654743,-7.67451179632,7.));
#433 = LINE('',#434,#435);
#434 = CARTESIAN_POINT('',(-1.008731654743,-7.67451179632,4.));
#435 = VECTOR('',#436,1.);
#436 = DIRECTION('',(0.,0.,1.));
#437 = ORIENTED_EDGE('',*,*,#438,.T.);
#438 = EDGE_CURVE('',#431,#431,#439,.T.);
#439 = CIRCLE('',#440,1.25);
#440 = AXIS2_PLACEMENT_3D('',#441,#442,#443);
#441 = CARTESIAN_POINT('',(-2.258731654743,-7.67451179632,7.));
#442 = DIRECTION('',(0.,0.,-1.));
#443 = DIRECTION('',(1.,0.,0.));
#444 = ORIENTED_EDGE('',*,*,#430,.F.);
#445 = ORIENTED_EDGE('',*,*,#268,.F.);
#446 = CYLINDRICAL_SURFACE('',#447,1.25);
#447 = AXIS2_PLACEMENT_3D('',#448,#449,#450);
#448 = CARTESIAN_POINT('',(-2.258731654743,-7.67451179632,4.));
#449 = DIRECTION('',(0.,0.,-1.));
#450 = DIRECTION('',(1.,0.,0.));
#451 = ADVANCED_FACE('',(#452),#471,.F.);
#452 = FACE_BOUND('',#453,.F.);
#453 = EDGE_LOOP('',(#454,#462,#469,#470));
#454 = ORIENTED_EDGE('',*,*,#455,.T.);
#455 = EDGE_CURVE('',#307,#456,#458,.T.);
#456 = VERTEX_POINT('',#457);
#457 = CARTESIAN_POINT('',(-6.141956349885,4.710843136769,7.));
#458 = LINE('',#459,#460);
#459 = CARTESIAN_POINT('',(-6.141956349885,4.710843136769,4.));
#460 = VECTOR('',#461,1.);
#461 = DIRECTION('',(0.,0.,1.));
#462 = ORIENTED_EDGE('',*,*,#463,.T.);
#463 = EDGE_CURVE('',#456,#456,#464,.T.);
#464 = CIRCLE('',#465,1.25);
#465 = AXIS2_PLACEMENT_3D('',#466,#467,#468);
#466 = CARTESIAN_POINT('',(-5.516956349885,5.7933748915,7.));
#467 = DIRECTION('',(-0.,0.,-1.));
#468 = DIRECTION('',(-0.5,-0.866025403784,0.));
#469 = ORIENTED_EDGE('',*,*,#455,.F.);
#470 = ORIENTED_EDGE('',*,*,#306,.F.);
#471 = CYLINDRICAL_SURFACE('',#472,1.25);
#472 = AXIS2_PLACEMENT_3D('',#473,#474,#475);
#473 = CARTESIAN_POINT('',(-5.516956349885,5.7933748915,4.));
#474 = DIRECTION('',(0.,-0.,-1.));
#475 = DIRECTION('',(-0.5,-0.866025403784,0.));
#476 = ADVANCED_FACE('',(#477),#496,.F.);
#477 = FACE_BOUND('',#478,.F.);
#478 = EDGE_LOOP('',(#479,#487,#494,#495));
#479 = ORIENTED_EDGE('',*,*,#480,.T.);
#480 = EDGE_CURVE('',#318,#481,#483,.T.);
#481 = VERTEX_POINT('',#482);
#482 = CARTESIAN_POINT('',(7.150688004628,2.963668659551,7.));
#483 = LINE('',#484,#485);
#484 = CARTESIAN_POINT('',(7.150688004628,2.963668659551,4.));
#485 = VECTOR('',#486,1.);
#486 = DIRECTION('',(0.,0.,1.));
#487 = ORIENTED_EDGE('',*,*,#488,.T.);
#488 = EDGE_CURVE('',#481,#481,#489,.T.);
#489 = CIRCLE('',#490,1.25);
#490 = AXIS2_PLACEMENT_3D('',#491,#492,#493);
#491 = CARTESIAN_POINT('',(7.775688004628,1.881136904821,7.));
#492 = DIRECTION('',(0.,0.,-1.));
#493 = DIRECTION('',(-0.5,0.866025403784,0.));
#494 = ORIENTED_EDGE('',*,*,#480,.F.);
#495 = ORIENTED_EDGE('',*,*,#317,.F.);
#496 = CYLINDRICAL_SURFACE('',#497,1.25);
#497 = AXIS2_PLACEMENT_3D('',#498,#499,#500);
#498 = CARTESIAN_POINT('',(7.775688004628,1.881136904821,4.));
#499 = DIRECTION('',(-0.,0.,-1.));
#500 = DIRECTION('',(-0.5,0.866025403784,0.));
#501 = ADVANCED_FACE('',(#502,#513),#516,.T.);
#502 = FACE_BOUND('',#503,.T.);
#503 = EDGE_LOOP('',(#504));
#504 = ORIENTED_EDGE('',*,*,#505,.T.);
#505 = EDGE_CURVE('',#506,#506,#508,.T.);
#506 = VERTEX_POINT('',#507);
#507 = CARTESIAN_POINT('',(4.,0.,4.));
#508 = CIRCLE('',#509,4.);
#509 = AXIS2_PLACEMENT_3D('',#510,#511,#512);
#510 = CARTESIAN_POINT('',(0.,0.,4.));
#511 = DIRECTION('',(0.,0.,1.));
#512 = DIRECTION('',(1.,0.,0.));
#513 = FACE_BOUND('',#514,.T.);
#514 = EDGE_LOOP('',(#515));
#515 = ORIENTED_EDGE('',*,*,#389,.T.);
#516 = PLANE('',#517);
#517 = AXIS2_PLACEMENT_3D('',#518,#519,#520);
#518 = CARTESIAN_POINT('',(-2.563950248511E-16,3.49503809816E-16,4.));
#519 = DIRECTION('',(0.,0.,1.));
#520 = DIRECTION('',(1.,0.,0.));
#521 = ADVANCED_FACE('',(#522,#525,#528,#539,#542),#545,.T.);
#522 = FACE_BOUND('',#523,.T.);
#523 = EDGE_LOOP('',(#524));
#524 = ORIENTED_EDGE('',*,*,#413,.T.);
#525 = FACE_BOUND('',#526,.T.);
#526 = EDGE_LOOP('',(#527));
#527 = ORIENTED_EDGE('',*,*,#438,.T.);
#528 = FACE_BOUND('',#529,.T.);
#529 = EDGE_LOOP('',(#530));
#530 = ORIENTED_EDGE('',*,*,#531,.F.);
#531 = EDGE_CURVE('',#532,#532,#534,.T.);
#532 = VERTEX_POINT('',#533);
#533 = CARTESIAN_POINT('',(4.,0.,7.));
#534 = CIRCLE('',#535,4.);
#535 = AXIS2_PLACEMENT_3D('',#536,#537,#538);
#536 = CARTESIAN_POINT('',(0.,0.,7.));
#537 = DIRECTION('',(0.,0.,1.));
#538 = DIRECTION('',(1.,0.,0.));
#539 = FACE_BOUND('',#540,.T.);
#540 = EDGE_LOOP('',(#541));
#541 = ORIENTED_EDGE('',*,*,#463,.T.);
#542 = FACE_BOUND('',#543,.T.);
#543 = EDGE_LOOP('',(#544));
#544 = ORIENTED_EDGE('',*,*,#488,.T.);
#545 = PLANE('',#546);
#546 = AXIS2_PLACEMENT_3D('',#547,#548,#549);
#547 = CARTESIAN_POINT('',(-5.209295743007E-16,9.230319459916E-17,7.));
#548 = DIRECTION('',(0.,0.,1.));
#549 = DIRECTION('',(1.,0.,0.));
#550 = ADVANCED_FACE('',(#551),#562,.F.);
#551 = FACE_BOUND('',#552,.F.);
#552 = EDGE_LOOP('',(#553,#559,#560,#561));
#553 = ORIENTED_EDGE('',*,*,#554,.T.);
#554 = EDGE_CURVE('',#532,#506,#555,.T.);
#555 = LINE('',#556,#557);
#556 = CARTESIAN_POINT('',(4.,0.,7.));
#557 = VECTOR('',#558,1.);
#558 = DIRECTION('',(-0.,-0.,-1.));
#559 = ORIENTED_EDGE('',*,*,#505,.T.);
#560 = ORIENTED_EDGE('',*,*,#554,.F.);
#561 = ORIENTED_EDGE('',*,*,#531,.F.);
#562 = CYLINDRICAL_SURFACE('',#563,4.);
#563 = AXIS2_PLACEMENT_3D('',#564,#565,#566);
#564 = CARTESIAN_POINT('',(0.,0.,7.));
#565 = DIRECTION('',(0.,0.,1.));
#566 = DIRECTION('',(1.,0.,0.));
#567 = ( GEOMETRIC_REPRESENTATION_CONTEXT(3) 
GLOBAL_UNCERTAINTY_ASSIGNED_CONTEXT((#571)) GLOBAL_UNIT_ASSIGNED_CONTEXT
((#568,#569,#570)) REPRESENTATION_CONTEXT('Context #1',
  '3D Context with UNIT and UNCERTAINTY') );
#568 = ( LENGTH_UNIT() NAMED_UNIT(*) SI_UNIT(.MILLI.,.METRE.) );
#569 = ( NAMED_UNIT(*) PLANE_ANGLE_UNIT() SI_UNIT($,.RADIAN.) );
#570 = ( NAMED_UNIT(*) SI_UNIT($,.STERADIAN.) SOLID_ANGLE_UNIT() );
#571 = UNCERTAINTY_MEASURE_WITH_UNIT(LENGTH_MEASURE(1.E-07),#568,
  'distance_accuracy_value','confusion accuracy');
#572 = CONTEXT_DEPENDENT_SHAPE_REPRESENTATION(#573,#575);
#573 = ( REPRESENTATION_RELATIONSHIP('','',#104,#10) 
REPRESENTATION_RELATIONSHIP_WITH_TRANSFORMATION(#574) 
SHAPE_REPRESENTATION_RELATIONSHIP() );
#574 = ITEM_DEFINED_TRANSFORMATION('','',#11,#15);
#575 = PRODUCT_DEFINITION_SHAPE('Placement','Placement of an item',#576
  );
#576 = NEXT_ASSEMBLY_USAGE_OCCURRENCE('20','Body','',#5,#99,$);
#577 = PRODUCT_RELATED_PRODUCT_CATEGORY('part',$,(#101));
#578 = SHAPE_DEFINITION_REPRESENTATION(#579,#585);
#579 = PRODUCT_DEFINITION_SHAPE('','',#580);
#580 = PRODUCT_DEFINITION('design','',#581,#584);
#581 = PRODUCT_DEFINITION_FORMATION('','',#582);
#582 = PRODUCT('X軸','X軸','',(#583));
#583 = PRODUCT_CONTEXT('',#2,'mechanical');
#584 = PRODUCT_DEFINITION_CONTEXT('part definition',#2,'design');
#585 = GEOMETRICALLY_BOUNDED_WIREFRAME_SHAPE_REPRESENTATION('',(#11,#586
    ),#591);
#586 = GEOMETRIC_CURVE_SET('',(#587));
#587 = LINE('',#588,#589);
#588 = CARTESIAN_POINT('',(0.,0.,0.));
#589 = VECTOR('',#590,1.);
#590 = DIRECTION('',(1.,0.,0.));
#591 = ( GEOMETRIC_REPRESENTATION_CONTEXT(3) 
GLOBAL_UNCERTAINTY_ASSIGNED_CONTEXT((#595)) GLOBAL_UNIT_ASSIGNED_CONTEXT
((#592,#593,#594)) REPRESENTATION_CONTEXT('Context #1',
  '3D Context with UNIT and UNCERTAINTY') );
#592 = ( LENGTH_UNIT() NAMED_UNIT(*) SI_UNIT(.MILLI.,.METRE.) );
#593 = ( NAMED_UNIT(*) PLANE_ANGLE_UNIT() SI_UNIT($,.RADIAN.) );
#594 = ( NAMED_UNIT(*) SI_UNIT($,.STERADIAN.) SOLID_ANGLE_UNIT() );
#595 = UNCERTAINTY_MEASURE_WITH_UNIT(LENGTH_MEASURE(1.E-07),#592,
  'distance_accuracy_value','confusion accuracy');
#596 = CONTEXT_DEPENDENT_SHAPE_REPRESENTATION(#597,#599);
#597 = ( REPRESENTATION_RELATIONSHIP('','',#585,#10) 
REPRESENTATION_RELATIONSHIP_WITH_TRANSFORMATION(#598) 
SHAPE_REPRESENTATION_RELATIONSHIP() );
#598 = ITEM_DEFINED_TRANSFORMATION('','',#11,#19);
#599 = PRODUCT_DEFINITION_SHAPE('Placement','Placement of an item',#600
  );
#600 = NEXT_ASSEMBLY_USAGE_OCCURRENCE('21','X軸','',#5,#580,$);
#601 = PRODUCT_RELATED_PRODUCT_CATEGORY('part',$,(#582));
#602 = CONTEXT_DEPENDENT_SHAPE_REPRESENTATION(#603,#605);
#603 = ( REPRESENTATION_RELATIONSHIP('','',#585,#10) 
REPRESENTATION_RELATIONSHIP_WITH_TRANSFORMATION(#604) 
SHAPE_REPRESENTATION_RELATIONSHIP() );
#604 = ITEM_DEFINED_TRANSFORMATION('','',#11,#23);
#605 = PRODUCT_DEFINITION_SHAPE('Placement','Placement of an item',#606
  );
#606 = NEXT_ASSEMBLY_USAGE_OCCURRENCE('22','Y軸','',#5,#580,$);
#607 = CONTEXT_DEPENDENT_SHAPE_REPRESENTATION(#608,#610);
#608 = ( REPRESENTATION_RELATIONSHIP('','',#585,#10) 
REPRESENTATION_RELATIONSHIP_WITH_TRANSFORMATION(#609) 
SHAPE_REPRESENTATION_RELATIONSHIP() );
#609 = ITEM_DEFINED_TRANSFORMATION('','',#11,#27);
#610 = PRODUCT_DEFINITION_SHAPE('Placement','Placement of an item',#611
  );
#611 = NEXT_ASSEMBLY_USAGE_OCCURRENCE('23','Z軸','',#5,#580,$);
#612 = SHAPE_DEFINITION_REPRESENTATION(#613,#619);
#613 = PRODUCT_DEFINITION_SHAPE('','',#614);
#614 = PRODUCT_DEFINITION('design','',#615,#618);
#615 = PRODUCT_DEFINITION_FORMATION('','',#616);
#616 = PRODUCT('XY平面','XY平面','',(#617));
#617 = PRODUCT_CONTEXT('',#2,'mechanical');
#618 = PRODUCT_DEFINITION_CONTEXT('part definition',#2,'design');
#619 = MANIFOLD_SURFACE_SHAPE_REPRESENTATION('',(#11),#620);
#620 = ( GEOMETRIC_REPRESENTATION_CONTEXT(3) 
GLOBAL_UNCERTAINTY_ASSIGNED_CONTEXT((#624)) GLOBAL_UNIT_ASSIGNED_CONTEXT
((#621,#622,#623)) REPRESENTATION_CONTEXT('Context #1',
  '3D Context with UNIT and UNCERTAINTY') );
#621 = ( LENGTH_UNIT() NAMED_UNIT(*) SI_UNIT(.MILLI.,.METRE.) );
#622 = ( NAMED_UNIT(*) PLANE_ANGLE_UNIT() SI_UNIT($,.RADIAN.) );
#623 = ( NAMED_UNIT(*) SI_UNIT($,.STERADIAN.) SOLID_ANGLE_UNIT() );
#624 = UNCERTAINTY_MEASURE_WITH_UNIT(LENGTH_MEASURE(1.E-07),#621,
  'distance_accuracy_value','confusion accuracy');
#625 = CONTEXT_DEPENDENT_SHAPE_REPRESENTATION(#626,#628);
#626 = ( REPRESENTATION_RELATIONSHIP('','',#619,#10) 
REPRESENTATION_RELATIONSHIP_WITH_TRANSFORMATION(#627) 
SHAPE_REPRESENTATION_RELATIONSHIP() );
#627 = ITEM_DEFINED_TRANSFORMATION('','',#11,#31);
#628 = PRODUCT_DEFINITION_SHAPE('Placement','Placement of an item',#629
  );
#629 = NEXT_ASSEMBLY_USAGE_OCCURRENCE('24','XY平面','',#5,#614,$);
#630 = PRODUCT_RELATED_PRODUCT_CATEGORY('part',$,(#616));
#631 = CONTEXT_DEPENDENT_SHAPE_REPRESENTATION(#632,#634);
#632 = ( REPRESENTATION_RELATIONSHIP('','',#619,#10) 
REPRESENTATION_RELATIONSHIP_WITH_TRANSFORMATION(#633) 
SHAPE_REPRESENTATION_RELATIONSHIP() );
#633 = ITEM_DEFINED_TRANSFORMATION('','',#11,#35);
#634 = PRODUCT_DEFINITION_SHAPE('Placement','Placement of an item',#635
  );
#635 = NEXT_ASSEMBLY_USAGE_OCCURRENCE('25','XZ平面','',#5,#614,$);
#636 = CONTEXT_DEPENDENT_SHAPE_REPRESENTATION(#637,#639);
#637 = ( REPRESENTATION_RELATIONSHIP('','',#619,#10) 
REPRESENTATION_RELATIONSHIP_WITH_TRANSFORMATION(#638) 
SHAPE_REPRESENTATION_RELATIONSHIP() );
#638 = ITEM_DEFINED_TRANSFORMATION('','',#11,#39);
#639 = PRODUCT_DEFINITION_SHAPE('Placement','Placement of an item',#640
  );
#640 = NEXT_ASSEMBLY_USAGE_OCCURRENCE('26','YZ平面','',#5,#614,$);
#641 = SHAPE_DEFINITION_REPRESENTATION(#642,#648);
#642 = PRODUCT_DEFINITION_SHAPE('','',#643);
#643 = PRODUCT_DEFINITION('design','',#644,#647);
#644 = PRODUCT_DEFINITION_FORMATION('','',#645);
#645 = PRODUCT('Sketch','Sketch','',(#646));
#646 = PRODUCT_CONTEXT('',#2,'mechanical');
#647 = PRODUCT_DEFINITION_CONTEXT('part definition',#2,'design');
#648 = GEOMETRICALLY_BOUNDED_WIREFRAME_SHAPE_REPRESENTATION('',(#11,#649
    ),#692);
#649 = GEOMETRIC_CURVE_SET('',(#650,#657,#664,#671,#678,#685));
#650 = TRIMMED_CURVE('',#651,(#655,PARAMETER_VALUE(0.)),(#656,
    PARAMETER_VALUE(6.5)),.T.,.PARAMETER.);
#651 = LINE('',#652,#653);
#652 = CARTESIAN_POINT('',(0.,6.5,0.));
#653 = VECTOR('',#654,1.);
#654 = DIRECTION('',(-0.866025403784,-0.5,0.));
#655 = CARTESIAN_POINT('',(0.,6.5,0.));
#656 = CARTESIAN_POINT('',(-5.629165124599,3.25,0.));
#657 = TRIMMED_CURVE('',#658,(#662,PARAMETER_VALUE(0.)),(#663,
    PARAMETER_VALUE(6.5)),.T.,.PARAMETER.);
#658 = LINE('',#659,#660);
#659 = CARTESIAN_POINT('',(-5.629165124599,3.25,0.));
#660 = VECTOR('',#661,1.);
#661 = DIRECTION('',(-1.4E-16,-1.,0.));
#662 = CARTESIAN_POINT('',(-5.629165124599,3.25,0.));
#663 = CARTESIAN_POINT('',(-5.629165124599,-3.25,0.));
#664 = TRIMMED_CURVE('',#665,(#669,PARAMETER_VALUE(0.)),(#670,
    PARAMETER_VALUE(6.5)),.T.,.PARAMETER.);
#665 = LINE('',#666,#667);
#666 = CARTESIAN_POINT('',(-5.629165124599,-3.25,0.));
#667 = VECTOR('',#668,1.);
#668 = DIRECTION('',(0.866025403784,-0.5,0.));
#669 = CARTESIAN_POINT('',(-5.629165124599,-3.25,0.));
#670 = CARTESIAN_POINT('',(0.,-6.5,0.));
#671 = TRIMMED_CURVE('',#672,(#676,PARAMETER_VALUE(0.)),(#677,
    PARAMETER_VALUE(6.5)),.T.,.PARAMETER.);
#672 = LINE('',#673,#674);
#673 = CARTESIAN_POINT('',(0.,-6.5,0.));
#674 = VECTOR('',#675,1.);
#675 = DIRECTION('',(0.866025403784,0.5,0.));
#676 = CARTESIAN_POINT('',(0.,-6.5,0.));
#677 = CARTESIAN_POINT('',(5.629165124599,-3.25,0.));
#678 = TRIMMED_CURVE('',#679,(#683,PARAMETER_VALUE(0.)),(#684,
    PARAMETER_VALUE(6.5)),.T.,.PARAMETER.);
#679 = LINE('',#680,#681);
#680 = CARTESIAN_POINT('',(5.629165124599,-3.25,0.));
#681 = VECTOR('',#682,1.);
#682 = DIRECTION('',(-1.4E-16,1.,0.));
#683 = CARTESIAN_POINT('',(5.629165124599,-3.25,0.));
#684 = CARTESIAN_POINT('',(5.629165124599,3.25,0.));
#685 = TRIMMED_CURVE('',#686,(#690,PARAMETER_VALUE(0.)),(#691,
    PARAMETER_VALUE(6.5)),.T.,.PARAMETER.);
#686 = LINE('',#687,#688);
#687 = CARTESIAN_POINT('',(5.629165124599,3.25,0.));
#688 = VECTOR('',#689,1.);
#689 = DIRECTION('',(-0.866025403784,0.5,0.));
#690 = CARTESIAN_POINT('',(5.629165124599,3.25,0.));
#691 = CARTESIAN_POINT('',(0.,6.5,0.));
#692 = ( GEOMETRIC_REPRESENTATION_CONTEXT(3) 
GLOBAL_UNCERTAINTY_ASSIGNED_CONTEXT((#696)) GLOBAL_UNIT_ASSIGNED_CONTEXT
((#693,#694,#695)) REPRESENTATION_CONTEXT('Context #1',
  '3D Context with UNIT and UNCERTAINTY') );
#693 = ( LENGTH_UNIT() NAMED_UNIT(*) SI_UNIT(.MILLI.,.METRE.) );
#694 = ( NAMED_UNIT(*) PLANE_ANGLE_UNIT() SI_UNIT($,.RADIAN.) );
#695 = ( NAMED_UNIT(*) SI_UNIT($,.STERADIAN.) SOLID_ANGLE_UNIT() );
#696 = UNCERTAINTY_MEASURE_WITH_UNIT(LENGTH_MEASURE(1.E-07),#693,
  'distance_accuracy_value','confusion accuracy');
#697 = CONTEXT_DEPENDENT_SHAPE_REPRESENTATION(#698,#700);
#698 = ( REPRESENTATION_RELATIONSHIP('','',#648,#10) 
REPRESENTATION_RELATIONSHIP_WITH_TRANSFORMATION(#699) 
SHAPE_REPRESENTATION_RELATIONSHIP() );
#699 = ITEM_DEFINED_TRANSFORMATION('','',#11,#43);
#700 = PRODUCT_DEFINITION_SHAPE('Placement','Placement of an item',#701
  );
#701 = NEXT_ASSEMBLY_USAGE_OCCURRENCE('27','Sketch','',#5,#643,$);
#702 = PRODUCT_RELATED_PRODUCT_CATEGORY('part',$,(#645));
#703 = SHAPE_DEFINITION_REPRESENTATION(#704,#710);
#704 = PRODUCT_DEFINITION_SHAPE('','',#705);
#705 = PRODUCT_DEFINITION('design','',#706,#709);
#706 = PRODUCT_DEFINITION_FORMATION('','',#707);
#707 = PRODUCT('Pad','Pad','',(#708));
#708 = PRODUCT_CONTEXT('',#2,'mechanical');
#709 = PRODUCT_DEFINITION_CONTEXT('part definition',#2,'design');
#710 = ADVANCED_BREP_SHAPE_REPRESENTATION('',(#11,#711),#927);
#711 = MANIFOLD_SOLID_BREP('',#712);
#712 = CLOSED_SHELL('',(#713,#753,#784,#815,#846,#877,#899,#913));
#713 = ADVANCED_FACE('',(#714),#748,.F.);
#714 = FACE_BOUND('',#715,.F.);
#715 = EDGE_LOOP('',(#716,#726,#734,#742));
#716 = ORIENTED_EDGE('',*,*,#717,.T.);
#717 = EDGE_CURVE('',#718,#720,#722,.T.);
#718 = VERTEX_POINT('',#719);
#719 = CARTESIAN_POINT('',(0.,6.5,0.));
#720 = VERTEX_POINT('',#721);
#721 = CARTESIAN_POINT('',(0.,6.5,4.));
#722 = LINE('',#723,#724);
#723 = CARTESIAN_POINT('',(0.,6.5,0.));
#724 = VECTOR('',#725,1.);
#725 = DIRECTION('',(0.,0.,1.));
#726 = ORIENTED_EDGE('',*,*,#727,.T.);
#727 = EDGE_CURVE('',#720,#728,#730,.T.);
#728 = VERTEX_POINT('',#729);
#729 = CARTESIAN_POINT('',(-5.629165124599,3.25,4.));
#730 = LINE('',#731,#732);
#731 = CARTESIAN_POINT('',(0.,6.5,4.));
#732 = VECTOR('',#733,1.);
#733 = DIRECTION('',(-0.866025403784,-0.5,0.));
#734 = ORIENTED_EDGE('',*,*,#735,.F.);
#735 = EDGE_CURVE('',#736,#728,#738,.T.);
#736 = VERTEX_POINT('',#737);
#737 = CARTESIAN_POINT('',(-5.629165124599,3.25,0.));
#738 = LINE('',#739,#740);
#739 = CARTESIAN_POINT('',(-5.629165124599,3.25,0.));
#740 = VECTOR('',#741,1.);
#741 = DIRECTION('',(0.,0.,1.));
#742 = ORIENTED_EDGE('',*,*,#743,.F.);
#743 = EDGE_CURVE('',#718,#736,#744,.T.);
#744 = LINE('',#745,#746);
#745 = CARTESIAN_POINT('',(0.,6.5,0.));
#746 = VECTOR('',#747,1.);
#747 = DIRECTION('',(-0.866025403784,-0.5,0.));
#748 = PLANE('',#749);
#749 = AXIS2_PLACEMENT_3D('',#750,#751,#752);
#750 = CARTESIAN_POINT('',(0.,6.5,0.));
#751 = DIRECTION('',(0.5,-0.866025403784,0.));
#752 = DIRECTION('',(-0.866025403784,-0.5,0.));
#753 = ADVANCED_FACE('',(#754),#779,.F.);
#754 = FACE_BOUND('',#755,.F.);
#755 = EDGE_LOOP('',(#756,#757,#765,#773));
#756 = ORIENTED_EDGE('',*,*,#735,.T.);
#757 = ORIENTED_EDGE('',*,*,#758,.T.);
#758 = EDGE_CURVE('',#728,#759,#761,.T.);
#759 = VERTEX_POINT('',#760);
#760 = CARTESIAN_POINT('',(-5.629165124599,-3.25,4.));
#761 = LINE('',#762,#763);
#762 = CARTESIAN_POINT('',(-5.629165124599,3.25,4.));
#763 = VECTOR('',#764,1.);
#764 = DIRECTION('',(-1.4E-16,-1.,0.));
#765 = ORIENTED_EDGE('',*,*,#766,.F.);
#766 = EDGE_CURVE('',#767,#759,#769,.T.);
#767 = VERTEX_POINT('',#768);
#768 = CARTESIAN_POINT('',(-5.629165124599,-3.25,0.));
#769 = LINE('',#770,#771);
#770 = CARTESIAN_POINT('',(-5.629165124599,-3.25,0.));
#771 = VECTOR('',#772,1.);
#772 = DIRECTION('',(0.,0.,1.));
#773 = ORIENTED_EDGE('',*,*,#774,.F.);
#774 = EDGE_CURVE('',#736,#767,#775,.T.);
#775 = LINE('',#776,#777);
#776 = CARTESIAN_POINT('',(-5.629165124599,3.25,0.));
#777 = VECTOR('',#778,1.);
#778 = DIRECTION('',(-1.4E-16,-1.,0.));
#779 = PLANE('',#780);
#780 = AXIS2_PLACEMENT_3D('',#781,#782,#783);
#781 = CARTESIAN_POINT('',(-5.629165124599,3.25,0.));
#782 = DIRECTION('',(1.,-1.4E-16,0.));
#783 = DIRECTION('',(-1.4E-16,-1.,0.));
#784 = ADVANCED_FACE('',(#785),#810,.F.);
#785 = FACE_BOUND('',#786,.F.);
#786 = EDGE_LOOP('',(#787,#788,#796,#804));
#787 = ORIENTED_EDGE('',*,*,#766,.T.);
#788 = ORIENTED_EDGE('',*,*,#789,.T.);
#789 = EDGE_CURVE('',#759,#790,#792,.T.);
#790 = VERTEX_POINT('',#791);
#791 = CARTESIAN_POINT('',(0.,-6.5,4.));
#792 = LINE('',#793,#794);
#793 = CARTESIAN_POINT('',(-5.629165124599,-3.25,4.));
#794 = VECTOR('',#795,1.);
#795 = DIRECTION('',(0.866025403784,-0.5,0.));
#796 = ORIENTED_EDGE('',*,*,#797,.F.);
#797 = EDGE_CURVE('',#798,#790,#800,.T.);
#798 = VERTEX_POINT('',#799);
#799 = CARTESIAN_POINT('',(0.,-6.5,0.));
#800 = LINE('',#801,#802);
#801 = CARTESIAN_POINT('',(0.,-6.5,0.));
#802 = VECTOR('',#803,1.);
#803 = DIRECTION('',(0.,0.,1.));
#804 = ORIENTED_EDGE('',*,*,#805,.F.);
#805 = EDGE_CURVE('',#767,#798,#806,.T.);
#806 = LINE('',#807,#808);
#807 = CARTESIAN_POINT('',(-5.629165124599,-3.25,0.));
#808 = VECTOR('',#809,1.);
#809 = DIRECTION('',(0.866025403784,-0.5,0.));
#810 = PLANE('',#811);
#811 = AXIS2_PLACEMENT_3D('',#812,#813,#814);
#812 = CARTESIAN_POINT('',(-5.629165124599,-3.25,0.));
#813 = DIRECTION('',(0.5,0.866025403784,-0.));
#814 = DIRECTION('',(0.866025403784,-0.5,0.));
#815 = ADVANCED_FACE('',(#816),#841,.F.);
#816 = FACE_BOUND('',#817,.F.);
#817 = EDGE_LOOP('',(#818,#819,#827,#835));
#818 = ORIENTED_EDGE('',*,*,#797,.T.);
#819 = ORIENTED_EDGE('',*,*,#820,.T.);
#820 = EDGE_CURVE('',#790,#821,#823,.T.);
#821 = VERTEX_POINT('',#822);
#822 = CARTESIAN_POINT('',(5.629165124599,-3.25,4.));
#823 = LINE('',#824,#825);
#824 = CARTESIAN_POINT('',(0.,-6.5,4.));
#825 = VECTOR('',#826,1.);
#826 = DIRECTION('',(0.866025403784,0.5,0.));
#827 = ORIENTED_EDGE('',*,*,#828,.F.);
#828 = EDGE_CURVE('',#829,#821,#831,.T.);
#829 = VERTEX_POINT('',#830);
#830 = CARTESIAN_POINT('',(5.629165124599,-3.25,0.));
#831 = LINE('',#832,#833);
#832 = CARTESIAN_POINT('',(5.629165124599,-3.25,0.));
#833 = VECTOR('',#834,1.);
#834 = DIRECTION('',(0.,0.,1.));
#835 = ORIENTED_EDGE('',*,*,#836,.F.);
#836 = EDGE_CURVE('',#798,#829,#837,.T.);
#837 = LINE('',#838,#839);
#838 = CARTESIAN_POINT('',(0.,-6.5,0.));
#839 = VECTOR('',#840,1.);
#840 = DIRECTION('',(0.866025403784,0.5,0.));
#841 = PLANE('',#842);
#842 = AXIS2_PLACEMENT_3D('',#843,#844,#845);
#843 = CARTESIAN_POINT('',(0.,-6.5,0.));
#844 = DIRECTION('',(-0.5,0.866025403784,0.));
#845 = DIRECTION('',(0.866025403784,0.5,0.));
#846 = ADVANCED_FACE('',(#847),#872,.F.);
#847 = FACE_BOUND('',#848,.F.);
#848 = EDGE_LOOP('',(#849,#850,#858,#866));
#849 = ORIENTED_EDGE('',*,*,#828,.T.);
#850 = ORIENTED_EDGE('',*,*,#851,.T.);
#851 = EDGE_CURVE('',#821,#852,#854,.T.);
#852 = VERTEX_POINT('',#853);
#853 = CARTESIAN_POINT('',(5.629165124599,3.25,4.));
#854 = LINE('',#855,#856);
#855 = CARTESIAN_POINT('',(5.629165124599,-3.25,4.));
#856 = VECTOR('',#857,1.);
#857 = DIRECTION('',(-1.4E-16,1.,0.));
#858 = ORIENTED_EDGE('',*,*,#859,.F.);
#859 = EDGE_CURVE('',#860,#852,#862,.T.);
#860 = VERTEX_POINT('',#861);
#861 = CARTESIAN_POINT('',(5.629165124599,3.25,0.));
#862 = LINE('',#863,#864);
#863 = CARTESIAN_POINT('',(5.629165124599,3.25,0.));
#864 = VECTOR('',#865,1.);
#865 = DIRECTION('',(0.,0.,1.));
#866 = ORIENTED_EDGE('',*,*,#867,.F.);
#867 = EDGE_CURVE('',#829,#860,#868,.T.);
#868 = LINE('',#869,#870);
#869 = CARTESIAN_POINT('',(5.629165124599,-3.25,0.));
#870 = VECTOR('',#871,1.);
#871 = DIRECTION('',(-1.4E-16,1.,0.));
#872 = PLANE('',#873);
#873 = AXIS2_PLACEMENT_3D('',#874,#875,#876);
#874 = CARTESIAN_POINT('',(5.629165124599,-3.25,0.));
#875 = DIRECTION('',(-1.,-1.4E-16,0.));
#876 = DIRECTION('',(-1.4E-16,1.,0.));
#877 = ADVANCED_FACE('',(#878),#894,.F.);
#878 = FACE_BOUND('',#879,.F.);
#879 = EDGE_LOOP('',(#880,#881,#887,#888));
#880 = ORIENTED_EDGE('',*,*,#859,.T.);
#881 = ORIENTED_EDGE('',*,*,#882,.T.);
#882 = EDGE_CURVE('',#852,#720,#883,.T.);
#883 = LINE('',#884,#885);
#884 = CARTESIAN_POINT('',(5.629165124599,3.25,4.));
#885 = VECTOR('',#886,1.);
#886 = DIRECTION('',(-0.866025403784,0.5,0.));
#887 = ORIENTED_EDGE('',*,*,#717,.F.);
#888 = ORIENTED_EDGE('',*,*,#889,.F.);
#889 = EDGE_CURVE('',#860,#718,#890,.T.);
#890 = LINE('',#891,#892);
#891 = CARTESIAN_POINT('',(5.629165124599,3.25,0.));
#892 = VECTOR('',#893,1.);
#893 = DIRECTION('',(-0.866025403784,0.5,0.));
#894 = PLANE('',#895);
#895 = AXIS2_PLACEMENT_3D('',#896,#897,#898);
#896 = CARTESIAN_POINT('',(5.629165124599,3.25,0.));
#897 = DIRECTION('',(-0.5,-0.866025403784,0.));
#898 = DIRECTION('',(-0.866025403784,0.5,0.));
#899 = ADVANCED_FACE('',(#900),#908,.F.);
#900 = FACE_BOUND('',#901,.F.);
#901 = EDGE_LOOP('',(#902,#903,#904,#905,#906,#907));
#902 = ORIENTED_EDGE('',*,*,#743,.T.);
#903 = ORIENTED_EDGE('',*,*,#774,.T.);
#904 = ORIENTED_EDGE('',*,*,#805,.T.);
#905 = ORIENTED_EDGE('',*,*,#836,.T.);
#906 = ORIENTED_EDGE('',*,*,#867,.T.);
#907 = ORIENTED_EDGE('',*,*,#889,.T.);
#908 = PLANE('',#909);
#909 = AXIS2_PLACEMENT_3D('',#910,#911,#912);
#910 = CARTESIAN_POINT('',(2.7E-16,9.E-17,0.));
#911 = DIRECTION('',(0.,0.,1.));
#912 = DIRECTION('',(1.,0.,0.));
#913 = ADVANCED_FACE('',(#914),#922,.T.);
#914 = FACE_BOUND('',#915,.T.);
#915 = EDGE_LOOP('',(#916,#917,#918,#919,#920,#921));
#916 = ORIENTED_EDGE('',*,*,#727,.T.);
#917 = ORIENTED_EDGE('',*,*,#758,.T.);
#918 = ORIENTED_EDGE('',*,*,#789,.T.);
#919 = ORIENTED_EDGE('',*,*,#820,.T.);
#920 = ORIENTED_EDGE('',*,*,#851,.T.);
#921 = ORIENTED_EDGE('',*,*,#882,.T.);
#922 = PLANE('',#923);
#923 = AXIS2_PLACEMENT_3D('',#924,#925,#926);
#924 = CARTESIAN_POINT('',(2.7E-16,9.E-17,4.));
#925 = DIRECTION('',(0.,0.,1.));
#926 = DIRECTION('',(1.,0.,0.));
#927 = ( GEOMETRIC_REPRESENTATION_CONTEXT(3) 
GLOBAL_UNCERTAINTY_ASSIGNED_CONTEXT((#931)) GLOBAL_UNIT_ASSIGNED_CONTEXT
((#928,#929,#930)) REPRESENTATION_CONTEXT('Context #1',
  '3D Context with UNIT and UNCERTAINTY') );
#928 = ( LENGTH_UNIT() NAMED_UNIT(*) SI_UNIT(.MILLI.,.METRE.) );
#929 = ( NAMED_UNIT(*) PLANE_ANGLE_UNIT() SI_UNIT($,.RADIAN.) );
#930 = ( NAMED_UNIT(*) SI_UNIT($,.STERADIAN.) SOLID_ANGLE_UNIT() );
#931 = UNCERTAINTY_MEASURE_WITH_UNIT(LENGTH_MEASURE(1.E-07),#928,
  'distance_accuracy_value','confusion accuracy');
#932 = CONTEXT_DEPENDENT_SHAPE_REPRESENTATION(#933,#935);
#933 = ( REPRESENTATION_RELATIONSHIP('','',#710,#10) 
REPRESENTATION_RELATIONSHIP_WITH_TRANSFORMATION(#934) 
SHAPE_REPRESENTATION_RELATIONSHIP() );
#934 = ITEM_DEFINED_TRANSFORMATION('','',#11,#47);
#935 = PRODUCT_DEFINITION_SHAPE('Placement','Placement of an item',#936
  );
#936 = NEXT_ASSEMBLY_USAGE_OCCURRENCE('28','Pad','',#5,#705,$);
#937 = PRODUCT_RELATED_PRODUCT_CATEGORY('part',$,(#707));
#938 = SHAPE_DEFINITION_REPRESENTATION(#939,#945);
#939 = PRODUCT_DEFINITION_SHAPE('','',#940);
#940 = PRODUCT_DEFINITION('design','',#941,#944);
#941 = PRODUCT_DEFINITION_FORMATION('','',#942);
#942 = PRODUCT('Sketch001','Sketch001','',(#943));
#943 = PRODUCT_CONTEXT('',#2,'mechanical');
#944 = PRODUCT_DEFINITION_CONTEXT('part definition',#2,'design');
#945 = GEOMETRICALLY_BOUNDED_WIREFRAME_SHAPE_REPRESENTATION('',(#11,#946
    ),#955);
#946 = GEOMETRIC_CURVE_SET('',(#947));
#947 = TRIMMED_CURVE('',#948,(#953,PARAMETER_VALUE(0.)),(#954,
    PARAMETER_VALUE(6.28318530718)),.T.,.PARAMETER.);
#948 = CIRCLE('',#949,10.5);
#949 = AXIS2_PLACEMENT_3D('',#950,#951,#952);
#950 = CARTESIAN_POINT('',(0.,0.,0.));
#951 = DIRECTION('',(0.,0.,1.));
#952 = DIRECTION('',(1.,0.,0.));
#953 = CARTESIAN_POINT('',(10.5,0.,0.));
#954 = CARTESIAN_POINT('',(10.5,0.,0.));
#955 = ( GEOMETRIC_REPRESENTATION_CONTEXT(3) 
GLOBAL_UNCERTAINTY_ASSIGNED_CONTEXT((#959)) GLOBAL_UNIT_ASSIGNED_CONTEXT
((#956,#957,#958)) REPRESENTATION_CONTEXT('Context #1',
  '3D Context with UNIT and UNCERTAINTY') );
#956 = ( LENGTH_UNIT() NAMED_UNIT(*) SI_UNIT(.MILLI.,.METRE.) );
#957 = ( NAMED_UNIT(*) PLANE_ANGLE_UNIT() SI_UNIT($,.RADIAN.) );
#958 = ( NAMED_UNIT(*) SI_UNIT($,.STERADIAN.) SOLID_ANGLE_UNIT() );
#959 = UNCERTAINTY_MEASURE_WITH_UNIT(LENGTH_MEASURE(1.E-07),#956,
  'distance_accuracy_value','confusion accuracy');
#960 = CONTEXT_DEPENDENT_SHAPE_REPRESENTATION(#961,#963);
#961 = ( REPRESENTATION_RELATIONSHIP('','',#945,#10) 
REPRESENTATION_RELATIONSHIP_WITH_TRANSFORMATION(#962) 
SHAPE_REPRESENTATION_RELATIONSHIP() );
#962 = ITEM_DEFINED_TRANSFORMATION('','',#11,#51);
#963 = PRODUCT_DEFINITION_SHAPE('Placement','Placement of an item',#964
  );
#964 = NEXT_ASSEMBLY_USAGE_OCCURRENCE('29','Sketch001','',#5,#940,$);
#965 = PRODUCT_RELATED_PRODUCT_CATEGORY('part',$,(#942));
#966 = SHAPE_DEFINITION_REPRESENTATION(#967,#973);
#967 = PRODUCT_DEFINITION_SHAPE('','',#968);
#968 = PRODUCT_DEFINITION('design','',#969,#972);
#969 = PRODUCT_DEFINITION_FORMATION('','',#970);
#970 = PRODUCT('Pad001','Pad001','',(#971));
#971 = PRODUCT_CONTEXT('',#2,'mechanical');
#972 = PRODUCT_DEFINITION_CONTEXT('part definition',#2,'design');
#973 = ADVANCED_BREP_SHAPE_REPRESENTATION('',(#11,#974),#1235);
#974 = MANIFOLD_SOLID_BREP('',#975);
#975 = CLOSED_SHELL('',(#976,#1016,#1047,#1078,#1111,#1155,#1172,#1189,
    #1201,#1226));
#976 = ADVANCED_FACE('',(#977),#1011,.F.);
#977 = FACE_BOUND('',#978,.F.);
#978 = EDGE_LOOP('',(#979,#989,#997,#1005));
#979 = ORIENTED_EDGE('',*,*,#980,.T.);
#980 = EDGE_CURVE('',#981,#983,#985,.T.);
#981 = VERTEX_POINT('',#982);
#982 = CARTESIAN_POINT('',(0.,6.5,0.));
#983 = VERTEX_POINT('',#984);
#984 = CARTESIAN_POINT('',(0.,6.5,4.));
#985 = LINE('',#986,#987);
#986 = CARTESIAN_POINT('',(0.,6.5,0.));
#987 = VECTOR('',#988,1.);
#988 = DIRECTION('',(0.,0.,1.));
#989 = ORIENTED_EDGE('',*,*,#990,.T.);
#990 = EDGE_CURVE('',#983,#991,#993,.T.);
#991 = VERTEX_POINT('',#992);
#992 = CARTESIAN_POINT('',(-5.629165124599,3.25,4.));
#993 = LINE('',#994,#995);
#994 = CARTESIAN_POINT('',(0.,6.5,4.));
#995 = VECTOR('',#996,1.);
#996 = DIRECTION('',(-0.866025403784,-0.5,0.));
#997 = ORIENTED_EDGE('',*,*,#998,.F.);
#998 = EDGE_CURVE('',#999,#991,#1001,.T.);
#999 = VERTEX_POINT('',#1000);
#1000 = CARTESIAN_POINT('',(-5.629165124599,3.25,0.));
#1001 = LINE('',#1002,#1003);
#1002 = CARTESIAN_POINT('',(-5.629165124599,3.25,0.));
#1003 = VECTOR('',#1004,1.);
#1004 = DIRECTION('',(0.,0.,1.));
#1005 = ORIENTED_EDGE('',*,*,#1006,.F.);
#1006 = EDGE_CURVE('',#981,#999,#1007,.T.);
#1007 = LINE('',#1008,#1009);
#1008 = CARTESIAN_POINT('',(0.,6.5,0.));
#1009 = VECTOR('',#1010,1.);
#1010 = DIRECTION('',(-0.866025403784,-0.5,0.));
#1011 = PLANE('',#1012);
#1012 = AXIS2_PLACEMENT_3D('',#1013,#1014,#1015);
#1013 = CARTESIAN_POINT('',(0.,6.5,0.));
#1014 = DIRECTION('',(0.5,-0.866025403784,0.));
#1015 = DIRECTION('',(-0.866025403784,-0.5,0.));
#1016 = ADVANCED_FACE('',(#1017),#1042,.F.);
#1017 = FACE_BOUND('',#1018,.F.);
#1018 = EDGE_LOOP('',(#1019,#1029,#1035,#1036));
#1019 = ORIENTED_EDGE('',*,*,#1020,.T.);
#1020 = EDGE_CURVE('',#1021,#1023,#1025,.T.);
#1021 = VERTEX_POINT('',#1022);
#1022 = CARTESIAN_POINT('',(5.629165124599,3.25,0.));
#1023 = VERTEX_POINT('',#1024);
#1024 = CARTESIAN_POINT('',(5.629165124599,3.25,4.));
#1025 = LINE('',#1026,#1027);
#1026 = CARTESIAN_POINT('',(5.629165124599,3.25,0.));
#1027 = VECTOR('',#1028,1.);
#1028 = DIRECTION('',(0.,0.,1.));
#1029 = ORIENTED_EDGE('',*,*,#1030,.T.);
#1030 = EDGE_CURVE('',#1023,#983,#1031,.T.);
#1031 = LINE('',#1032,#1033);
#1032 = CARTESIAN_POINT('',(5.629165124599,3.25,4.));
#1033 = VECTOR('',#1034,1.);
#1034 = DIRECTION('',(-0.866025403784,0.5,0.));
#1035 = ORIENTED_EDGE('',*,*,#980,.F.);
#1036 = ORIENTED_EDGE('',*,*,#1037,.F.);
#1037 = EDGE_CURVE('',#1021,#981,#1038,.T.);
#1038 = LINE('',#1039,#1040);
#1039 = CARTESIAN_POINT('',(5.629165124599,3.25,0.));
#1040 = VECTOR('',#1041,1.);
#1041 = DIRECTION('',(-0.866025403784,0.5,0.));
#1042 = PLANE('',#1043);
#1043 = AXIS2_PLACEMENT_3D('',#1044,#1045,#1046);
#1044 = CARTESIAN_POINT('',(5.629165124599,3.25,0.));
#1045 = DIRECTION('',(-0.5,-0.866025403784,0.));
#1046 = DIRECTION('',(-0.866025403784,0.5,0.));
#1047 = ADVANCED_FACE('',(#1048),#1073,.F.);
#1048 = FACE_BOUND('',#1049,.F.);
#1049 = EDGE_LOOP('',(#1050,#1051,#1059,#1067));
#1050 = ORIENTED_EDGE('',*,*,#998,.T.);
#1051 = ORIENTED_EDGE('',*,*,#1052,.T.);
#1052 = EDGE_CURVE('',#991,#1053,#1055,.T.);
#1053 = VERTEX_POINT('',#1054);
#1054 = CARTESIAN_POINT('',(-5.629165124599,-3.25,4.));
#1055 = LINE('',#1056,#1057);
#1056 = CARTESIAN_POINT('',(-5.629165124599,3.25,4.));
#1057 = VECTOR('',#1058,1.);
#1058 = DIRECTION('',(-1.4E-16,-1.,0.));
#1059 = ORIENTED_EDGE('',*,*,#1060,.F.);
#1060 = EDGE_CURVE('',#1061,#1053,#1063,.T.);
#1061 = VERTEX_POINT('',#1062);
#1062 = CARTESIAN_POINT('',(-5.629165124599,-3.25,0.));
#1063 = LINE('',#1064,#1065);
#1064 = CARTESIAN_POINT('',(-5.629165124599,-3.25,0.));
#1065 = VECTOR('',#1066,1.);
#1066 = DIRECTION('',(0.,0.,1.));
#1067 = ORIENTED_EDGE('',*,*,#1068,.F.);
#1068 = EDGE_CURVE('',#999,#1061,#1069,.T.);
#1069 = LINE('',#1070,#1071);
#1070 = CARTESIAN_POINT('',(-5.629165124599,3.25,0.));
#1071 = VECTOR('',#1072,1.);
#1072 = DIRECTION('',(-1.4E-16,-1.,0.));
#1073 = PLANE('',#1074);
#1074 = AXIS2_PLACEMENT_3D('',#1075,#1076,#1077);
#1075 = CARTESIAN_POINT('',(-5.629165124599,3.25,0.));
#1076 = DIRECTION('',(1.,-1.4E-16,0.));
#1077 = DIRECTION('',(-1.4E-16,-1.,0.));
#1078 = ADVANCED_FACE('',(#1079),#1106,.F.);
#1079 = FACE_BOUND('',#1080,.F.);
#1080 = EDGE_LOOP('',(#1081,#1082,#1083,#1091,#1099,#1105));
#1081 = ORIENTED_EDGE('',*,*,#1006,.T.);
#1082 = ORIENTED_EDGE('',*,*,#1068,.T.);
#1083 = ORIENTED_EDGE('',*,*,#1084,.T.);
#1084 = EDGE_CURVE('',#1061,#1085,#1087,.T.);
#1085 = VERTEX_POINT('',#1086);
#1086 = CARTESIAN_POINT('',(0.,-6.5,0.));
#1087 = LINE('',#1088,#1089);
#1088 = CARTESIAN_POINT('',(-5.629165124599,-3.25,0.));
#1089 = VECTOR('',#1090,1.);
#1090 = DIRECTION('',(0.866025403784,-0.5,0.));
#1091 = ORIENTED_EDGE('',*,*,#1092,.T.);
#1092 = EDGE_CURVE('',#1085,#1093,#1095,.T.);
#1093 = VERTEX_POINT('',#1094);
#1094 = CARTESIAN_POINT('',(5.629165124599,-3.25,0.));
#1095 = LINE('',#1096,#1097);
#1096 = CARTESIAN_POINT('',(0.,-6.5,0.));
#1097 = VECTOR('',#1098,1.);
#1098 = DIRECTION('',(0.866025403784,0.5,0.));
#1099 = ORIENTED_EDGE('',*,*,#1100,.T.);
#1100 = EDGE_CURVE('',#1093,#1021,#1101,.T.);
#1101 = LINE('',#1102,#1103);
#1102 = CARTESIAN_POINT('',(5.629165124599,-3.25,0.));
#1103 = VECTOR('',#1104,1.);
#1104 = DIRECTION('',(-1.4E-16,1.,0.));
#1105 = ORIENTED_EDGE('',*,*,#1037,.T.);
#1106 = PLANE('',#1107);
#1107 = AXIS2_PLACEMENT_3D('',#1108,#1109,#1110);
#1108 = CARTESIAN_POINT('',(2.7E-16,9.E-17,0.));
#1109 = DIRECTION('',(0.,0.,1.));
#1110 = DIRECTION('',(1.,0.,0.));
#1111 = ADVANCED_FACE('',(#1112,#1123),#1150,.F.);
#1112 = FACE_BOUND('',#1113,.F.);
#1113 = EDGE_LOOP('',(#1114));
#1114 = ORIENTED_EDGE('',*,*,#1115,.T.);
#1115 = EDGE_CURVE('',#1116,#1116,#1118,.T.);
#1116 = VERTEX_POINT('',#1117);
#1117 = CARTESIAN_POINT('',(10.5,0.,4.));
#1118 = CIRCLE('',#1119,10.5);
#1119 = AXIS2_PLACEMENT_3D('',#1120,#1121,#1122);
#1120 = CARTESIAN_POINT('',(0.,0.,4.));
#1121 = DIRECTION('',(0.,0.,1.));
#1122 = DIRECTION('',(1.,0.,0.));
#1123 = FACE_BOUND('',#1124,.F.);
#1124 = EDGE_LOOP('',(#1125,#1126,#1127,#1135,#1143,#1149));
#1125 = ORIENTED_EDGE('',*,*,#990,.F.);
#1126 = ORIENTED_EDGE('',*,*,#1030,.F.);
#1127 = ORIENTED_EDGE('',*,*,#1128,.F.);
#1128 = EDGE_CURVE('',#1129,#1023,#1131,.T.);
#1129 = VERTEX_POINT('',#1130);
#1130 = CARTESIAN_POINT('',(5.629165124599,-3.25,4.));
#1131 = LINE('',#1132,#1133);
#1132 = CARTESIAN_POINT('',(5.629165124599,-3.25,4.));
#1133 = VECTOR('',#1134,1.);
#1134 = DIRECTION('',(-1.4E-16,1.,0.));
#1135 = ORIENTED_EDGE('',*,*,#1136,.F.);
#1136 = EDGE_CURVE('',#1137,#1129,#1139,.T.);
#1137 = VERTEX_POINT('',#1138);
#1138 = CARTESIAN_POINT('',(0.,-6.5,4.));
#1139 = LINE('',#1140,#1141);
#1140 = CARTESIAN_POINT('',(0.,-6.5,4.));
#1141 = VECTOR('',#1142,1.);
#1142 = DIRECTION('',(0.866025403784,0.5,0.));
#1143 = ORIENTED_EDGE('',*,*,#1144,.F.);
#1144 = EDGE_CURVE('',#1053,#1137,#1145,.T.);
#1145 = LINE('',#1146,#1147);
#1146 = CARTESIAN_POINT('',(-5.629165124599,-3.25,4.));
#1147 = VECTOR('',#1148,1.);
#1148 = DIRECTION('',(0.866025403784,-0.5,0.));
#1149 = ORIENTED_EDGE('',*,*,#1052,.F.);
#1150 = PLANE('',#1151);
#1151 = AXIS2_PLACEMENT_3D('',#1152,#1153,#1154);
#1152 = CARTESIAN_POINT('',(-5.209295743007E-16,9.230319459916E-17,4.));
#1153 = DIRECTION('',(0.,0.,1.));
#1154 = DIRECTION('',(1.,0.,0.));
#1155 = ADVANCED_FACE('',(#1156),#1167,.F.);
#1156 = FACE_BOUND('',#1157,.F.);
#1157 = EDGE_LOOP('',(#1158,#1164,#1165,#1166));
#1158 = ORIENTED_EDGE('',*,*,#1159,.T.);
#1159 = EDGE_CURVE('',#1093,#1129,#1160,.T.);
#1160 = LINE('',#1161,#1162);
#1161 = CARTESIAN_POINT('',(5.629165124599,-3.25,0.));
#1162 = VECTOR('',#1163,1.);
#1163 = DIRECTION('',(0.,0.,1.));
#1164 = ORIENTED_EDGE('',*,*,#1128,.T.);
#1165 = ORIENTED_EDGE('',*,*,#1020,.F.);
#1166 = ORIENTED_EDGE('',*,*,#1100,.F.);
#1167 = PLANE('',#1168);
#1168 = AXIS2_PLACEMENT_3D('',#1169,#1170,#1171);
#1169 = CARTESIAN_POINT('',(5.629165124599,-3.25,0.));
#1170 = DIRECTION('',(-1.,-1.4E-16,0.));
#1171 = DIRECTION('',(-1.4E-16,1.,0.));
#1172 = ADVANCED_FACE('',(#1173),#1184,.F.);
#1173 = FACE_BOUND('',#1174,.F.);
#1174 = EDGE_LOOP('',(#1175,#1176,#1177,#1183));
#1175 = ORIENTED_EDGE('',*,*,#1060,.T.);
#1176 = ORIENTED_EDGE('',*,*,#1144,.T.);
#1177 = ORIENTED_EDGE('',*,*,#1178,.F.);
#1178 = EDGE_CURVE('',#1085,#1137,#1179,.T.);
#1179 = LINE('',#1180,#1181);
#1180 = CARTESIAN_POINT('',(0.,-6.5,0.));
#1181 = VECTOR('',#1182,1.);
#1182 = DIRECTION('',(0.,0.,1.));
#1183 = ORIENTED_EDGE('',*,*,#1084,.F.);
#1184 = PLANE('',#1185);
#1185 = AXIS2_PLACEMENT_3D('',#1186,#1187,#1188);
#1186 = CARTESIAN_POINT('',(-5.629165124599,-3.25,0.));
#1187 = DIRECTION('',(0.5,0.866025403784,0.));
#1188 = DIRECTION('',(0.866025403784,-0.5,0.));
#1189 = ADVANCED_FACE('',(#1190),#1196,.F.);
#1190 = FACE_BOUND('',#1191,.F.);
#1191 = EDGE_LOOP('',(#1192,#1193,#1194,#1195));
#1192 = ORIENTED_EDGE('',*,*,#1178,.T.);
#1193 = ORIENTED_EDGE('',*,*,#1136,.T.);
#1194 = ORIENTED_EDGE('',*,*,#1159,.F.);
#1195 = ORIENTED_EDGE('',*,*,#1092,.F.);
#1196 = PLANE('',#1197);
#1197 = AXIS2_PLACEMENT_3D('',#1198,#1199,#1200);
#1198 = CARTESIAN_POINT('',(0.,-6.5,0.));
#1199 = DIRECTION('',(-0.5,0.866025403784,0.));
#1200 = DIRECTION('',(0.866025403784,0.5,0.));
#1201 = ADVANCED_FACE('',(#1202),#1221,.T.);
#1202 = FACE_BOUND('',#1203,.F.);
#1203 = EDGE_LOOP('',(#1204,#1212,#1219,#1220));
#1204 = ORIENTED_EDGE('',*,*,#1205,.T.);
#1205 = EDGE_CURVE('',#1116,#1206,#1208,.T.);
#1206 = VERTEX_POINT('',#1207);
#1207 = CARTESIAN_POINT('',(10.5,0.,7.));
#1208 = LINE('',#1209,#1210);
#1209 = CARTESIAN_POINT('',(10.5,0.,4.));
#1210 = VECTOR('',#1211,1.);
#1211 = DIRECTION('',(0.,0.,1.));
#1212 = ORIENTED_EDGE('',*,*,#1213,.T.);
#1213 = EDGE_CURVE('',#1206,#1206,#1214,.T.);
#1214 = CIRCLE('',#1215,10.5);
#1215 = AXIS2_PLACEMENT_3D('',#1216,#1217,#1218);
#1216 = CARTESIAN_POINT('',(0.,0.,7.));
#1217 = DIRECTION('',(0.,0.,1.));
#1218 = DIRECTION('',(1.,0.,0.));
#1219 = ORIENTED_EDGE('',*,*,#1205,.F.);
#1220 = ORIENTED_EDGE('',*,*,#1115,.F.);
#1221 = CYLINDRICAL_SURFACE('',#1222,10.5);
#1222 = AXIS2_PLACEMENT_3D('',#1223,#1224,#1225);
#1223 = CARTESIAN_POINT('',(0.,0.,4.));
#1224 = DIRECTION('',(-0.,-0.,-1.));
#1225 = DIRECTION('',(1.,0.,0.));
#1226 = ADVANCED_FACE('',(#1227),#1230,.T.);
#1227 = FACE_BOUND('',#1228,.T.);
#1228 = EDGE_LOOP('',(#1229));
#1229 = ORIENTED_EDGE('',*,*,#1213,.T.);
#1230 = PLANE('',#1231);
#1231 = AXIS2_PLACEMENT_3D('',#1232,#1233,#1234);
#1232 = CARTESIAN_POINT('',(-5.209295743007E-16,9.230319459916E-17,7.));
#1233 = DIRECTION('',(0.,0.,1.));
#1234 = DIRECTION('',(1.,0.,0.));
#1235 = ( GEOMETRIC_REPRESENTATION_CONTEXT(3) 
GLOBAL_UNCERTAINTY_ASSIGNED_CONTEXT((#1239)) 
GLOBAL_UNIT_ASSIGNED_CONTEXT((#1236,#1237,#1238)) REPRESENTATION_CONTEXT
('Context #1','3D Context with UNIT and UNCERTAINTY') );
#1236 = ( LENGTH_UNIT() NAMED_UNIT(*) SI_UNIT(.MILLI.,.METRE.) );
#1237 = ( NAMED_UNIT(*) PLANE_ANGLE_UNIT() SI_UNIT($,.RADIAN.) );
#1238 = ( NAMED_UNIT(*) SI_UNIT($,.STERADIAN.) SOLID_ANGLE_UNIT() );
#1239 = UNCERTAINTY_MEASURE_WITH_UNIT(LENGTH_MEASURE(1.E-07),#1236,
  'distance_accuracy_value','confusion accuracy');
#1240 = CONTEXT_DEPENDENT_SHAPE_REPRESENTATION(#1241,#1243);
#1241 = ( REPRESENTATION_RELATIONSHIP('','',#973,#10) 
REPRESENTATION_RELATIONSHIP_WITH_TRANSFORMATION(#1242) 
SHAPE_REPRESENTATION_RELATIONSHIP() );
#1242 = ITEM_DEFINED_TRANSFORMATION('','',#11,#55);
#1243 = PRODUCT_DEFINITION_SHAPE('Placement','Placement of an item',
  #1244);
#1244 = NEXT_ASSEMBLY_USAGE_OCCURRENCE('30','Pad001','',#5,#968,$);
#1245 = PRODUCT_RELATED_PRODUCT_CATEGORY('part',$,(#970));
#1246 = SHAPE_DEFINITION_REPRESENTATION(#1247,#1253);
#1247 = PRODUCT_DEFINITION_SHAPE('','',#1248);
#1248 = PRODUCT_DEFINITION('design','',#1249,#1252);
#1249 = PRODUCT_DEFINITION_FORMATION('','',#1250);
#1250 = PRODUCT('Sketch002','Sketch002','',(#1251));
#1251 = PRODUCT_CONTEXT('',#2,'mechanical');
#1252 = PRODUCT_DEFINITION_CONTEXT('part definition',#2,'design');
#1253 = GEOMETRICALLY_BOUNDED_WIREFRAME_SHAPE_REPRESENTATION('',(#11,
    #1254),#1263);
#1254 = GEOMETRIC_CURVE_SET('',(#1255));
#1255 = TRIMMED_CURVE('',#1256,(#1261,PARAMETER_VALUE(0.)),(#1262,
    PARAMETER_VALUE(6.28318530718)),.T.,.PARAMETER.);
#1256 = CIRCLE('',#1257,1.25);
#1257 = AXIS2_PLACEMENT_3D('',#1258,#1259,#1260);
#1258 = CARTESIAN_POINT('',(-2.258731654743,7.67451179632,0.));
#1259 = DIRECTION('',(0.,0.,1.));
#1260 = DIRECTION('',(1.,0.,0.));
#1261 = CARTESIAN_POINT('',(-1.008731654743,7.67451179632,0.));
#1262 = CARTESIAN_POINT('',(-1.008731654743,7.67451179632,0.));
#1263 = ( GEOMETRIC_REPRESENTATION_CONTEXT(3) 
GLOBAL_UNCERTAINTY_ASSIGNED_CONTEXT((#1267)) 
GLOBAL_UNIT_ASSIGNED_CONTEXT((#1264,#1265,#1266)) REPRESENTATION_CONTEXT
('Context #1','3D Context with UNIT and UNCERTAINTY') );
#1264 = ( LENGTH_UNIT() NAMED_UNIT(*) SI_UNIT(.MILLI.,.METRE.) );
#1265 = ( NAMED_UNIT(*) PLANE_ANGLE_UNIT() SI_UNIT($,.RADIAN.) );
#1266 = ( NAMED_UNIT(*) SI_UNIT($,.STERADIAN.) SOLID_ANGLE_UNIT() );
#1267 = UNCERTAINTY_MEASURE_WITH_UNIT(LENGTH_MEASURE(1.E-07),#1264,
  'distance_accuracy_value','confusion accuracy');
#1268 = CONTEXT_DEPENDENT_SHAPE_REPRESENTATION(#1269,#1271);
#1269 = ( REPRESENTATION_RELATIONSHIP('','',#1253,#10) 
REPRESENTATION_RELATIONSHIP_WITH_TRANSFORMATION(#1270) 
SHAPE_REPRESENTATION_RELATIONSHIP() );
#1270 = ITEM_DEFINED_TRANSFORMATION('','',#11,#59);
#1271 = PRODUCT_DEFINITION_SHAPE('Placement','Placement of an item',
  #1272);
#1272 = NEXT_ASSEMBLY_USAGE_OCCURRENCE('31','Sketch002','',#5,#1248,$);
#1273 = PRODUCT_RELATED_PRODUCT_CATEGORY('part',$,(#1250));
#1274 = SHAPE_DEFINITION_REPRESENTATION(#1275,#1281);
#1275 = PRODUCT_DEFINITION_SHAPE('','',#1276);
#1276 = PRODUCT_DEFINITION('design','',#1277,#1280);
#1277 = PRODUCT_DEFINITION_FORMATION('','',#1278);
#1278 = PRODUCT('Pocket','Pocket','',(#1279));
#1279 = PRODUCT_CONTEXT('',#2,'mechanical');
#1280 = PRODUCT_DEFINITION_CONTEXT('part definition',#2,'design');
#1281 = ADVANCED_BREP_SHAPE_REPRESENTATION('',(#11,#1282),#1582);
#1282 = MANIFOLD_SOLID_BREP('',#1283);
#1283 = CLOSED_SHELL('',(#1284,#1324,#1355,#1386,#1419,#1474,#1491,#1508
    ,#1520,#1545,#1570));
#1284 = ADVANCED_FACE('',(#1285),#1319,.F.);
#1285 = FACE_BOUND('',#1286,.F.);
#1286 = EDGE_LOOP('',(#1287,#1297,#1305,#1313));
#1287 = ORIENTED_EDGE('',*,*,#1288,.T.);
#1288 = EDGE_CURVE('',#1289,#1291,#1293,.T.);
#1289 = VERTEX_POINT('',#1290);
#1290 = CARTESIAN_POINT('',(0.,6.5,0.));
#1291 = VERTEX_POINT('',#1292);
#1292 = CARTESIAN_POINT('',(0.,6.5,4.));
#1293 = LINE('',#1294,#1295);
#1294 = CARTESIAN_POINT('',(0.,6.5,0.));
#1295 = VECTOR('',#1296,1.);
#1296 = DIRECTION('',(0.,0.,1.));
#1297 = ORIENTED_EDGE('',*,*,#1298,.T.);
#1298 = EDGE_CURVE('',#1291,#1299,#1301,.T.);
#1299 = VERTEX_POINT('',#1300);
#1300 = CARTESIAN_POINT('',(-5.629165124599,3.25,4.));
#1301 = LINE('',#1302,#1303);
#1302 = CARTESIAN_POINT('',(0.,6.5,4.));
#1303 = VECTOR('',#1304,1.);
#1304 = DIRECTION('',(-0.866025403784,-0.5,0.));
#1305 = ORIENTED_EDGE('',*,*,#1306,.F.);
#1306 = EDGE_CURVE('',#1307,#1299,#1309,.T.);
#1307 = VERTEX_POINT('',#1308);
#1308 = CARTESIAN_POINT('',(-5.629165124599,3.25,0.));
#1309 = LINE('',#1310,#1311);
#1310 = CARTESIAN_POINT('',(-5.629165124599,3.25,0.));
#1311 = VECTOR('',#1312,1.);
#1312 = DIRECTION('',(0.,0.,1.));
#1313 = ORIENTED_EDGE('',*,*,#1314,.F.);
#1314 = EDGE_CURVE('',#1289,#1307,#1315,.T.);
#1315 = LINE('',#1316,#1317);
#1316 = CARTESIAN_POINT('',(0.,6.5,0.));
#1317 = VECTOR('',#1318,1.);
#1318 = DIRECTION('',(-0.866025403784,-0.5,0.));
#1319 = PLANE('',#1320);
#1320 = AXIS2_PLACEMENT_3D('',#1321,#1322,#1323);
#1321 = CARTESIAN_POINT('',(0.,6.5,0.));
#1322 = DIRECTION('',(0.5,-0.866025403784,0.));
#1323 = DIRECTION('',(-0.866025403784,-0.5,0.));
#1324 = ADVANCED_FACE('',(#1325),#1350,.F.);
#1325 = FACE_BOUND('',#1326,.F.);
#1326 = EDGE_LOOP('',(#1327,#1337,#1343,#1344));
#1327 = ORIENTED_EDGE('',*,*,#1328,.T.);
#1328 = EDGE_CURVE('',#1329,#1331,#1333,.T.);
#1329 = VERTEX_POINT('',#1330);
#1330 = CARTESIAN_POINT('',(5.629165124599,3.25,0.));
#1331 = VERTEX_POINT('',#1332);
#1332 = CARTESIAN_POINT('',(5.629165124599,3.25,4.));
#1333 = LINE('',#1334,#1335);
#1334 = CARTESIAN_POINT('',(5.629165124599,3.25,0.));
#1335 = VECTOR('',#1336,1.);
#1336 = DIRECTION('',(0.,0.,1.));
#1337 = ORIENTED_EDGE('',*,*,#1338,.T.);
#1338 = EDGE_CURVE('',#1331,#1291,#1339,.T.);
#1339 = LINE('',#1340,#1341);
#1340 = CARTESIAN_POINT('',(5.629165124599,3.25,4.));
#1341 = VECTOR('',#1342,1.);
#1342 = DIRECTION('',(-0.866025403784,0.5,0.));
#1343 = ORIENTED_EDGE('',*,*,#1288,.F.);
#1344 = ORIENTED_EDGE('',*,*,#1345,.F.);
#1345 = EDGE_CURVE('',#1329,#1289,#1346,.T.);
#1346 = LINE('',#1347,#1348);
#1347 = CARTESIAN_POINT('',(5.629165124599,3.25,0.));
#1348 = VECTOR('',#1349,1.);
#1349 = DIRECTION('',(-0.866025403784,0.5,0.));
#1350 = PLANE('',#1351);
#1351 = AXIS2_PLACEMENT_3D('',#1352,#1353,#1354);
#1352 = CARTESIAN_POINT('',(5.629165124599,3.25,0.));
#1353 = DIRECTION('',(-0.5,-0.866025403784,0.));
#1354 = DIRECTION('',(-0.866025403784,0.5,0.));
#1355 = ADVANCED_FACE('',(#1356),#1381,.F.);
#1356 = FACE_BOUND('',#1357,.F.);
#1357 = EDGE_LOOP('',(#1358,#1359,#1367,#1375));
#1358 = ORIENTED_EDGE('',*,*,#1306,.T.);
#1359 = ORIENTED_EDGE('',*,*,#1360,.T.);
#1360 = EDGE_CURVE('',#1299,#1361,#1363,.T.);
#1361 = VERTEX_POINT('',#1362);
#1362 = CARTESIAN_POINT('',(-5.629165124599,-3.25,4.));
#1363 = LINE('',#1364,#1365);
#1364 = CARTESIAN_POINT('',(-5.629165124599,3.25,4.));
#1365 = VECTOR('',#1366,1.);
#1366 = DIRECTION('',(-1.4E-16,-1.,0.));
#1367 = ORIENTED_EDGE('',*,*,#1368,.F.);
#1368 = EDGE_CURVE('',#1369,#1361,#1371,.T.);
#1369 = VERTEX_POINT('',#1370);
#1370 = CARTESIAN_POINT('',(-5.629165124599,-3.25,0.));
#1371 = LINE('',#1372,#1373);
#1372 = CARTESIAN_POINT('',(-5.629165124599,-3.25,0.));
#1373 = VECTOR('',#1374,1.);
#1374 = DIRECTION('',(0.,0.,1.));
#1375 = ORIENTED_EDGE('',*,*,#1376,.F.);
#1376 = EDGE_CURVE('',#1307,#1369,#1377,.T.);
#1377 = LINE('',#1378,#1379);
#1378 = CARTESIAN_POINT('',(-5.629165124599,3.25,0.));
#1379 = VECTOR('',#1380,1.);
#1380 = DIRECTION('',(-1.4E-16,-1.,0.));
#1381 = PLANE('',#1382);
#1382 = AXIS2_PLACEMENT_3D('',#1383,#1384,#1385);
#1383 = CARTESIAN_POINT('',(-5.629165124599,3.25,0.));
#1384 = DIRECTION('',(1.,-1.4E-16,0.));
#1385 = DIRECTION('',(-1.4E-16,-1.,0.));
#1386 = ADVANCED_FACE('',(#1387),#1414,.F.);
#1387 = FACE_BOUND('',#1388,.F.);
#1388 = EDGE_LOOP('',(#1389,#1390,#1391,#1399,#1407,#1413));
#1389 = ORIENTED_EDGE('',*,*,#1314,.T.);
#1390 = ORIENTED_EDGE('',*,*,#1376,.T.);
#1391 = ORIENTED_EDGE('',*,*,#1392,.T.);
#1392 = EDGE_CURVE('',#1369,#1393,#1395,.T.);
#1393 = VERTEX_POINT('',#1394);
#1394 = CARTESIAN_POINT('',(0.,-6.5,0.));
#1395 = LINE('',#1396,#1397);
#1396 = CARTESIAN_POINT('',(-5.629165124599,-3.25,0.));
#1397 = VECTOR('',#1398,1.);
#1398 = DIRECTION('',(0.866025403784,-0.5,0.));
#1399 = ORIENTED_EDGE('',*,*,#1400,.T.);
#1400 = EDGE_CURVE('',#1393,#1401,#1403,.T.);
#1401 = VERTEX_POINT('',#1402);
#1402 = CARTESIAN_POINT('',(5.629165124599,-3.25,0.));
#1403 = LINE('',#1404,#1405);
#1404 = CARTESIAN_POINT('',(0.,-6.5,0.));
#1405 = VECTOR('',#1406,1.);
#1406 = DIRECTION('',(0.866025403784,0.5,0.));
#1407 = ORIENTED_EDGE('',*,*,#1408,.T.);
#1408 = EDGE_CURVE('',#1401,#1329,#1409,.T.);
#1409 = LINE('',#1410,#1411);
#1410 = CARTESIAN_POINT('',(5.629165124599,-3.25,0.));
#1411 = VECTOR('',#1412,1.);
#1412 = DIRECTION('',(-1.4E-16,1.,0.));
#1413 = ORIENTED_EDGE('',*,*,#1345,.T.);
#1414 = PLANE('',#1415);
#1415 = AXIS2_PLACEMENT_3D('',#1416,#1417,#1418);
#1416 = CARTESIAN_POINT('',(2.7E-16,9.E-17,0.));
#1417 = DIRECTION('',(0.,0.,1.));
#1418 = DIRECTION('',(1.,0.,0.));
#1419 = ADVANCED_FACE('',(#1420,#1431,#1442),#1469,.F.);
#1420 = FACE_BOUND('',#1421,.F.);
#1421 = EDGE_LOOP('',(#1422));
#1422 = ORIENTED_EDGE('',*,*,#1423,.T.);
#1423 = EDGE_CURVE('',#1424,#1424,#1426,.T.);
#1424 = VERTEX_POINT('',#1425);
#1425 = CARTESIAN_POINT('',(10.5,0.,4.));
#1426 = CIRCLE('',#1427,10.5);
#1427 = AXIS2_PLACEMENT_3D('',#1428,#1429,#1430);
#1428 = CARTESIAN_POINT('',(0.,0.,4.));
#1429 = DIRECTION('',(0.,0.,1.));
#1430 = DIRECTION('',(1.,0.,0.));
#1431 = FACE_BOUND('',#1432,.F.);
#1432 = EDGE_LOOP('',(#1433));
#1433 = ORIENTED_EDGE('',*,*,#1434,.T.);
#1434 = EDGE_CURVE('',#1435,#1435,#1437,.T.);
#1435 = VERTEX_POINT('',#1436);
#1436 = CARTESIAN_POINT('',(-1.008731654743,-7.67451179632,4.));
#1437 = CIRCLE('',#1438,1.25);
#1438 = AXIS2_PLACEMENT_3D('',#1439,#1440,#1441);
#1439 = CARTESIAN_POINT('',(-2.258731654743,-7.67451179632,4.));
#1440 = DIRECTION('',(0.,0.,-1.));
#1441 = DIRECTION('',(1.,0.,0.));
#1442 = FACE_BOUND('',#1443,.F.);
#1443 = EDGE_LOOP('',(#1444,#1445,#1446,#1454,#1462,#1468));
#1444 = ORIENTED_EDGE('',*,*,#1298,.F.);
#1445 = ORIENTED_EDGE('',*,*,#1338,.F.);
#1446 = ORIENTED_EDGE('',*,*,#1447,.F.);
#1447 = EDGE_CURVE('',#1448,#1331,#1450,.T.);
#1448 = VERTEX_POINT('',#1449);
#1449 = CARTESIAN_POINT('',(5.629165124599,-3.25,4.));
#1450 = LINE('',#1451,#1452);
#1451 = CARTESIAN_POINT('',(5.629165124599,-3.25,4.));
#1452 = VECTOR('',#1453,1.);
#1453 = DIRECTION('',(-1.4E-16,1.,0.));
#1454 = ORIENTED_EDGE('',*,*,#1455,.F.);
#1455 = EDGE_CURVE('',#1456,#1448,#1458,.T.);
#1456 = VERTEX_POINT('',#1457);
#1457 = CARTESIAN_POINT('',(0.,-6.5,4.));
#1458 = LINE('',#1459,#1460);
#1459 = CARTESIAN_POINT('',(0.,-6.5,4.));
#1460 = VECTOR('',#1461,1.);
#1461 = DIRECTION('',(0.866025403784,0.5,0.));
#1462 = ORIENTED_EDGE('',*,*,#1463,.F.);
#1463 = EDGE_CURVE('',#1361,#1456,#1464,.T.);
#1464 = LINE('',#1465,#1466);
#1465 = CARTESIAN_POINT('',(-5.629165124599,-3.25,4.));
#1466 = VECTOR('',#1467,1.);
#1467 = DIRECTION('',(0.866025403784,-0.5,0.));
#1468 = ORIENTED_EDGE('',*,*,#1360,.F.);
#1469 = PLANE('',#1470);
#1470 = AXIS2_PLACEMENT_3D('',#1471,#1472,#1473);
#1471 = CARTESIAN_POINT('',(-5.209295743007E-16,9.230319459916E-17,4.));
#1472 = DIRECTION('',(0.,0.,1.));
#1473 = DIRECTION('',(1.,0.,0.));
#1474 = ADVANCED_FACE('',(#1475),#1486,.F.);
#1475 = FACE_BOUND('',#1476,.F.);
#1476 = EDGE_LOOP('',(#1477,#1483,#1484,#1485));
#1477 = ORIENTED_EDGE('',*,*,#1478,.T.);
#1478 = EDGE_CURVE('',#1401,#1448,#1479,.T.);
#1479 = LINE('',#1480,#1481);
#1480 = CARTESIAN_POINT('',(5.629165124599,-3.25,0.));
#1481 = VECTOR('',#1482,1.);
#1482 = DIRECTION('',(0.,0.,1.));
#1483 = ORIENTED_EDGE('',*,*,#1447,.T.);
#1484 = ORIENTED_EDGE('',*,*,#1328,.F.);
#1485 = ORIENTED_EDGE('',*,*,#1408,.F.);
#1486 = PLANE('',#1487);
#1487 = AXIS2_PLACEMENT_3D('',#1488,#1489,#1490);
#1488 = CARTESIAN_POINT('',(5.629165124599,-3.25,0.));
#1489 = DIRECTION('',(-1.,-1.4E-16,0.));
#1490 = DIRECTION('',(-1.4E-16,1.,0.));
#1491 = ADVANCED_FACE('',(#1492),#1503,.F.);
#1492 = FACE_BOUND('',#1493,.F.);
#1493 = EDGE_LOOP('',(#1494,#1495,#1496,#1502));
#1494 = ORIENTED_EDGE('',*,*,#1368,.T.);
#1495 = ORIENTED_EDGE('',*,*,#1463,.T.);
#1496 = ORIENTED_EDGE('',*,*,#1497,.F.);
#1497 = EDGE_CURVE('',#1393,#1456,#1498,.T.);
#1498 = LINE('',#1499,#1500);
#1499 = CARTESIAN_POINT('',(0.,-6.5,0.));
#1500 = VECTOR('',#1501,1.);
#1501 = DIRECTION('',(0.,0.,1.));
#1502 = ORIENTED_EDGE('',*,*,#1392,.F.);
#1503 = PLANE('',#1504);
#1504 = AXIS2_PLACEMENT_3D('',#1505,#1506,#1507);
#1505 = CARTESIAN_POINT('',(-5.629165124599,-3.25,0.));
#1506 = DIRECTION('',(0.5,0.866025403784,0.));
#1507 = DIRECTION('',(0.866025403784,-0.5,0.));
#1508 = ADVANCED_FACE('',(#1509),#1515,.F.);
#1509 = FACE_BOUND('',#1510,.F.);
#1510 = EDGE_LOOP('',(#1511,#1512,#1513,#1514));
#1511 = ORIENTED_EDGE('',*,*,#1497,.T.);
#1512 = ORIENTED_EDGE('',*,*,#1455,.T.);
#1513 = ORIENTED_EDGE('',*,*,#1478,.F.);
#1514 = ORIENTED_EDGE('',*,*,#1400,.F.);
#1515 = PLANE('',#1516);
#1516 = AXIS2_PLACEMENT_3D('',#1517,#1518,#1519);
#1517 = CARTESIAN_POINT('',(0.,-6.5,0.));
#1518 = DIRECTION('',(-0.5,0.866025403784,0.));
#1519 = DIRECTION('',(0.866025403784,0.5,0.));
#1520 = ADVANCED_FACE('',(#1521),#1540,.T.);
#1521 = FACE_BOUND('',#1522,.F.);
#1522 = EDGE_LOOP('',(#1523,#1531,#1538,#1539));
#1523 = ORIENTED_EDGE('',*,*,#1524,.T.);
#1524 = EDGE_CURVE('',#1424,#1525,#1527,.T.);
#1525 = VERTEX_POINT('',#1526);
#1526 = CARTESIAN_POINT('',(10.5,0.,7.));
#1527 = LINE('',#1528,#1529);
#1528 = CARTESIAN_POINT('',(10.5,0.,4.));
#1529 = VECTOR('',#1530,1.);
#1530 = DIRECTION('',(0.,0.,1.));
#1531 = ORIENTED_EDGE('',*,*,#1532,.T.);
#1532 = EDGE_CURVE('',#1525,#1525,#1533,.T.);
#1533 = CIRCLE('',#1534,10.5);
#1534 = AXIS2_PLACEMENT_3D('',#1535,#1536,#1537);
#1535 = CARTESIAN_POINT('',(0.,0.,7.));
#1536 = DIRECTION('',(0.,0.,1.));
#1537 = DIRECTION('',(1.,0.,0.));
#1538 = ORIENTED_EDGE('',*,*,#1524,.F.);
#1539 = ORIENTED_EDGE('',*,*,#1423,.F.);
#1540 = CYLINDRICAL_SURFACE('',#1541,10.5);
#1541 = AXIS2_PLACEMENT_3D('',#1542,#1543,#1544);
#1542 = CARTESIAN_POINT('',(0.,0.,4.));
#1543 = DIRECTION('',(-0.,-0.,-1.));
#1544 = DIRECTION('',(1.,0.,0.));
#1545 = ADVANCED_FACE('',(#1546),#1565,.F.);
#1546 = FACE_BOUND('',#1547,.F.);
#1547 = EDGE_LOOP('',(#1548,#1556,#1563,#1564));
#1548 = ORIENTED_EDGE('',*,*,#1549,.T.);
#1549 = EDGE_CURVE('',#1435,#1550,#1552,.T.);
#1550 = VERTEX_POINT('',#1551);
#1551 = CARTESIAN_POINT('',(-1.008731654743,-7.67451179632,7.));
#1552 = LINE('',#1553,#1554);
#1553 = CARTESIAN_POINT('',(-1.008731654743,-7.67451179632,4.));
#1554 = VECTOR('',#1555,1.);
#1555 = DIRECTION('',(0.,0.,1.));
#1556 = ORIENTED_EDGE('',*,*,#1557,.T.);
#1557 = EDGE_CURVE('',#1550,#1550,#1558,.T.);
#1558 = CIRCLE('',#1559,1.25);
#1559 = AXIS2_PLACEMENT_3D('',#1560,#1561,#1562);
#1560 = CARTESIAN_POINT('',(-2.258731654743,-7.67451179632,7.));
#1561 = DIRECTION('',(0.,0.,-1.));
#1562 = DIRECTION('',(1.,0.,0.));
#1563 = ORIENTED_EDGE('',*,*,#1549,.F.);
#1564 = ORIENTED_EDGE('',*,*,#1434,.F.);
#1565 = CYLINDRICAL_SURFACE('',#1566,1.25);
#1566 = AXIS2_PLACEMENT_3D('',#1567,#1568,#1569);
#1567 = CARTESIAN_POINT('',(-2.258731654743,-7.67451179632,4.));
#1568 = DIRECTION('',(0.,0.,-1.));
#1569 = DIRECTION('',(1.,0.,0.));
#1570 = ADVANCED_FACE('',(#1571,#1574),#1577,.T.);
#1571 = FACE_BOUND('',#1572,.T.);
#1572 = EDGE_LOOP('',(#1573));
#1573 = ORIENTED_EDGE('',*,*,#1532,.T.);
#1574 = FACE_BOUND('',#1575,.T.);
#1575 = EDGE_LOOP('',(#1576));
#1576 = ORIENTED_EDGE('',*,*,#1557,.T.);
#1577 = PLANE('',#1578);
#1578 = AXIS2_PLACEMENT_3D('',#1579,#1580,#1581);
#1579 = CARTESIAN_POINT('',(-5.209295743007E-16,9.230319459916E-17,7.));
#1580 = DIRECTION('',(0.,0.,1.));
#1581 = DIRECTION('',(1.,0.,0.));
#1582 = ( GEOMETRIC_REPRESENTATION_CONTEXT(3) 
GLOBAL_UNCERTAINTY_ASSIGNED_CONTEXT((#1586)) 
GLOBAL_UNIT_ASSIGNED_CONTEXT((#1583,#1584,#1585)) REPRESENTATION_CONTEXT
('Context #1','3D Context with UNIT and UNCERTAINTY') );
#1583 = ( LENGTH_UNIT() NAMED_UNIT(*) SI_UNIT(.MILLI.,.METRE.) );
#1584 = ( NAMED_UNIT(*) PLANE_ANGLE_UNIT() SI_UNIT($,.RADIAN.) );
#1585 = ( NAMED_UNIT(*) SI_UNIT($,.STERADIAN.) SOLID_ANGLE_UNIT() );
#1586 = UNCERTAINTY_MEASURE_WITH_UNIT(LENGTH_MEASURE(1.E-07),#1583,
  'distance_accuracy_value','confusion accuracy');
#1587 = CONTEXT_DEPENDENT_SHAPE_REPRESENTATION(#1588,#1590);
#1588 = ( REPRESENTATION_RELATIONSHIP('','',#1281,#10) 
REPRESENTATION_RELATIONSHIP_WITH_TRANSFORMATION(#1589) 
SHAPE_REPRESENTATION_RELATIONSHIP() );
#1589 = ITEM_DEFINED_TRANSFORMATION('','',#11,#63);
#1590 = PRODUCT_DEFINITION_SHAPE('Placement','Placement of an item',
  #1591);
#1591 = NEXT_ASSEMBLY_USAGE_OCCURRENCE('32','Pocket','',#5,#1276,$);
#1592 = PRODUCT_RELATED_PRODUCT_CATEGORY('part',$,(#1278));
#1593 = SHAPE_DEFINITION_REPRESENTATION(#1594,#1600);
#1594 = PRODUCT_DEFINITION_SHAPE('','',#1595);
#1595 = PRODUCT_DEFINITION('design','',#1596,#1599);
#1596 = PRODUCT_DEFINITION_FORMATION('','',#1597);
#1597 = PRODUCT('PolarPattern','PolarPattern','',(#1598));
#1598 = PRODUCT_CONTEXT('',#2,'mechanical');
#1599 = PRODUCT_DEFINITION_CONTEXT('part definition',#2,'design');
#1600 = ADVANCED_BREP_SHAPE_REPRESENTATION('',(#11,#1601),#1979);
#1601 = MANIFOLD_SOLID_BREP('',#1602);
#1602 = CLOSED_SHELL('',(#1603,#1643,#1674,#1705,#1738,#1815,#1832,#1849
    ,#1861,#1886,#1911,#1936,#1961));
#1603 = ADVANCED_FACE('',(#1604),#1638,.F.);
#1604 = FACE_BOUND('',#1605,.F.);
#1605 = EDGE_LOOP('',(#1606,#1616,#1624,#1632));
#1606 = ORIENTED_EDGE('',*,*,#1607,.T.);
#1607 = EDGE_CURVE('',#1608,#1610,#1612,.T.);
#1608 = VERTEX_POINT('',#1609);
#1609 = CARTESIAN_POINT('',(0.,6.5,0.));
#1610 = VERTEX_POINT('',#1611);
#1611 = CARTESIAN_POINT('',(0.,6.5,4.));
#1612 = LINE('',#1613,#1614);
#1613 = CARTESIAN_POINT('',(0.,6.5,0.));
#1614 = VECTOR('',#1615,1.);
#1615 = DIRECTION('',(0.,0.,1.));
#1616 = ORIENTED_EDGE('',*,*,#1617,.T.);
#1617 = EDGE_CURVE('',#1610,#1618,#1620,.T.);
#1618 = VERTEX_POINT('',#1619);
#1619 = CARTESIAN_POINT('',(-5.629165124599,3.25,4.));
#1620 = LINE('',#1621,#1622);
#1621 = CARTESIAN_POINT('',(0.,6.5,4.));
#1622 = VECTOR('',#1623,1.);
#1623 = DIRECTION('',(-0.866025403784,-0.5,0.));
#1624 = ORIENTED_EDGE('',*,*,#1625,.F.);
#1625 = EDGE_CURVE('',#1626,#1618,#1628,.T.);
#1626 = VERTEX_POINT('',#1627);
#1627 = CARTESIAN_POINT('',(-5.629165124599,3.25,0.));
#1628 = LINE('',#1629,#1630);
#1629 = CARTESIAN_POINT('',(-5.629165124599,3.25,0.));
#1630 = VECTOR('',#1631,1.);
#1631 = DIRECTION('',(0.,0.,1.));
#1632 = ORIENTED_EDGE('',*,*,#1633,.F.);
#1633 = EDGE_CURVE('',#1608,#1626,#1634,.T.);
#1634 = LINE('',#1635,#1636);
#1635 = CARTESIAN_POINT('',(0.,6.5,0.));
#1636 = VECTOR('',#1637,1.);
#1637 = DIRECTION('',(-0.866025403784,-0.5,0.));
#1638 = PLANE('',#1639);
#1639 = AXIS2_PLACEMENT_3D('',#1640,#1641,#1642);
#1640 = CARTESIAN_POINT('',(0.,6.5,0.));
#1641 = DIRECTION('',(0.5,-0.866025403784,0.));
#1642 = DIRECTION('',(-0.866025403784,-0.5,0.));
#1643 = ADVANCED_FACE('',(#1644),#1669,.F.);
#1644 = FACE_BOUND('',#1645,.F.);
#1645 = EDGE_LOOP('',(#1646,#1656,#1662,#1663));
#1646 = ORIENTED_EDGE('',*,*,#1647,.T.);
#1647 = EDGE_CURVE('',#1648,#1650,#1652,.T.);
#1648 = VERTEX_POINT('',#1649);
#1649 = CARTESIAN_POINT('',(5.629165124599,3.25,0.));
#1650 = VERTEX_POINT('',#1651);
#1651 = CARTESIAN_POINT('',(5.629165124599,3.25,4.));
#1652 = LINE('',#1653,#1654);
#1653 = CARTESIAN_POINT('',(5.629165124599,3.25,0.));
#1654 = VECTOR('',#1655,1.);
#1655 = DIRECTION('',(0.,0.,1.));
#1656 = ORIENTED_EDGE('',*,*,#1657,.T.);
#1657 = EDGE_CURVE('',#1650,#1610,#1658,.T.);
#1658 = LINE('',#1659,#1660);
#1659 = CARTESIAN_POINT('',(5.629165124599,3.25,4.));
#1660 = VECTOR('',#1661,1.);
#1661 = DIRECTION('',(-0.866025403784,0.5,0.));
#1662 = ORIENTED_EDGE('',*,*,#1607,.F.);
#1663 = ORIENTED_EDGE('',*,*,#1664,.F.);
#1664 = EDGE_CURVE('',#1648,#1608,#1665,.T.);
#1665 = LINE('',#1666,#1667);
#1666 = CARTESIAN_POINT('',(5.629165124599,3.25,0.));
#1667 = VECTOR('',#1668,1.);
#1668 = DIRECTION('',(-0.866025403784,0.5,0.));
#1669 = PLANE('',#1670);
#1670 = AXIS2_PLACEMENT_3D('',#1671,#1672,#1673);
#1671 = CARTESIAN_POINT('',(5.629165124599,3.25,0.));
#1672 = DIRECTION('',(-0.5,-0.866025403784,0.));
#1673 = DIRECTION('',(-0.866025403784,0.5,0.));
#1674 = ADVANCED_FACE('',(#1675),#1700,.F.);
#1675 = FACE_BOUND('',#1676,.F.);
#1676 = EDGE_LOOP('',(#1677,#1678,#1686,#1694));
#1677 = ORIENTED_EDGE('',*,*,#1625,.T.);
#1678 = ORIENTED_EDGE('',*,*,#1679,.T.);
#1679 = EDGE_CURVE('',#1618,#1680,#1682,.T.);
#1680 = VERTEX_POINT('',#1681);
#1681 = CARTESIAN_POINT('',(-5.629165124599,-3.25,4.));
#1682 = LINE('',#1683,#1684);
#1683 = CARTESIAN_POINT('',(-5.629165124599,3.25,4.));
#1684 = VECTOR('',#1685,1.);
#1685 = DIRECTION('',(-1.4E-16,-1.,0.));
#1686 = ORIENTED_EDGE('',*,*,#1687,.F.);
#1687 = EDGE_CURVE('',#1688,#1680,#1690,.T.);
#1688 = VERTEX_POINT('',#1689);
#1689 = CARTESIAN_POINT('',(-5.629165124599,-3.25,0.));
#1690 = LINE('',#1691,#1692);
#1691 = CARTESIAN_POINT('',(-5.629165124599,-3.25,0.));
#1692 = VECTOR('',#1693,1.);
#1693 = DIRECTION('',(0.,0.,1.));
#1694 = ORIENTED_EDGE('',*,*,#1695,.F.);
#1695 = EDGE_CURVE('',#1626,#1688,#1696,.T.);
#1696 = LINE('',#1697,#1698);
#1697 = CARTESIAN_POINT('',(-5.629165124599,3.25,0.));
#1698 = VECTOR('',#1699,1.);
#1699 = DIRECTION('',(-1.4E-16,-1.,0.));
#1700 = PLANE('',#1701);
#1701 = AXIS2_PLACEMENT_3D('',#1702,#1703,#1704);
#1702 = CARTESIAN_POINT('',(-5.629165124599,3.25,0.));
#1703 = DIRECTION('',(1.,-1.4E-16,0.));
#1704 = DIRECTION('',(-1.4E-16,-1.,0.));
#1705 = ADVANCED_FACE('',(#1706),#1733,.F.);
#1706 = FACE_BOUND('',#1707,.F.);
#1707 = EDGE_LOOP('',(#1708,#1709,#1710,#1718,#1726,#1732));
#1708 = ORIENTED_EDGE('',*,*,#1633,.T.);
#1709 = ORIENTED_EDGE('',*,*,#1695,.T.);
#1710 = ORIENTED_EDGE('',*,*,#1711,.T.);
#1711 = EDGE_CURVE('',#1688,#1712,#1714,.T.);
#1712 = VERTEX_POINT('',#1713);
#1713 = CARTESIAN_POINT('',(0.,-6.5,0.));
#1714 = LINE('',#1715,#1716);
#1715 = CARTESIAN_POINT('',(-5.629165124599,-3.25,0.));
#1716 = VECTOR('',#1717,1.);
#1717 = DIRECTION('',(0.866025403784,-0.5,0.));
#1718 = ORIENTED_EDGE('',*,*,#1719,.T.);
#1719 = EDGE_CURVE('',#1712,#1720,#1722,.T.);
#1720 = VERTEX_POINT('',#1721);
#1721 = CARTESIAN_POINT('',(5.629165124599,-3.25,0.));
#1722 = LINE('',#1723,#1724);
#1723 = CARTESIAN_POINT('',(0.,-6.5,0.));
#1724 = VECTOR('',#1725,1.);
#1725 = DIRECTION('',(0.866025403784,0.5,0.));
#1726 = ORIENTED_EDGE('',*,*,#1727,.T.);
#1727 = EDGE_CURVE('',#1720,#1648,#1728,.T.);
#1728 = LINE('',#1729,#1730);
#1729 = CARTESIAN_POINT('',(5.629165124599,-3.25,0.));
#1730 = VECTOR('',#1731,1.);
#1731 = DIRECTION('',(-1.4E-16,1.,0.));
#1732 = ORIENTED_EDGE('',*,*,#1664,.T.);
#1733 = PLANE('',#1734);
#1734 = AXIS2_PLACEMENT_3D('',#1735,#1736,#1737);
#1735 = CARTESIAN_POINT('',(2.7E-16,9.E-17,0.));
#1736 = DIRECTION('',(0.,0.,1.));
#1737 = DIRECTION('',(1.,0.,0.));
#1738 = ADVANCED_FACE('',(#1739,#1750,#1761,#1788,#1799),#1810,.F.);
#1739 = FACE_BOUND('',#1740,.F.);
#1740 = EDGE_LOOP('',(#1741));
#1741 = ORIENTED_EDGE('',*,*,#1742,.T.);
#1742 = EDGE_CURVE('',#1743,#1743,#1745,.T.);
#1743 = VERTEX_POINT('',#1744);
#1744 = CARTESIAN_POINT('',(10.5,0.,4.));
#1745 = CIRCLE('',#1746,10.5);
#1746 = AXIS2_PLACEMENT_3D('',#1747,#1748,#1749);
#1747 = CARTESIAN_POINT('',(0.,0.,4.));
#1748 = DIRECTION('',(0.,0.,1.));
#1749 = DIRECTION('',(1.,0.,0.));
#1750 = FACE_BOUND('',#1751,.F.);
#1751 = EDGE_LOOP('',(#1752));
#1752 = ORIENTED_EDGE('',*,*,#1753,.T.);
#1753 = EDGE_CURVE('',#1754,#1754,#1756,.T.);
#1754 = VERTEX_POINT('',#1755);
#1755 = CARTESIAN_POINT('',(-1.008731654743,-7.67451179632,4.));
#1756 = CIRCLE('',#1757,1.25);
#1757 = AXIS2_PLACEMENT_3D('',#1758,#1759,#1760);
#1758 = CARTESIAN_POINT('',(-2.258731654743,-7.67451179632,4.));
#1759 = DIRECTION('',(0.,0.,-1.));
#1760 = DIRECTION('',(1.,0.,0.));
#1761 = FACE_BOUND('',#1762,.F.);
#1762 = EDGE_LOOP('',(#1763,#1764,#1765,#1773,#1781,#1787));
#1763 = ORIENTED_EDGE('',*,*,#1617,.F.);
#1764 = ORIENTED_EDGE('',*,*,#1657,.F.);
#1765 = ORIENTED_EDGE('',*,*,#1766,.F.);
#1766 = EDGE_CURVE('',#1767,#1650,#1769,.T.);
#1767 = VERTEX_POINT('',#1768);
#1768 = CARTESIAN_POINT('',(5.629165124599,-3.25,4.));
#1769 = LINE('',#1770,#1771);
#1770 = CARTESIAN_POINT('',(5.629165124599,-3.25,4.));
#1771 = VECTOR('',#1772,1.);
#1772 = DIRECTION('',(-1.4E-16,1.,0.));
#1773 = ORIENTED_EDGE('',*,*,#1774,.F.);
#1774 = EDGE_CURVE('',#1775,#1767,#1777,.T.);
#1775 = VERTEX_POINT('',#1776);
#1776 = CARTESIAN_POINT('',(0.,-6.5,4.));
#1777 = LINE('',#1778,#1779);
#1778 = CARTESIAN_POINT('',(0.,-6.5,4.));
#1779 = VECTOR('',#1780,1.);
#1780 = DIRECTION('',(0.866025403784,0.5,0.));
#1781 = ORIENTED_EDGE('',*,*,#1782,.F.);
#1782 = EDGE_CURVE('',#1680,#1775,#1783,.T.);
#1783 = LINE('',#1784,#1785);
#1784 = CARTESIAN_POINT('',(-5.629165124599,-3.25,4.));
#1785 = VECTOR('',#1786,1.);
#1786 = DIRECTION('',(0.866025403784,-0.5,0.));
#1787 = ORIENTED_EDGE('',*,*,#1679,.F.);
#1788 = FACE_BOUND('',#1789,.F.);
#1789 = EDGE_LOOP('',(#1790));
#1790 = ORIENTED_EDGE('',*,*,#1791,.T.);
#1791 = EDGE_CURVE('',#1792,#1792,#1794,.T.);
#1792 = VERTEX_POINT('',#1793);
#1793 = CARTESIAN_POINT('',(-6.141956349885,4.710843136769,4.));
#1794 = CIRCLE('',#1795,1.25);
#1795 = AXIS2_PLACEMENT_3D('',#1796,#1797,#1798);
#1796 = CARTESIAN_POINT('',(-5.516956349885,5.7933748915,4.));
#1797 = DIRECTION('',(-0.,0.,-1.));
#1798 = DIRECTION('',(-0.5,-0.866025403784,0.));
#1799 = FACE_BOUND('',#1800,.F.);
#1800 = EDGE_LOOP('',(#1801));
#1801 = ORIENTED_EDGE('',*,*,#1802,.T.);
#1802 = EDGE_CURVE('',#1803,#1803,#1805,.T.);
#1803 = VERTEX_POINT('',#1804);
#1804 = CARTESIAN_POINT('',(7.150688004628,2.963668659551,4.));
#1805 = CIRCLE('',#1806,1.25);
#1806 = AXIS2_PLACEMENT_3D('',#1807,#1808,#1809);
#1807 = CARTESIAN_POINT('',(7.775688004628,1.881136904821,4.));
#1808 = DIRECTION('',(0.,0.,-1.));
#1809 = DIRECTION('',(-0.5,0.866025403784,0.));
#1810 = PLANE('',#1811);
#1811 = AXIS2_PLACEMENT_3D('',#1812,#1813,#1814);
#1812 = CARTESIAN_POINT('',(-5.209295743007E-16,9.230319459916E-17,4.));
#1813 = DIRECTION('',(0.,0.,1.));
#1814 = DIRECTION('',(1.,0.,0.));
#1815 = ADVANCED_FACE('',(#1816),#1827,.F.);
#1816 = FACE_BOUND('',#1817,.F.);
#1817 = EDGE_LOOP('',(#1818,#1824,#1825,#1826));
#1818 = ORIENTED_EDGE('',*,*,#1819,.T.);
#1819 = EDGE_CURVE('',#1720,#1767,#1820,.T.);
#1820 = LINE('',#1821,#1822);
#1821 = CARTESIAN_POINT('',(5.629165124599,-3.25,0.));
#1822 = VECTOR('',#1823,1.);
#1823 = DIRECTION('',(0.,0.,1.));
#1824 = ORIENTED_EDGE('',*,*,#1766,.T.);
#1825 = ORIENTED_EDGE('',*,*,#1647,.F.);
#1826 = ORIENTED_EDGE('',*,*,#1727,.F.);
#1827 = PLANE('',#1828);
#1828 = AXIS2_PLACEMENT_3D('',#1829,#1830,#1831);
#1829 = CARTESIAN_POINT('',(5.629165124599,-3.25,0.));
#1830 = DIRECTION('',(-1.,-1.4E-16,0.));
#1831 = DIRECTION('',(-1.4E-16,1.,0.));
#1832 = ADVANCED_FACE('',(#1833),#1844,.F.);
#1833 = FACE_BOUND('',#1834,.F.);
#1834 = EDGE_LOOP('',(#1835,#1836,#1837,#1843));
#1835 = ORIENTED_EDGE('',*,*,#1687,.T.);
#1836 = ORIENTED_EDGE('',*,*,#1782,.T.);
#1837 = ORIENTED_EDGE('',*,*,#1838,.F.);
#1838 = EDGE_CURVE('',#1712,#1775,#1839,.T.);
#1839 = LINE('',#1840,#1841);
#1840 = CARTESIAN_POINT('',(0.,-6.5,0.));
#1841 = VECTOR('',#1842,1.);
#1842 = DIRECTION('',(0.,0.,1.));
#1843 = ORIENTED_EDGE('',*,*,#1711,.F.);
#1844 = PLANE('',#1845);
#1845 = AXIS2_PLACEMENT_3D('',#1846,#1847,#1848);
#1846 = CARTESIAN_POINT('',(-5.629165124599,-3.25,0.));
#1847 = DIRECTION('',(0.5,0.866025403784,0.));
#1848 = DIRECTION('',(0.866025403784,-0.5,0.));
#1849 = ADVANCED_FACE('',(#1850),#1856,.F.);
#1850 = FACE_BOUND('',#1851,.F.);
#1851 = EDGE_LOOP('',(#1852,#1853,#1854,#1855));
#1852 = ORIENTED_EDGE('',*,*,#1838,.T.);
#1853 = ORIENTED_EDGE('',*,*,#1774,.T.);
#1854 = ORIENTED_EDGE('',*,*,#1819,.F.);
#1855 = ORIENTED_EDGE('',*,*,#1719,.F.);
#1856 = PLANE('',#1857);
#1857 = AXIS2_PLACEMENT_3D('',#1858,#1859,#1860);
#1858 = CARTESIAN_POINT('',(0.,-6.5,0.));
#1859 = DIRECTION('',(-0.5,0.866025403784,0.));
#1860 = DIRECTION('',(0.866025403784,0.5,0.));
#1861 = ADVANCED_FACE('',(#1862),#1881,.T.);
#1862 = FACE_BOUND('',#1863,.F.);
#1863 = EDGE_LOOP('',(#1864,#1872,#1879,#1880));
#1864 = ORIENTED_EDGE('',*,*,#1865,.T.);
#1865 = EDGE_CURVE('',#1743,#1866,#1868,.T.);
#1866 = VERTEX_POINT('',#1867);
#1867 = CARTESIAN_POINT('',(10.5,0.,7.));
#1868 = LINE('',#1869,#1870);
#1869 = CARTESIAN_POINT('',(10.5,0.,4.));
#1870 = VECTOR('',#1871,1.);
#1871 = DIRECTION('',(0.,0.,1.));
#1872 = ORIENTED_EDGE('',*,*,#1873,.T.);
#1873 = EDGE_CURVE('',#1866,#1866,#1874,.T.);
#1874 = CIRCLE('',#1875,10.5);
#1875 = AXIS2_PLACEMENT_3D('',#1876,#1877,#1878);
#1876 = CARTESIAN_POINT('',(0.,0.,7.));
#1877 = DIRECTION('',(0.,0.,1.));
#1878 = DIRECTION('',(1.,0.,0.));
#1879 = ORIENTED_EDGE('',*,*,#1865,.F.);
#1880 = ORIENTED_EDGE('',*,*,#1742,.F.);
#1881 = CYLINDRICAL_SURFACE('',#1882,10.5);
#1882 = AXIS2_PLACEMENT_3D('',#1883,#1884,#1885);
#1883 = CARTESIAN_POINT('',(0.,0.,4.));
#1884 = DIRECTION('',(-0.,-0.,-1.));
#1885 = DIRECTION('',(1.,0.,0.));
#1886 = ADVANCED_FACE('',(#1887),#1906,.F.);
#1887 = FACE_BOUND('',#1888,.F.);
#1888 = EDGE_LOOP('',(#1889,#1897,#1904,#1905));
#1889 = ORIENTED_EDGE('',*,*,#1890,.T.);
#1890 = EDGE_CURVE('',#1754,#1891,#1893,.T.);
#1891 = VERTEX_POINT('',#1892);
#1892 = CARTESIAN_POINT('',(-1.008731654743,-7.67451179632,7.));
#1893 = LINE('',#1894,#1895);
#1894 = CARTESIAN_POINT('',(-1.008731654743,-7.67451179632,4.));
#1895 = VECTOR('',#1896,1.);
#1896 = DIRECTION('',(0.,0.,1.));
#1897 = ORIENTED_EDGE('',*,*,#1898,.T.);
#1898 = EDGE_CURVE('',#1891,#1891,#1899,.T.);
#1899 = CIRCLE('',#1900,1.25);
#1900 = AXIS2_PLACEMENT_3D('',#1901,#1902,#1903);
#1901 = CARTESIAN_POINT('',(-2.258731654743,-7.67451179632,7.));
#1902 = DIRECTION('',(0.,0.,-1.));
#1903 = DIRECTION('',(1.,0.,0.));
#1904 = ORIENTED_EDGE('',*,*,#1890,.F.);
#1905 = ORIENTED_EDGE('',*,*,#1753,.F.);
#1906 = CYLINDRICAL_SURFACE('',#1907,1.25);
#1907 = AXIS2_PLACEMENT_3D('',#1908,#1909,#1910);
#1908 = CARTESIAN_POINT('',(-2.258731654743,-7.67451179632,4.));
#1909 = DIRECTION('',(0.,0.,-1.));
#1910 = DIRECTION('',(1.,0.,0.));
#1911 = ADVANCED_FACE('',(#1912),#1931,.F.);
#1912 = FACE_BOUND('',#1913,.F.);
#1913 = EDGE_LOOP('',(#1914,#1922,#1929,#1930));
#1914 = ORIENTED_EDGE('',*,*,#1915,.T.);
#1915 = EDGE_CURVE('',#1792,#1916,#1918,.T.);
#1916 = VERTEX_POINT('',#1917);
#1917 = CARTESIAN_POINT('',(-6.141956349885,4.710843136769,7.));
#1918 = LINE('',#1919,#1920);
#1919 = CARTESIAN_POINT('',(-6.141956349885,4.710843136769,4.));
#1920 = VECTOR('',#1921,1.);
#1921 = DIRECTION('',(0.,0.,1.));
#1922 = ORIENTED_EDGE('',*,*,#1923,.T.);
#1923 = EDGE_CURVE('',#1916,#1916,#1924,.T.);
#1924 = CIRCLE('',#1925,1.25);
#1925 = AXIS2_PLACEMENT_3D('',#1926,#1927,#1928);
#1926 = CARTESIAN_POINT('',(-5.516956349885,5.7933748915,7.));
#1927 = DIRECTION('',(-0.,0.,-1.));
#1928 = DIRECTION('',(-0.5,-0.866025403784,0.));
#1929 = ORIENTED_EDGE('',*,*,#1915,.F.);
#1930 = ORIENTED_EDGE('',*,*,#1791,.F.);
#1931 = CYLINDRICAL_SURFACE('',#1932,1.25);
#1932 = AXIS2_PLACEMENT_3D('',#1933,#1934,#1935);
#1933 = CARTESIAN_POINT('',(-5.516956349885,5.7933748915,4.));
#1934 = DIRECTION('',(0.,-0.,-1.));
#1935 = DIRECTION('',(-0.5,-0.866025403784,0.));
#1936 = ADVANCED_FACE('',(#1937),#1956,.F.);
#1937 = FACE_BOUND('',#1938,.F.);
#1938 = EDGE_LOOP('',(#1939,#1947,#1954,#1955));
#1939 = ORIENTED_EDGE('',*,*,#1940,.T.);
#1940 = EDGE_CURVE('',#1803,#1941,#1943,.T.);
#1941 = VERTEX_POINT('',#1942);
#1942 = CARTESIAN_POINT('',(7.150688004628,2.963668659551,7.));
#1943 = LINE('',#1944,#1945);
#1944 = CARTESIAN_POINT('',(7.150688004628,2.963668659551,4.));
#1945 = VECTOR('',#1946,1.);
#1946 = DIRECTION('',(0.,0.,1.));
#1947 = ORIENTED_EDGE('',*,*,#1948,.T.);
#1948 = EDGE_CURVE('',#1941,#1941,#1949,.T.);
#1949 = CIRCLE('',#1950,1.25);
#1950 = AXIS2_PLACEMENT_3D('',#1951,#1952,#1953);
#1951 = CARTESIAN_POINT('',(7.775688004628,1.881136904821,7.));
#1952 = DIRECTION('',(0.,0.,-1.));
#1953 = DIRECTION('',(-0.5,0.866025403784,0.));
#1954 = ORIENTED_EDGE('',*,*,#1940,.F.);
#1955 = ORIENTED_EDGE('',*,*,#1802,.F.);
#1956 = CYLINDRICAL_SURFACE('',#1957,1.25);
#1957 = AXIS2_PLACEMENT_3D('',#1958,#1959,#1960);
#1958 = CARTESIAN_POINT('',(7.775688004628,1.881136904821,4.));
#1959 = DIRECTION('',(-0.,0.,-1.));
#1960 = DIRECTION('',(-0.5,0.866025403784,0.));
#1961 = ADVANCED_FACE('',(#1962,#1965,#1968,#1971),#1974,.T.);
#1962 = FACE_BOUND('',#1963,.T.);
#1963 = EDGE_LOOP('',(#1964));
#1964 = ORIENTED_EDGE('',*,*,#1873,.T.);
#1965 = FACE_BOUND('',#1966,.T.);
#1966 = EDGE_LOOP('',(#1967));
#1967 = ORIENTED_EDGE('',*,*,#1898,.T.);
#1968 = FACE_BOUND('',#1969,.T.);
#1969 = EDGE_LOOP('',(#1970));
#1970 = ORIENTED_EDGE('',*,*,#1923,.T.);
#1971 = FACE_BOUND('',#1972,.T.);
#1972 = EDGE_LOOP('',(#1973));
#1973 = ORIENTED_EDGE('',*,*,#1948,.T.);
#1974 = PLANE('',#1975);
#1975 = AXIS2_PLACEMENT_3D('',#1976,#1977,#1978);
#1976 = CARTESIAN_POINT('',(-5.209295743007E-16,9.230319459916E-17,7.));
#1977 = DIRECTION('',(0.,0.,1.));
#1978 = DIRECTION('',(1.,0.,0.));
#1979 = ( GEOMETRIC_REPRESENTATION_CONTEXT(3) 
GLOBAL_UNCERTAINTY_ASSIGNED_CONTEXT((#1983)) 
GLOBAL_UNIT_ASSIGNED_CONTEXT((#1980,#1981,#1982)) REPRESENTATION_CONTEXT
('Context #1','3D Context with UNIT and UNCERTAINTY') );
#1980 = ( LENGTH_UNIT() NAMED_UNIT(*) SI_UNIT(.MILLI.,.METRE.) );
#1981 = ( NAMED_UNIT(*) PLANE_ANGLE_UNIT() SI_UNIT($,.RADIAN.) );
#1982 = ( NAMED_UNIT(*) SI_UNIT($,.STERADIAN.) SOLID_ANGLE_UNIT() );
#1983 = UNCERTAINTY_MEASURE_WITH_UNIT(LENGTH_MEASURE(1.E-07),#1980,
  'distance_accuracy_value','confusion accuracy');
#1984 = CONTEXT_DEPENDENT_SHAPE_REPRESENTATION(#1985,#1987);
#1985 = ( REPRESENTATION_RELATIONSHIP('','',#1600,#10) 
REPRESENTATION_RELATIONSHIP_WITH_TRANSFORMATION(#1986) 
SHAPE_REPRESENTATION_RELATIONSHIP() );
#1986 = ITEM_DEFINED_TRANSFORMATION('','',#11,#67);
#1987 = PRODUCT_DEFINITION_SHAPE('Placement','Placement of an item',
  #1988);
#1988 = NEXT_ASSEMBLY_USAGE_OCCURRENCE('33','PolarPattern','',#5,#1595,$
  );
#1989 = PRODUCT_RELATED_PRODUCT_CATEGORY('part',$,(#1597));
#1990 = SHAPE_DEFINITION_REPRESENTATION(#1991,#1997);
#1991 = PRODUCT_DEFINITION_SHAPE('','',#1992);
#1992 = PRODUCT_DEFINITION('design','',#1993,#1996);
#1993 = PRODUCT_DEFINITION_FORMATION('','',#1994);
#1994 = PRODUCT('Sketch003','Sketch003','',(#1995));
#1995 = PRODUCT_CONTEXT('',#2,'mechanical');
#1996 = PRODUCT_DEFINITION_CONTEXT('part definition',#2,'design');
#1997 = GEOMETRICALLY_BOUNDED_WIREFRAME_SHAPE_REPRESENTATION('',(#11,
    #1998),#2007);
#1998 = GEOMETRIC_CURVE_SET('',(#1999));
#1999 = TRIMMED_CURVE('',#2000,(#2005,PARAMETER_VALUE(0.)),(#2006,
    PARAMETER_VALUE(6.28318530718)),.T.,.PARAMETER.);
#2000 = CIRCLE('',#2001,1.6);
#2001 = AXIS2_PLACEMENT_3D('',#2002,#2003,#2004);
#2002 = CARTESIAN_POINT('',(0.,0.,0.));
#2003 = DIRECTION('',(0.,0.,1.));
#2004 = DIRECTION('',(1.,0.,0.));
#2005 = CARTESIAN_POINT('',(1.6,0.,0.));
#2006 = CARTESIAN_POINT('',(1.6,0.,0.));
#2007 = ( GEOMETRIC_REPRESENTATION_CONTEXT(3) 
GLOBAL_UNCERTAINTY_ASSIGNED_CONTEXT((#2011)) 
GLOBAL_UNIT_ASSIGNED_CONTEXT((#2008,#2009,#2010)) REPRESENTATION_CONTEXT
('Context #1','3D Context with UNIT and UNCERTAINTY') );
#2008 = ( LENGTH_UNIT() NAMED_UNIT(*) SI_UNIT(.MILLI.,.METRE.) );
#2009 = ( NAMED_UNIT(*) PLANE_ANGLE_UNIT() SI_UNIT($,.RADIAN.) );
#2010 = ( NAMED_UNIT(*) SI_UNIT($,.STERADIAN.) SOLID_ANGLE_UNIT() );
#2011 = UNCERTAINTY_MEASURE_WITH_UNIT(LENGTH_MEASURE(1.E-07),#2008,
  'distance_accuracy_value','confusion accuracy');
#2012 = CONTEXT_DEPENDENT_SHAPE_REPRESENTATION(#2013,#2015);
#2013 = ( REPRESENTATION_RELATIONSHIP('','',#1997,#10) 
REPRESENTATION_RELATIONSHIP_WITH_TRANSFORMATION(#2014) 
SHAPE_REPRESENTATION_RELATIONSHIP() );
#2014 = ITEM_DEFINED_TRANSFORMATION('','',#11,#71);
#2015 = PRODUCT_DEFINITION_SHAPE('Placement','Placement of an item',
  #2016);
#2016 = NEXT_ASSEMBLY_USAGE_OCCURRENCE('34','Sketch003','',#5,#1992,$);
#2017 = PRODUCT_RELATED_PRODUCT_CATEGORY('part',$,(#1994));
#2018 = SHAPE_DEFINITION_REPRESENTATION(#2019,#2025);
#2019 = PRODUCT_DEFINITION_SHAPE('','',#2020);
#2020 = PRODUCT_DEFINITION('design','',#2021,#2024);
#2021 = PRODUCT_DEFINITION_FORMATION('','',#2022);
#2022 = PRODUCT('Pocket001','Pocket001','',(#2023));
#2023 = PRODUCT_CONTEXT('',#2,'mechanical');
#2024 = PRODUCT_DEFINITION_CONTEXT('part definition',#2,'design');
#2025 = ADVANCED_BREP_SHAPE_REPRESENTATION('',(#11,#2026),#2443);
#2026 = MANIFOLD_SOLID_BREP('',#2027);
#2027 = CLOSED_SHELL('',(#2028,#2068,#2099,#2130,#2174,#2251,#2268,#2285
    ,#2297,#2322,#2347,#2372,#2397,#2422));
#2028 = ADVANCED_FACE('',(#2029),#2063,.F.);
#2029 = FACE_BOUND('',#2030,.F.);
#2030 = EDGE_LOOP('',(#2031,#2041,#2049,#2057));
#2031 = ORIENTED_EDGE('',*,*,#2032,.T.);
#2032 = EDGE_CURVE('',#2033,#2035,#2037,.T.);
#2033 = VERTEX_POINT('',#2034);
#2034 = CARTESIAN_POINT('',(0.,6.5,0.));
#2035 = VERTEX_POINT('',#2036);
#2036 = CARTESIAN_POINT('',(0.,6.5,4.));
#2037 = LINE('',#2038,#2039);
#2038 = CARTESIAN_POINT('',(0.,6.5,0.));
#2039 = VECTOR('',#2040,1.);
#2040 = DIRECTION('',(0.,0.,1.));
#2041 = ORIENTED_EDGE('',*,*,#2042,.T.);
#2042 = EDGE_CURVE('',#2035,#2043,#2045,.T.);
#2043 = VERTEX_POINT('',#2044);
#2044 = CARTESIAN_POINT('',(-5.629165124599,3.25,4.));
#2045 = LINE('',#2046,#2047);
#2046 = CARTESIAN_POINT('',(0.,6.5,4.));
#2047 = VECTOR('',#2048,1.);
#2048 = DIRECTION('',(-0.866025403784,-0.5,0.));
#2049 = ORIENTED_EDGE('',*,*,#2050,.F.);
#2050 = EDGE_CURVE('',#2051,#2043,#2053,.T.);
#2051 = VERTEX_POINT('',#2052);
#2052 = CARTESIAN_POINT('',(-5.629165124599,3.25,0.));
#2053 = LINE('',#2054,#2055);
#2054 = CARTESIAN_POINT('',(-5.629165124599,3.25,0.));
#2055 = VECTOR('',#2056,1.);
#2056 = DIRECTION('',(0.,0.,1.));
#2057 = ORIENTED_EDGE('',*,*,#2058,.F.);
#2058 = EDGE_CURVE('',#2033,#2051,#2059,.T.);
#2059 = LINE('',#2060,#2061);
#2060 = CARTESIAN_POINT('',(0.,6.5,0.));
#2061 = VECTOR('',#2062,1.);
#2062 = DIRECTION('',(-0.866025403784,-0.5,0.));
#2063 = PLANE('',#2064);
#2064 = AXIS2_PLACEMENT_3D('',#2065,#2066,#2067);
#2065 = CARTESIAN_POINT('',(0.,6.5,0.));
#2066 = DIRECTION('',(0.5,-0.866025403784,0.));
#2067 = DIRECTION('',(-0.866025403784,-0.5,0.));
#2068 = ADVANCED_FACE('',(#2069),#2094,.F.);
#2069 = FACE_BOUND('',#2070,.F.);
#2070 = EDGE_LOOP('',(#2071,#2081,#2087,#2088));
#2071 = ORIENTED_EDGE('',*,*,#2072,.T.);
#2072 = EDGE_CURVE('',#2073,#2075,#2077,.T.);
#2073 = VERTEX_POINT('',#2074);
#2074 = CARTESIAN_POINT('',(5.629165124599,3.25,0.));
#2075 = VERTEX_POINT('',#2076);
#2076 = CARTESIAN_POINT('',(5.629165124599,3.25,4.));
#2077 = LINE('',#2078,#2079);
#2078 = CARTESIAN_POINT('',(5.629165124599,3.25,0.));
#2079 = VECTOR('',#2080,1.);
#2080 = DIRECTION('',(0.,0.,1.));
#2081 = ORIENTED_EDGE('',*,*,#2082,.T.);
#2082 = EDGE_CURVE('',#2075,#2035,#2083,.T.);
#2083 = LINE('',#2084,#2085);
#2084 = CARTESIAN_POINT('',(5.629165124599,3.25,4.));
#2085 = VECTOR('',#2086,1.);
#2086 = DIRECTION('',(-0.866025403784,0.5,0.));
#2087 = ORIENTED_EDGE('',*,*,#2032,.F.);
#2088 = ORIENTED_EDGE('',*,*,#2089,.F.);
#2089 = EDGE_CURVE('',#2073,#2033,#2090,.T.);
#2090 = LINE('',#2091,#2092);
#2091 = CARTESIAN_POINT('',(5.629165124599,3.25,0.));
#2092 = VECTOR('',#2093,1.);
#2093 = DIRECTION('',(-0.866025403784,0.5,0.));
#2094 = PLANE('',#2095);
#2095 = AXIS2_PLACEMENT_3D('',#2096,#2097,#2098);
#2096 = CARTESIAN_POINT('',(5.629165124599,3.25,0.));
#2097 = DIRECTION('',(-0.5,-0.866025403784,0.));
#2098 = DIRECTION('',(-0.866025403784,0.5,0.));
#2099 = ADVANCED_FACE('',(#2100),#2125,.F.);
#2100 = FACE_BOUND('',#2101,.F.);
#2101 = EDGE_LOOP('',(#2102,#2103,#2111,#2119));
#2102 = ORIENTED_EDGE('',*,*,#2050,.T.);
#2103 = ORIENTED_EDGE('',*,*,#2104,.T.);
#2104 = EDGE_CURVE('',#2043,#2105,#2107,.T.);
#2105 = VERTEX_POINT('',#2106);
#2106 = CARTESIAN_POINT('',(-5.629165124599,-3.25,4.));
#2107 = LINE('',#2108,#2109);
#2108 = CARTESIAN_POINT('',(-5.629165124599,3.25,4.));
#2109 = VECTOR('',#2110,1.);
#2110 = DIRECTION('',(-1.4E-16,-1.,0.));
#2111 = ORIENTED_EDGE('',*,*,#2112,.F.);
#2112 = EDGE_CURVE('',#2113,#2105,#2115,.T.);
#2113 = VERTEX_POINT('',#2114);
#2114 = CARTESIAN_POINT('',(-5.629165124599,-3.25,0.));
#2115 = LINE('',#2116,#2117);
#2116 = CARTESIAN_POINT('',(-5.629165124599,-3.25,0.));
#2117 = VECTOR('',#2118,1.);
#2118 = DIRECTION('',(0.,0.,1.));
#2119 = ORIENTED_EDGE('',*,*,#2120,.F.);
#2120 = EDGE_CURVE('',#2051,#2113,#2121,.T.);
#2121 = LINE('',#2122,#2123);
#2122 = CARTESIAN_POINT('',(-5.629165124599,3.25,0.));
#2123 = VECTOR('',#2124,1.);
#2124 = DIRECTION('',(-1.4E-16,-1.,0.));
#2125 = PLANE('',#2126);
#2126 = AXIS2_PLACEMENT_3D('',#2127,#2128,#2129);
#2127 = CARTESIAN_POINT('',(-5.629165124599,3.25,0.));
#2128 = DIRECTION('',(1.,-1.4E-16,0.));
#2129 = DIRECTION('',(-1.4E-16,-1.,0.));
#2130 = ADVANCED_FACE('',(#2131,#2158),#2169,.F.);
#2131 = FACE_BOUND('',#2132,.F.);
#2132 = EDGE_LOOP('',(#2133,#2134,#2135,#2143,#2151,#2157));
#2133 = ORIENTED_EDGE('',*,*,#2058,.T.);
#2134 = ORIENTED_EDGE('',*,*,#2120,.T.);
#2135 = ORIENTED_EDGE('',*,*,#2136,.T.);
#2136 = EDGE_CURVE('',#2113,#2137,#2139,.T.);
#2137 = VERTEX_POINT('',#2138);
#2138 = CARTESIAN_POINT('',(0.,-6.5,0.));
#2139 = LINE('',#2140,#2141);
#2140 = CARTESIAN_POINT('',(-5.629165124599,-3.25,0.));
#2141 = VECTOR('',#2142,1.);
#2142 = DIRECTION('',(0.866025403784,-0.5,0.));
#2143 = ORIENTED_EDGE('',*,*,#2144,.T.);
#2144 = EDGE_CURVE('',#2137,#2145,#2147,.T.);
#2145 = VERTEX_POINT('',#2146);
#2146 = CARTESIAN_POINT('',(5.629165124599,-3.25,0.));
#2147 = LINE('',#2148,#2149);
#2148 = CARTESIAN_POINT('',(0.,-6.5,0.));
#2149 = VECTOR('',#2150,1.);
#2150 = DIRECTION('',(0.866025403784,0.5,0.));
#2151 = ORIENTED_EDGE('',*,*,#2152,.T.);
#2152 = EDGE_CURVE('',#2145,#2073,#2153,.T.);
#2153 = LINE('',#2154,#2155);
#2154 = CARTESIAN_POINT('',(5.629165124599,-3.25,0.));
#2155 = VECTOR('',#2156,1.);
#2156 = DIRECTION('',(-1.4E-16,1.,0.));
#2157 = ORIENTED_EDGE('',*,*,#2089,.T.);
#2158 = FACE_BOUND('',#2159,.F.);
#2159 = EDGE_LOOP('',(#2160));
#2160 = ORIENTED_EDGE('',*,*,#2161,.T.);
#2161 = EDGE_CURVE('',#2162,#2162,#2164,.T.);
#2162 = VERTEX_POINT('',#2163);
#2163 = CARTESIAN_POINT('',(1.6,0.,0.));
#2164 = CIRCLE('',#2165,1.6);
#2165 = AXIS2_PLACEMENT_3D('',#2166,#2167,#2168);
#2166 = CARTESIAN_POINT('',(0.,0.,0.));
#2167 = DIRECTION('',(0.,0.,-1.));
#2168 = DIRECTION('',(1.,0.,0.));
#2169 = PLANE('',#2170);
#2170 = AXIS2_PLACEMENT_3D('',#2171,#2172,#2173);
#2171 = CARTESIAN_POINT('',(2.7E-16,9.E-17,0.));
#2172 = DIRECTION('',(0.,0.,1.));
#2173 = DIRECTION('',(1.,0.,0.));
#2174 = ADVANCED_FACE('',(#2175,#2186,#2197,#2224,#2235),#2246,.F.);
#2175 = FACE_BOUND('',#2176,.F.);
#2176 = EDGE_LOOP('',(#2177));
#2177 = ORIENTED_EDGE('',*,*,#2178,.T.);
#2178 = EDGE_CURVE('',#2179,#2179,#2181,.T.);
#2179 = VERTEX_POINT('',#2180);
#2180 = CARTESIAN_POINT('',(10.5,0.,4.));
#2181 = CIRCLE('',#2182,10.5);
#2182 = AXIS2_PLACEMENT_3D('',#2183,#2184,#2185);
#2183 = CARTESIAN_POINT('',(0.,0.,4.));
#2184 = DIRECTION('',(0.,0.,1.));
#2185 = DIRECTION('',(1.,0.,0.));
#2186 = FACE_BOUND('',#2187,.F.);
#2187 = EDGE_LOOP('',(#2188));
#2188 = ORIENTED_EDGE('',*,*,#2189,.T.);
#2189 = EDGE_CURVE('',#2190,#2190,#2192,.T.);
#2190 = VERTEX_POINT('',#2191);
#2191 = CARTESIAN_POINT('',(-1.008731654743,-7.67451179632,4.));
#2192 = CIRCLE('',#2193,1.25);
#2193 = AXIS2_PLACEMENT_3D('',#2194,#2195,#2196);
#2194 = CARTESIAN_POINT('',(-2.258731654743,-7.67451179632,4.));
#2195 = DIRECTION('',(0.,0.,-1.));
#2196 = DIRECTION('',(1.,0.,0.));
#2197 = FACE_BOUND('',#2198,.F.);
#2198 = EDGE_LOOP('',(#2199,#2200,#2201,#2209,#2217,#2223));
#2199 = ORIENTED_EDGE('',*,*,#2042,.F.);
#2200 = ORIENTED_EDGE('',*,*,#2082,.F.);
#2201 = ORIENTED_EDGE('',*,*,#2202,.F.);
#2202 = EDGE_CURVE('',#2203,#2075,#2205,.T.);
#2203 = VERTEX_POINT('',#2204);
#2204 = CARTESIAN_POINT('',(5.629165124599,-3.25,4.));
#2205 = LINE('',#2206,#2207);
#2206 = CARTESIAN_POINT('',(5.629165124599,-3.25,4.));
#2207 = VECTOR('',#2208,1.);
#2208 = DIRECTION('',(-1.4E-16,1.,0.));
#2209 = ORIENTED_EDGE('',*,*,#2210,.F.);
#2210 = EDGE_CURVE('',#2211,#2203,#2213,.T.);
#2211 = VERTEX_POINT('',#2212);
#2212 = CARTESIAN_POINT('',(0.,-6.5,4.));
#2213 = LINE('',#2214,#2215);
#2214 = CARTESIAN_POINT('',(0.,-6.5,4.));
#2215 = VECTOR('',#2216,1.);
#2216 = DIRECTION('',(0.866025403784,0.5,0.));
#2217 = ORIENTED_EDGE('',*,*,#2218,.F.);
#2218 = EDGE_CURVE('',#2105,#2211,#2219,.T.);
#2219 = LINE('',#2220,#2221);
#2220 = CARTESIAN_POINT('',(-5.629165124599,-3.25,4.));
#2221 = VECTOR('',#2222,1.);
#2222 = DIRECTION('',(0.866025403784,-0.5,0.));
#2223 = ORIENTED_EDGE('',*,*,#2104,.F.);
#2224 = FACE_BOUND('',#2225,.F.);
#2225 = EDGE_LOOP('',(#2226));
#2226 = ORIENTED_EDGE('',*,*,#2227,.T.);
#2227 = EDGE_CURVE('',#2228,#2228,#2230,.T.);
#2228 = VERTEX_POINT('',#2229);
#2229 = CARTESIAN_POINT('',(-6.141956349885,4.710843136769,4.));
#2230 = CIRCLE('',#2231,1.25);
#2231 = AXIS2_PLACEMENT_3D('',#2232,#2233,#2234);
#2232 = CARTESIAN_POINT('',(-5.516956349885,5.7933748915,4.));
#2233 = DIRECTION('',(-0.,0.,-1.));
#2234 = DIRECTION('',(-0.5,-0.866025403784,0.));
#2235 = FACE_BOUND('',#2236,.F.);
#2236 = EDGE_LOOP('',(#2237));
#2237 = ORIENTED_EDGE('',*,*,#2238,.T.);
#2238 = EDGE_CURVE('',#2239,#2239,#2241,.T.);
#2239 = VERTEX_POINT('',#2240);
#2240 = CARTESIAN_POINT('',(7.150688004628,2.963668659551,4.));
#2241 = CIRCLE('',#2242,1.25);
#2242 = AXIS2_PLACEMENT_3D('',#2243,#2244,#2245);
#2243 = CARTESIAN_POINT('',(7.775688004628,1.881136904821,4.));
#2244 = DIRECTION('',(0.,0.,-1.));
#2245 = DIRECTION('',(-0.5,0.866025403784,0.));
#2246 = PLANE('',#2247);
#2247 = AXIS2_PLACEMENT_3D('',#2248,#2249,#2250);
#2248 = CARTESIAN_POINT('',(-5.209295743007E-16,9.230319459916E-17,4.));
#2249 = DIRECTION('',(0.,0.,1.));
#2250 = DIRECTION('',(1.,0.,0.));
#2251 = ADVANCED_FACE('',(#2252),#2263,.F.);
#2252 = FACE_BOUND('',#2253,.F.);
#2253 = EDGE_LOOP('',(#2254,#2260,#2261,#2262));
#2254 = ORIENTED_EDGE('',*,*,#2255,.T.);
#2255 = EDGE_CURVE('',#2145,#2203,#2256,.T.);
#2256 = LINE('',#2257,#2258);
#2257 = CARTESIAN_POINT('',(5.629165124599,-3.25,0.));
#2258 = VECTOR('',#2259,1.);
#2259 = DIRECTION('',(0.,0.,1.));
#2260 = ORIENTED_EDGE('',*,*,#2202,.T.);
#2261 = ORIENTED_EDGE('',*,*,#2072,.F.);
#2262 = ORIENTED_EDGE('',*,*,#2152,.F.);
#2263 = PLANE('',#2264);
#2264 = AXIS2_PLACEMENT_3D('',#2265,#2266,#2267);
#2265 = CARTESIAN_POINT('',(5.629165124599,-3.25,0.));
#2266 = DIRECTION('',(-1.,-1.4E-16,0.));
#2267 = DIRECTION('',(-1.4E-16,1.,0.));
#2268 = ADVANCED_FACE('',(#2269),#2280,.F.);
#2269 = FACE_BOUND('',#2270,.F.);
#2270 = EDGE_LOOP('',(#2271,#2272,#2273,#2279));
#2271 = ORIENTED_EDGE('',*,*,#2112,.T.);
#2272 = ORIENTED_EDGE('',*,*,#2218,.T.);
#2273 = ORIENTED_EDGE('',*,*,#2274,.F.);
#2274 = EDGE_CURVE('',#2137,#2211,#2275,.T.);
#2275 = LINE('',#2276,#2277);
#2276 = CARTESIAN_POINT('',(0.,-6.5,0.));
#2277 = VECTOR('',#2278,1.);
#2278 = DIRECTION('',(0.,0.,1.));
#2279 = ORIENTED_EDGE('',*,*,#2136,.F.);
#2280 = PLANE('',#2281);
#2281 = AXIS2_PLACEMENT_3D('',#2282,#2283,#2284);
#2282 = CARTESIAN_POINT('',(-5.629165124599,-3.25,0.));
#2283 = DIRECTION('',(0.5,0.866025403784,0.));
#2284 = DIRECTION('',(0.866025403784,-0.5,0.));
#2285 = ADVANCED_FACE('',(#2286),#2292,.F.);
#2286 = FACE_BOUND('',#2287,.F.);
#2287 = EDGE_LOOP('',(#2288,#2289,#2290,#2291));
#2288 = ORIENTED_EDGE('',*,*,#2274,.T.);
#2289 = ORIENTED_EDGE('',*,*,#2210,.T.);
#2290 = ORIENTED_EDGE('',*,*,#2255,.F.);
#2291 = ORIENTED_EDGE('',*,*,#2144,.F.);
#2292 = PLANE('',#2293);
#2293 = AXIS2_PLACEMENT_3D('',#2294,#2295,#2296);
#2294 = CARTESIAN_POINT('',(0.,-6.5,0.));
#2295 = DIRECTION('',(-0.5,0.866025403784,0.));
#2296 = DIRECTION('',(0.866025403784,0.5,0.));
#2297 = ADVANCED_FACE('',(#2298),#2317,.F.);
#2298 = FACE_BOUND('',#2299,.F.);
#2299 = EDGE_LOOP('',(#2300,#2308,#2315,#2316));
#2300 = ORIENTED_EDGE('',*,*,#2301,.T.);
#2301 = EDGE_CURVE('',#2162,#2302,#2304,.T.);
#2302 = VERTEX_POINT('',#2303);
#2303 = CARTESIAN_POINT('',(1.6,0.,7.));
#2304 = LINE('',#2305,#2306);
#2305 = CARTESIAN_POINT('',(1.6,0.,0.));
#2306 = VECTOR('',#2307,1.);
#2307 = DIRECTION('',(0.,0.,1.));
#2308 = ORIENTED_EDGE('',*,*,#2309,.T.);
#2309 = EDGE_CURVE('',#2302,#2302,#2310,.T.);
#2310 = CIRCLE('',#2311,1.6);
#2311 = AXIS2_PLACEMENT_3D('',#2312,#2313,#2314);
#2312 = CARTESIAN_POINT('',(0.,0.,7.));
#2313 = DIRECTION('',(0.,0.,-1.));
#2314 = DIRECTION('',(1.,0.,0.));
#2315 = ORIENTED_EDGE('',*,*,#2301,.F.);
#2316 = ORIENTED_EDGE('',*,*,#2161,.F.);
#2317 = CYLINDRICAL_SURFACE('',#2318,1.6);
#2318 = AXIS2_PLACEMENT_3D('',#2319,#2320,#2321);
#2319 = CARTESIAN_POINT('',(0.,0.,0.));
#2320 = DIRECTION('',(0.,0.,-1.));
#2321 = DIRECTION('',(1.,0.,0.));
#2322 = ADVANCED_FACE('',(#2323),#2342,.T.);
#2323 = FACE_BOUND('',#2324,.F.);
#2324 = EDGE_LOOP('',(#2325,#2333,#2340,#2341));
#2325 = ORIENTED_EDGE('',*,*,#2326,.T.);
#2326 = EDGE_CURVE('',#2179,#2327,#2329,.T.);
#2327 = VERTEX_POINT('',#2328);
#2328 = CARTESIAN_POINT('',(10.5,0.,7.));
#2329 = LINE('',#2330,#2331);
#2330 = CARTESIAN_POINT('',(10.5,0.,4.));
#2331 = VECTOR('',#2332,1.);
#2332 = DIRECTION('',(0.,0.,1.));
#2333 = ORIENTED_EDGE('',*,*,#2334,.T.);
#2334 = EDGE_CURVE('',#2327,#2327,#2335,.T.);
#2335 = CIRCLE('',#2336,10.5);
#2336 = AXIS2_PLACEMENT_3D('',#2337,#2338,#2339);
#2337 = CARTESIAN_POINT('',(0.,0.,7.));
#2338 = DIRECTION('',(0.,0.,1.));
#2339 = DIRECTION('',(1.,0.,0.));
#2340 = ORIENTED_EDGE('',*,*,#2326,.F.);
#2341 = ORIENTED_EDGE('',*,*,#2178,.F.);
#2342 = CYLINDRICAL_SURFACE('',#2343,10.5);
#2343 = AXIS2_PLACEMENT_3D('',#2344,#2345,#2346);
#2344 = CARTESIAN_POINT('',(0.,0.,4.));
#2345 = DIRECTION('',(-0.,-0.,-1.));
#2346 = DIRECTION('',(1.,0.,0.));
#2347 = ADVANCED_FACE('',(#2348),#2367,.F.);
#2348 = FACE_BOUND('',#2349,.F.);
#2349 = EDGE_LOOP('',(#2350,#2358,#2365,#2366));
#2350 = ORIENTED_EDGE('',*,*,#2351,.T.);
#2351 = EDGE_CURVE('',#2190,#2352,#2354,.T.);
#2352 = VERTEX_POINT('',#2353);
#2353 = CARTESIAN_POINT('',(-1.008731654743,-7.67451179632,7.));
#2354 = LINE('',#2355,#2356);
#2355 = CARTESIAN_POINT('',(-1.008731654743,-7.67451179632,4.));
#2356 = VECTOR('',#2357,1.);
#2357 = DIRECTION('',(0.,0.,1.));
#2358 = ORIENTED_EDGE('',*,*,#2359,.T.);
#2359 = EDGE_CURVE('',#2352,#2352,#2360,.T.);
#2360 = CIRCLE('',#2361,1.25);
#2361 = AXIS2_PLACEMENT_3D('',#2362,#2363,#2364);
#2362 = CARTESIAN_POINT('',(-2.258731654743,-7.67451179632,7.));
#2363 = DIRECTION('',(0.,0.,-1.));
#2364 = DIRECTION('',(1.,0.,0.));
#2365 = ORIENTED_EDGE('',*,*,#2351,.F.);
#2366 = ORIENTED_EDGE('',*,*,#2189,.F.);
#2367 = CYLINDRICAL_SURFACE('',#2368,1.25);
#2368 = AXIS2_PLACEMENT_3D('',#2369,#2370,#2371);
#2369 = CARTESIAN_POINT('',(-2.258731654743,-7.67451179632,4.));
#2370 = DIRECTION('',(0.,0.,-1.));
#2371 = DIRECTION('',(1.,0.,0.));
#2372 = ADVANCED_FACE('',(#2373),#2392,.F.);
#2373 = FACE_BOUND('',#2374,.F.);
#2374 = EDGE_LOOP('',(#2375,#2383,#2390,#2391));
#2375 = ORIENTED_EDGE('',*,*,#2376,.T.);
#2376 = EDGE_CURVE('',#2228,#2377,#2379,.T.);
#2377 = VERTEX_POINT('',#2378);
#2378 = CARTESIAN_POINT('',(-6.141956349885,4.710843136769,7.));
#2379 = LINE('',#2380,#2381);
#2380 = CARTESIAN_POINT('',(-6.141956349885,4.710843136769,4.));
#2381 = VECTOR('',#2382,1.);
#2382 = DIRECTION('',(0.,0.,1.));
#2383 = ORIENTED_EDGE('',*,*,#2384,.T.);
#2384 = EDGE_CURVE('',#2377,#2377,#2385,.T.);
#2385 = CIRCLE('',#2386,1.25);
#2386 = AXIS2_PLACEMENT_3D('',#2387,#2388,#2389);
#2387 = CARTESIAN_POINT('',(-5.516956349885,5.7933748915,7.));
#2388 = DIRECTION('',(-0.,0.,-1.));
#2389 = DIRECTION('',(-0.5,-0.866025403784,0.));
#2390 = ORIENTED_EDGE('',*,*,#2376,.F.);
#2391 = ORIENTED_EDGE('',*,*,#2227,.F.);
#2392 = CYLINDRICAL_SURFACE('',#2393,1.25);
#2393 = AXIS2_PLACEMENT_3D('',#2394,#2395,#2396);
#2394 = CARTESIAN_POINT('',(-5.516956349885,5.7933748915,4.));
#2395 = DIRECTION('',(0.,-0.,-1.));
#2396 = DIRECTION('',(-0.5,-0.866025403784,0.));
#2397 = ADVANCED_FACE('',(#2398),#2417,.F.);
#2398 = FACE_BOUND('',#2399,.F.);
#2399 = EDGE_LOOP('',(#2400,#2408,#2415,#2416));
#2400 = ORIENTED_EDGE('',*,*,#2401,.T.);
#2401 = EDGE_CURVE('',#2239,#2402,#2404,.T.);
#2402 = VERTEX_POINT('',#2403);
#2403 = CARTESIAN_POINT('',(7.150688004628,2.963668659551,7.));
#2404 = LINE('',#2405,#2406);
#2405 = CARTESIAN_POINT('',(7.150688004628,2.963668659551,4.));
#2406 = VECTOR('',#2407,1.);
#2407 = DIRECTION('',(0.,0.,1.));
#2408 = ORIENTED_EDGE('',*,*,#2409,.T.);
#2409 = EDGE_CURVE('',#2402,#2402,#2410,.T.);
#2410 = CIRCLE('',#2411,1.25);
#2411 = AXIS2_PLACEMENT_3D('',#2412,#2413,#2414);
#2412 = CARTESIAN_POINT('',(7.775688004628,1.881136904821,7.));
#2413 = DIRECTION('',(0.,0.,-1.));
#2414 = DIRECTION('',(-0.5,0.866025403784,0.));
#2415 = ORIENTED_EDGE('',*,*,#2401,.F.);
#2416 = ORIENTED_EDGE('',*,*,#2238,.F.);
#2417 = CYLINDRICAL_SURFACE('',#2418,1.25);
#2418 = AXIS2_PLACEMENT_3D('',#2419,#2420,#2421);
#2419 = CARTESIAN_POINT('',(7.775688004628,1.881136904821,4.));
#2420 = DIRECTION('',(-0.,0.,-1.));
#2421 = DIRECTION('',(-0.5,0.866025403784,0.));
#2422 = ADVANCED_FACE('',(#2423,#2426,#2429,#2432,#2435),#2438,.T.);
#2423 = FACE_BOUND('',#2424,.T.);
#2424 = EDGE_LOOP('',(#2425));
#2425 = ORIENTED_EDGE('',*,*,#2334,.T.);
#2426 = FACE_BOUND('',#2427,.T.);
#2427 = EDGE_LOOP('',(#2428));
#2428 = ORIENTED_EDGE('',*,*,#2359,.T.);
#2429 = FACE_BOUND('',#2430,.T.);
#2430 = EDGE_LOOP('',(#2431));
#2431 = ORIENTED_EDGE('',*,*,#2309,.T.);
#2432 = FACE_BOUND('',#2433,.T.);
#2433 = EDGE_LOOP('',(#2434));
#2434 = ORIENTED_EDGE('',*,*,#2384,.T.);
#2435 = FACE_BOUND('',#2436,.T.);
#2436 = EDGE_LOOP('',(#2437));
#2437 = ORIENTED_EDGE('',*,*,#2409,.T.);
#2438 = PLANE('',#2439);
#2439 = AXIS2_PLACEMENT_3D('',#2440,#2441,#2442);
#2440 = CARTESIAN_POINT('',(-5.209295743007E-16,9.230319459916E-17,7.));
#2441 = DIRECTION('',(0.,0.,1.));
#2442 = DIRECTION('',(1.,0.,0.));
#2443 = ( GEOMETRIC_REPRESENTATION_CONTEXT(3) 
GLOBAL_UNCERTAINTY_ASSIGNED_CONTEXT((#2447)) 
GLOBAL_UNIT_ASSIGNED_CONTEXT((#2444,#2445,#2446)) REPRESENTATION_CONTEXT
('Context #1','3D Context with UNIT and UNCERTAINTY') );
#2444 = ( LENGTH_UNIT() NAMED_UNIT(*) SI_UNIT(.MILLI.,.METRE.) );
#2445 = ( NAMED_UNIT(*) PLANE_ANGLE_UNIT() SI_UNIT($,.RADIAN.) );
#2446 = ( NAMED_UNIT(*) SI_UNIT($,.STERADIAN.) SOLID_ANGLE_UNIT() );
#2447 = UNCERTAINTY_MEASURE_WITH_UNIT(LENGTH_MEASURE(1.E-07),#2444,
  'distance_accuracy_value','confusion accuracy');
#2448 = CONTEXT_DEPENDENT_SHAPE_REPRESENTATION(#2449,#2451);
#2449 = ( REPRESENTATION_RELATIONSHIP('','',#2025,#10) 
REPRESENTATION_RELATIONSHIP_WITH_TRANSFORMATION(#2450) 
SHAPE_REPRESENTATION_RELATIONSHIP() );
#2450 = ITEM_DEFINED_TRANSFORMATION('','',#11,#75);
#2451 = PRODUCT_DEFINITION_SHAPE('Placement','Placement of an item',
  #2452);
#2452 = NEXT_ASSEMBLY_USAGE_OCCURRENCE('35','Pocket001','',#5,#2020,$);
#2453 = PRODUCT_RELATED_PRODUCT_CATEGORY('part',$,(#2022));
#2454 = SHAPE_DEFINITION_REPRESENTATION(#2455,#2461);
#2455 = PRODUCT_DEFINITION_SHAPE('','',#2456);
#2456 = PRODUCT_DEFINITION('design','',#2457,#2460);
#2457 = PRODUCT_DEFINITION_FORMATION('','',#2458);
#2458 = PRODUCT('Sketch004','Sketch004','',(#2459));
#2459 = PRODUCT_CONTEXT('',#2,'mechanical');
#2460 = PRODUCT_DEFINITION_CONTEXT('part definition',#2,'design');
#2461 = GEOMETRICALLY_BOUNDED_WIREFRAME_SHAPE_REPRESENTATION('',(#11,
    #2462),#2471);
#2462 = GEOMETRIC_CURVE_SET('',(#2463));
#2463 = TRIMMED_CURVE('',#2464,(#2469,PARAMETER_VALUE(0.)),(#2470,
    PARAMETER_VALUE(6.28318530718)),.T.,.PARAMETER.);
#2464 = CIRCLE('',#2465,4.);
#2465 = AXIS2_PLACEMENT_3D('',#2466,#2467,#2468);
#2466 = CARTESIAN_POINT('',(0.,0.,0.));
#2467 = DIRECTION('',(0.,0.,1.));
#2468 = DIRECTION('',(1.,0.,0.));
#2469 = CARTESIAN_POINT('',(4.,0.,0.));
#2470 = CARTESIAN_POINT('',(4.,0.,0.));
#2471 = ( GEOMETRIC_REPRESENTATION_CONTEXT(3) 
GLOBAL_UNCERTAINTY_ASSIGNED_CONTEXT((#2475)) 
GLOBAL_UNIT_ASSIGNED_CONTEXT((#2472,#2473,#2474)) REPRESENTATION_CONTEXT
('Context #1','3D Context with UNIT and UNCERTAINTY') );
#2472 = ( LENGTH_UNIT() NAMED_UNIT(*) SI_UNIT(.MILLI.,.METRE.) );
#2473 = ( NAMED_UNIT(*) PLANE_ANGLE_UNIT() SI_UNIT($,.RADIAN.) );
#2474 = ( NAMED_UNIT(*) SI_UNIT($,.STERADIAN.) SOLID_ANGLE_UNIT() );
#2475 = UNCERTAINTY_MEASURE_WITH_UNIT(LENGTH_MEASURE(1.E-07),#2472,
  'distance_accuracy_value','confusion accuracy');
#2476 = CONTEXT_DEPENDENT_SHAPE_REPRESENTATION(#2477,#2479);
#2477 = ( REPRESENTATION_RELATIONSHIP('','',#2461,#10) 
REPRESENTATION_RELATIONSHIP_WITH_TRANSFORMATION(#2478) 
SHAPE_REPRESENTATION_RELATIONSHIP() );
#2478 = ITEM_DEFINED_TRANSFORMATION('','',#11,#79);
#2479 = PRODUCT_DEFINITION_SHAPE('Placement','Placement of an item',
  #2480);
#2480 = NEXT_ASSEMBLY_USAGE_OCCURRENCE('36','Sketch004','',#5,#2456,$);
#2481 = PRODUCT_RELATED_PRODUCT_CATEGORY('part',$,(#2458));
#2482 = SHAPE_DEFINITION_REPRESENTATION(#2483,#2489);
#2483 = PRODUCT_DEFINITION_SHAPE('','',#2484);
#2484 = PRODUCT_DEFINITION('design','',#2485,#2488);
#2485 = PRODUCT_DEFINITION_FORMATION('','',#2486);
#2486 = PRODUCT('Pocket002','Pocket002','',(#2487));
#2487 = PRODUCT_CONTEXT('',#2,'mechanical');
#2488 = PRODUCT_DEFINITION_CONTEXT('part definition',#2,'design');
#2489 = ADVANCED_BREP_SHAPE_REPRESENTATION('',(#11,#2490),#2952);
#2490 = MANIFOLD_SOLID_BREP('',#2491);
#2491 = CLOSED_SHELL('',(#2492,#2532,#2563,#2594,#2638,#2715,#2732,#2749
    ,#2761,#2786,#2811,#2836,#2861,#2886,#2906,#2935));
#2492 = ADVANCED_FACE('',(#2493),#2527,.F.);
#2493 = FACE_BOUND('',#2494,.F.);
#2494 = EDGE_LOOP('',(#2495,#2505,#2513,#2521));
#2495 = ORIENTED_EDGE('',*,*,#2496,.T.);
#2496 = EDGE_CURVE('',#2497,#2499,#2501,.T.);
#2497 = VERTEX_POINT('',#2498);
#2498 = CARTESIAN_POINT('',(0.,6.5,0.));
#2499 = VERTEX_POINT('',#2500);
#2500 = CARTESIAN_POINT('',(0.,6.5,4.));
#2501 = LINE('',#2502,#2503);
#2502 = CARTESIAN_POINT('',(0.,6.5,0.));
#2503 = VECTOR('',#2504,1.);
#2504 = DIRECTION('',(0.,0.,1.));
#2505 = ORIENTED_EDGE('',*,*,#2506,.T.);
#2506 = EDGE_CURVE('',#2499,#2507,#2509,.T.);
#2507 = VERTEX_POINT('',#2508);
#2508 = CARTESIAN_POINT('',(-5.629165124599,3.25,4.));
#2509 = LINE('',#2510,#2511);
#2510 = CARTESIAN_POINT('',(0.,6.5,4.));
#2511 = VECTOR('',#2512,1.);
#2512 = DIRECTION('',(-0.866025403784,-0.5,0.));
#2513 = ORIENTED_EDGE('',*,*,#2514,.F.);
#2514 = EDGE_CURVE('',#2515,#2507,#2517,.T.);
#2515 = VERTEX_POINT('',#2516);
#2516 = CARTESIAN_POINT('',(-5.629165124599,3.25,0.));
#2517 = LINE('',#2518,#2519);
#2518 = CARTESIAN_POINT('',(-5.629165124599,3.25,0.));
#2519 = VECTOR('',#2520,1.);
#2520 = DIRECTION('',(0.,0.,1.));
#2521 = ORIENTED_EDGE('',*,*,#2522,.F.);
#2522 = EDGE_CURVE('',#2497,#2515,#2523,.T.);
#2523 = LINE('',#2524,#2525);
#2524 = CARTESIAN_POINT('',(0.,6.5,0.));
#2525 = VECTOR('',#2526,1.);
#2526 = DIRECTION('',(-0.866025403784,-0.5,0.));
#2527 = PLANE('',#2528);
#2528 = AXIS2_PLACEMENT_3D('',#2529,#2530,#2531);
#2529 = CARTESIAN_POINT('',(0.,6.5,0.));
#2530 = DIRECTION('',(0.5,-0.866025403784,0.));
#2531 = DIRECTION('',(-0.866025403784,-0.5,0.));
#2532 = ADVANCED_FACE('',(#2533),#2558,.F.);
#2533 = FACE_BOUND('',#2534,.F.);
#2534 = EDGE_LOOP('',(#2535,#2545,#2551,#2552));
#2535 = ORIENTED_EDGE('',*,*,#2536,.T.);
#2536 = EDGE_CURVE('',#2537,#2539,#2541,.T.);
#2537 = VERTEX_POINT('',#2538);
#2538 = CARTESIAN_POINT('',(5.629165124599,3.25,0.));
#2539 = VERTEX_POINT('',#2540);
#2540 = CARTESIAN_POINT('',(5.629165124599,3.25,4.));
#2541 = LINE('',#2542,#2543);
#2542 = CARTESIAN_POINT('',(5.629165124599,3.25,0.));
#2543 = VECTOR('',#2544,1.);
#2544 = DIRECTION('',(0.,0.,1.));
#2545 = ORIENTED_EDGE('',*,*,#2546,.T.);
#2546 = EDGE_CURVE('',#2539,#2499,#2547,.T.);
#2547 = LINE('',#2548,#2549);
#2548 = CARTESIAN_POINT('',(5.629165124599,3.25,4.));
#2549 = VECTOR('',#2550,1.);
#2550 = DIRECTION('',(-0.866025403784,0.5,0.));
#2551 = ORIENTED_EDGE('',*,*,#2496,.F.);
#2552 = ORIENTED_EDGE('',*,*,#2553,.F.);
#2553 = EDGE_CURVE('',#2537,#2497,#2554,.T.);
#2554 = LINE('',#2555,#2556);
#2555 = CARTESIAN_POINT('',(5.629165124599,3.25,0.));
#2556 = VECTOR('',#2557,1.);
#2557 = DIRECTION('',(-0.866025403784,0.5,0.));
#2558 = PLANE('',#2559);
#2559 = AXIS2_PLACEMENT_3D('',#2560,#2561,#2562);
#2560 = CARTESIAN_POINT('',(5.629165124599,3.25,0.));
#2561 = DIRECTION('',(-0.5,-0.866025403784,0.));
#2562 = DIRECTION('',(-0.866025403784,0.5,0.));
#2563 = ADVANCED_FACE('',(#2564),#2589,.F.);
#2564 = FACE_BOUND('',#2565,.F.);
#2565 = EDGE_LOOP('',(#2566,#2567,#2575,#2583));
#2566 = ORIENTED_EDGE('',*,*,#2514,.T.);
#2567 = ORIENTED_EDGE('',*,*,#2568,.T.);
#2568 = EDGE_CURVE('',#2507,#2569,#2571,.T.);
#2569 = VERTEX_POINT('',#2570);
#2570 = CARTESIAN_POINT('',(-5.629165124599,-3.25,4.));
#2571 = LINE('',#2572,#2573);
#2572 = CARTESIAN_POINT('',(-5.629165124599,3.25,4.));
#2573 = VECTOR('',#2574,1.);
#2574 = DIRECTION('',(-1.4E-16,-1.,0.));
#2575 = ORIENTED_EDGE('',*,*,#2576,.F.);
#2576 = EDGE_CURVE('',#2577,#2569,#2579,.T.);
#2577 = VERTEX_POINT('',#2578);
#2578 = CARTESIAN_POINT('',(-5.629165124599,-3.25,0.));
#2579 = LINE('',#2580,#2581);
#2580 = CARTESIAN_POINT('',(-5.629165124599,-3.25,0.));
#2581 = VECTOR('',#2582,1.);
#2582 = DIRECTION('',(0.,0.,1.));
#2583 = ORIENTED_EDGE('',*,*,#2584,.F.);
#2584 = EDGE_CURVE('',#2515,#2577,#2585,.T.);
#2585 = LINE('',#2586,#2587);
#2586 = CARTESIAN_POINT('',(-5.629165124599,3.25,0.));
#2587 = VECTOR('',#2588,1.);
#2588 = DIRECTION('',(-1.4E-16,-1.,0.));
#2589 = PLANE('',#2590);
#2590 = AXIS2_PLACEMENT_3D('',#2591,#2592,#2593);
#2591 = CARTESIAN_POINT('',(-5.629165124599,3.25,0.));
#2592 = DIRECTION('',(1.,-1.4E-16,0.));
#2593 = DIRECTION('',(-1.4E-16,-1.,0.));
#2594 = ADVANCED_FACE('',(#2595,#2622),#2633,.F.);
#2595 = FACE_BOUND('',#2596,.F.);
#2596 = EDGE_LOOP('',(#2597,#2598,#2599,#2607,#2615,#2621));
#2597 = ORIENTED_EDGE('',*,*,#2522,.T.);
#2598 = ORIENTED_EDGE('',*,*,#2584,.T.);
#2599 = ORIENTED_EDGE('',*,*,#2600,.T.);
#2600 = EDGE_CURVE('',#2577,#2601,#2603,.T.);
#2601 = VERTEX_POINT('',#2602);
#2602 = CARTESIAN_POINT('',(0.,-6.5,0.));
#2603 = LINE('',#2604,#2605);
#2604 = CARTESIAN_POINT('',(-5.629165124599,-3.25,0.));
#2605 = VECTOR('',#2606,1.);
#2606 = DIRECTION('',(0.866025403784,-0.5,0.));
#2607 = ORIENTED_EDGE('',*,*,#2608,.T.);
#2608 = EDGE_CURVE('',#2601,#2609,#2611,.T.);
#2609 = VERTEX_POINT('',#2610);
#2610 = CARTESIAN_POINT('',(5.629165124599,-3.25,0.));
#2611 = LINE('',#2612,#2613);
#2612 = CARTESIAN_POINT('',(0.,-6.5,0.));
#2613 = VECTOR('',#2614,1.);
#2614 = DIRECTION('',(0.866025403784,0.5,0.));
#2615 = ORIENTED_EDGE('',*,*,#2616,.T.);
#2616 = EDGE_CURVE('',#2609,#2537,#2617,.T.);
#2617 = LINE('',#2618,#2619);
#2618 = CARTESIAN_POINT('',(5.629165124599,-3.25,0.));
#2619 = VECTOR('',#2620,1.);
#2620 = DIRECTION('',(-1.4E-16,1.,0.));
#2621 = ORIENTED_EDGE('',*,*,#2553,.T.);
#2622 = FACE_BOUND('',#2623,.F.);
#2623 = EDGE_LOOP('',(#2624));
#2624 = ORIENTED_EDGE('',*,*,#2625,.T.);
#2625 = EDGE_CURVE('',#2626,#2626,#2628,.T.);
#2626 = VERTEX_POINT('',#2627);
#2627 = CARTESIAN_POINT('',(1.6,0.,0.));
#2628 = CIRCLE('',#2629,1.6);
#2629 = AXIS2_PLACEMENT_3D('',#2630,#2631,#2632);
#2630 = CARTESIAN_POINT('',(0.,0.,0.));
#2631 = DIRECTION('',(0.,0.,-1.));
#2632 = DIRECTION('',(1.,0.,0.));
#2633 = PLANE('',#2634);
#2634 = AXIS2_PLACEMENT_3D('',#2635,#2636,#2637);
#2635 = CARTESIAN_POINT('',(2.7E-16,9.E-17,0.));
#2636 = DIRECTION('',(0.,0.,1.));
#2637 = DIRECTION('',(1.,0.,0.));
#2638 = ADVANCED_FACE('',(#2639,#2650,#2661,#2688,#2699),#2710,.F.);
#2639 = FACE_BOUND('',#2640,.F.);
#2640 = EDGE_LOOP('',(#2641));
#2641 = ORIENTED_EDGE('',*,*,#2642,.T.);
#2642 = EDGE_CURVE('',#2643,#2643,#2645,.T.);
#2643 = VERTEX_POINT('',#2644);
#2644 = CARTESIAN_POINT('',(10.5,0.,4.));
#2645 = CIRCLE('',#2646,10.5);
#2646 = AXIS2_PLACEMENT_3D('',#2647,#2648,#2649);
#2647 = CARTESIAN_POINT('',(0.,0.,4.));
#2648 = DIRECTION('',(0.,0.,1.));
#2649 = DIRECTION('',(1.,0.,0.));
#2650 = FACE_BOUND('',#2651,.F.);
#2651 = EDGE_LOOP('',(#2652));
#2652 = ORIENTED_EDGE('',*,*,#2653,.T.);
#2653 = EDGE_CURVE('',#2654,#2654,#2656,.T.);
#2654 = VERTEX_POINT('',#2655);
#2655 = CARTESIAN_POINT('',(-1.008731654743,-7.67451179632,4.));
#2656 = CIRCLE('',#2657,1.25);
#2657 = AXIS2_PLACEMENT_3D('',#2658,#2659,#2660);
#2658 = CARTESIAN_POINT('',(-2.258731654743,-7.67451179632,4.));
#2659 = DIRECTION('',(0.,0.,-1.));
#2660 = DIRECTION('',(1.,0.,0.));
#2661 = FACE_BOUND('',#2662,.F.);
#2662 = EDGE_LOOP('',(#2663,#2664,#2665,#2673,#2681,#2687));
#2663 = ORIENTED_EDGE('',*,*,#2506,.F.);
#2664 = ORIENTED_EDGE('',*,*,#2546,.F.);
#2665 = ORIENTED_EDGE('',*,*,#2666,.F.);
#2666 = EDGE_CURVE('',#2667,#2539,#2669,.T.);
#2667 = VERTEX_POINT('',#2668);
#2668 = CARTESIAN_POINT('',(5.629165124599,-3.25,4.));
#2669 = LINE('',#2670,#2671);
#2670 = CARTESIAN_POINT('',(5.629165124599,-3.25,4.));
#2671 = VECTOR('',#2672,1.);
#2672 = DIRECTION('',(-1.4E-16,1.,0.));
#2673 = ORIENTED_EDGE('',*,*,#2674,.F.);
#2674 = EDGE_CURVE('',#2675,#2667,#2677,.T.);
#2675 = VERTEX_POINT('',#2676);
#2676 = CARTESIAN_POINT('',(0.,-6.5,4.));
#2677 = LINE('',#2678,#2679);
#2678 = CARTESIAN_POINT('',(0.,-6.5,4.));
#2679 = VECTOR('',#2680,1.);
#2680 = DIRECTION('',(0.866025403784,0.5,0.));
#2681 = ORIENTED_EDGE('',*,*,#2682,.F.);
#2682 = EDGE_CURVE('',#2569,#2675,#2683,.T.);
#2683 = LINE('',#2684,#2685);
#2684 = CARTESIAN_POINT('',(-5.629165124599,-3.25,4.));
#2685 = VECTOR('',#2686,1.);
#2686 = DIRECTION('',(0.866025403784,-0.5,0.));
#2687 = ORIENTED_EDGE('',*,*,#2568,.F.);
#2688 = FACE_BOUND('',#2689,.F.);
#2689 = EDGE_LOOP('',(#2690));
#2690 = ORIENTED_EDGE('',*,*,#2691,.T.);
#2691 = EDGE_CURVE('',#2692,#2692,#2694,.T.);
#2692 = VERTEX_POINT('',#2693);
#2693 = CARTESIAN_POINT('',(-6.141956349885,4.710843136769,4.));
#2694 = CIRCLE('',#2695,1.25);
#2695 = AXIS2_PLACEMENT_3D('',#2696,#2697,#2698);
#2696 = CARTESIAN_POINT('',(-5.516956349885,5.7933748915,4.));
#2697 = DIRECTION('',(-0.,0.,-1.));
#2698 = DIRECTION('',(-0.5,-0.866025403784,0.));
#2699 = FACE_BOUND('',#2700,.F.);
#2700 = EDGE_LOOP('',(#2701));
#2701 = ORIENTED_EDGE('',*,*,#2702,.T.);
#2702 = EDGE_CURVE('',#2703,#2703,#2705,.T.);
#2703 = VERTEX_POINT('',#2704);
#2704 = CARTESIAN_POINT('',(7.150688004628,2.963668659551,4.));
#2705 = CIRCLE('',#2706,1.25);
#2706 = AXIS2_PLACEMENT_3D('',#2707,#2708,#2709);
#2707 = CARTESIAN_POINT('',(7.775688004628,1.881136904821,4.));
#2708 = DIRECTION('',(0.,0.,-1.));
#2709 = DIRECTION('',(-0.5,0.866025403784,0.));
#2710 = PLANE('',#2711);
#2711 = AXIS2_PLACEMENT_3D('',#2712,#2713,#2714);
#2712 = CARTESIAN_POINT('',(-5.209295743007E-16,9.230319459916E-17,4.));
#2713 = DIRECTION('',(0.,0.,1.));
#2714 = DIRECTION('',(1.,0.,0.));
#2715 = ADVANCED_FACE('',(#2716),#2727,.F.);
#2716 = FACE_BOUND('',#2717,.F.);
#2717 = EDGE_LOOP('',(#2718,#2724,#2725,#2726));
#2718 = ORIENTED_EDGE('',*,*,#2719,.T.);
#2719 = EDGE_CURVE('',#2609,#2667,#2720,.T.);
#2720 = LINE('',#2721,#2722);
#2721 = CARTESIAN_POINT('',(5.629165124599,-3.25,0.));
#2722 = VECTOR('',#2723,1.);
#2723 = DIRECTION('',(0.,0.,1.));
#2724 = ORIENTED_EDGE('',*,*,#2666,.T.);
#2725 = ORIENTED_EDGE('',*,*,#2536,.F.);
#2726 = ORIENTED_EDGE('',*,*,#2616,.F.);
#2727 = PLANE('',#2728);
#2728 = AXIS2_PLACEMENT_3D('',#2729,#2730,#2731);
#2729 = CARTESIAN_POINT('',(5.629165124599,-3.25,0.));
#2730 = DIRECTION('',(-1.,-1.4E-16,0.));
#2731 = DIRECTION('',(-1.4E-16,1.,0.));
#2732 = ADVANCED_FACE('',(#2733),#2744,.F.);
#2733 = FACE_BOUND('',#2734,.F.);
#2734 = EDGE_LOOP('',(#2735,#2736,#2737,#2743));
#2735 = ORIENTED_EDGE('',*,*,#2576,.T.);
#2736 = ORIENTED_EDGE('',*,*,#2682,.T.);
#2737 = ORIENTED_EDGE('',*,*,#2738,.F.);
#2738 = EDGE_CURVE('',#2601,#2675,#2739,.T.);
#2739 = LINE('',#2740,#2741);
#2740 = CARTESIAN_POINT('',(0.,-6.5,0.));
#2741 = VECTOR('',#2742,1.);
#2742 = DIRECTION('',(0.,0.,1.));
#2743 = ORIENTED_EDGE('',*,*,#2600,.F.);
#2744 = PLANE('',#2745);
#2745 = AXIS2_PLACEMENT_3D('',#2746,#2747,#2748);
#2746 = CARTESIAN_POINT('',(-5.629165124599,-3.25,0.));
#2747 = DIRECTION('',(0.5,0.866025403784,0.));
#2748 = DIRECTION('',(0.866025403784,-0.5,0.));
#2749 = ADVANCED_FACE('',(#2750),#2756,.F.);
#2750 = FACE_BOUND('',#2751,.F.);
#2751 = EDGE_LOOP('',(#2752,#2753,#2754,#2755));
#2752 = ORIENTED_EDGE('',*,*,#2738,.T.);
#2753 = ORIENTED_EDGE('',*,*,#2674,.T.);
#2754 = ORIENTED_EDGE('',*,*,#2719,.F.);
#2755 = ORIENTED_EDGE('',*,*,#2608,.F.);
#2756 = PLANE('',#2757);
#2757 = AXIS2_PLACEMENT_3D('',#2758,#2759,#2760);
#2758 = CARTESIAN_POINT('',(0.,-6.5,0.));
#2759 = DIRECTION('',(-0.5,0.866025403784,0.));
#2760 = DIRECTION('',(0.866025403784,0.5,0.));
#2761 = ADVANCED_FACE('',(#2762),#2781,.F.);
#2762 = FACE_BOUND('',#2763,.F.);
#2763 = EDGE_LOOP('',(#2764,#2765,#2773,#2780));
#2764 = ORIENTED_EDGE('',*,*,#2625,.F.);
#2765 = ORIENTED_EDGE('',*,*,#2766,.T.);
#2766 = EDGE_CURVE('',#2626,#2767,#2769,.T.);
#2767 = VERTEX_POINT('',#2768);
#2768 = CARTESIAN_POINT('',(1.6,0.,4.));
#2769 = LINE('',#2770,#2771);
#2770 = CARTESIAN_POINT('',(1.6,0.,0.));
#2771 = VECTOR('',#2772,1.);
#2772 = DIRECTION('',(0.,0.,1.));
#2773 = ORIENTED_EDGE('',*,*,#2774,.T.);
#2774 = EDGE_CURVE('',#2767,#2767,#2775,.T.);
#2775 = CIRCLE('',#2776,1.6);
#2776 = AXIS2_PLACEMENT_3D('',#2777,#2778,#2779);
#2777 = CARTESIAN_POINT('',(0.,0.,4.));
#2778 = DIRECTION('',(0.,0.,-1.));
#2779 = DIRECTION('',(1.,0.,0.));
#2780 = ORIENTED_EDGE('',*,*,#2766,.F.);
#2781 = CYLINDRICAL_SURFACE('',#2782,1.6);
#2782 = AXIS2_PLACEMENT_3D('',#2783,#2784,#2785);
#2783 = CARTESIAN_POINT('',(0.,0.,0.));
#2784 = DIRECTION('',(0.,0.,-1.));
#2785 = DIRECTION('',(1.,0.,0.));
#2786 = ADVANCED_FACE('',(#2787),#2806,.T.);
#2787 = FACE_BOUND('',#2788,.F.);
#2788 = EDGE_LOOP('',(#2789,#2797,#2804,#2805));
#2789 = ORIENTED_EDGE('',*,*,#2790,.T.);
#2790 = EDGE_CURVE('',#2643,#2791,#2793,.T.);
#2791 = VERTEX_POINT('',#2792);
#2792 = CARTESIAN_POINT('',(10.5,0.,7.));
#2793 = LINE('',#2794,#2795);
#2794 = CARTESIAN_POINT('',(10.5,0.,4.));
#2795 = VECTOR('',#2796,1.);
#2796 = DIRECTION('',(0.,0.,1.));
#2797 = ORIENTED_EDGE('',*,*,#2798,.T.);
#2798 = EDGE_CURVE('',#2791,#2791,#2799,.T.);
#2799 = CIRCLE('',#2800,10.5);
#2800 = AXIS2_PLACEMENT_3D('',#2801,#2802,#2803);
#2801 = CARTESIAN_POINT('',(0.,0.,7.));
#2802 = DIRECTION('',(0.,0.,1.));
#2803 = DIRECTION('',(1.,0.,0.));
#2804 = ORIENTED_EDGE('',*,*,#2790,.F.);
#2805 = ORIENTED_EDGE('',*,*,#2642,.F.);
#2806 = CYLINDRICAL_SURFACE('',#2807,10.5);
#2807 = AXIS2_PLACEMENT_3D('',#2808,#2809,#2810);
#2808 = CARTESIAN_POINT('',(0.,0.,4.));
#2809 = DIRECTION('',(-0.,-0.,-1.));
#2810 = DIRECTION('',(1.,0.,0.));
#2811 = ADVANCED_FACE('',(#2812),#2831,.F.);
#2812 = FACE_BOUND('',#2813,.F.);
#2813 = EDGE_LOOP('',(#2814,#2822,#2829,#2830));
#2814 = ORIENTED_EDGE('',*,*,#2815,.T.);
#2815 = EDGE_CURVE('',#2654,#2816,#2818,.T.);
#2816 = VERTEX_POINT('',#2817);
#2817 = CARTESIAN_POINT('',(-1.008731654743,-7.67451179632,7.));
#2818 = LINE('',#2819,#2820);
#2819 = CARTESIAN_POINT('',(-1.008731654743,-7.67451179632,4.));
#2820 = VECTOR('',#2821,1.);
#2821 = DIRECTION('',(0.,0.,1.));
#2822 = ORIENTED_EDGE('',*,*,#2823,.T.);
#2823 = EDGE_CURVE('',#2816,#2816,#2824,.T.);
#2824 = CIRCLE('',#2825,1.25);
#2825 = AXIS2_PLACEMENT_3D('',#2826,#2827,#2828);
#2826 = CARTESIAN_POINT('',(-2.258731654743,-7.67451179632,7.));
#2827 = DIRECTION('',(0.,0.,-1.));
#2828 = DIRECTION('',(1.,0.,0.));
#2829 = ORIENTED_EDGE('',*,*,#2815,.F.);
#2830 = ORIENTED_EDGE('',*,*,#2653,.F.);
#2831 = CYLINDRICAL_SURFACE('',#2832,1.25);
#2832 = AXIS2_PLACEMENT_3D('',#2833,#2834,#2835);
#2833 = CARTESIAN_POINT('',(-2.258731654743,-7.67451179632,4.));
#2834 = DIRECTION('',(0.,0.,-1.));
#2835 = DIRECTION('',(1.,0.,0.));
#2836 = ADVANCED_FACE('',(#2837),#2856,.F.);
#2837 = FACE_BOUND('',#2838,.F.);
#2838 = EDGE_LOOP('',(#2839,#2847,#2854,#2855));
#2839 = ORIENTED_EDGE('',*,*,#2840,.T.);
#2840 = EDGE_CURVE('',#2692,#2841,#2843,.T.);
#2841 = VERTEX_POINT('',#2842);
#2842 = CARTESIAN_POINT('',(-6.141956349885,4.710843136769,7.));
#2843 = LINE('',#2844,#2845);
#2844 = CARTESIAN_POINT('',(-6.141956349885,4.710843136769,4.));
#2845 = VECTOR('',#2846,1.);
#2846 = DIRECTION('',(0.,0.,1.));
#2847 = ORIENTED_EDGE('',*,*,#2848,.T.);
#2848 = EDGE_CURVE('',#2841,#2841,#2849,.T.);
#2849 = CIRCLE('',#2850,1.25);
#2850 = AXIS2_PLACEMENT_3D('',#2851,#2852,#2853);
#2851 = CARTESIAN_POINT('',(-5.516956349885,5.7933748915,7.));
#2852 = DIRECTION('',(-0.,0.,-1.));
#2853 = DIRECTION('',(-0.5,-0.866025403784,0.));
#2854 = ORIENTED_EDGE('',*,*,#2840,.F.);
#2855 = ORIENTED_EDGE('',*,*,#2691,.F.);
#2856 = CYLINDRICAL_SURFACE('',#2857,1.25);
#2857 = AXIS2_PLACEMENT_3D('',#2858,#2859,#2860);
#2858 = CARTESIAN_POINT('',(-5.516956349885,5.7933748915,4.));
#2859 = DIRECTION('',(0.,-0.,-1.));
#2860 = DIRECTION('',(-0.5,-0.866025403784,0.));
#2861 = ADVANCED_FACE('',(#2862),#2881,.F.);
#2862 = FACE_BOUND('',#2863,.F.);
#2863 = EDGE_LOOP('',(#2864,#2872,#2879,#2880));
#2864 = ORIENTED_EDGE('',*,*,#2865,.T.);
#2865 = EDGE_CURVE('',#2703,#2866,#2868,.T.);
#2866 = VERTEX_POINT('',#2867);
#2867 = CARTESIAN_POINT('',(7.150688004628,2.963668659551,7.));
#2868 = LINE('',#2869,#2870);
#2869 = CARTESIAN_POINT('',(7.150688004628,2.963668659551,4.));
#2870 = VECTOR('',#2871,1.);
#2871 = DIRECTION('',(0.,0.,1.));
#2872 = ORIENTED_EDGE('',*,*,#2873,.T.);
#2873 = EDGE_CURVE('',#2866,#2866,#2874,.T.);
#2874 = CIRCLE('',#2875,1.25);
#2875 = AXIS2_PLACEMENT_3D('',#2876,#2877,#2878);
#2876 = CARTESIAN_POINT('',(7.775688004628,1.881136904821,7.));
#2877 = DIRECTION('',(0.,0.,-1.));
#2878 = DIRECTION('',(-0.5,0.866025403784,0.));
#2879 = ORIENTED_EDGE('',*,*,#2865,.F.);
#2880 = ORIENTED_EDGE('',*,*,#2702,.F.);
#2881 = CYLINDRICAL_SURFACE('',#2882,1.25);
#2882 = AXIS2_PLACEMENT_3D('',#2883,#2884,#2885);
#2883 = CARTESIAN_POINT('',(7.775688004628,1.881136904821,4.));
#2884 = DIRECTION('',(-0.,0.,-1.));
#2885 = DIRECTION('',(-0.5,0.866025403784,0.));
#2886 = ADVANCED_FACE('',(#2887,#2898),#2901,.T.);
#2887 = FACE_BOUND('',#2888,.T.);
#2888 = EDGE_LOOP('',(#2889));
#2889 = ORIENTED_EDGE('',*,*,#2890,.T.);
#2890 = EDGE_CURVE('',#2891,#2891,#2893,.T.);
#2891 = VERTEX_POINT('',#2892);
#2892 = CARTESIAN_POINT('',(4.,0.,4.));
#2893 = CIRCLE('',#2894,4.);
#2894 = AXIS2_PLACEMENT_3D('',#2895,#2896,#2897);
#2895 = CARTESIAN_POINT('',(0.,0.,4.));
#2896 = DIRECTION('',(0.,0.,1.));
#2897 = DIRECTION('',(1.,0.,0.));
#2898 = FACE_BOUND('',#2899,.T.);
#2899 = EDGE_LOOP('',(#2900));
#2900 = ORIENTED_EDGE('',*,*,#2774,.T.);
#2901 = PLANE('',#2902);
#2902 = AXIS2_PLACEMENT_3D('',#2903,#2904,#2905);
#2903 = CARTESIAN_POINT('',(-2.563950248511E-16,3.49503809816E-16,4.));
#2904 = DIRECTION('',(0.,0.,1.));
#2905 = DIRECTION('',(1.,0.,0.));
#2906 = ADVANCED_FACE('',(#2907,#2910,#2913,#2924,#2927),#2930,.T.);
#2907 = FACE_BOUND('',#2908,.T.);
#2908 = EDGE_LOOP('',(#2909));
#2909 = ORIENTED_EDGE('',*,*,#2798,.T.);
#2910 = FACE_BOUND('',#2911,.T.);
#2911 = EDGE_LOOP('',(#2912));
#2912 = ORIENTED_EDGE('',*,*,#2823,.T.);
#2913 = FACE_BOUND('',#2914,.T.);
#2914 = EDGE_LOOP('',(#2915));
#2915 = ORIENTED_EDGE('',*,*,#2916,.F.);
#2916 = EDGE_CURVE('',#2917,#2917,#2919,.T.);
#2917 = VERTEX_POINT('',#2918);
#2918 = CARTESIAN_POINT('',(4.,0.,7.));
#2919 = CIRCLE('',#2920,4.);
#2920 = AXIS2_PLACEMENT_3D('',#2921,#2922,#2923);
#2921 = CARTESIAN_POINT('',(0.,0.,7.));
#2922 = DIRECTION('',(0.,0.,1.));
#2923 = DIRECTION('',(1.,0.,0.));
#2924 = FACE_BOUND('',#2925,.T.);
#2925 = EDGE_LOOP('',(#2926));
#2926 = ORIENTED_EDGE('',*,*,#2848,.T.);
#2927 = FACE_BOUND('',#2928,.T.);
#2928 = EDGE_LOOP('',(#2929));
#2929 = ORIENTED_EDGE('',*,*,#2873,.T.);
#2930 = PLANE('',#2931);
#2931 = AXIS2_PLACEMENT_3D('',#2932,#2933,#2934);
#2932 = CARTESIAN_POINT('',(-5.209295743007E-16,9.230319459916E-17,7.));
#2933 = DIRECTION('',(0.,0.,1.));
#2934 = DIRECTION('',(1.,0.,0.));
#2935 = ADVANCED_FACE('',(#2936),#2947,.F.);
#2936 = FACE_BOUND('',#2937,.F.);
#2937 = EDGE_LOOP('',(#2938,#2944,#2945,#2946));
#2938 = ORIENTED_EDGE('',*,*,#2939,.T.);
#2939 = EDGE_CURVE('',#2917,#2891,#2940,.T.);
#2940 = LINE('',#2941,#2942);
#2941 = CARTESIAN_POINT('',(4.,0.,7.));
#2942 = VECTOR('',#2943,1.);
#2943 = DIRECTION('',(-0.,-0.,-1.));
#2944 = ORIENTED_EDGE('',*,*,#2890,.T.);
#2945 = ORIENTED_EDGE('',*,*,#2939,.F.);
#2946 = ORIENTED_EDGE('',*,*,#2916,.F.);
#2947 = CYLINDRICAL_SURFACE('',#2948,4.);
#2948 = AXIS2_PLACEMENT_3D('',#2949,#2950,#2951);
#2949 = CARTESIAN_POINT('',(0.,0.,7.));
#2950 = DIRECTION('',(0.,0.,1.));
#2951 = DIRECTION('',(1.,0.,0.));
#2952 = ( GEOMETRIC_REPRESENTATION_CONTEXT(3) 
GLOBAL_UNCERTAINTY_ASSIGNED_CONTEXT((#2956)) 
GLOBAL_UNIT_ASSIGNED_CONTEXT((#2953,#2954,#2955)) REPRESENTATION_CONTEXT
('Context #1','3D Context with UNIT and UNCERTAINTY') );
#2953 = ( LENGTH_UNIT() NAMED_UNIT(*) SI_UNIT(.MILLI.,.METRE.) );
#2954 = ( NAMED_UNIT(*) PLANE_ANGLE_UNIT() SI_UNIT($,.RADIAN.) );
#2955 = ( NAMED_UNIT(*) SI_UNIT($,.STERADIAN.) SOLID_ANGLE_UNIT() );
#2956 = UNCERTAINTY_MEASURE_WITH_UNIT(LENGTH_MEASURE(1.E-07),#2953,
  'distance_accuracy_value','confusion accuracy');
#2957 = CONTEXT_DEPENDENT_SHAPE_REPRESENTATION(#2958,#2960);
#2958 = ( REPRESENTATION_RELATIONSHIP('','',#2489,#10) 
REPRESENTATION_RELATIONSHIP_WITH_TRANSFORMATION(#2959) 
SHAPE_REPRESENTATION_RELATIONSHIP() );
#2959 = ITEM_DEFINED_TRANSFORMATION('','',#11,#83);
#2960 = PRODUCT_DEFINITION_SHAPE('Placement','Placement of an item',
  #2961);
#2961 = NEXT_ASSEMBLY_USAGE_OCCURRENCE('37','Pocket002','',#5,#2484,$);
#2962 = PRODUCT_RELATED_PRODUCT_CATEGORY('part',$,(#2486));
#2963 = SHAPE_DEFINITION_REPRESENTATION(#2964,#2970);
#2964 = PRODUCT_DEFINITION_SHAPE('','',#2965);
#2965 = PRODUCT_DEFINITION('design','',#2966,#2969);
#2966 = PRODUCT_DEFINITION_FORMATION('','',#2967);
#2967 = PRODUCT('Open CASCADE STEP translator 7.8 2.19',
  'Open CASCADE STEP translator 7.8 2.19','',(#2968));
#2968 = PRODUCT_CONTEXT('',#2,'mechanical');
#2969 = PRODUCT_DEFINITION_CONTEXT('part definition',#2,'design');
#2970 = GEOMETRICALLY_BOUNDED_WIREFRAME_SHAPE_REPRESENTATION('',(#11,
    #2971),#2973);
#2971 = GEOMETRIC_CURVE_SET('',(#2972));
#2972 = CARTESIAN_POINT('',(0.,0.,0.));
#2973 = ( GEOMETRIC_REPRESENTATION_CONTEXT(3) 
GLOBAL_UNCERTAINTY_ASSIGNED_CONTEXT((#2977)) 
GLOBAL_UNIT_ASSIGNED_CONTEXT((#2974,#2975,#2976)) REPRESENTATION_CONTEXT
('Context #1','3D Context with UNIT and UNCERTAINTY') );
#2974 = ( LENGTH_UNIT() NAMED_UNIT(*) SI_UNIT(.MILLI.,.METRE.) );
#2975 = ( NAMED_UNIT(*) PLANE_ANGLE_UNIT() SI_UNIT($,.RADIAN.) );
#2976 = ( NAMED_UNIT(*) SI_UNIT($,.STERADIAN.) SOLID_ANGLE_UNIT() );
#2977 = UNCERTAINTY_MEASURE_WITH_UNIT(LENGTH_MEASURE(1.E-07),#2974,
  'distance_accuracy_value','confusion accuracy');
#2978 = CONTEXT_DEPENDENT_SHAPE_REPRESENTATION(#2979,#2981);
#2979 = ( REPRESENTATION_RELATIONSHIP('','',#2970,#10) 
REPRESENTATION_RELATIONSHIP_WITH_TRANSFORMATION(#2980) 
SHAPE_REPRESENTATION_RELATIONSHIP() );
#2980 = ITEM_DEFINED_TRANSFORMATION('','',#11,#87);
#2981 = PRODUCT_DEFINITION_SHAPE('Placement','Placement of an item',
  #2982);
#2982 = NEXT_ASSEMBLY_USAGE_OCCURRENCE('38','','',#5,#2965,$);
#2983 = PRODUCT_RELATED_PRODUCT_CATEGORY('part',$,(#2967));
#2984 = MECHANICAL_DESIGN_GEOMETRIC_PRESENTATION_REPRESENTATION('',(
    #2985),#1235);
#2985 = STYLED_ITEM('color',(#2986),#974);
#2986 = PRESENTATION_STYLE_ASSIGNMENT((#2987,#2993));
#2987 = SURFACE_STYLE_USAGE(.BOTH.,#2988);
#2988 = SURFACE_SIDE_STYLE('',(#2989));
#2989 = SURFACE_STYLE_FILL_AREA(#2990);
#2990 = FILL_AREA_STYLE('',(#2991));
#2991 = FILL_AREA_STYLE_COLOUR('',#2992);
#2992 = COLOUR_RGB('',0.678431390124,0.709803936702,0.741176476869);
#2993 = CURVE_STYLE('',#2994,POSITIVE_LENGTH_MEASURE(0.1),#2995);
#2994 = DRAUGHTING_PRE_DEFINED_CURVE_FONT('continuous');
#2995 = COLOUR_RGB('',9.803921802644E-02,9.803921802644E-02,
  9.803921802644E-02);
#2996 = MECHANICAL_DESIGN_GEOMETRIC_PRESENTATION_REPRESENTATION('',(
    #2997),#1263);
#2997 = STYLED_ITEM('color',(#2998),#1254);
#2998 = PRESENTATION_STYLE_ASSIGNMENT((#2999,#3007));
#2999 = SURFACE_STYLE_USAGE(.BOTH.,#3000);
#3000 = SURFACE_SIDE_STYLE('',(#3001,#3005));
#3001 = SURFACE_STYLE_FILL_AREA(#3002);
#3002 = FILL_AREA_STYLE('',(#3003));
#3003 = FILL_AREA_STYLE_COLOUR('',#3004);
#3004 = COLOUR_RGB('',0.329411773243,0.670588257465,1.);
#3005 = SURFACE_STYLE_RENDERING_WITH_PROPERTIES(.NORMAL_SHADING.,#3004,(
    #3006));
#3006 = SURFACE_STYLE_TRANSPARENT(0.759999990463);
#3007 = CURVE_STYLE('',#3008,POSITIVE_LENGTH_MEASURE(0.1),#3009);
#3008 = DRAUGHTING_PRE_DEFINED_CURVE_FONT('continuous');
#3009 = COLOUR_RGB('',0.129411774038,0.145098047169,0.160784315601);
#3010 = MECHANICAL_DESIGN_GEOMETRIC_PRESENTATION_REPRESENTATION('',(
    #3011),#2471);
#3011 = STYLED_ITEM('color',(#3012),#2462);
#3012 = PRESENTATION_STYLE_ASSIGNMENT((#3013,#3020));
#3013 = SURFACE_STYLE_USAGE(.BOTH.,#3014);
#3014 = SURFACE_SIDE_STYLE('',(#3015,#3018));
#3015 = SURFACE_STYLE_FILL_AREA(#3016);
#3016 = FILL_AREA_STYLE('',(#3017));
#3017 = FILL_AREA_STYLE_COLOUR('',#3004);
#3018 = SURFACE_STYLE_RENDERING_WITH_PROPERTIES(.NORMAL_SHADING.,#3004,(
    #3019));
#3019 = SURFACE_STYLE_TRANSPARENT(0.759999990463);
#3020 = CURVE_STYLE('',#3021,POSITIVE_LENGTH_MEASURE(0.1),#3009);
#3021 = DRAUGHTING_PRE_DEFINED_CURVE_FONT('continuous');
#3022 = MECHANICAL_DESIGN_GEOMETRIC_PRESENTATION_REPRESENTATION('',(
    #3023),#2443);
#3023 = STYLED_ITEM('color',(#3024),#2026);
#3024 = PRESENTATION_STYLE_ASSIGNMENT((#3025,#3030));
#3025 = SURFACE_STYLE_USAGE(.BOTH.,#3026);
#3026 = SURFACE_SIDE_STYLE('',(#3027));
#3027 = SURFACE_STYLE_FILL_AREA(#3028);
#3028 = FILL_AREA_STYLE('',(#3029));
#3029 = FILL_AREA_STYLE_COLOUR('',#2992);
#3030 = CURVE_STYLE('',#3031,POSITIVE_LENGTH_MEASURE(0.1),#2995);
#3031 = DRAUGHTING_PRE_DEFINED_CURVE_FONT('continuous');
#3032 = MECHANICAL_DESIGN_GEOMETRIC_PRESENTATION_REPRESENTATION('',(
    #3033),#2007);
#3033 = STYLED_ITEM('color',(#3034),#1998);
#3034 = PRESENTATION_STYLE_ASSIGNMENT((#3035,#3042));
#3035 = SURFACE_STYLE_USAGE(.BOTH.,#3036);
#3036 = SURFACE_SIDE_STYLE('',(#3037,#3040));
#3037 = SURFACE_STYLE_FILL_AREA(#3038);
#3038 = FILL_AREA_STYLE('',(#3039));
#3039 = FILL_AREA_STYLE_COLOUR('',#3004);
#3040 = SURFACE_STYLE_RENDERING_WITH_PROPERTIES(.NORMAL_SHADING.,#3004,(
    #3041));
#3041 = SURFACE_STYLE_TRANSPARENT(0.759999990463);
#3042 = CURVE_STYLE('',#3043,POSITIVE_LENGTH_MEASURE(0.1),#3009);
#3043 = DRAUGHTING_PRE_DEFINED_CURVE_FONT('continuous');
#3044 = MECHANICAL_DESIGN_GEOMETRIC_PRESENTATION_REPRESENTATION('',(
    #3045),#692);
#3045 = STYLED_ITEM('color',(#3046),#649);
#3046 = PRESENTATION_STYLE_ASSIGNMENT((#3047,#3054));
#3047 = SURFACE_STYLE_USAGE(.BOTH.,#3048);
#3048 = SURFACE_SIDE_STYLE('',(#3049,#3052));
#3049 = SURFACE_STYLE_FILL_AREA(#3050);
#3050 = FILL_AREA_STYLE('',(#3051));
#3051 = FILL_AREA_STYLE_COLOUR('',#3004);
#3052 = SURFACE_STYLE_RENDERING_WITH_PROPERTIES(.NORMAL_SHADING.,#3004,(
    #3053));
#3053 = SURFACE_STYLE_TRANSPARENT(0.759999990463);
#3054 = CURVE_STYLE('',#3055,POSITIVE_LENGTH_MEASURE(0.1),#3009);
#3055 = DRAUGHTING_PRE_DEFINED_CURVE_FONT('continuous');
#3056 = MECHANICAL_DESIGN_GEOMETRIC_PRESENTATION_REPRESENTATION('',(
    #3057),#955);
#3057 = STYLED_ITEM('color',(#3058),#946);
#3058 = PRESENTATION_STYLE_ASSIGNMENT((#3059,#3066));
#3059 = SURFACE_STYLE_USAGE(.BOTH.,#3060);
#3060 = SURFACE_SIDE_STYLE('',(#3061,#3064));
#3061 = SURFACE_STYLE_FILL_AREA(#3062);
#3062 = FILL_AREA_STYLE('',(#3063));
#3063 = FILL_AREA_STYLE_COLOUR('',#3004);
#3064 = SURFACE_STYLE_RENDERING_WITH_PROPERTIES(.NORMAL_SHADING.,#3004,(
    #3065));
#3065 = SURFACE_STYLE_TRANSPARENT(0.759999990463);
#3066 = CURVE_STYLE('',#3067,POSITIVE_LENGTH_MEASURE(0.1),#3009);
#3067 = DRAUGHTING_PRE_DEFINED_CURVE_FONT('continuous');
#3068 = MECHANICAL_DESIGN_GEOMETRIC_PRESENTATION_REPRESENTATION('',(
    #3069),#927);
#3069 = STYLED_ITEM('color',(#3070),#711);
#3070 = PRESENTATION_STYLE_ASSIGNMENT((#3071,#3076));
#3071 = SURFACE_STYLE_USAGE(.BOTH.,#3072);
#3072 = SURFACE_SIDE_STYLE('',(#3073));
#3073 = SURFACE_STYLE_FILL_AREA(#3074);
#3074 = FILL_AREA_STYLE('',(#3075));
#3075 = FILL_AREA_STYLE_COLOUR('',#2992);
#3076 = CURVE_STYLE('',#3077,POSITIVE_LENGTH_MEASURE(0.1),#2995);
#3077 = DRAUGHTING_PRE_DEFINED_CURVE_FONT('continuous');
#3078 = MECHANICAL_DESIGN_GEOMETRIC_PRESENTATION_REPRESENTATION('',(
    #3079),#2952);
#3079 = STYLED_ITEM('color',(#3080),#2490);
#3080 = PRESENTATION_STYLE_ASSIGNMENT((#3081,#3086));
#3081 = SURFACE_STYLE_USAGE(.BOTH.,#3082);
#3082 = SURFACE_SIDE_STYLE('',(#3083));
#3083 = SURFACE_STYLE_FILL_AREA(#3084);
#3084 = FILL_AREA_STYLE('',(#3085));
#3085 = FILL_AREA_STYLE_COLOUR('',#2992);
#3086 = CURVE_STYLE('',#3087,POSITIVE_LENGTH_MEASURE(0.1),#2995);
#3087 = DRAUGHTING_PRE_DEFINED_CURVE_FONT('continuous');
#3088 = MECHANICAL_DESIGN_GEOMETRIC_PRESENTATION_REPRESENTATION('',(
    #3089),#1979);
#3089 = STYLED_ITEM('color',(#3090),#1601);
#3090 = PRESENTATION_STYLE_ASSIGNMENT((#3091,#3096));
#3091 = SURFACE_STYLE_USAGE(.BOTH.,#3092);
#3092 = SURFACE_SIDE_STYLE('',(#3093));
#3093 = SURFACE_STYLE_FILL_AREA(#3094);
#3094 = FILL_AREA_STYLE('',(#3095));
#3095 = FILL_AREA_STYLE_COLOUR('',#2992);
#3096 = CURVE_STYLE('',#3097,POSITIVE_LENGTH_MEASURE(0.1),#2995);
#3097 = DRAUGHTING_PRE_DEFINED_CURVE_FONT('continuous');
#3098 = MECHANICAL_DESIGN_GEOMETRIC_PRESENTATION_REPRESENTATION('',(
    #3099),#567);
#3099 = STYLED_ITEM('color',(#3100),#105);
#3100 = PRESENTATION_STYLE_ASSIGNMENT((#3101,#3106));
#3101 = SURFACE_STYLE_USAGE(.BOTH.,#3102);
#3102 = SURFACE_SIDE_STYLE('',(#3103));
#3103 = SURFACE_STYLE_FILL_AREA(#3104);
#3104 = FILL_AREA_STYLE('',(#3105));
#3105 = FILL_AREA_STYLE_COLOUR('',#2992);
#3106 = CURVE_STYLE('',#3107,POSITIVE_LENGTH_MEASURE(0.1),#2995);
#3107 = DRAUGHTING_PRE_DEFINED_CURVE_FONT('continuous');
#3108 = MECHANICAL_DESIGN_GEOMETRIC_PRESENTATION_REPRESENTATION('',(
    #3109),#1582);
#3109 = STYLED_ITEM('color',(#3110),#1282);
#3110 = PRESENTATION_STYLE_ASSIGNMENT((#3111,#3116));
#3111 = SURFACE_STYLE_USAGE(.BOTH.,#3112);
#3112 = SURFACE_SIDE_STYLE('',(#3113));
#3113 = SURFACE_STYLE_FILL_AREA(#3114);
#3114 = FILL_AREA_STYLE('',(#3115));
#3115 = FILL_AREA_STYLE_COLOUR('',#2992);
#3116 = CURVE_STYLE('',#3117,POSITIVE_LENGTH_MEASURE(0.1),#2995);
#3117 = DRAUGHTING_PRE_DEFINED_CURVE_FONT('continuous');
ENDSEC;
END-ISO-10303-21;
